3.923199999999999932e+02,5.600000000000000533e-01
3.936000037821482351e+02,5.560000000000000497e-01
3.948800075642965339e+02,5.520000000000000462e-01
3.961600113464447759e+02,5.480000000000000426e-01
3.974400151285930178e+02,6.556999999999999496e-01
3.987200189107413166e+02,5.604000000000000092e-01
4.000000226928895586e+02,5.560000000000000497e-01
4.012800264750378005e+02,5.480000000000000426e-01
4.025600302571860993e+02,5.460000000000000409e-01
4.038400340393343413e+02,5.420000000000000373e-01
4.051200378214825832e+02,5.340000000000000302e-01
4.064000416036308820e+02,5.320000000000000284e-01
4.076800453857791240e+02,5.300000000000000266e-01
4.089600491679273659e+02,5.240000000000000213e-01
4.102400529500756647e+02,5.120000000000000107e-01
4.115200567322239067e+02,5.060000000000000053e-01
4.128000605143721486e+02,5.040000000000000036e-01
4.140800642965203906e+02,5.000000000000000000e-01
4.153600680786686894e+02,4.949999999999999956e-01
4.166400718608169313e+02,4.909999999999999920e-01
4.179200756429651733e+02,4.909999999999999920e-01
4.192000794251134721e+02,4.889999999999999902e-01
4.204800832072617141e+02,4.889999999999999902e-01
4.217600869894099560e+02,4.889999999999999902e-01
4.230400907715582548e+02,4.889999999999999902e-01
4.243200945537064968e+02,4.869999999999999885e-01
4.256000983358547387e+02,4.849999999999999867e-01
4.268801021180030375e+02,4.829999999999999849e-01
4.281601059001512795e+02,4.809999999999999831e-01
4.294401096822995214e+02,4.789999999999999813e-01
4.307201134644478202e+02,4.769999999999999796e-01
4.320001172465960622e+02,4.769999999999999796e-01
4.332801210287443041e+02,4.769999999999999796e-01
4.345601248108926029e+02,4.769999999999999796e-01
4.358401285930408449e+02,4.769999999999999796e-01
4.371201323751890868e+02,4.769999999999999796e-01
4.384001361573373288e+02,4.769999999999999796e-01
4.396801399394856276e+02,4.769999999999999796e-01
4.409601437216338695e+02,4.769999999999999796e-01
4.422401475037821683e+02,4.769999999999999796e-01
4.435201512859304103e+02,4.789999999999999813e-01
4.448001550680786522e+02,4.829999999999999849e-01
4.460801588502268942e+02,4.849999999999999867e-01
4.473601626323751930e+02,4.869999999999999885e-01
4.486401664145234349e+02,4.889999999999999902e-01
4.499201701966716769e+02,4.969999999999999973e-01
4.512001739788199757e+02,5.000000000000000000e-01
4.524801777609682176e+02,5.040000000000000036e-01
4.537601815431164596e+02,5.100000000000000089e-01
4.550401853252647584e+02,5.120000000000000107e-01
4.563201891074130003e+02,5.120000000000000107e-01
4.576001928895612423e+02,5.140000000000000124e-01
4.588801966717095411e+02,5.320000000000000284e-01
4.601602004538577830e+02,5.360000000000000320e-01
4.614402042360060250e+02,5.380000000000000338e-01
4.627202080181542669e+02,5.380000000000000338e-01
4.640002118003025657e+02,5.380000000000000338e-01
4.652802155824508077e+02,5.380000000000000338e-01
4.665602193645991065e+02,5.380000000000000338e-01
4.678402231467473484e+02,5.380000000000000338e-01
4.691202269288955904e+02,5.380000000000000338e-01
4.704002307110438323e+02,5.420000000000000373e-01
4.716802344931921311e+02,5.480000000000000426e-01
4.729602382753403731e+02,5.540000000000000480e-01
4.742402420574886719e+02,5.699999999999999512e-01
4.755202458396369138e+02,5.699999999999999512e-01
4.768002496217851558e+02,5.699999999999999512e-01
4.780802534039333977e+02,5.639999999999999458e-01
4.793602571860816965e+02,5.620000000000000551e-01
4.806402609682299385e+02,5.600000000000000533e-01
4.819202647503782373e+02,5.600000000000000533e-01
4.832002685325264792e+02,5.620000000000000551e-01
4.844802723146747212e+02,5.659999999999999476e-01
4.857602760968229632e+02,5.719999999999999529e-01
4.870402798789712620e+02,5.739999999999999547e-01
4.883202836611195039e+02,5.719999999999999529e-01
4.896002874432677459e+02,5.699999999999999512e-01
4.908802912254160447e+02,5.699999999999999512e-01
4.921602950075642866e+02,5.719999999999999529e-01
4.934402987897125286e+02,5.739999999999999547e-01
4.947203025718607705e+02,5.739999999999999547e-01
4.960003063540090693e+02,5.739999999999999547e-01
4.972803101361573113e+02,5.739999999999999547e-01
4.985603139183056101e+02,5.739999999999999547e-01
4.998403177004538520e+02,5.739999999999999547e-01
5.011203214826020940e+02,5.759999999999999565e-01
5.024003252647503359e+02,5.739999999999999547e-01
5.036803290468986347e+02,5.759999999999999565e-01
5.049603328290468767e+02,5.779999999999999583e-01
5.062403366111951755e+02,5.819999999999999618e-01
5.075203403933434174e+02,5.819999999999999618e-01
5.088003441754916594e+02,5.839999999999999636e-01
5.100803479576399013e+02,5.839999999999999636e-01
5.113603517397882001e+02,5.839999999999999636e-01
5.126403555219364989e+02,5.739999999999999547e-01
5.139203593040847409e+02,5.719999999999999529e-01
5.152003630862329828e+02,5.719999999999999529e-01
5.164803668683812248e+02,5.739999999999999547e-01
5.177603706505294667e+02,5.858999999999999764e-01
5.190403744326777087e+02,5.958999999999999853e-01
5.203203782148259506e+02,5.919999999999999707e-01
5.216003819969743063e+02,5.839999999999999636e-01
5.228803857791225482e+02,5.819999999999999618e-01
5.241603895612707902e+02,5.819999999999999618e-01
5.254403933434190321e+02,5.979999999999999760e-01
5.267203971255672741e+02,6.019999999999999796e-01
5.280004009077156297e+02,5.999999999999999778e-01
5.292804046898638717e+02,5.979999999999999760e-01
5.305604084720121136e+02,5.959999999999999742e-01
5.318404122541603556e+02,5.959999999999999742e-01
5.331204160363085975e+02,5.979999999999999760e-01
5.344004198184568395e+02,5.999999999999999778e-01
5.356804236006050814e+02,5.999999999999999778e-01
5.369604273827533234e+02,5.999999999999999778e-01
5.382404311649016790e+02,5.999999999999999778e-01
5.395204349470499210e+02,6.019999999999999796e-01
5.408004387291981629e+02,6.019999999999999796e-01
5.420804425113464049e+02,6.019999999999999796e-01
5.433604462934947605e+02,6.019999999999999796e-01
5.446404500756430025e+02,6.019999999999999796e-01
5.459204538577912444e+02,6.019999999999999796e-01
5.472004576399394864e+02,6.019999999999999796e-01
5.484804614220877284e+02,5.899999999999999689e-01
5.497604652042359703e+02,5.061999999999999833e-01
5.510404689863842123e+02,5.020000000000000018e-01
5.523204727685324542e+02,5.060000000000000053e-01
5.536004765506808099e+02,5.279000000000000359e-01
5.548804803328290518e+02,5.499000000000000554e-01
5.561604841149772938e+02,5.997000000000000108e-01
5.574404878971255357e+02,6.159000000000000030e-01
5.587204916792737777e+02,6.199999999999999956e-01
5.600004954614221333e+02,6.420000000000000151e-01
5.612804992435703753e+02,6.480000000000000204e-01
5.625605030257186172e+02,6.560000000000000275e-01
5.638405068078668592e+02,6.580000000000000293e-01
5.651205105900151011e+02,6.620000000000000329e-01
5.664005143721633431e+02,6.640000000000000346e-01
5.676805181543115850e+02,6.739000000000000545e-01
5.689605219364598270e+02,6.760000000000000453e-01
5.702405257186081826e+02,6.918999999999999595e-01
5.715205295007564246e+02,7.039999999999999591e-01
5.728005332829046665e+02,7.039999999999999591e-01
5.740805370650529085e+02,7.119999999999999662e-01
5.753605408472012641e+02,7.239999999999999769e-01
5.766405446293495061e+02,7.279999999999999805e-01
5.779205484114977480e+02,7.299999999999999822e-01
5.792005521936459900e+02,7.399999999999999911e-01
5.804805559757942319e+02,7.549000000000000155e-01
5.817605597579424739e+02,7.550000000000000044e-01
5.830405635400907158e+02,7.590000000000000080e-01
5.843205673222389578e+02,7.590000000000000080e-01
5.856005711043873134e+02,7.610000000000000098e-01
5.868805748865355554e+02,7.710000000000000187e-01
5.881605786686837973e+02,7.750000000000000222e-01
5.894405824508320393e+02,7.790000000000000258e-01
5.907205862329802812e+02,7.870000000000000329e-01
5.920005900151286369e+02,7.950000000000000400e-01
5.932805937972768788e+02,8.030000000000000471e-01
5.945605975794251208e+02,8.050000000000000488e-01
5.958406013615733627e+02,8.050000000000000488e-01
5.971206051437216047e+02,8.070000000000000506e-01
5.984006089258698466e+02,8.110000000000000542e-01
5.996806127080180886e+02,8.189999999999999503e-01
6.009606164901663305e+02,8.169999999999999485e-01
6.022406202723146862e+02,8.110000000000000542e-01
6.035206240544629281e+02,8.010000000000000453e-01
6.048006278366111701e+02,7.970000000000000417e-01
6.060806316187594120e+02,7.950000000000000400e-01
6.073606354009077677e+02,7.950000000000000400e-01
6.086406391830560096e+02,7.970000000000000417e-01
6.099206429652042516e+02,7.970000000000000417e-01
6.112006467473524935e+02,8.010000000000000453e-01
6.124806505295007355e+02,7.970000000000000417e-01
6.137606543116489775e+02,7.950000000000000400e-01
6.150406580937972194e+02,7.950000000000000400e-01
6.163206618759454614e+02,7.950000000000000400e-01
6.176006656580938170e+02,7.950000000000000400e-01
6.188806694402420590e+02,7.990000000000000435e-01
6.201606732223903009e+02,7.990000000000000435e-01
6.214406770045385429e+02,8.010000000000000453e-01
6.227206807866867848e+02,8.030000000000000471e-01
6.240006845688351405e+02,8.030000000000000471e-01
6.252806883509833824e+02,8.030000000000000471e-01
6.265606921331316244e+02,8.030000000000000471e-01
6.278406959152798663e+02,8.010000000000000453e-01
6.291206996974281083e+02,8.010000000000000453e-01
6.304007034795763502e+02,8.010000000000000453e-01
6.316807072617245922e+02,7.990000000000000435e-01
6.329607110438728341e+02,7.990000000000000435e-01
6.342407148260211898e+02,7.970000000000000417e-01
6.355207186081694317e+02,7.950000000000000400e-01
6.368007223903176737e+02,7.950000000000000400e-01
6.380807261724659156e+02,7.950000000000000400e-01
6.393607299546142713e+02,7.950000000000000400e-01
6.406407337367625132e+02,7.950000000000000400e-01
6.419207375189107552e+02,7.970000000000000417e-01
6.432007413010589971e+02,7.970000000000000417e-01
6.444807450832072391e+02,8.010000000000000453e-01
6.457607488653554810e+02,8.050000000000000488e-01
6.470407526475037230e+02,8.090000000000000524e-01
6.483207564296519649e+02,8.110000000000000542e-01
6.496007602118002069e+02,8.209999999999999520e-01
6.508807639939485625e+02,8.249999999999999556e-01
6.521607677760968045e+02,8.289999999999999591e-01
6.534407715582450464e+02,8.309999999999999609e-01
6.547207753403934021e+02,8.329999999999999627e-01
6.560007791225416440e+02,8.409999999999999698e-01
6.572807829046898860e+02,8.489999999999999769e-01
6.585607866868381279e+02,8.509999999999999787e-01
6.598407904689863699e+02,8.608999999999999986e-01
6.611207942511346118e+02,8.689999999999999947e-01
6.624007980332828538e+02,8.729999999999999982e-01
6.636808018154310957e+02,8.709999999999999964e-01
6.649608055975793377e+02,8.669999999999999929e-01
6.662408093797276933e+02,8.709999999999999964e-01
6.675208131618759353e+02,8.012000000000000233e-01
6.688008169440241772e+02,7.282999999999999474e-01
6.700808207261725329e+02,6.602999999999999980e-01
6.713608245083207748e+02,6.441000000000000059e-01
6.726408282904690168e+02,6.380000000000000115e-01
6.739208320726172587e+02,6.380000000000000115e-01
6.752008358547655007e+02,6.400000000000000133e-01
6.764808396369137427e+02,6.400000000000000133e-01
6.777608434190619846e+02,6.420000000000000151e-01
6.790408472012102266e+02,6.480000000000000204e-01
6.803208509833584685e+02,6.540000000000000258e-01
6.816008547655067105e+02,6.560000000000000275e-01
6.828808585476550661e+02,6.600000000000000311e-01
6.841608623298033081e+02,6.620000000000000329e-01
6.854408661119515500e+02,6.620000000000000329e-01
6.867208698940999057e+02,6.640000000000000346e-01
6.880008736762481476e+02,6.660000000000000364e-01
6.892808774583963896e+02,6.680000000000000382e-01
6.905608812405446315e+02,6.740000000000000435e-01
6.918408850226928735e+02,6.760000000000000453e-01
6.931208888048411154e+02,6.780000000000000471e-01
6.944008925869893574e+02,6.840000000000000524e-01
6.956808963691375993e+02,6.879999999999999449e-01
6.969609001512858413e+02,6.899999999999999467e-01
6.982409039334341969e+02,6.939999999999999503e-01
6.995209077155824389e+02,6.979999999999999538e-01
7.008009114977306808e+02,7.039999999999999591e-01
7.020809152798790365e+02,7.099999999999999645e-01
7.033609190620272784e+02,7.139999999999999680e-01
7.046409228441755204e+02,7.199999999999999734e-01
7.059209266263237623e+02,7.219999999999999751e-01
7.072009304084720043e+02,7.239999999999999769e-01
7.084809341906202462e+02,7.259999999999999787e-01
7.097609379727684882e+02,7.379000000000000004e-01
7.110409417549167301e+02,7.439999999999999947e-01
7.123209455370649721e+02,7.459999999999999964e-01
7.136009493192132140e+02,7.479999999999999982e-01
7.148809531013615697e+02,7.530000000000000027e-01
7.161609568835098116e+02,7.570000000000000062e-01
7.174409606656580536e+02,7.590000000000000080e-01
7.187209644478064092e+02,7.610000000000000098e-01
7.200009682299546512e+02,7.650000000000000133e-01
7.212809720121028931e+02,7.730000000000000204e-01
7.225609757942511351e+02,7.790000000000000258e-01
7.238409795763993770e+02,7.850000000000000311e-01
7.251209833585476190e+02,7.870000000000000329e-01
7.264009871406958609e+02,7.890000000000000346e-01
7.276809909228441029e+02,7.910000000000000364e-01
7.289609947049923449e+02,7.910000000000000364e-01
7.302409984871407005e+02,7.930000000000000382e-01
7.315210022692889424e+02,8.030000000000000471e-01
7.328010060514371844e+02,8.050000000000000488e-01
7.340810098335855400e+02,8.110000000000000542e-01
7.353610136157337820e+02,8.129999999999999449e-01
7.366410173978820239e+02,8.149999999999999467e-01
7.379210211800302659e+02,8.209999999999999520e-01
7.392010249621785078e+02,8.229999999999999538e-01
7.404810287443267498e+02,8.309999999999999609e-01
7.417610325264749918e+02,8.329999999999999627e-01
7.430410363086232337e+02,8.349999999999999645e-01
7.443210400907714757e+02,8.389999999999999680e-01
7.456010438729197176e+02,8.489999999999999769e-01
7.468810476550680733e+02,8.489999999999999769e-01
7.481610514372163152e+02,8.529999999999999805e-01
7.494410552193645572e+02,8.689000000000000057e-01
7.507210590015129128e+02,8.729999999999999982e-01
7.520010627836611548e+02,8.750000000000000000e-01
7.532810665658093967e+02,8.770000000000000018e-01
7.545610703479576387e+02,8.790000000000000036e-01
7.558410741301058806e+02,8.830000000000000071e-01
7.571210779122541226e+02,8.850000000000000089e-01
7.584010816944023645e+02,8.870000000000000107e-01
7.596810854765506065e+02,8.890000000000000124e-01
7.609610892586988484e+02,8.890000000000000124e-01
7.622410930408472041e+02,8.950000000000000178e-01
7.635210968229954460e+02,8.990000000000000213e-01
7.648011006051436880e+02,9.030000000000000249e-01
7.660811043872920436e+02,9.070000000000000284e-01
7.673611081694402856e+02,9.090000000000000302e-01
7.686411119515885275e+02,9.090000000000000302e-01
7.699211157337367695e+02,9.110000000000000320e-01
7.712011195158850114e+02,9.150000000000000355e-01
7.724811232980332534e+02,9.190000000000000391e-01
7.737611270801814953e+02,9.230000000000000426e-01
7.750411308623297373e+02,9.270000000000000462e-01
7.763211346444779792e+02,9.290000000000000480e-01
7.776011384266262212e+02,9.290000000000000480e-01
7.788811422087745768e+02,9.310000000000000497e-01
7.801611459909228188e+02,9.330000000000000515e-01
7.814411497730710607e+02,9.370000000000000551e-01
7.827211535552194164e+02,9.389999999999999458e-01
7.840011573373676583e+02,9.409999999999999476e-01
7.852811611195159003e+02,9.409999999999999476e-01
7.865611649016641422e+02,9.409999999999999476e-01
7.878411686838123842e+02,9.409999999999999476e-01
7.891211724659606261e+02,9.409999999999999476e-01
7.904011762481088681e+02,9.409999999999999476e-01
7.916811800302571100e+02,9.409999999999999476e-01
7.929611838124053520e+02,9.429999999999999494e-01
7.942411875945537076e+02,9.409999999999999476e-01
7.955211913767019496e+02,9.409999999999999476e-01
7.968011951588501915e+02,9.409999999999999476e-01
7.980811989409985472e+02,9.429999999999999494e-01
7.993612027231467891e+02,9.449999999999999512e-01
8.006412065052950311e+02,9.449999999999999512e-01
8.019212102874432730e+02,9.449999999999999512e-01
8.032012140695915150e+02,9.449999999999999512e-01
8.044812178517397570e+02,9.449999999999999512e-01
8.057612216338879989e+02,9.449999999999999512e-01
8.070412254160362409e+02,9.469999999999999529e-01
8.083212291981844828e+02,9.469999999999999529e-01
8.096012329803327248e+02,9.469999999999999529e-01
8.108812367624810804e+02,9.489999999999999547e-01
8.121612405446293224e+02,9.509999999999999565e-01
8.134412443267775643e+02,9.509999999999999565e-01
8.147212481089259200e+02,9.509999999999999565e-01
8.160012518910741619e+02,9.509999999999999565e-01
8.172812556732224039e+02,9.509999999999999565e-01
8.185612594553706458e+02,9.509999999999999565e-01
8.198412632375188878e+02,9.509999999999999565e-01
8.211212670196671297e+02,9.489999999999999547e-01
8.224012708018153717e+02,9.489999999999999547e-01
8.236812745839636136e+02,9.489999999999999547e-01
8.249612783661118556e+02,9.489999999999999547e-01
8.262412821482602112e+02,9.489999999999999547e-01
8.275212859304084532e+02,9.489999999999999547e-01
8.288012897125566951e+02,9.489999999999999547e-01
8.300812934947050508e+02,9.469999999999999529e-01
8.313612972768532927e+02,9.449999999999999512e-01
8.326413010590015347e+02,9.429999999999999494e-01
8.339213048411497766e+02,9.409999999999999476e-01
8.352013086232980186e+02,9.409999999999999476e-01
8.364813124054462605e+02,9.389999999999999458e-01
8.377613161875945025e+02,9.389999999999999458e-01
8.390413199697427444e+02,9.370000000000000551e-01
8.403213237518909864e+02,9.310000000000000497e-01
8.416013275340392283e+02,9.310000000000000497e-01
8.428813313161875840e+02,9.290000000000000480e-01
8.441613350983358259e+02,9.270000000000000462e-01
8.454413388804840679e+02,9.250000000000000444e-01
8.467213426626324235e+02,9.250000000000000444e-01
8.480013464447806655e+02,9.230000000000000426e-01
8.492813502269289074e+02,9.190000000000000391e-01
8.505613540090771494e+02,9.130000000000000338e-01
8.518413577912253913e+02,9.110000000000000320e-01
8.531213615733736333e+02,9.090000000000000302e-01
8.544013653555218752e+02,9.050000000000000266e-01
8.556813691376701172e+02,8.990000000000000213e-01
8.569613729198183592e+02,8.910000000000000142e-01
8.582413767019667148e+02,8.910000000000000142e-01
8.595213804841149567e+02,8.690999999999999837e-01
8.608013842662631987e+02,8.589999999999999858e-01
8.620813880484115543e+02,8.509999999999999787e-01
8.633613918305597963e+02,8.489999999999999769e-01
8.646413956127080382e+02,8.370999999999999552e-01
8.659213993948562802e+02,8.309999999999999609e-01
8.672014031770045221e+02,8.189999999999999503e-01
8.684814069591527641e+02,8.149999999999999467e-01
8.697614107413010061e+02,7.970000000000000417e-01
8.710414145234492480e+02,7.930000000000000382e-01
8.723214183055974900e+02,7.770000000000000240e-01
8.736014220877457319e+02,7.590999999999999970e-01
8.748814258698940876e+02,7.570000000000000062e-01
8.761614296520423295e+02,7.400999999999999801e-01
8.774414334341905715e+02,7.280999999999999694e-01
8.787214372163389271e+02,7.239999999999999769e-01
8.800014409984871691e+02,6.919999999999999485e-01
8.812814447806354110e+02,6.500000000000000222e-01
8.825614485627836530e+02,6.320000000000000062e-01
8.838414523449318949e+02,6.039999999999999813e-01
8.851214561270801369e+02,5.899999999999999689e-01
8.864014599092283788e+02,5.362000000000000099e-01
8.876814636913766208e+02,5.240000000000000213e-01
8.889614674735248627e+02,5.060999999999999943e-01
8.902414712556732184e+02,4.354000000000000092e-01
8.915214750378214603e+02,4.010000000000000231e-01
8.928014788199697023e+02,3.790000000000000036e-01
8.940814826021180579e+02,3.689999999999999947e-01
8.953614863842662999e+02,3.529999999999999805e-01
8.966414901664145418e+02,3.190999999999999948e-01
8.979214939485627838e+02,2.990999999999999770e-01
8.992014977307110257e+02,2.831000000000000183e-01
9.004815015128592677e+02,2.651000000000000023e-01
9.017615052950075096e+02,2.480999999999999872e-01
9.030415090771557516e+02,2.321000000000000008e-01
9.043215128593039935e+02,2.020000000000000129e-01
9.056015166414522355e+02,1.819999999999999951e-01
9.068815204236004774e+02,1.660000000000000087e-01
9.081615242057489468e+02,1.620000000000000051e-01
9.094415279878971887e+02,1.459999999999999909e-01
9.107215317700454307e+02,1.160999999999999949e-01
9.120015355521936726e+02,9.810000000000000664e-02
9.132815393343419146e+02,7.810000000000000275e-02
9.145615431164901565e+02,6.800000000000000488e-02
9.158415468986383985e+02,5.210000000000000048e-02
9.171215506807866404e+02,5.000000000000000278e-02
9.184015544629348824e+02,3.200000000000000067e-02
9.196815582450831243e+02,1.799999999999999864e-02
9.209615620272313663e+02,1.799999999999999864e-02
9.222415658093796083e+02,2.199999999999999872e-02
9.235215695915278502e+02,2.400000000000000050e-02
9.248015733736763195e+02,2.599999999999999881e-02
9.260815771558245615e+02,2.800000000000000058e-02
9.273615809379728034e+02,2.999999999999999889e-02
9.286415847201210454e+02,2.999999999999999889e-02
9.299215885022692873e+02,3.200000000000000067e-02
9.312015922844175293e+02,3.400000000000000244e-02
9.324815960665657713e+02,3.400000000000000244e-02
9.337615998487140132e+02,3.400000000000000244e-02
9.350416036308622552e+02,3.400000000000000244e-02
9.363216074130104971e+02,3.599999999999999728e-02
9.376016111951587391e+02,3.799999999999999906e-02
9.388816149773069810e+02,3.799999999999999906e-02
9.401616187594554503e+02,4.599999999999999922e-02
9.414416225416036923e+02,5.199999999999999761e-02
9.427216263237519343e+02,5.199999999999999761e-02
9.440016301059001762e+02,6.400000000000000133e-02
9.452816338880484182e+02,6.800000000000000488e-02
9.465616376701966601e+02,7.599999999999999811e-02
9.478416414523449021e+02,8.999999999999999667e-02
9.491216452344931440e+02,1.079999999999999988e-01
9.504016490166413860e+02,1.239999999999999991e-01
9.516816527987896279e+02,1.378999999999999948e-01
9.529616565809378699e+02,1.579000000000000126e-01
9.542416603630861118e+02,1.660000000000000087e-01
9.555216641452343538e+02,1.819999999999999951e-01
9.568016679273828231e+02,1.960000000000000075e-01
9.580816717095310651e+02,2.059999999999999887e-01
9.593616754916793070e+02,2.139999999999999958e-01
9.606416792738275490e+02,2.200000000000000011e-01
9.619216830559757909e+02,2.220000000000000029e-01
9.632016868381240329e+02,2.280000000000000082e-01
9.644816906202722748e+02,2.280000000000000082e-01
9.657616944024205168e+02,2.320000000000000118e-01
9.670416981845687587e+02,2.320000000000000118e-01
9.683217019667170007e+02,2.280000000000000082e-01
9.696017057488652426e+02,2.099999999999999922e-01
9.708817095310134846e+02,2.059999999999999887e-01
9.721617133131619539e+02,2.059999999999999887e-01
9.734417170953101959e+02,1.900000000000000022e-01
9.747217208774584378e+02,1.739999999999999880e-01
9.760017246596066798e+02,1.620000000000000051e-01
9.772817284417549217e+02,1.539999999999999980e-01
9.785617322239031637e+02,9.229999999999999316e-02
9.798417360060514056e+02,8.010000000000000453e-02
9.811217397881996476e+02,7.799999999999999989e-02
9.824017435703478895e+02,7.399999999999999634e-02
9.836817473524961315e+02,6.600000000000000311e-02
9.849617511346443735e+02,6.400000000000000133e-02
9.862417549167926154e+02,6.199999999999999956e-02
9.875217586989408574e+02,5.999999999999999778e-02
9.888017624810893267e+02,5.600000000000000117e-02
9.900817662632375686e+02,5.000000000000000278e-02
9.913617700453858106e+02,4.800000000000000100e-02
9.926417738275340525e+02,4.200000000000000261e-02
9.939217776096822945e+02,4.200000000000000261e-02
9.952017813918305364e+02,4.200000000000000261e-02
9.964817851739787784e+02,4.200000000000000261e-02
9.977617889561270204e+02,4.200000000000000261e-02
9.990417927382752623e+02,4.000000000000000083e-02
1.000321796520423504e+03,3.799999999999999906e-02
1.001601800302571746e+03,3.799999999999999906e-02
1.002881804084719988e+03,3.599999999999999728e-02
1.004161807866868457e+03,3.400000000000000244e-02
1.005441811649016699e+03,3.200000000000000067e-02
1.006721815431164941e+03,2.999999999999999889e-02
1.008001819213313183e+03,2.800000000000000058e-02
1.009281822995461425e+03,2.800000000000000058e-02
1.010561826777609667e+03,2.599999999999999881e-02
1.011841830559757909e+03,2.599999999999999881e-02
1.013121834341906151e+03,2.400000000000000050e-02
1.014401838124054393e+03,2.000000000000000042e-02
1.015681841906202635e+03,1.799999999999999864e-02
1.016961845688350877e+03,1.400000000000000029e-02
1.018241849470499119e+03,1.400000000000000029e-02
1.019521853252647361e+03,1.000000000000000021e-02
1.020801857034795830e+03,1.000000000000000021e-02
1.022081860816944072e+03,1.000000000000000021e-02
1.023361864599092314e+03,1.000000000000000021e-02
1.024641868381240556e+03,8.000000000000000167e-03
1.025921872163388798e+03,8.000000000000000167e-03
1.027201875945537040e+03,8.000000000000000167e-03
1.028481879727685282e+03,8.000000000000000167e-03
1.029761883509833524e+03,6.000000000000000125e-03
1.031041887291981766e+03,4.000000000000000083e-03
1.032321891074130008e+03,2.000000000000000042e-03
1.033601894856278250e+03,2.000000000000000042e-03
1.034881898638426492e+03,2.000000000000000042e-03
1.036161902420574961e+03,2.000000000000000042e-03
1.037441906202723203e+03,4.000000000000000083e-03
1.038721909984871445e+03,8.000000000000000167e-03
1.040001913767019687e+03,1.000000000000000021e-02
1.041281917549167929e+03,1.000000000000000021e-02
1.042561921331316171e+03,8.000000000000000167e-03
1.043841925113464413e+03,6.000000000000000125e-03
1.045121928895612655e+03,4.000000000000000083e-03
1.046401932677760897e+03,2.000000000000000042e-03
1.047681936459909139e+03,4.000000000000000083e-03
1.048961940242057381e+03,1.000000000000000021e-02
1.050241944024205623e+03,1.600000000000000033e-02
1.051521947806353865e+03,3.799999999999999906e-02
1.052801951588502334e+03,5.199999999999999761e-02
1.054081955370650576e+03,8.590000000000000413e-02
1.055361959152798818e+03,1.199000000000000066e-01
1.056641962934947060e+03,1.935999999999999943e-01
1.057921966717095302e+03,2.691000000000000059e-01
1.059201970499243544e+03,3.089999999999999969e-01
1.060481974281391786e+03,3.330000000000000182e-01
1.061761978063540028e+03,3.549999999999999822e-01
1.063041981845688269e+03,3.988999999999999768e-01
1.064321985627836511e+03,4.269000000000000017e-01
1.065601989409984753e+03,4.369999999999999996e-01
1.066881993192132995e+03,4.470000000000000084e-01
1.068161996974281465e+03,4.688999999999999835e-01
1.069442000756429707e+03,5.018000000000000238e-01
1.070722004538577949e+03,5.040000000000000036e-01
1.072002008320726191e+03,5.140000000000000124e-01
1.073282012102874432e+03,5.220000000000000195e-01
1.074562015885022674e+03,5.280000000000000249e-01
1.075842019667170916e+03,5.320000000000000284e-01
1.077122023449319158e+03,5.300000000000000266e-01
1.078402027231467400e+03,5.260000000000000231e-01
1.079682031013615642e+03,5.240000000000000213e-01
1.080962034795763884e+03,5.220000000000000195e-01
1.082242038577912126e+03,5.140000000000000124e-01
1.083522042360060368e+03,5.060000000000000053e-01
1.084802046142208837e+03,4.949999999999999956e-01
1.086082049924357079e+03,4.729999999999999760e-01
1.087362053706505321e+03,4.249999999999999889e-01
1.088642057488653563e+03,4.109999999999999765e-01
1.089922061270801805e+03,3.790999999999999925e-01
1.091202065052950047e+03,3.709999999999999964e-01
1.092482068835098289e+03,3.551000000000000267e-01
1.093762072617246531e+03,3.469999999999999751e-01
1.095042076399394773e+03,3.091999999999999749e-01
1.096322080181543015e+03,2.929999999999999827e-01
1.097602083963691257e+03,2.790000000000000258e-01
1.098882087745839499e+03,2.650000000000000133e-01
1.100162091527987968e+03,2.610000000000000098e-01
1.101442095310136210e+03,2.550000000000000044e-01
1.102722099092284452e+03,2.510000000000000009e-01
1.104002102874432694e+03,2.479999999999999982e-01
1.105282106656580936e+03,2.399999999999999911e-01
1.106562110438729178e+03,2.359999999999999876e-01
1.107842114220877420e+03,2.359999999999999876e-01
1.109122118003025662e+03,2.340000000000000135e-01
1.110402121785173904e+03,2.320000000000000118e-01
1.111682125567322146e+03,2.300000000000000100e-01
1.112962129349470388e+03,2.240000000000000047e-01
1.114242133131618630e+03,2.220000000000000029e-01
1.115522136913766872e+03,2.079999999999999905e-01
1.116802140695915341e+03,2.000000000000000111e-01
1.118082144478063583e+03,1.980000000000000093e-01
1.119362148260211825e+03,1.841000000000000136e-01
1.120642152042360067e+03,1.819999999999999951e-01
1.121922155824508309e+03,1.839999999999999969e-01
1.123202159606656551e+03,1.859999999999999987e-01
1.124482163388804793e+03,2.020000000000000129e-01
1.125762167170953035e+03,2.139999999999999958e-01
1.127042170953101277e+03,2.240000000000000047e-01
1.128322174735249519e+03,2.340000000000000135e-01
1.129602178517397761e+03,2.419999999999999929e-01
1.130882182299546002e+03,3.068000000000000171e-01
1.132162186081694472e+03,3.209000000000000186e-01
1.133442189863842714e+03,3.230000000000000093e-01
1.134722193645990956e+03,3.250000000000000111e-01
1.136002197428139198e+03,3.390000000000000235e-01
1.137282201210287440e+03,3.529999999999999805e-01
1.138562204992435682e+03,3.609999999999999876e-01
1.139842208774583924e+03,3.990000000000000213e-01
1.141122212556732165e+03,4.069999999999999729e-01
1.142402216338880407e+03,4.329000000000000070e-01
1.143682220121028649e+03,4.430000000000000049e-01
1.144962223903176891e+03,4.530000000000000138e-01
1.146242227685325133e+03,5.435999999999999721e-01
1.147522231467473375e+03,5.540000000000000480e-01
1.148802235249621845e+03,5.639999999999999458e-01
1.150082239031770087e+03,5.759999999999999565e-01
1.151362242813918328e+03,5.879999999999999671e-01
1.152642246596066570e+03,6.039999999999999813e-01
1.153922250378214812e+03,6.159999999999999920e-01
1.155202254160363054e+03,6.320000000000000062e-01
1.156482257942511296e+03,6.380000000000000115e-01
1.157762261724659538e+03,6.440000000000000169e-01
1.159042265506807780e+03,6.460000000000000187e-01
1.160322269288956022e+03,6.480000000000000204e-01
1.161602273071104264e+03,6.500000000000000222e-01
1.162882276853252506e+03,6.500000000000000222e-01
1.164162280635400975e+03,6.460000000000000187e-01
1.165442284417549217e+03,6.440000000000000169e-01
1.166722288199697459e+03,6.340000000000000080e-01
1.168002291981845701e+03,6.300000000000000044e-01
1.169282295763993943e+03,6.179999999999999938e-01
1.170562299546142185e+03,6.079999999999999849e-01
1.171842303328290427e+03,5.920999999999999597e-01
1.173122307110438669e+03,5.799999999999999600e-01
1.174402310892586911e+03,5.759999999999999565e-01
1.175682314674735153e+03,5.480000000000000426e-01
1.176962318456883395e+03,5.360000000000000320e-01
1.178242322239031637e+03,5.320000000000000284e-01
1.179522326021179879e+03,5.260000000000000231e-01
1.180802329803328348e+03,5.140000000000000124e-01
1.182082333585476590e+03,5.120000000000000107e-01
1.183362337367624832e+03,5.020000000000000018e-01
1.184642341149773074e+03,5.020000000000000018e-01
1.185922344931921316e+03,4.768999999999999906e-01
1.187202348714069558e+03,4.470000000000000084e-01
1.188482352496217800e+03,4.390000000000000013e-01
1.189762356278366042e+03,4.349999999999999978e-01
1.191042360060514284e+03,4.349999999999999978e-01
1.192322363842662526e+03,4.269999999999999907e-01
1.193602367624810768e+03,4.209999999999999853e-01
1.194882371406959010e+03,4.031000000000000139e-01
1.196162375189107479e+03,3.690999999999999837e-01
1.197442378971255721e+03,3.649999999999999911e-01
1.198722382753403963e+03,3.629999999999999893e-01
1.200002386535552205e+03,3.609999999999999876e-01
1.201282390317700447e+03,3.609999999999999876e-01
1.202562394099848689e+03,3.609999999999999876e-01
1.203842397881996931e+03,3.609999999999999876e-01
1.205122401664145173e+03,3.609999999999999876e-01
1.206402405446293415e+03,3.629999999999999893e-01
1.207682409228441657e+03,3.649999999999999911e-01
1.208962413010589898e+03,3.649999999999999911e-01
1.210242416792738140e+03,3.689999999999999947e-01
1.211522420574886382e+03,3.689999999999999947e-01
1.212802424357034852e+03,3.709999999999999964e-01
1.214082428139183094e+03,3.770000000000000018e-01
1.215362431921331336e+03,3.870000000000000107e-01
1.216642435703479578e+03,3.890000000000000124e-01
1.217922439485627820e+03,4.030000000000000249e-01
1.219202443267776061e+03,4.129999999999999782e-01
1.220482447049924303e+03,4.229999999999999871e-01
1.221762450832072545e+03,4.349999999999999978e-01
1.223042454614220787e+03,4.390000000000000013e-01
1.224322458396369029e+03,4.410000000000000031e-01
1.225602462178517271e+03,4.570000000000000173e-01
1.226882465960665513e+03,4.709999999999999742e-01
1.228162469742813983e+03,4.949999999999999956e-01
1.229442473524962224e+03,5.020000000000000018e-01
1.230722477307110466e+03,5.140000000000000124e-01
1.232002481089258708e+03,5.260000000000000231e-01
1.233282484871406950e+03,5.360000000000000320e-01
1.234562488653555192e+03,5.440000000000000391e-01
1.235842492435703434e+03,5.500000000000000444e-01
1.237122496217851676e+03,5.620000000000000551e-01
1.238402499999999918e+03,5.659999999999999476e-01
1.239682503782148160e+03,5.779999999999999583e-01
1.240962507564296402e+03,5.799999999999999600e-01
1.242242511346444644e+03,5.899999999999999689e-01
1.243522515128593113e+03,6.019999999999999796e-01
1.244802518910741355e+03,6.139999999999999902e-01
1.246082522692889597e+03,6.239999999999999991e-01
1.247362526475037839e+03,6.320000000000000062e-01
1.248642530257186081e+03,6.439000000000000279e-01
1.249922534039334323e+03,6.440000000000000169e-01
1.251202537821482565e+03,6.460000000000000187e-01
1.252482541603630807e+03,6.540000000000000258e-01
1.253762545385779049e+03,6.580000000000000293e-01
1.255042549167927291e+03,6.600000000000000311e-01
1.256322552950075533e+03,6.620000000000000329e-01
1.257602556732223775e+03,6.620000000000000329e-01
1.258882560514372017e+03,6.660000000000000364e-01
1.260162564296520486e+03,6.700000000000000400e-01
1.261442568078668728e+03,6.720000000000000417e-01
1.262722571860816970e+03,6.760000000000000453e-01
1.264002575642965212e+03,6.780000000000000471e-01
1.265282579425113454e+03,6.800000000000000488e-01
1.266562583207261696e+03,6.899999999999999467e-01
1.267842586989409938e+03,6.919999999999999485e-01
1.269122590771558180e+03,6.979999999999999538e-01
1.270402594553706422e+03,6.999999999999999556e-01
1.271682598335854664e+03,7.019999999999999574e-01
1.272962602118002906e+03,7.039999999999999591e-01
1.274242605900151148e+03,7.059999999999999609e-01
1.275522609682299617e+03,7.059999999999999609e-01
1.276802613464447859e+03,7.059999999999999609e-01
1.278082617246596101e+03,7.059999999999999609e-01
1.279362621028744343e+03,7.059999999999999609e-01
1.280642624810892585e+03,7.059999999999999609e-01
1.281922628593040827e+03,7.039999999999999591e-01
1.283202632375189069e+03,7.039999999999999591e-01
1.284482636157337311e+03,7.019999999999999574e-01
1.285762639939485553e+03,6.999999999999999556e-01
1.287042643721633794e+03,6.999999999999999556e-01
1.288322647503782036e+03,6.939999999999999503e-01
1.289602651285930278e+03,6.919999999999999485e-01
1.290882655068078520e+03,6.879999999999999449e-01
1.292162658850226990e+03,6.840000000000000524e-01
1.293442662632375232e+03,6.820000000000000506e-01
1.294722666414523474e+03,6.780000000000000471e-01
1.296002670196671716e+03,6.760000000000000453e-01
1.297282673978819957e+03,6.700000000000000400e-01
1.298562677760968199e+03,6.580000000000000293e-01
1.299842681543116441e+03,6.500000000000000222e-01
1.301122685325264683e+03,6.460000000000000187e-01
1.302402689107412925e+03,6.380000000000000115e-01
1.303682692889561167e+03,6.300000000000000044e-01
1.304962696671709409e+03,6.199999999999999956e-01
1.306242700453857651e+03,6.179999999999999938e-01
1.307522704236006120e+03,6.139999999999999902e-01
1.308802708018154362e+03,6.139999999999999902e-01
1.310082711800302604e+03,6.139999999999999902e-01
1.311362715582450846e+03,6.099999999999999867e-01
1.312642719364599088e+03,6.099999999999999867e-01
1.313922723146747330e+03,6.079999999999999849e-01
1.315202726928895572e+03,6.079999999999999849e-01
1.316482730711043814e+03,6.039999999999999813e-01
1.317762734493192056e+03,5.739999999999999547e-01
1.319042738275340298e+03,5.600000000000000533e-01
1.320322742057488540e+03,5.939999999999999725e-01
1.321602745839636782e+03,5.939999999999999725e-01
1.322882749621785024e+03,5.799999999999999600e-01
1.324162753403933493e+03,5.659999999999999476e-01
1.325442757186081735e+03,5.620000000000000551e-01
1.326722760968229977e+03,5.380000000000000338e-01
1.328002764750378219e+03,5.360000000000000320e-01
1.329282768532526461e+03,5.340000000000000302e-01
1.330562772314674703e+03,5.340000000000000302e-01
1.331842776096822945e+03,5.340000000000000302e-01
1.333122779878971187e+03,5.340000000000000302e-01
1.334402783661119429e+03,5.320000000000000284e-01
1.335682787443267671e+03,5.300000000000000266e-01
1.336962791225415913e+03,5.280000000000000249e-01
1.338242795007564155e+03,5.161000000000000032e-01
1.339522798789712624e+03,5.020000000000000018e-01
1.340802802571860866e+03,4.909999999999999920e-01
1.342082806354009108e+03,4.789999999999999813e-01
1.343362810136157350e+03,4.590000000000000191e-01
1.344642813918305592e+03,4.289999999999999925e-01
1.345922817700453834e+03,4.189999999999999836e-01
1.347202821482602076e+03,3.770999999999999908e-01
1.348482825264750318e+03,3.311000000000000054e-01
1.349762829046898560e+03,3.230000000000000093e-01
1.351042832829046802e+03,2.970999999999999752e-01
1.352322836611195044e+03,2.748999999999999777e-01
1.353602840393343286e+03,2.550000000000000044e-01
1.354882844175491527e+03,2.399999999999999911e-01
1.356162847957639997e+03,2.280000000000000082e-01
1.357442851739788239e+03,1.759999999999999898e-01
1.358722855521936481e+03,1.719999999999999862e-01
1.360002859304084723e+03,1.660000000000000087e-01
1.361282863086232965e+03,1.600000000000000033e-01
1.362562866868381207e+03,1.600000000000000033e-01
1.363842870650529449e+03,1.600000000000000033e-01
1.365122874432677690e+03,1.600000000000000033e-01
1.366402878214825932e+03,1.600000000000000033e-01
1.367682881996974174e+03,1.579000000000000126e-01
1.368962885779122416e+03,1.019999999999999934e-01
1.370242889561270658e+03,1.019999999999999934e-01
1.371522893343419128e+03,1.618999999999999884e-01
1.372802897125567370e+03,1.640000000000000069e-01
1.374082900907715612e+03,1.620000000000000051e-01
1.375362904689863853e+03,1.580000000000000016e-01
1.376642908472012095e+03,1.461000000000000076e-01
1.377922912254160337e+03,1.320000000000000062e-01
1.379202916036308579e+03,1.179999999999999938e-01
1.380482919818456821e+03,1.160000000000000059e-01
1.381762923600605063e+03,1.160000000000000059e-01
1.383042927382753305e+03,1.219999999999999973e-01
1.384322931164901547e+03,1.738999999999999990e-01
1.385602934947049789e+03,1.960000000000000075e-01
1.386882938729198031e+03,2.099999999999999922e-01
1.388162942511346500e+03,2.220000000000000029e-01
1.389442946293494742e+03,2.358999999999999986e-01
1.390722950075642984e+03,2.479999999999999982e-01
1.392002953857791226e+03,2.550000000000000044e-01
1.393282957639939468e+03,2.570000000000000062e-01
1.394562961422087710e+03,2.710000000000000187e-01
1.395842965204235952e+03,2.829999999999999738e-01
1.397122968986384194e+03,2.929999999999999827e-01
1.398402972768532436e+03,3.029999999999999916e-01
1.399682976550680678e+03,3.089999999999999969e-01
1.400962980332828920e+03,3.150000000000000022e-01
1.402242984114977162e+03,3.170000000000000040e-01
1.403522987897125631e+03,3.170000000000000040e-01
1.404802991679273873e+03,3.150000000000000022e-01
1.406082995461422115e+03,3.130000000000000004e-01
1.407362999243570357e+03,3.029999999999999916e-01
1.408643003025718599e+03,2.989999999999999880e-01
1.409923006807866841e+03,2.810000000000000275e-01
1.411203010590015083e+03,2.570000000000000062e-01
1.412483014372163325e+03,2.399999999999999911e-01
1.413763018154311567e+03,2.300000000000000100e-01
1.415043021936459809e+03,2.240000000000000047e-01
1.416323025718608051e+03,2.220000000000000029e-01
1.417603029500756293e+03,2.059999999999999887e-01
1.418883033282904535e+03,2.020000000000000129e-01
1.420163037065052777e+03,2.020000000000000129e-01
1.421443040847201019e+03,2.020000000000000129e-01
1.422723044629349261e+03,2.020000000000000129e-01
1.424003048411497730e+03,2.020000000000000129e-01
1.425283052193645972e+03,2.020000000000000129e-01
1.426563055975794214e+03,2.039999999999999869e-01
1.427843059757942456e+03,2.079999999999999905e-01
1.429123063540090698e+03,2.099999999999999922e-01
1.430403067322238940e+03,2.119999999999999940e-01
1.431683071104387182e+03,2.200000000000000011e-01
1.432963074886535424e+03,2.320000000000000118e-01
1.434243078668683665e+03,2.379999999999999893e-01
1.435523082450831907e+03,2.379999999999999893e-01
1.436803086232980149e+03,2.379999999999999893e-01
1.438083090015128391e+03,2.260000000000000064e-01
1.439363093797276861e+03,2.260000000000000064e-01
1.440643097579425103e+03,2.569000000000000172e-01
1.441923101361573345e+03,2.990999999999999770e-01
1.443203105143721587e+03,3.271000000000000019e-01
1.444483108925869828e+03,3.529999999999999805e-01
1.445763112708018070e+03,3.549999999999999822e-01
1.447043116490166312e+03,4.030000000000000249e-01
1.448323120272314554e+03,4.410000000000000031e-01
1.449603124054462796e+03,4.768999999999999906e-01
1.450883127836611038e+03,4.789999999999999813e-01
1.452163131618759280e+03,4.999000000000000110e-01
1.453443135400907522e+03,5.179000000000000270e-01
1.454723139183055764e+03,5.341000000000000192e-01
1.456003142965204233e+03,5.500000000000000444e-01
1.457283146747352475e+03,5.520000000000000462e-01
1.458563150529500717e+03,5.639999999999999458e-01
1.459843154311648959e+03,5.739999999999999547e-01
1.461123158093797201e+03,5.839999999999999636e-01
1.462403161875945443e+03,5.919999999999999707e-01
1.463683165658093685e+03,5.999999999999999778e-01
1.464963169440241927e+03,6.039999999999999813e-01
1.466243173222390169e+03,6.079999999999999849e-01
1.467523177004538411e+03,6.179999999999999938e-01
1.468803180786686653e+03,6.280000000000000027e-01
1.470083184568834895e+03,6.300000000000000044e-01
1.471363188350983364e+03,6.300000000000000044e-01
1.472643192133131606e+03,6.300000000000000044e-01
1.473923195915279848e+03,6.320000000000000062e-01
1.475203199697428090e+03,6.340000000000000080e-01
1.476483203479576332e+03,6.420000000000000151e-01
1.477763207261724574e+03,6.440000000000000169e-01
1.479043211043872816e+03,6.599000000000000421e-01
1.480323214826021058e+03,6.680000000000000382e-01
1.481603218608169300e+03,6.761000000000000343e-01
1.482883222390317542e+03,7.079999999999999627e-01
1.484163226172465784e+03,7.179999999999999716e-01
1.485443229954614026e+03,7.279999999999999805e-01
1.486723233736762268e+03,7.399999999999999911e-01
1.488003237518910737e+03,7.510000000000000009e-01
1.489283241301058979e+03,7.630000000000000115e-01
1.490563245083207221e+03,7.750000000000000222e-01
1.491843248865355463e+03,7.770000000000000240e-01
1.493123252647503705e+03,8.149999999999999467e-01
1.494403256429651947e+03,8.169999999999999485e-01
1.495683260211800189e+03,8.229999999999999538e-01
1.496963263993948431e+03,8.249999999999999556e-01
1.498243267776096673e+03,8.309999999999999609e-01
1.499523271558244915e+03,8.509999999999999787e-01
1.500803275340393157e+03,8.549999999999999822e-01
1.502083279122541398e+03,8.669999999999999929e-01
1.503363282904689868e+03,8.709999999999999964e-01
1.504643286686838110e+03,8.729999999999999982e-01
1.505923290468986352e+03,8.729999999999999982e-01
1.507203294251134594e+03,8.729999999999999982e-01
1.508483298033282836e+03,8.750000000000000000e-01
1.509763301815431078e+03,8.850000000000000089e-01
1.511043305597579320e+03,8.950000000000000178e-01
1.512323309379727561e+03,9.110000000000000320e-01
1.513603313161875803e+03,9.110000000000000320e-01
1.514883316944024045e+03,9.130000000000000338e-01
1.516163320726172287e+03,9.130000000000000338e-01
1.517443324508320529e+03,9.130000000000000338e-01
1.518723328290468771e+03,9.150000000000000355e-01
1.520003332072617241e+03,9.150000000000000355e-01
1.521283335854765483e+03,9.190000000000000391e-01
1.522563339636913724e+03,9.210000000000000409e-01
1.523843343419061966e+03,9.210000000000000409e-01
1.525123347201210208e+03,9.250000000000000444e-01
1.526403350983358450e+03,9.250000000000000444e-01
1.527683354765506692e+03,9.270000000000000462e-01
1.528963358547654934e+03,9.270000000000000462e-01
1.530243362329803176e+03,9.230000000000000426e-01
1.531523366111951418e+03,9.210000000000000409e-01
1.532803369894099660e+03,9.170000000000000373e-01
1.534083373676247902e+03,9.150000000000000355e-01
1.535363377458396371e+03,9.170000000000000373e-01
1.536643381240544613e+03,9.150000000000000355e-01
1.537923385022692855e+03,9.110000000000000320e-01
1.539203388804841097e+03,9.090000000000000302e-01
1.540483392586989339e+03,9.090000000000000302e-01
1.541763396369137581e+03,9.130000000000000338e-01
1.543043400151285823e+03,9.150000000000000355e-01
1.544323403933434065e+03,9.150000000000000355e-01
1.545603407715582307e+03,9.150000000000000355e-01
1.546883411497730549e+03,9.130000000000000338e-01
1.548163415279878791e+03,9.110000000000000320e-01
1.549443419062027033e+03,9.090000000000000302e-01
1.550723422844175275e+03,9.070000000000000284e-01
1.552003426626323744e+03,9.030000000000000249e-01
1.553283430408471986e+03,8.970000000000000195e-01
1.554563434190620228e+03,8.950000000000000178e-01
1.555843437972768470e+03,8.930000000000000160e-01
1.557123441754916712e+03,8.950000000000000178e-01
1.558403445537064954e+03,9.010000000000000231e-01
1.559683449319213196e+03,9.150000000000000355e-01
1.560963453101361438e+03,9.150000000000000355e-01
1.562243456883509680e+03,9.050000000000000266e-01
1.563523460665657922e+03,9.010000000000000231e-01
1.564803464447806164e+03,8.990000000000000213e-01
1.566083468229954406e+03,9.010000000000000231e-01
1.567363472012102875e+03,9.050000000000000266e-01
1.568643475794251117e+03,9.050000000000000266e-01
1.569923479576399359e+03,9.090000000000000302e-01
1.571203483358547601e+03,9.110000000000000320e-01
1.572483487140695843e+03,9.110000000000000320e-01
1.573763490922844085e+03,9.090000000000000302e-01
1.575043494704992327e+03,9.090000000000000302e-01
1.576323498487140569e+03,9.110000000000000320e-01
1.577603502269288811e+03,9.190000000000000391e-01
1.578883506051437053e+03,9.150000000000000355e-01
1.580163509833585294e+03,9.150000000000000355e-01
1.581443513615733536e+03,9.150000000000000355e-01
1.582723517397881778e+03,9.170000000000000373e-01
1.584003521180030248e+03,9.190000000000000391e-01
1.585283524962178490e+03,9.210000000000000409e-01
1.586563528744326732e+03,9.210000000000000409e-01
1.587843532526474974e+03,9.210000000000000409e-01
1.589123536308623216e+03,9.210000000000000409e-01
1.590403540090771457e+03,9.210000000000000409e-01
1.591683543872919699e+03,9.230000000000000426e-01
1.592963547655067941e+03,9.230000000000000426e-01
1.594243551437216183e+03,9.250000000000000444e-01
1.595523555219364425e+03,9.250000000000000444e-01
1.596803559001512667e+03,9.250000000000000444e-01
1.598083562783660909e+03,9.250000000000000444e-01
1.599363566565809379e+03,9.230000000000000426e-01
1.600643570347957620e+03,9.230000000000000426e-01
1.601923574130105862e+03,9.230000000000000426e-01
1.603203577912254104e+03,9.210000000000000409e-01
1.604483581694402346e+03,9.210000000000000409e-01
1.605763585476550588e+03,9.190000000000000391e-01
1.607043589258698830e+03,9.170000000000000373e-01
1.608323593040847072e+03,9.170000000000000373e-01
1.609603596822995314e+03,9.130000000000000338e-01
1.610883600605143556e+03,9.110000000000000320e-01
1.612163604387291798e+03,9.070000000000000284e-01
1.613443608169440040e+03,9.030000000000000249e-01
1.614723611951588282e+03,8.970000000000000195e-01
1.616003615733736751e+03,8.950000000000000178e-01
1.617283619515884993e+03,9.030000000000000249e-01
1.618563623298033235e+03,8.730999999999999872e-01
1.619843627080181477e+03,8.709999999999999964e-01
1.621123630862329719e+03,8.709000000000000075e-01
1.622403634644477961e+03,8.548999999999999932e-01
1.623683638426626203e+03,8.329999999999999627e-01
1.624963642208774445e+03,8.269999999999999574e-01
1.626243645990922687e+03,8.189999999999999503e-01
1.627523649773070929e+03,8.050000000000000488e-01
1.628803653555219171e+03,7.590999999999999970e-01
1.630083657337367413e+03,7.280999999999999694e-01
1.631363661119515882e+03,7.099999999999999645e-01
1.632643664901664124e+03,7.079999999999999627e-01
1.633923668683812366e+03,7.019999999999999574e-01
1.635203672465960608e+03,6.919999999999999485e-01
1.636483676248108850e+03,6.758999999999999453e-01
1.637763680030257092e+03,6.480000000000000204e-01
1.639043683812405334e+03,6.440000000000000169e-01
1.640323687594553576e+03,6.440000000000000169e-01
1.641603691376701818e+03,6.440000000000000169e-01
1.642883695158850060e+03,6.460000000000000187e-01
1.644163698940998302e+03,6.480000000000000204e-01
1.645443702723146544e+03,6.600000000000000311e-01
1.646723706505294786e+03,6.620000000000000329e-01
1.648003710287443255e+03,6.640000000000000346e-01
1.649283714069591497e+03,6.660000000000000364e-01
1.650563717851739739e+03,6.700000000000000400e-01
1.651843721633887981e+03,6.740000000000000435e-01
1.653123725416036223e+03,6.760000000000000453e-01
1.654403729198184465e+03,6.460000000000000187e-01
1.655683732980332707e+03,6.440000000000000169e-01
1.656963736762480949e+03,6.320000000000000062e-01
1.658243740544629190e+03,6.320000000000000062e-01
1.659523744326777432e+03,6.441000000000000059e-01
1.660803748108925674e+03,6.600000000000000311e-01
1.662083751891073916e+03,6.760000000000000453e-01
1.663363755673222386e+03,6.919999999999999485e-01
1.664643759455370628e+03,7.239999999999999769e-01
1.665923763237518870e+03,7.419999999999999929e-01
1.667203767019667112e+03,7.790000000000000258e-01
1.668483770801815353e+03,8.128999999999999559e-01
1.669763774583963595e+03,8.388999999999999790e-01
1.671043778366111837e+03,8.568999999999999950e-01
1.672323782148260079e+03,8.810999999999999943e-01
1.673603785930408321e+03,9.030000000000000249e-01
1.674883789712556563e+03,9.030000000000000249e-01
1.676163793494704805e+03,9.010000000000000231e-01
1.677443797276853047e+03,9.010000000000000231e-01
1.678723801059001289e+03,9.030000000000000249e-01
1.680003804841149758e+03,9.130000000000000338e-01
1.681283808623298000e+03,9.170000000000000373e-01
1.682563812405446242e+03,9.250000000000000444e-01
1.683843816187594484e+03,9.310000000000000497e-01
1.685123819969742726e+03,9.350000000000000533e-01
1.686403823751890968e+03,9.350000000000000533e-01
1.687683827534039210e+03,9.350000000000000533e-01
1.688963831316187452e+03,9.350000000000000533e-01
1.690243835098335694e+03,9.389999999999999458e-01
1.691523838880483936e+03,9.409999999999999476e-01
1.692803842662632178e+03,9.409999999999999476e-01
1.694083846444780420e+03,9.409999999999999476e-01
1.695363850226928889e+03,9.489999999999999547e-01
1.696643854009077131e+03,9.509999999999999565e-01
1.697923857791225373e+03,9.529999999999999583e-01
1.699203861573373615e+03,9.609999999999999654e-01
1.700483865355521857e+03,9.609999999999999654e-01
1.701763869137670099e+03,9.549999999999999600e-01
1.703043872919818341e+03,9.549999999999999600e-01
1.704323876701966583e+03,9.569999999999999618e-01
1.705603880484114825e+03,9.569999999999999618e-01
1.706883884266263067e+03,9.569999999999999618e-01
1.708163888048411309e+03,9.549999999999999600e-01
1.709443891830559551e+03,9.549999999999999600e-01
1.710723895612707793e+03,9.549999999999999600e-01
1.712003899394856262e+03,9.569999999999999618e-01
1.713283903177004504e+03,9.569999999999999618e-01
1.714563906959152746e+03,9.569999999999999618e-01
1.715843910741300988e+03,9.669999999999999707e-01
1.717123914523449230e+03,9.669999999999999707e-01
1.718403918305597472e+03,9.569999999999999618e-01
1.719683922087745714e+03,9.569999999999999618e-01
1.720963925869893956e+03,9.569999999999999618e-01
1.722243929652042198e+03,9.569999999999999618e-01
1.723523933434190440e+03,9.569999999999999618e-01
1.724803937216338682e+03,9.569999999999999618e-01
1.726083940998486923e+03,9.549999999999999600e-01
1.727363944780635393e+03,9.549999999999999600e-01
1.728643948562783635e+03,9.549999999999999600e-01
1.729923952344931877e+03,9.549999999999999600e-01
1.731203956127080119e+03,9.569999999999999618e-01
1.732483959909228361e+03,9.709999999999999742e-01
1.733763963691376603e+03,9.709999999999999742e-01
1.735043967473524845e+03,9.569999999999999618e-01
1.736323971255673086e+03,9.569999999999999618e-01
1.737603975037821328e+03,9.589999999999999636e-01
1.738883978819969570e+03,9.589999999999999636e-01
1.740163982602117812e+03,9.589999999999999636e-01
1.741443986384266054e+03,9.589999999999999636e-01
1.742723990166414296e+03,9.569999999999999618e-01
1.744003993948562766e+03,9.569999999999999618e-01
1.745283997730711008e+03,9.549999999999999600e-01
1.746564001512859249e+03,9.549999999999999600e-01
1.747844005295007491e+03,9.569999999999999618e-01
1.749124009077155733e+03,9.629999999999999671e-01
1.750404012859303975e+03,9.629999999999999671e-01
1.751684016641452217e+03,9.569999999999999618e-01
1.752964020423600459e+03,9.549999999999999600e-01
1.754244024205748701e+03,9.529999999999999583e-01
1.755524027987896943e+03,9.549999999999999600e-01
1.756804031770045185e+03,9.549999999999999600e-01
1.758084035552193427e+03,9.549999999999999600e-01
1.759364039334341896e+03,9.549999999999999600e-01
1.760644043116490138e+03,9.549999999999999600e-01
1.761924046898638380e+03,9.549999999999999600e-01
1.763204050680786622e+03,9.549999999999999600e-01
1.764484054462934864e+03,9.549999999999999600e-01
1.765764058245083106e+03,9.549999999999999600e-01
1.767044062027231348e+03,9.529999999999999583e-01
1.768324065809379590e+03,9.549999999999999600e-01
1.769604069591527832e+03,9.569999999999999618e-01
1.770884073373676074e+03,9.669999999999999707e-01
1.772164077155824316e+03,9.669999999999999707e-01
1.773444080937972558e+03,9.629999999999999671e-01
1.774724084720120800e+03,9.629999999999999671e-01
1.776004088502269269e+03,9.629999999999999671e-01
1.777284092284417511e+03,9.629999999999999671e-01
1.778564096066565753e+03,9.649999999999999689e-01
1.779844099848713995e+03,9.649999999999999689e-01
1.781124103630862237e+03,9.649999999999999689e-01
1.782404107413010479e+03,9.649999999999999689e-01
1.783684111195158721e+03,9.669999999999999707e-01
1.784964114977306963e+03,9.689999999999999725e-01
1.786244118759455205e+03,9.689999999999999725e-01
1.787524122541603447e+03,9.669999999999999707e-01
1.788804126323751689e+03,9.669999999999999707e-01
1.790084130105899931e+03,9.709999999999999742e-01
1.791364133888048400e+03,9.749999999999999778e-01
1.792644137670196642e+03,9.709999999999999742e-01
1.793924141452344884e+03,9.689999999999999725e-01
1.795204145234493126e+03,9.689999999999999725e-01
1.796484149016641368e+03,9.669999999999999707e-01
1.797764152798789610e+03,9.649999999999999689e-01
1.799044156580937852e+03,9.669999999999999707e-01
1.800324160363086094e+03,9.669999999999999707e-01
1.801604164145234336e+03,9.649999999999999689e-01
1.802884167927382578e+03,9.649999999999999689e-01
1.804164171709530819e+03,9.629999999999999671e-01
1.805444175491679061e+03,9.629999999999999671e-01
1.806724179273827303e+03,9.609999999999999654e-01
1.808004183055975773e+03,9.569999999999999618e-01
1.809284186838124015e+03,9.549999999999999600e-01
1.810564190620272257e+03,9.549999999999999600e-01
1.811844194402420499e+03,9.529999999999999583e-01
1.813124198184568741e+03,9.449999999999999512e-01
1.814404201966716982e+03,9.389999999999999458e-01
1.815684205748865224e+03,9.370000000000000551e-01
1.816964209531013466e+03,9.330000000000000515e-01
1.818244213313161708e+03,9.230000000000000426e-01
1.819524217095309950e+03,9.150000000000000355e-01
1.820804220877458192e+03,9.130000000000000338e-01
1.822084224659606434e+03,9.050000000000000266e-01
1.823364228441754904e+03,9.030000000000000249e-01
1.824644232223903145e+03,8.950000000000000178e-01
1.825924236006051387e+03,8.830000000000000071e-01
1.827204239788199629e+03,8.750000000000000000e-01
1.828484243570347871e+03,8.709999999999999964e-01
1.829764247352496113e+03,8.689999999999999947e-01
1.831044251134644355e+03,8.569999999999999840e-01
1.832324254916792597e+03,8.529999999999999805e-01
1.833604258698940839e+03,8.509999999999999787e-01
1.834884262481089081e+03,8.409999999999999698e-01
1.836164266263237323e+03,8.389999999999999680e-01
1.837444270045385565e+03,8.349999999999999645e-01
1.838724273827533807e+03,8.289999999999999591e-01
1.840004277609682276e+03,8.269999999999999574e-01
1.841284281391830518e+03,8.229999999999999538e-01
1.842564285173978760e+03,8.189999999999999503e-01
1.843844288956127002e+03,8.030000000000000471e-01
1.845124292738275244e+03,7.890000000000000346e-01
1.846404296520423486e+03,7.830000000000000293e-01
1.847684300302571728e+03,7.610000000000000098e-01
1.848964304084719970e+03,7.590000000000000080e-01
1.850244307866868212e+03,7.590000000000000080e-01
1.851524311649016454e+03,7.590000000000000080e-01
1.852804315431164696e+03,7.590000000000000080e-01
1.854084319213312938e+03,7.610000000000000098e-01
1.855364322995461407e+03,7.610000000000000098e-01
1.856644326777609649e+03,7.630000000000000115e-01
1.857924330559757891e+03,7.650000000000000133e-01
1.859204334341906133e+03,7.670000000000000151e-01
1.860484338124054375e+03,7.670000000000000151e-01
1.861764341906202617e+03,7.690000000000000169e-01
1.863044345688350859e+03,7.730000000000000204e-01
1.864324349470499101e+03,7.750000000000000222e-01
1.865604353252647343e+03,7.750000000000000222e-01
1.866884357034795585e+03,7.750000000000000222e-01
1.868164360816943827e+03,7.770000000000000240e-01
1.869444364599092069e+03,7.870000000000000329e-01
1.870724368381240311e+03,8.010000000000000453e-01
1.872004372163388780e+03,8.050000000000000488e-01
1.873284375945537022e+03,8.110000000000000542e-01
1.874564379727685264e+03,8.169999999999999485e-01
1.875844383509833506e+03,8.309999999999999609e-01
1.877124387291981748e+03,8.390999999999999570e-01
1.878404391074129990e+03,8.529999999999999805e-01
1.879684394856278232e+03,8.590999999999999748e-01
1.880964398638426474e+03,8.770000000000000018e-01
1.882244402420574716e+03,8.830000000000000071e-01
1.883524406202722957e+03,8.890000000000000124e-01
1.884804409984871199e+03,8.930000000000000160e-01
1.886084413767019441e+03,9.030000000000000249e-01
1.887364417549167911e+03,9.050000000000000266e-01
1.888644421331316153e+03,9.170000000000000373e-01
1.889924425113464395e+03,9.270000000000000462e-01
1.891204428895612637e+03,9.290000000000000480e-01
1.892484432677760879e+03,9.290000000000000480e-01
1.893764436459909120e+03,9.310000000000000497e-01
1.895044440242057362e+03,9.330000000000000515e-01
1.896324444024205604e+03,9.350000000000000533e-01
1.897604447806353846e+03,9.370000000000000551e-01
1.898884451588502088e+03,9.370000000000000551e-01
1.900164455370650330e+03,9.429999999999999494e-01
1.901444459152798572e+03,9.429999999999999494e-01
1.902724462934946814e+03,9.449999999999999512e-01
1.904004466717095283e+03,9.469999999999999529e-01
1.905284470499243525e+03,9.469999999999999529e-01
1.906564474281391767e+03,9.469999999999999529e-01
1.907844478063540009e+03,9.469999999999999529e-01
1.909124481845688251e+03,9.489999999999999547e-01
1.910404485627836493e+03,9.489999999999999547e-01
1.911684489409984735e+03,9.509999999999999565e-01
1.912964493192132977e+03,9.509999999999999565e-01
1.914244496974281219e+03,9.509999999999999565e-01
1.915524500756429461e+03,9.509999999999999565e-01
1.916804504538577703e+03,9.509999999999999565e-01
1.918084508320725945e+03,9.509999999999999565e-01
1.919364512102874414e+03,9.489999999999999547e-01
1.920644515885022656e+03,9.469999999999999529e-01
1.921924519667170898e+03,9.469999999999999529e-01
1.923204523449319140e+03,9.469999999999999529e-01
1.924484527231467382e+03,9.469999999999999529e-01
1.925764531013615624e+03,9.449999999999999512e-01
1.927044534795763866e+03,9.449999999999999512e-01
1.928324538577912108e+03,9.429999999999999494e-01
1.929604542360060350e+03,9.429999999999999494e-01
1.930884546142208592e+03,9.429999999999999494e-01
1.932164549924356834e+03,9.429999999999999494e-01
1.933444553706505076e+03,9.370000000000000551e-01
1.934724557488653318e+03,9.370000000000000551e-01
1.936004561270801787e+03,9.370000000000000551e-01
1.937284565052950029e+03,9.350000000000000533e-01
1.938564568835098271e+03,9.330000000000000515e-01
1.939844572617246513e+03,9.330000000000000515e-01
1.941124576399394755e+03,9.330000000000000515e-01
1.942404580181542997e+03,9.330000000000000515e-01
1.943684583963691239e+03,9.310000000000000497e-01
1.944964587745839481e+03,9.310000000000000497e-01
1.946244591527987723e+03,9.250000000000000444e-01
1.947524595310135965e+03,9.210000000000000409e-01
1.948804599092284207e+03,9.170000000000000373e-01
1.950084602874432449e+03,9.150000000000000355e-01
1.951364606656580918e+03,9.150000000000000355e-01
1.952644610438729160e+03,9.150000000000000355e-01
1.953924614220877402e+03,9.130000000000000338e-01
1.955204618003025644e+03,9.108000000000000540e-01
1.956484621785173886e+03,8.689000000000000057e-01
1.957764625567322128e+03,8.330999999999999517e-01
1.959044629349470370e+03,8.730999999999999872e-01
1.960324633131618612e+03,9.110000000000000320e-01
1.961604636913766853e+03,9.110000000000000320e-01
1.962884640695915095e+03,9.090000000000000302e-01
1.964164644478063337e+03,9.090000000000000302e-01
1.965444648260211579e+03,9.070000000000000284e-01
1.966724652042359821e+03,9.090000000000000302e-01
1.968004655824508291e+03,9.090000000000000302e-01
1.969284659606656533e+03,9.070000000000000284e-01
1.970564663388804775e+03,9.050000000000000266e-01
1.971844667170953016e+03,9.030000000000000249e-01
1.973124670953101258e+03,9.010000000000000231e-01
1.974404674735249500e+03,9.010000000000000231e-01
1.975684678517397742e+03,8.990000000000000213e-01
1.976964682299545984e+03,8.990000000000000213e-01
1.978244686081694226e+03,8.970000000000000195e-01
1.979524689863842468e+03,8.930000000000000160e-01
1.980804693645990710e+03,8.930000000000000160e-01
1.982084697428138952e+03,8.950000000000000178e-01
1.983364701210287421e+03,8.950000000000000178e-01
1.984644704992435663e+03,8.950000000000000178e-01
1.985924708774583905e+03,8.950000000000000178e-01
1.987204712556732147e+03,8.950000000000000178e-01
1.988484716338880389e+03,8.930000000000000160e-01
1.989764720121028631e+03,8.930000000000000160e-01
1.991044723903176873e+03,8.930000000000000160e-01
1.992324727685325115e+03,8.930000000000000160e-01
1.993604731467473357e+03,8.970000000000000195e-01
1.994884735249621599e+03,8.990000000000000213e-01
1.996164739031769841e+03,9.010000000000000231e-01
1.997444742813918083e+03,9.010000000000000231e-01
1.998724746596066325e+03,9.010000000000000231e-01
2.000004750378214794e+03,9.010000000000000231e-01
2.001284754160363036e+03,9.030000000000000249e-01
2.002564757942511278e+03,9.050000000000000266e-01
2.003844761724659520e+03,9.050000000000000266e-01
2.005124765506807762e+03,9.050000000000000266e-01
2.006404769288956004e+03,9.050000000000000266e-01
2.007684773071104246e+03,9.050000000000000266e-01
2.008964776853252488e+03,9.050000000000000266e-01
2.010244780635400730e+03,9.050000000000000266e-01
2.011524784417548972e+03,9.078000000000000513e-01
2.012804788199697214e+03,9.108000000000000540e-01
2.014084791981845456e+03,9.110000000000000320e-01
2.015364795763993925e+03,9.110000000000000320e-01
2.016644799546142167e+03,9.119000000000000439e-01
2.017924803328290409e+03,9.129000000000000448e-01
2.019204807110438651e+03,9.130000000000000338e-01
2.020484810892586893e+03,9.130000000000000338e-01
2.021764814674735135e+03,9.139000000000000457e-01
2.023044818456883377e+03,9.149000000000000465e-01
2.024324822239031619e+03,9.150000000000000355e-01
2.025604826021179861e+03,9.150000000000000355e-01
2.026884829803328103e+03,9.132000000000000117e-01
2.028164833585476345e+03,9.112999999999999989e-01
2.029444837367624586e+03,9.110000000000000320e-01
2.030724841149772828e+03,9.110000000000000320e-01
2.032004844931921298e+03,9.110000000000000320e-01
2.033284848714069540e+03,9.110000000000000320e-01
2.034564852496217782e+03,9.102000000000000091e-01
2.035844856278366024e+03,9.092000000000000082e-01
2.037124860060514266e+03,9.082000000000000073e-01
2.038404863842662508e+03,9.072000000000000064e-01
2.039684867624810749e+03,9.062000000000000055e-01
2.040964871406958991e+03,9.052000000000000046e-01
2.042244875189107233e+03,9.002000000000000002e-01
2.043524878971255475e+03,8.942999999999999838e-01
2.044804882753403717e+03,8.913999999999999702e-01
2.046084886535551959e+03,8.894999999999999574e-01
2.047364890317700429e+03,8.867000000000000437e-01
2.048644894099848898e+03,8.837000000000000410e-01
2.049924897881996912e+03,8.791999999999999815e-01
2.051204901664145382e+03,8.741999999999999771e-01
2.052484905446293396e+03,8.729999999999999982e-01
2.053764909228441866e+03,8.729999999999999982e-01
2.055044913010589880e+03,8.729999999999999982e-01
2.056324916792738350e+03,8.729999999999999982e-01
2.057604920574886364e+03,8.729999999999999982e-01
2.058884924357034834e+03,8.729999999999999982e-01
2.060164928139182848e+03,8.729999999999999982e-01
2.061444931921331317e+03,8.729999999999999982e-01
2.062724935703479787e+03,8.729999999999999982e-01
2.064004939485627801e+03,8.729999999999999982e-01
2.065284943267776271e+03,8.729999999999999982e-01
2.066564947049924285e+03,8.729999999999999982e-01
2.067844950832072755e+03,8.729999999999999982e-01
2.069124954614220769e+03,8.729999999999999982e-01
2.070404958396369238e+03,8.756000000000000449e-01
2.071684962178517253e+03,8.796000000000000485e-01
2.072964965960665722e+03,8.822999999999999732e-01
2.074244969742813737e+03,8.842999999999999750e-01
2.075524973524962206e+03,8.862999999999999767e-01
2.076804977307110221e+03,8.882999999999999785e-01
2.078084981089258690e+03,8.909000000000000252e-01
2.079364984871407160e+03,8.939000000000000279e-01
2.080644988653555174e+03,8.974999999999999645e-01
2.081924992435703643e+03,9.014999999999999680e-01
2.083204996217851658e+03,9.049000000000000377e-01
2.084485000000000127e+03,9.078000000000000513e-01
2.085765003782148142e+03,9.102000000000000091e-01
2.087045007564296611e+03,9.122000000000000108e-01
2.088325011346444626e+03,9.135999999999999677e-01
2.089605015128593095e+03,9.145999999999999686e-01
2.090885018910741110e+03,9.161000000000000254e-01
2.092165022692889579e+03,9.181000000000000272e-01
2.093445026475037594e+03,9.195999999999999730e-01
2.094725030257186063e+03,9.205999999999999739e-01
2.096005034039334532e+03,9.214999999999999858e-01
2.097285037821482547e+03,9.224999999999999867e-01
2.098565041603631016e+03,9.234999999999999876e-01
2.099845045385779031e+03,9.244999999999999885e-01
2.101125049167927500e+03,9.254999999999999893e-01
2.102405052950075515e+03,9.264999999999999902e-01
2.103685056732223984e+03,9.274999999999999911e-01
2.104965060514371999e+03,9.284999999999999920e-01
2.106245064296520468e+03,9.294999999999999929e-01
2.107525068078668482e+03,9.304999999999999938e-01
2.108805071860816952e+03,9.310000000000000497e-01
2.110085075642964966e+03,9.310000000000000497e-01
2.111365079425113436e+03,9.310000000000000497e-01
2.112645083207261905e+03,9.310000000000000497e-01
2.113925086989409920e+03,9.310000000000000497e-01
2.115205090771558389e+03,9.310000000000000497e-01
2.116485094553706404e+03,9.304999999999999938e-01
2.117765098335854873e+03,9.295999999999999819e-01
2.119045102118002887e+03,9.290000000000000480e-01
2.120325105900151357e+03,9.290000000000000480e-01
2.121605109682299371e+03,9.290000000000000480e-01
2.122885113464447841e+03,9.290000000000000480e-01
2.124165117246595855e+03,9.294000000000000039e-01
2.125445121028744325e+03,9.304000000000000048e-01
2.126725124810892794e+03,9.310000000000000497e-01
2.128005128593040808e+03,9.310000000000000497e-01
2.129285132375189278e+03,9.310000000000000497e-01
2.130565136157337292e+03,9.310000000000000497e-01
2.131845139939485762e+03,9.310000000000000497e-01
2.133125143721633776e+03,9.310000000000000497e-01
2.134405147503782246e+03,9.310000000000000497e-01
2.135685151285930260e+03,9.310000000000000497e-01
2.136965155068078730e+03,9.314000000000000057e-01
2.138245158850226744e+03,9.324000000000000066e-01
2.139525162632375213e+03,9.330000000000000515e-01
2.140805166414523228e+03,9.330000000000000515e-01
2.142085170196671697e+03,9.333000000000000185e-01
2.143365173978820167e+03,9.343000000000000194e-01
2.144645177760968181e+03,9.350000000000000533e-01
2.145925181543116651e+03,9.350000000000000533e-01
2.147205185325264665e+03,9.353000000000000203e-01
2.148485189107413134e+03,9.363000000000000211e-01
2.149765192889561149e+03,9.373000000000000220e-01
2.151045196671709618e+03,9.383000000000000229e-01
2.152325200453857633e+03,9.389999999999999458e-01
2.153605204236006102e+03,9.389999999999999458e-01
2.154885208018154117e+03,9.386999999999999789e-01
2.156165211800302586e+03,9.376999999999999780e-01
2.157445215582450601e+03,9.370000000000000551e-01
2.158725219364599070e+03,9.370000000000000551e-01
2.160005223146747539e+03,9.370000000000000551e-01
2.161285226928895554e+03,9.370000000000000551e-01
2.162565230711044023e+03,9.366999999999999771e-01
2.163845234493192038e+03,9.357999999999999652e-01
2.165125238275340507e+03,9.350000000000000533e-01
2.166405242057488522e+03,9.350000000000000533e-01
2.167685245839636991e+03,9.350000000000000533e-01
2.168965249621785006e+03,9.350000000000000533e-01
2.170245253403933475e+03,9.352000000000000313e-01
2.171525257186081490e+03,9.362000000000000322e-01
2.172805260968229959e+03,9.370000000000000551e-01
2.174085264750377974e+03,9.370000000000000551e-01
2.175365268532526443e+03,9.367999999999999661e-01
2.176645272314674912e+03,9.357999999999999652e-01
2.177925276096822927e+03,9.350000000000000533e-01
2.179205279878971396e+03,9.350000000000000533e-01
2.180485283661119411e+03,9.350000000000000533e-01
2.181765287443267880e+03,9.350000000000000533e-01
2.183045291225415895e+03,9.350000000000000533e-01
2.184325295007564364e+03,9.350000000000000533e-01
2.185605298789712378e+03,9.350000000000000533e-01
2.186885302571860848e+03,9.350000000000000533e-01
2.188165306354008862e+03,9.350000000000000533e-01
2.189445310136157332e+03,9.350000000000000533e-01
2.190725313918305801e+03,9.350000000000000533e-01
2.192005317700453816e+03,9.350000000000000533e-01
2.193285321482602285e+03,9.350000000000000533e-01
2.194565325264750300e+03,9.350000000000000533e-01
2.195845329046898769e+03,9.350000000000000533e-01
2.197125332829046783e+03,9.350000000000000533e-01
2.198405336611195253e+03,9.350000000000000533e-01
2.199685340393343267e+03,9.350000000000000533e-01
2.200965344175491737e+03,9.350000000000000533e-01
2.202245347957639751e+03,9.350000000000000533e-01
2.203525351739788221e+03,9.350000000000000533e-01
2.204805355521936235e+03,9.350000000000000533e-01
2.206085359304084704e+03,9.350000000000000533e-01
2.207365363086233174e+03,9.350000000000000533e-01
2.208645366868381188e+03,9.350000000000000533e-01
2.209925370650529658e+03,9.340000000000000524e-01
2.211205374432677672e+03,9.330000000000000515e-01
2.212485378214826142e+03,9.330000000000000515e-01
2.213765381996974156e+03,9.330000000000000515e-01
2.215045385779122626e+03,9.330000000000000515e-01
2.216325389561270640e+03,9.330000000000000515e-01
2.217605393343419109e+03,9.320000000000000506e-01
2.218885397125567124e+03,9.310000000000000497e-01
2.220165400907715593e+03,9.310000000000000497e-01
2.221445404689863608e+03,9.310000000000000497e-01
2.222725408472012077e+03,9.310000000000000497e-01
2.224005412254160547e+03,9.310000000000000497e-01
2.225285416036308561e+03,9.291000000000000369e-01
2.226565419818457030e+03,9.271000000000000352e-01
2.227845423600605045e+03,9.270000000000000462e-01
2.229125427382753514e+03,9.270000000000000462e-01
2.230405431164901529e+03,9.270000000000000462e-01
2.231685434947049998e+03,9.270000000000000462e-01
2.232965438729198013e+03,9.270000000000000462e-01
2.234245442511346482e+03,9.270000000000000462e-01
2.235525446293494497e+03,9.270000000000000462e-01
2.236805450075642966e+03,9.270000000000000462e-01
2.238085453857790981e+03,9.270000000000000462e-01
2.239365457639939450e+03,9.270000000000000462e-01
2.240645461422087919e+03,9.261000000000000343e-01
2.241925465204235934e+03,9.251000000000000334e-01
2.243205468986384403e+03,9.250000000000000444e-01
2.244485472768532418e+03,9.250000000000000444e-01
2.245765476550680887e+03,9.250000000000000444e-01
2.247045480332828902e+03,9.250000000000000444e-01
2.248325484114977371e+03,9.250000000000000444e-01
2.249605487897125386e+03,9.250000000000000444e-01
2.250885491679273855e+03,9.250000000000000444e-01
2.252165495461421870e+03,9.250000000000000444e-01
2.253445499243570339e+03,9.250000000000000444e-01
2.254725503025718808e+03,9.250000000000000444e-01
2.256005506807866823e+03,9.250000000000000444e-01
2.257285510590015292e+03,9.250000000000000444e-01
2.258565514372163307e+03,9.242000000000000215e-01
2.259845518154311776e+03,9.232000000000000206e-01
2.261125521936459791e+03,9.230000000000000426e-01
2.262405525718608260e+03,9.230000000000000426e-01
2.263685529500756275e+03,9.237999999999999545e-01
2.264965533282904744e+03,9.247999999999999554e-01
2.266245537065052758e+03,9.250000000000000444e-01
2.267525540847201228e+03,9.250000000000000444e-01
2.268805544629349242e+03,9.250000000000000444e-01
2.270085548411497712e+03,9.250000000000000444e-01
2.271365552193646181e+03,9.250000000000000444e-01
2.272645555975794196e+03,9.250000000000000444e-01
2.273925559757942665e+03,9.256999999999999673e-01
2.275205563540090679e+03,9.266999999999999682e-01
2.276485567322239149e+03,9.263000000000000123e-01
2.277765571104387163e+03,9.253000000000000114e-01
2.279045574886535633e+03,9.250000000000000444e-01
2.280325578668683647e+03,9.250000000000000444e-01
2.281605582450832117e+03,9.250000000000000444e-01
2.282885586232980131e+03,9.250000000000000444e-01
2.284165590015128600e+03,9.250000000000000444e-01
2.285445593797276615e+03,9.250000000000000444e-01
2.286725597579425084e+03,9.250000000000000444e-01
2.288005601361573554e+03,9.250000000000000444e-01
2.289285605143721568e+03,9.250000000000000444e-01
2.290565608925870038e+03,9.250000000000000444e-01
2.291845612708018052e+03,9.250000000000000444e-01
2.293125616490166522e+03,9.250000000000000444e-01
2.294405620272314536e+03,9.250000000000000444e-01
2.295685624054463005e+03,9.250000000000000444e-01
2.296965627836611020e+03,9.250000000000000444e-01
2.298245631618759489e+03,9.250000000000000444e-01
2.299525635400907504e+03,9.250000000000000444e-01
2.300805639183055973e+03,9.250000000000000444e-01
2.302085642965203988e+03,9.250000000000000444e-01
2.303365646747352457e+03,9.250000000000000444e-01
2.304645650529500926e+03,9.250000000000000444e-01
2.305925654311648941e+03,9.250000000000000444e-01
2.307205658093797410e+03,9.250000000000000444e-01
2.308485661875945425e+03,9.250000000000000444e-01
2.309765665658093894e+03,9.250000000000000444e-01
2.311045669440241909e+03,9.250000000000000444e-01
2.312325673222390378e+03,9.250000000000000444e-01
2.313605677004538393e+03,9.250000000000000444e-01
2.314885680786686862e+03,9.250000000000000444e-01
2.316165684568834877e+03,9.250000000000000444e-01
2.317445688350983346e+03,9.250000000000000444e-01
2.318725692133131815e+03,9.250000000000000444e-01
2.320005695915279830e+03,9.254999999999999893e-01
2.321285699697428299e+03,9.264999999999999902e-01
2.322565703479576314e+03,9.270000000000000462e-01
2.323845707261724783e+03,9.270000000000000462e-01
2.325125711043872798e+03,9.270000000000000462e-01
2.326405714826021267e+03,9.270000000000000462e-01
2.327685718608169282e+03,9.270000000000000462e-01
2.328965722390317751e+03,9.270000000000000462e-01
2.330245726172465766e+03,9.274999999999999911e-01
2.331525729954614235e+03,9.284999999999999920e-01
2.332805733736762249e+03,9.290000000000000480e-01
2.334085737518910719e+03,9.290000000000000480e-01
2.335365741301059188e+03,9.294999999999999929e-01
2.336645745083207203e+03,9.304999999999999938e-01
2.337925748865355672e+03,9.310000000000000497e-01
2.339205752647503687e+03,9.310000000000000497e-01
2.340485756429652156e+03,9.310000000000000497e-01
2.341765760211800171e+03,9.310000000000000497e-01
2.343045763993948640e+03,9.310000000000000497e-01
2.344325767776096654e+03,9.310000000000000497e-01
2.345605771558245124e+03,9.310000000000000497e-01
2.346885775340393138e+03,9.310000000000000497e-01
2.348165779122541608e+03,9.305999999999999828e-01
2.349445782904689622e+03,9.295999999999999819e-01
2.350725786686838092e+03,9.285999999999999810e-01
2.352005790468986561e+03,9.275999999999999801e-01
2.353285794251134575e+03,9.270000000000000462e-01
2.354565798033283045e+03,9.270000000000000462e-01
2.355845801815431059e+03,9.265999999999999792e-01
2.357125805597579529e+03,9.256999999999999673e-01
2.358405809379727543e+03,9.250000000000000444e-01
2.359685813161876013e+03,9.250000000000000444e-01
2.360965816944024027e+03,9.250000000000000444e-01
2.362245820726172497e+03,9.250000000000000444e-01
2.363525824508320511e+03,9.250000000000000444e-01
2.364805828290468980e+03,9.250000000000000444e-01
2.366085832072616995e+03,9.253000000000000114e-01
2.367365835854765464e+03,9.263000000000000123e-01
2.368645839636913934e+03,9.270000000000000462e-01
2.369925843419061948e+03,9.270000000000000462e-01
2.371205847201210418e+03,9.273000000000000131e-01
2.372485850983358432e+03,9.283000000000000140e-01
2.373765854765506901e+03,9.293000000000000149e-01
2.375045858547654916e+03,9.303000000000000158e-01
2.376325862329803385e+03,9.310000000000000497e-01
2.377605866111951400e+03,9.310000000000000497e-01
2.378885869894099869e+03,9.304999999999999938e-01
2.380165873676247884e+03,9.284999999999999920e-01
2.381445877458396353e+03,9.263000000000000123e-01
2.382725881240544823e+03,9.233000000000000096e-01
2.384005885022692837e+03,9.205999999999999739e-01
2.385285888804841306e+03,9.184999999999999831e-01
2.386565892586989321e+03,9.167999999999999483e-01
2.387845896369137790e+03,9.157999999999999474e-01
2.389125900151285805e+03,9.147999999999999465e-01
2.390405903933434274e+03,9.137999999999999456e-01
2.391685907715582289e+03,9.127999999999999448e-01
2.392965911497730758e+03,9.118000000000000549e-01
2.394245915279878773e+03,9.110000000000000320e-01
2.395525919062027242e+03,9.110000000000000320e-01
2.396805922844175257e+03,9.108000000000000540e-01
2.398085926626323726e+03,9.098000000000000531e-01
2.399365930408472195e+03,9.090000000000000302e-01
2.400645934190620210e+03,9.090000000000000302e-01
2.401925937972768679e+03,9.089000000000000412e-01
2.403205941754916694e+03,9.079000000000000403e-01
2.404485945537065163e+03,9.069000000000000394e-01
2.405765949319213178e+03,9.059000000000000385e-01
2.407045953101361647e+03,9.050000000000000266e-01
2.408325956883509662e+03,9.050000000000000266e-01
2.409605960665658131e+03,9.049000000000000377e-01
2.410885964447806145e+03,9.039000000000000368e-01
2.412165968229954615e+03,9.030000000000000249e-01
2.413445972012102629e+03,9.030000000000000249e-01
2.414725975794251099e+03,9.030000000000000249e-01
2.416005979576399568e+03,9.030000000000000249e-01
2.417285983358547583e+03,9.031000000000000139e-01
2.418565987140696052e+03,9.041000000000000147e-01
2.419845990922844067e+03,9.050000000000000266e-01
2.421125994704992536e+03,9.050000000000000266e-01
2.422405998487140550e+03,9.050000000000000266e-01
2.423686002269289020e+03,9.050000000000000266e-01
2.424966006051437034e+03,9.050000000000000266e-01
2.426246009833585504e+03,9.060000000000000275e-01
2.427526013615733518e+03,9.070000000000000284e-01
2.428806017397881988e+03,9.080000000000000293e-01
2.430086021180030002e+03,9.090000000000000302e-01
2.431366024962178471e+03,9.100000000000000311e-01
2.432646028744326941e+03,9.110000000000000320e-01
2.433926032526474955e+03,9.110000000000000320e-01
2.435206036308623425e+03,9.110000000000000320e-01
2.436486040090771439e+03,9.110000000000000320e-01
2.437766043872919909e+03,9.110000000000000320e-01
2.439046047655067923e+03,9.110000000000000320e-01
2.440326051437216393e+03,9.110000000000000320e-01
2.441606055219364862e+03,9.120000000000000329e-01
2.442886059001512876e+03,9.130000000000000338e-01
2.444166062783661346e+03,9.140000000000000346e-01
2.445446066565809360e+03,9.150000000000000355e-01
2.446726070347957830e+03,9.150000000000000355e-01
2.448006074130105844e+03,9.150000000000000355e-01
2.449286077912254314e+03,9.150000000000000355e-01
2.450566081694402328e+03,9.150000000000000355e-01
2.451846085476550797e+03,9.150000000000000355e-01
2.453126089258698812e+03,9.150000000000000355e-01
2.454406093040847281e+03,9.150000000000000355e-01
2.455686096822995751e+03,9.150000000000000355e-01
2.456966100605143765e+03,9.150000000000000355e-01
2.458246104387292235e+03,9.150000000000000355e-01
2.459526108169440249e+03,9.150000000000000355e-01
2.460806111951588719e+03,9.150000000000000355e-01
2.462086115733736733e+03,9.150000000000000355e-01
2.463366119515885202e+03,9.150000000000000355e-01
2.464646123298033217e+03,9.159000000000000474e-01
2.465926127080181686e+03,9.169000000000000483e-01
2.467206130862329701e+03,9.179000000000000492e-01
2.468486134644478170e+03,9.189000000000000501e-01
2.469766138426626185e+03,9.182000000000000162e-01
2.471046142208774654e+03,9.172000000000000153e-01
2.472326145990923123e+03,9.170000000000000373e-01
2.473606149773071138e+03,9.170000000000000373e-01
2.474886153555219607e+03,9.170000000000000373e-01
2.476166157337367622e+03,9.170000000000000373e-01
2.477446161119516091e+03,9.170000000000000373e-01
2.478726164901664106e+03,9.170000000000000373e-01
2.480006168683812575e+03,9.170000000000000373e-01
2.481286172465960590e+03,9.170000000000000373e-01
2.482566176248109059e+03,9.170000000000000373e-01
2.483846180030257074e+03,9.170000000000000373e-01
2.485126183812405543e+03,9.170000000000000373e-01
2.486406187594554012e+03,9.170000000000000373e-01
2.487686191376702027e+03,9.162000000000000144e-01
2.488966195158850496e+03,9.152000000000000135e-01
2.490246198940998511e+03,9.150000000000000355e-01
2.491526202723146980e+03,9.150000000000000355e-01
2.492806206505294995e+03,9.150000000000000355e-01
2.494086210287443464e+03,9.150000000000000355e-01
2.495366214069591479e+03,9.150000000000000355e-01
2.496646217851739948e+03,9.150000000000000355e-01
2.497926221633887963e+03,9.143000000000000016e-01
2.499206225416036432e+03,9.133000000000000007e-01
2.500486229198184446e+03,9.130000000000000338e-01
2.501766232980332916e+03,9.130000000000000338e-01
2.503046236762481385e+03,9.130000000000000338e-01
2.504326240544629400e+03,9.130000000000000338e-01
2.505606244326777869e+03,9.130000000000000338e-01
2.506886248108925884e+03,9.130000000000000338e-01
2.508166251891074353e+03,9.122999999999999998e-01
2.509446255673222367e+03,9.113999999999999879e-01
2.510726259455370837e+03,9.110000000000000320e-01
2.512006263237518851e+03,9.110000000000000320e-01
2.513286267019667321e+03,9.103999999999999870e-01
2.514566270801815335e+03,9.093999999999999861e-01
2.515846274583963805e+03,9.090000000000000302e-01
2.517126278366111819e+03,9.090000000000000302e-01
2.518406282148260289e+03,9.090000000000000302e-01
2.519686285930408758e+03,9.090000000000000302e-01
2.520966289712556772e+03,9.090000000000000302e-01
2.522246293494705242e+03,9.090000000000000302e-01
2.523526297276853256e+03,9.083999999999999853e-01
2.524806301059001726e+03,9.073999999999999844e-01
2.526086304841149740e+03,9.070000000000000284e-01
2.527366308623298210e+03,9.070000000000000284e-01
2.528646312405446224e+03,9.070000000000000284e-01
2.529926316187594693e+03,9.070000000000000284e-01
2.531206319969742708e+03,9.075999999999999623e-01
2.532486323751891177e+03,9.084999999999999742e-01
2.533766327534039192e+03,9.090000000000000302e-01
2.535046331316187661e+03,9.090000000000000302e-01
2.536326335098336131e+03,9.090000000000000302e-01
2.537606338880484145e+03,9.090000000000000302e-01
2.538886342662632615e+03,9.090000000000000302e-01
2.540166346444780629e+03,9.090000000000000302e-01
2.541446350226929098e+03,9.094999999999999751e-01
2.542726354009077113e+03,9.104999999999999760e-01
2.544006357791225582e+03,9.110000000000000320e-01
2.545286361573373597e+03,9.110000000000000320e-01
2.546566365355522066e+03,9.110000000000000320e-01
2.547846369137670081e+03,9.110000000000000320e-01
2.549126372919818550e+03,9.110000000000000320e-01
2.550406376701967019e+03,9.110000000000000320e-01
2.551686380484115034e+03,9.114999999999999769e-01
2.552966384266263503e+03,9.124999999999999778e-01
2.554246388048411518e+03,9.134999999999999787e-01
2.555526391830559987e+03,9.143999999999999906e-01
2.556806395612708002e+03,9.150000000000000355e-01
2.558086399394856471e+03,9.150000000000000355e-01
2.559366403177004486e+03,9.150000000000000355e-01
2.560646406959152955e+03,9.150000000000000355e-01
2.561926410741300970e+03,9.153999999999999915e-01
2.563206414523449439e+03,9.163999999999999924e-01
2.564486418305597454e+03,9.170000000000000373e-01
2.565766422087745923e+03,9.170000000000000373e-01
2.567046425869894392e+03,9.170000000000000373e-01
2.568326429652042407e+03,9.170000000000000373e-01
2.569606433434190876e+03,9.170000000000000373e-01
2.570886437216338891e+03,9.170000000000000373e-01
2.572166440998487360e+03,9.170000000000000373e-01
2.573446444780635375e+03,9.170000000000000373e-01
2.574726448562783844e+03,9.170000000000000373e-01
2.576006452344931859e+03,9.170000000000000373e-01
2.577286456127080328e+03,9.170000000000000373e-01
2.578566459909228342e+03,9.170000000000000373e-01
2.579846463691376812e+03,9.170000000000000373e-01
2.581126467473524826e+03,9.170000000000000373e-01
2.582406471255673296e+03,9.170000000000000373e-01
2.583686475037821765e+03,9.170000000000000373e-01
2.584966478819969780e+03,9.170000000000000373e-01
2.586246482602118249e+03,9.170000000000000373e-01
2.587526486384266263e+03,9.170000000000000373e-01
2.588806490166414733e+03,9.170000000000000373e-01
2.590086493948562747e+03,9.170000000000000373e-01
2.591366497730711217e+03,9.170000000000000373e-01
2.592646501512859231e+03,9.170000000000000373e-01
2.593926505295007701e+03,9.170000000000000373e-01
2.595206509077155715e+03,9.170000000000000373e-01
2.596486512859304185e+03,9.170000000000000373e-01
2.597766516641452199e+03,9.166999999999999593e-01
2.599046520423600668e+03,9.156999999999999584e-01
2.600326524205749138e+03,9.150000000000000355e-01
2.601606527987897152e+03,9.150000000000000355e-01
2.602886531770045622e+03,9.147999999999999465e-01
2.604166535552193636e+03,9.137999999999999456e-01
2.605446539334342106e+03,9.130000000000000338e-01
2.606726543116490120e+03,9.130000000000000338e-01
2.608006546898638589e+03,9.130000000000000338e-01
2.609286550680786604e+03,9.130000000000000338e-01
2.610566554462935073e+03,9.130000000000000338e-01
2.611846558245083088e+03,9.130000000000000338e-01
2.613126562027231557e+03,9.127999999999999448e-01
2.614406565809380027e+03,9.118000000000000549e-01
2.615686569591528041e+03,9.110000000000000320e-01
2.616966573373676511e+03,9.110000000000000320e-01
2.618246577155824525e+03,9.108000000000000540e-01
2.619526580937972994e+03,9.098000000000000531e-01
2.620806584720121009e+03,9.090000000000000302e-01
2.622086588502269478e+03,9.090000000000000302e-01
2.623366592284417493e+03,9.089000000000000412e-01
2.624646596066565962e+03,9.079000000000000403e-01
2.625926599848713977e+03,9.070000000000000284e-01
2.627206603630862446e+03,9.070000000000000284e-01
2.628486607413010461e+03,9.069000000000000394e-01
2.629766611195158930e+03,9.059000000000000385e-01
2.631046614977307399e+03,9.049000000000000377e-01
2.632326618759455414e+03,9.039000000000000368e-01
2.633606622541603883e+03,9.030000000000000249e-01
2.634886626323751898e+03,9.030000000000000249e-01
2.636166630105900367e+03,9.029000000000000359e-01
2.637446633888048382e+03,9.019000000000000350e-01
2.638726637670196851e+03,9.010000000000000231e-01
2.640006641452344866e+03,9.010000000000000231e-01
2.641286645234493335e+03,9.010000000000000231e-01
2.642566649016641350e+03,9.000000000000000222e-01
2.643846652798789819e+03,8.990000000000000213e-01
2.645126656580937833e+03,8.990000000000000213e-01
2.646406660363086303e+03,8.990000000000000213e-01
2.647686664145234772e+03,8.980000000000000204e-01
2.648966667927382787e+03,8.970000000000000195e-01
2.650246671709531256e+03,8.970000000000000195e-01
2.651526675491679271e+03,8.970000000000000195e-01
2.652806679273827740e+03,8.960000000000000187e-01
2.654086683055975755e+03,8.950000000000000178e-01
2.655366686838124224e+03,8.930000000000000160e-01
2.656646690620272238e+03,8.910000000000000142e-01
2.657926694402420708e+03,8.910000000000000142e-01
2.659206698184568722e+03,8.910000000000000142e-01
2.660486701966717192e+03,8.900000000000000133e-01
2.661766705748865206e+03,8.890000000000000124e-01
2.663046709531013676e+03,8.870999999999999996e-01
2.664326713313162145e+03,8.850999999999999979e-01
2.665606717095310159e+03,8.850000000000000089e-01
2.666886720877458629e+03,8.850000000000000089e-01
2.668166724659606643e+03,8.840999999999999970e-01
2.669446728441755113e+03,8.830999999999999961e-01
2.670726732223903127e+03,8.810999999999999943e-01
2.672006736006051597e+03,8.791999999999999815e-01
2.673286739788199611e+03,8.780999999999999917e-01
2.674566743570348081e+03,8.770999999999999908e-01
2.675846747352496095e+03,8.760999999999999899e-01
2.677126751134644564e+03,8.750999999999999890e-01
2.678406754916793034e+03,8.740999999999999881e-01
2.679686758698941048e+03,8.730999999999999872e-01
2.680966762481089518e+03,8.720999999999999863e-01
2.682246766263237532e+03,8.710999999999999854e-01
2.683526770045386002e+03,8.709999999999999964e-01
2.684806773827534016e+03,8.709999999999999964e-01
2.686086777609682485e+03,8.709999999999999964e-01
2.687366781391830500e+03,8.709999999999999964e-01
2.688646785173978969e+03,8.701999999999999735e-01
2.689926788956126984e+03,8.691999999999999726e-01
2.691206792738275453e+03,8.689999999999999947e-01
2.692486796520423468e+03,8.689999999999999947e-01
2.693766800302571937e+03,8.681999999999999718e-01
2.695046804084720407e+03,8.671999999999999709e-01
2.696326807866868421e+03,8.653999999999999471e-01
2.697606811649016890e+03,8.633999999999999453e-01
2.698886815431164905e+03,8.606000000000000316e-01
2.700166819213313374e+03,8.576000000000000290e-01
2.701446822995461389e+03,8.554000000000000492e-01
2.702726826777609858e+03,8.534000000000000474e-01
2.704006830559757873e+03,8.515000000000000346e-01
2.705286834341906342e+03,8.495000000000000329e-01
2.706566838124054357e+03,8.481999999999999540e-01
2.707846841906202826e+03,8.473000000000000531e-01
2.709126845688350841e+03,8.455000000000000293e-01
2.710406849470499310e+03,8.435000000000000275e-01
2.711686853252647779e+03,8.415000000000000258e-01
2.712966857034795794e+03,8.396000000000000130e-01
2.714246860816944263e+03,8.376000000000000112e-01
2.715526864599092278e+03,8.356000000000000094e-01
2.716806868381240747e+03,8.349999999999999645e-01
2.718086872163388762e+03,8.349999999999999645e-01
2.719366875945537231e+03,8.343000000000000416e-01
2.720646879727685246e+03,8.333000000000000407e-01
2.721926883509833715e+03,8.308999999999999719e-01
2.723206887291981730e+03,8.278999999999999693e-01
2.724486891074130199e+03,8.263000000000000345e-01
2.725766894856278213e+03,8.253000000000000336e-01
2.727046898638426683e+03,8.243000000000000327e-01
2.728326902420575152e+03,8.233000000000000318e-01
2.729606906202723167e+03,8.216999999999999860e-01
2.730886909984871636e+03,8.196999999999999842e-01
2.732166913767019651e+03,8.176999999999999824e-01
2.733446917549168120e+03,8.156999999999999806e-01
2.734726921331316134e+03,8.144000000000000128e-01
2.736006925113464604e+03,8.134000000000000119e-01
2.737286928895612618e+03,8.124000000000000110e-01
2.738566932677761088e+03,8.114000000000000101e-01
2.739846936459909102e+03,8.104000000000000092e-01
2.741126940242057572e+03,8.094000000000000083e-01
2.742406944024206041e+03,8.066999999999999726e-01
2.743686947806354056e+03,8.026999999999999691e-01
2.744966951588502525e+03,8.010000000000000453e-01
2.746246955370650539e+03,8.010000000000000453e-01
2.747526959152799009e+03,8.004000000000000004e-01
2.748806962934947023e+03,7.993999999999999995e-01
2.750086966717095493e+03,7.983999999999999986e-01
2.751366970499243507e+03,7.973999999999999977e-01
2.752646974281391977e+03,7.959000000000000519e-01
2.753926978063539991e+03,7.939000000000000501e-01
2.755206981845688460e+03,7.924999999999999822e-01
2.756486985627836475e+03,7.914999999999999813e-01
2.757766989409984944e+03,7.889000000000000457e-01
2.759046993192133414e+03,7.849000000000000421e-01
2.760326996974281428e+03,7.820000000000000284e-01
2.761607000756429898e+03,7.800000000000000266e-01
2.762887004538577912e+03,7.764999999999999680e-01
2.764167008320726381e+03,7.715999999999999526e-01
2.765447012102874396e+03,7.684999999999999609e-01
2.766727015885022865e+03,7.674999999999999600e-01
2.768007019667170880e+03,7.664999999999999591e-01
2.769287023449319349e+03,7.654999999999999583e-01
2.770567027231467364e+03,7.644999999999999574e-01
2.771847031013615833e+03,7.634999999999999565e-01
2.773127034795763848e+03,7.624999999999999556e-01
2.774407038577912317e+03,7.614999999999999547e-01
2.775687042360060786e+03,7.606000000000000538e-01
2.776967046142208801e+03,7.596000000000000529e-01
2.778247049924357270e+03,7.590000000000000080e-01
2.779527053706505285e+03,7.590000000000000080e-01
2.780807057488653754e+03,7.581999999999999851e-01
2.782087061270801769e+03,7.561999999999999833e-01
2.783367065052950238e+03,7.531999999999999806e-01
2.784647068835098253e+03,7.487000000000000322e-01
2.785927072617246722e+03,7.451999999999999735e-01
2.787207076399394737e+03,7.431999999999999718e-01
2.788487080181543206e+03,7.416000000000000369e-01
2.789767083963691221e+03,7.406000000000000361e-01
2.791047087745839690e+03,7.389000000000000012e-01
2.792327091527988159e+03,7.358999999999999986e-01
2.793607095310136174e+03,7.332999999999999519e-01
2.794887099092284643e+03,7.312999999999999501e-01
2.796167102874432658e+03,7.292999999999999483e-01
2.797447106656581127e+03,7.272999999999999465e-01
2.798727110438729142e+03,7.252999999999999448e-01
2.800007114220877611e+03,7.233000000000000540e-01
2.801287118003025626e+03,7.213000000000000522e-01
2.802567121785174095e+03,7.194000000000000394e-01
2.803847125567322109e+03,7.177000000000000046e-01
2.805127129349470579e+03,7.167000000000000037e-01
2.806407133131619048e+03,7.150999999999999579e-01
2.807687136913767063e+03,7.120999999999999552e-01
2.808967140695915532e+03,7.079999999999999627e-01
2.810247144478063547e+03,7.009999999999999565e-01
2.811527148260212016e+03,6.937999999999999723e-01
2.812807152042360030e+03,6.858999999999999542e-01
2.814087155824508500e+03,6.768999999999999462e-01
2.815367159606656514e+03,6.650000000000000355e-01
2.816647163388804984e+03,6.548000000000000487e-01
2.817927167170952998e+03,6.498000000000000442e-01
2.819207170953101468e+03,6.415999999999999481e-01
2.820487174735249482e+03,6.228000000000000203e-01
2.821767178517397952e+03,6.059999999999999831e-01
2.823047182299546421e+03,5.969999999999999751e-01
2.824327186081694435e+03,5.852000000000000535e-01
2.825607189863842905e+03,5.643000000000000238e-01
2.826887193645990919e+03,5.471000000000000307e-01
2.828167197428139389e+03,5.432000000000000162e-01
2.829447201210287403e+03,5.352999999999999980e-01
2.830727204992435873e+03,5.120000000000000107e-01
2.832007208774583887e+03,4.902000000000000246e-01
2.833287212556732356e+03,4.753000000000000003e-01
2.834567216338880371e+03,4.573999999999999733e-01
2.835847220121028840e+03,4.245999999999999774e-01
2.837127223903176855e+03,3.951000000000000068e-01
2.838407227685325324e+03,3.831999999999999851e-01
2.839687231467473794e+03,3.688000000000000167e-01
2.840967235249621808e+03,3.390000000000000235e-01
2.842247239031770278e+03,3.110999999999999877e-01
2.843527242813918292e+03,2.962000000000000188e-01
2.844807246596066761e+03,2.813999999999999835e-01
2.846087250378214776e+03,2.675000000000000155e-01
2.847367254160363245e+03,2.520000000000000018e-01
2.848647257942511260e+03,2.212999999999999967e-01
2.849927261724659729e+03,1.922000000000000097e-01
2.851207265506807744e+03,1.763000000000000123e-01
2.852487269288956213e+03,1.610999999999999932e-01
2.853767273071104228e+03,1.522000000000000020e-01
2.855047276853252697e+03,1.418999999999999984e-01
2.856327280635401166e+03,1.170999999999999958e-01
2.857607284417549181e+03,9.360000000000000264e-02
2.858887288199697650e+03,8.759999999999999731e-02
2.860167291981845665e+03,8.169999999999999485e-02
2.861447295763994134e+03,7.679999999999999327e-02
2.862727299546142149e+03,7.180000000000000271e-02
2.864007303328290618e+03,6.790000000000000202e-02
2.865287307110438633e+03,6.400000000000000133e-02
2.866567310892587102e+03,6.199999999999999956e-02
2.867847314674735117e+03,5.999999999999999778e-02
2.869127318456883586e+03,5.600000000000000117e-02
2.870407322239032055e+03,5.199999999999999761e-02
2.871687326021180070e+03,5.099999999999999672e-02
2.872967329803328539e+03,5.000000000000000278e-02
2.874247333585476554e+03,4.800000000000000100e-02
2.875527337367625023e+03,4.599999999999999922e-02
2.876807341149773038e+03,4.399999999999999745e-02
2.878087344931921507e+03,4.200000000000000261e-02
2.879367348714069522e+03,4.009999999999999676e-02
2.880647352496217991e+03,3.810000000000000192e-02
2.881927356278366005e+03,3.610000000000000014e-02
2.883207360060514475e+03,3.409999999999999837e-02
2.884487363842662489e+03,3.309999999999999748e-02
2.885767367624810959e+03,3.209999999999999659e-02
2.887047371406959428e+03,3.289999999999999869e-02
2.888327375189107443e+03,3.389999999999999958e-02
2.889607378971255912e+03,3.670000000000000345e-02
2.890887382753403926e+03,3.969999999999999918e-02
2.892167386535552396e+03,4.179999999999999688e-02
2.893447390317700410e+03,4.379999999999999866e-02
2.894727394099848880e+03,4.580000000000000043e-02
2.896007397881996894e+03,4.780000000000000221e-02
2.897287401664145364e+03,4.970000000000000112e-02
2.898567405446293378e+03,5.170000000000000290e-02
2.899847409228441848e+03,5.460000000000000270e-02
2.901127413010589862e+03,5.759999999999999842e-02
2.902407416792738331e+03,5.970000000000000306e-02
2.903687420574886801e+03,6.169999999999999790e-02
2.904967424357034815e+03,6.370000000000000662e-02
2.906247428139183285e+03,6.569999999999999452e-02
2.907527431921331299e+03,6.769999999999999629e-02
2.908807435703479769e+03,6.969999999999999807e-02
2.910087439485627783e+03,7.169999999999999984e-02
2.911367443267776252e+03,7.359999999999999876e-02
2.912647447049924267e+03,7.560000000000000053e-02
2.913927450832072736e+03,7.760000000000000231e-02
2.915207454614220751e+03,7.879999999999999505e-02
2.916487458396369220e+03,7.979999999999999594e-02
2.917767462178517235e+03,8.309999999999999332e-02
2.919047465960665704e+03,8.709999999999999687e-02
2.920327469742814174e+03,8.949999999999999623e-02
2.921607473524962188e+03,9.149999999999999800e-02
2.922887477307110657e+03,9.349999999999999978e-02
2.924167481089258672e+03,9.550000000000000155e-02
2.925447484871407141e+03,9.600000000000000200e-02
2.926727488653555156e+03,9.600000000000000200e-02
2.928007492435703625e+03,9.600000000000000200e-02
2.929287496217851640e+03,9.600000000000000200e-02
2.930567500000000109e+03,9.669999999999999429e-02
2.931847503782148124e+03,9.769999999999999518e-02
2.933127507564296593e+03,9.800000000000000377e-02
2.934407511346445062e+03,9.800000000000000377e-02
2.935687515128593077e+03,9.869999999999999607e-02
2.936967518910741546e+03,9.969999999999999696e-02
2.938247522692889561e+03,1.000000000000000056e-01
2.939527526475038030e+03,1.000000000000000056e-01
2.940807530257186045e+03,1.006999999999999978e-01
2.942087534039334514e+03,1.016999999999999987e-01
2.943367537821482529e+03,1.026999999999999996e-01
2.944647541603630998e+03,1.037000000000000005e-01
2.945927545385779013e+03,1.059999999999999970e-01
2.947207549167927482e+03,1.088999999999999968e-01
2.948487552950075496e+03,1.112999999999999962e-01
2.949767556732223966e+03,1.132999999999999979e-01
2.951047560514372435e+03,1.152999999999999997e-01
2.952327564296520450e+03,1.173000000000000015e-01
2.953607568078668919e+03,1.212000000000000022e-01
2.954887571860816934e+03,1.260999999999999899e-01
2.956167575642965403e+03,1.342000000000000137e-01
2.957447579425113418e+03,1.441000000000000059e-01
2.958727583207261887e+03,1.552999999999999936e-01
2.960007586989409901e+03,1.671999999999999875e-01
2.961287590771558371e+03,1.796999999999999986e-01
2.962567594553706385e+03,1.925999999999999934e-01
2.963847598335854855e+03,2.015000000000000124e-01
2.965127602118002869e+03,2.074000000000000010e-01
2.966407605900151339e+03,2.116999999999999993e-01
2.967687609682299808e+03,2.147000000000000020e-01
2.968967613464447822e+03,2.170999999999999874e-01
2.970247617246596292e+03,2.190999999999999892e-01
2.971527621028744306e+03,2.232000000000000095e-01
2.972807624810892776e+03,2.291999999999999871e-01
2.974087628593040790e+03,2.361999999999999933e-01
2.975367632375189260e+03,2.441000000000000114e-01
2.976647636157337274e+03,2.479999999999999982e-01
2.977927639939485744e+03,2.479999999999999982e-01
2.979207643721633758e+03,2.469999999999999973e-01
2.980487647503782227e+03,2.449999999999999956e-01
2.981767651285930242e+03,2.429999999999999938e-01
2.983047655068078711e+03,2.409999999999999920e-01
2.984327658850227181e+03,2.394999999999999907e-01
2.985607662632375195e+03,2.384999999999999898e-01
2.986887666414523665e+03,2.366000000000000048e-01
2.988167670196671679e+03,2.336000000000000021e-01
2.989447673978820148e+03,2.305999999999999994e-01
2.990727677760968163e+03,2.275999999999999968e-01
2.992007681543116632e+03,2.255999999999999950e-01
2.993287685325264647e+03,2.245999999999999941e-01
2.994567689107413116e+03,2.240000000000000047e-01
2.995847692889561131e+03,2.240000000000000047e-01
2.997127696671709600e+03,2.240000000000000047e-01
2.998407700453858070e+03,2.240000000000000047e-01
2.999687704236006084e+03,2.326000000000000012e-01
3.000967708018154553e+03,2.540000000000000036e-01
3.002247711800302568e+03,2.581999999999999851e-01
3.003527715582451037e+03,2.354999999999999871e-01
3.004807719364599052e+03,2.215999999999999914e-01
3.006087723146747521e+03,2.205999999999999905e-01
3.007367726928895536e+03,2.200000000000000011e-01
3.008647730711044005e+03,2.200000000000000011e-01
3.009927734493192020e+03,2.200000000000000011e-01
3.011207738275340489e+03,2.200000000000000011e-01
3.012487742057488504e+03,2.200000000000000011e-01
3.013767745839636973e+03,2.200000000000000011e-01
3.015047749621785442e+03,2.202999999999999958e-01
3.016327753403933457e+03,2.212999999999999967e-01
3.017607757186081926e+03,2.273999999999999910e-01
3.018887760968229941e+03,2.437999999999999889e-01
3.020167764750378410e+03,2.590999999999999970e-01
3.021447768532526425e+03,2.720000000000000195e-01
3.022727772314674894e+03,2.869999999999999774e-01
3.024007776096822909e+03,3.068000000000000171e-01
3.025287779878971378e+03,3.226999999999999869e-01
3.026567783661119392e+03,3.286999999999999922e-01
3.027847787443267862e+03,3.343999999999999750e-01
3.029127791225415876e+03,3.393999999999999795e-01
3.030407795007564346e+03,3.489999999999999769e-01
3.031687798789712815e+03,3.698000000000000176e-01
3.032967802571860830e+03,3.857999999999999763e-01
3.034247806354009299e+03,3.887999999999999790e-01
3.035527810136157314e+03,3.912999999999999812e-01
3.036807813918305783e+03,3.921999999999999931e-01
3.038087817700453797e+03,3.931999999999999940e-01
3.039367821482602267e+03,3.941999999999999948e-01
3.040647825264750281e+03,3.978999999999999759e-01
3.041927829046898751e+03,4.107999999999999985e-01
3.043207832829046765e+03,4.238000000000000100e-01
3.044487836611195235e+03,4.366999999999999771e-01
3.045767840393343704e+03,4.527999999999999803e-01
3.047047844175491718e+03,4.820999999999999730e-01
3.048327847957640188e+03,5.078000000000000291e-01
3.049607851739788202e+03,5.178000000000000380e-01
3.050887855521936672e+03,5.270000000000000240e-01
3.052167859304084686e+03,5.330000000000000293e-01
3.053447863086233156e+03,5.389000000000000457e-01
3.054727866868381170e+03,5.450000000000000400e-01
3.056007870650529640e+03,5.507999999999999563e-01
3.057287874432677654e+03,5.557999999999999607e-01
3.058567878214826123e+03,5.600000000000000533e-01
3.059847881996974138e+03,5.600000000000000533e-01
3.061127885779122607e+03,5.598999999999999533e-01
3.062407889561271077e+03,5.588999999999999524e-01
3.063687893343419091e+03,5.560000000000000497e-01
3.064967897125567561e+03,5.401000000000000245e-01
3.066247900907715575e+03,5.251000000000000112e-01
3.067527904689864044e+03,5.171999999999999931e-01
3.068807908472012059e+03,5.096000000000000529e-01
3.070087912254160528e+03,5.057000000000000384e-01
3.071367916036308543e+03,5.010999999999999899e-01
3.072647919818457012e+03,4.897000000000000242e-01
3.073927923600605027e+03,4.773000000000000020e-01
3.075207927382753496e+03,4.515000000000000124e-01
3.076487931164901511e+03,4.265999999999999792e-01
3.077767934947049980e+03,4.197000000000000175e-01
3.079047938729198449e+03,4.127000000000000113e-01
3.080327942511346464e+03,4.036000000000000143e-01
3.081607946293494933e+03,3.929000000000000270e-01
3.082887950075642948e+03,3.522000000000000131e-01
3.084167953857791417e+03,3.125000000000000000e-01
3.085447957639939432e+03,2.985999999999999766e-01
3.086727961422087901e+03,2.846000000000000196e-01
3.088007965204235916e+03,2.677999999999999825e-01
3.089287968986384385e+03,2.509000000000000119e-01
3.090567972768532400e+03,2.364999999999999880e-01
3.091847976550680869e+03,2.220999999999999919e-01
3.093127980332828884e+03,2.160999999999999865e-01
3.094407984114977353e+03,2.101000000000000090e-01
3.095687987897125822e+03,2.071000000000000063e-01
3.096967991679273837e+03,2.041000000000000036e-01
3.098247995461422306e+03,2.030000000000000138e-01
3.099527999243570321e+03,2.021000000000000019e-01
3.100808003025718790e+03,2.028999999999999970e-01
3.102088006807866805e+03,2.038999999999999979e-01
3.103368010590015274e+03,2.058999999999999997e-01
3.104648014372163288e+03,2.078000000000000125e-01
3.105928018154311758e+03,2.099000000000000032e-01
3.107208021936459772e+03,2.119000000000000050e-01
3.108488025718608242e+03,2.194000000000000117e-01
3.109768029500756711e+03,2.273999999999999910e-01
3.111048033282904726e+03,2.353000000000000091e-01
3.112328037065053195e+03,2.431999999999999995e-01
3.113608040847201210e+03,2.785000000000000253e-01
3.114888044629349679e+03,3.168000000000000260e-01
3.116168048411497693e+03,3.377999999999999892e-01
3.117448052193646163e+03,3.565999999999999726e-01
3.118728055975794177e+03,3.755000000000000004e-01
3.120008059757942647e+03,3.943999999999999728e-01
3.121288063540090661e+03,4.141000000000000236e-01
3.122568067322239131e+03,4.339000000000000079e-01
3.123848071104387145e+03,4.537999999999999812e-01
3.125128074886535614e+03,4.736000000000000210e-01
3.126408078668684084e+03,5.020999999999999908e-01
3.127688082450832098e+03,5.323999999999999844e-01
3.128968086232980568e+03,5.614999999999999991e-01
3.130248090015128582e+03,5.903000000000000469e-01
3.131528093797277052e+03,6.241999999999999771e-01
3.132808097579425066e+03,6.594999999999999751e-01
3.134088101361573536e+03,6.935000000000000053e-01
3.135368105143721550e+03,7.272999999999999465e-01
3.136648108925870019e+03,7.613999999999999657e-01
3.137928112708018034e+03,7.956999999999999629e-01
3.139208116490166503e+03,8.100000000000000533e-01
3.140488120272314518e+03,8.189999999999999503e-01
3.141768124054462987e+03,8.256000000000000005e-01
3.143048127836611457e+03,8.315000000000000169e-01
3.144328131618759471e+03,8.465000000000000302e-01
3.145608135400907940e+03,8.643999999999999462e-01
3.146888139183055955e+03,8.741999999999999771e-01
3.148168142965204424e+03,8.810999999999999943e-01
3.149448146747352439e+03,8.872999999999999776e-01
3.150728150529500908e+03,8.932999999999999829e-01
3.152008154311648923e+03,8.963999999999999746e-01
3.153288158093797392e+03,8.983999999999999764e-01
3.154568161875945407e+03,9.032000000000000028e-01
3.155848165658093876e+03,9.091000000000000192e-01
3.157128169440241891e+03,9.131000000000000227e-01
3.158408173222390360e+03,9.161000000000000254e-01
3.159688177004538829e+03,9.176999999999999602e-01
3.160968180786686844e+03,9.186999999999999611e-01
3.162248184568835313e+03,9.203999999999999959e-01
3.163528188350983328e+03,9.223000000000000087e-01
3.164808192133131797e+03,9.236999999999999655e-01
3.166088195915279812e+03,9.246999999999999664e-01
3.167368199697428281e+03,9.263000000000000123e-01
3.168648203479576296e+03,9.283000000000000140e-01
3.169928207261724765e+03,9.295999999999999819e-01
3.171208211043872780e+03,9.305999999999999828e-01
3.172488214826021249e+03,9.310000000000000497e-01
3.173768218608169718e+03,9.310000000000000497e-01
3.175048222390317733e+03,9.310000000000000497e-01
3.176328226172466202e+03,9.310000000000000497e-01
3.177608229954614217e+03,9.310000000000000497e-01
3.178888233736762686e+03,9.310000000000000497e-01
3.180168237518910701e+03,9.310000000000000497e-01
3.181448241301059170e+03,9.310000000000000497e-01
3.182728245083207185e+03,9.315999999999999837e-01
3.184008248865355654e+03,9.325999999999999845e-01
3.185288252647503668e+03,9.330000000000000515e-01
3.186568256429652138e+03,9.330000000000000515e-01
3.187848260211800152e+03,9.335999999999999854e-01
3.189128263993948622e+03,9.345999999999999863e-01
3.190408267776097091e+03,9.350000000000000533e-01
3.191688271558245106e+03,9.350000000000000533e-01
3.192968275340393575e+03,9.350000000000000533e-01
3.194248279122541589e+03,9.350000000000000533e-01
3.195528282904690059e+03,9.350000000000000533e-01
3.196808286686838073e+03,9.350000000000000533e-01
3.198088290468986543e+03,9.350000000000000533e-01
3.199368294251134557e+03,9.350000000000000533e-01
3.200648298033283027e+03,9.354999999999999982e-01
3.201928301815431041e+03,9.364999999999999991e-01
3.203208305597579511e+03,9.370000000000000551e-01
3.204488309379727525e+03,9.370000000000000551e-01
3.205768313161875994e+03,9.370000000000000551e-01
3.207048316944024464e+03,9.370000000000000551e-01
3.208328320726172478e+03,9.364999999999999991e-01
3.209608324508320948e+03,9.354999999999999982e-01
3.210888328290468962e+03,9.350000000000000533e-01
3.212168332072617432e+03,9.350000000000000533e-01
3.213448335854765446e+03,9.350000000000000533e-01
3.214728339636913915e+03,9.350000000000000533e-01
3.216008343419061930e+03,9.354000000000000092e-01
3.217288347201210399e+03,9.364000000000000101e-01
3.218568350983358414e+03,9.370000000000000551e-01
3.219848354765506883e+03,9.370000000000000551e-01
3.221128358547654898e+03,9.374000000000000110e-01
3.222408362329803367e+03,9.384000000000000119e-01
3.223688366111951837e+03,9.389999999999999458e-01
3.224968369894099851e+03,9.389999999999999458e-01
3.226248373676248320e+03,9.389999999999999458e-01
3.227528377458396335e+03,9.389999999999999458e-01
3.228808381240544804e+03,9.389999999999999458e-01
3.230088385022692819e+03,9.389999999999999458e-01
3.231368388804841288e+03,9.389999999999999458e-01
3.232648392586989303e+03,9.389999999999999458e-01
3.233928396369137772e+03,9.389999999999999458e-01
3.235208400151285787e+03,9.389999999999999458e-01
3.236488403933434256e+03,9.389999999999999458e-01
3.237768407715582725e+03,9.389999999999999458e-01
3.239048411497730740e+03,9.389999999999999458e-01
3.240328415279879209e+03,9.389999999999999458e-01
3.241608419062027224e+03,9.386999999999999789e-01
3.242888422844175693e+03,9.376999999999999780e-01
3.244168426626323708e+03,9.370000000000000551e-01
3.245448430408472177e+03,9.370000000000000551e-01
3.246728434190620192e+03,9.370000000000000551e-01
3.248008437972768661e+03,9.370000000000000551e-01
3.249288441754916676e+03,9.370000000000000551e-01
3.250568445537065145e+03,9.370000000000000551e-01
3.251848449319213159e+03,9.370000000000000551e-01
3.253128453101361629e+03,9.370000000000000551e-01
3.254408456883510098e+03,9.372000000000000330e-01
3.255688460665658113e+03,9.382000000000000339e-01
3.256968464447806582e+03,9.389999999999999458e-01
3.258248468229954597e+03,9.389999999999999458e-01
3.259528472012103066e+03,9.389999999999999458e-01
3.260808475794251081e+03,9.389999999999999458e-01
3.262088479576399550e+03,9.389999999999999458e-01
3.263368483358547564e+03,9.389999999999999458e-01
3.264648487140696034e+03,9.387999999999999678e-01
3.265928490922844048e+03,9.377999999999999670e-01
3.267208494704992518e+03,9.370000000000000551e-01
3.268488498487140532e+03,9.370000000000000551e-01
3.269768502269289002e+03,9.367999999999999661e-01
3.271048506051437471e+03,9.357999999999999652e-01
3.272328509833585485e+03,9.350000000000000533e-01
3.273608513615733955e+03,9.350000000000000533e-01
3.274888517397881969e+03,9.350000000000000533e-01
3.276168521180030439e+03,9.350000000000000533e-01
3.277448524962178453e+03,9.350000000000000533e-01
3.278728528744326923e+03,9.350000000000000533e-01
3.280008532526474937e+03,9.350000000000000533e-01
3.281288536308623407e+03,9.350000000000000533e-01
3.282568540090771421e+03,9.350000000000000533e-01
3.283848543872919890e+03,9.350000000000000533e-01
3.285128547655067905e+03,9.351000000000000423e-01
3.286408551437216374e+03,9.361000000000000432e-01
3.287688555219364844e+03,9.370000000000000551e-01
3.288968559001512858e+03,9.370000000000000551e-01
3.290248562783661328e+03,9.370000000000000551e-01
3.291528566565809342e+03,9.370000000000000551e-01
3.292808570347957811e+03,9.370000000000000551e-01
3.294088574130105826e+03,9.370000000000000551e-01
3.295368577912254295e+03,9.370000000000000551e-01
3.296648581694402310e+03,9.370000000000000551e-01
3.297928585476550779e+03,9.370000000000000551e-01
3.299208589258698794e+03,9.370000000000000551e-01
3.300488593040847263e+03,9.370000000000000551e-01
3.301768596822995733e+03,9.379999999999999449e-01
3.303048600605143747e+03,9.389999999999999458e-01
3.304328604387292216e+03,9.389999999999999458e-01
3.305608608169440231e+03,9.389999999999999458e-01
3.306888611951588700e+03,9.389999999999999458e-01
3.308168615733736715e+03,9.389999999999999458e-01
3.309448619515885184e+03,9.389999999999999458e-01
3.310728623298033199e+03,9.389999999999999458e-01
3.312008627080181668e+03,9.399999999999999467e-01
3.313288630862329683e+03,9.409999999999999476e-01
3.314568634644478152e+03,9.409999999999999476e-01
3.315848638426626167e+03,9.409999999999999476e-01
3.317128642208774636e+03,9.409999999999999476e-01
3.318408645990923105e+03,9.409999999999999476e-01
3.319688649773071120e+03,9.409999999999999476e-01
3.320968653555219589e+03,9.409999999999999476e-01
3.322248657337367604e+03,9.409999999999999476e-01
3.323528661119516073e+03,9.409999999999999476e-01
3.324808664901664088e+03,9.409999999999999476e-01
3.326088668683812557e+03,9.409999999999999476e-01
3.327368672465960572e+03,9.409999999999999476e-01
3.328648676248109041e+03,9.409999999999999476e-01
3.329928680030257055e+03,9.409999999999999476e-01
3.331208683812405525e+03,9.409999999999999476e-01
3.332488687594553539e+03,9.409999999999999476e-01
3.333768691376702009e+03,9.409999999999999476e-01
3.335048695158850478e+03,9.409999999999999476e-01
3.336328698940998493e+03,9.409999999999999476e-01
3.337608702723146962e+03,9.409999999999999476e-01
3.338888706505294977e+03,9.409999999999999476e-01
3.340168710287443446e+03,9.409999999999999476e-01
3.341448714069591460e+03,9.409999999999999476e-01
3.342728717851739930e+03,9.409999999999999476e-01
3.344008721633887944e+03,9.409999999999999476e-01
3.345288725416036414e+03,9.409999999999999476e-01
3.346568729198184428e+03,9.409999999999999476e-01
3.347848732980332898e+03,9.409999999999999476e-01
3.349128736762480912e+03,9.409999999999999476e-01
3.350408740544629381e+03,9.402000000000000357e-01
3.351688744326777851e+03,9.392000000000000348e-01
3.352968748108925865e+03,9.382000000000000339e-01
3.354248751891074335e+03,9.372000000000000330e-01
3.355528755673222349e+03,9.362000000000000322e-01
3.356808759455370819e+03,9.352000000000000313e-01
3.358088763237518833e+03,9.350000000000000533e-01
3.359368767019667303e+03,9.350000000000000533e-01
3.360648770801815317e+03,9.343000000000000194e-01
3.361928774583963786e+03,9.333000000000000185e-01
3.363208778366111801e+03,9.330000000000000515e-01
3.364488782148260270e+03,9.330000000000000515e-01
3.365768785930408740e+03,9.314999999999999947e-01
3.367048789712556754e+03,9.294999999999999929e-01
3.368328793494705224e+03,9.283000000000000140e-01
3.369608797276853238e+03,9.273000000000000131e-01
3.370888801059001707e+03,9.263000000000000123e-01
3.372168804841149722e+03,9.253000000000000114e-01
3.373448808623298191e+03,9.243000000000000105e-01
3.374728812405446206e+03,9.233000000000000096e-01
3.376008816187594675e+03,9.230000000000000426e-01
3.377288819969742690e+03,9.230000000000000426e-01
3.378568823751891159e+03,9.230000000000000426e-01
3.379848827534039174e+03,9.230000000000000426e-01
3.381128831316187643e+03,9.230000000000000426e-01
3.382408835098336112e+03,9.230000000000000426e-01
3.383688838880484127e+03,9.223999999999999977e-01
3.384968842662632596e+03,9.213999999999999968e-01
3.386248846444780611e+03,9.203999999999999959e-01
3.387528850226929080e+03,9.193999999999999950e-01
3.388808854009077095e+03,9.183999999999999941e-01
3.390088857791225564e+03,9.173999999999999932e-01
3.391368861573373579e+03,9.170000000000000373e-01
3.392648865355522048e+03,9.170000000000000373e-01
3.393928869137670063e+03,9.163999999999999924e-01
3.395208872919818532e+03,9.153999999999999915e-01
3.396488876701966547e+03,9.150000000000000355e-01
3.397768880484115016e+03,9.150000000000000355e-01
3.399048884266263485e+03,9.150000000000000355e-01
3.400328888048411500e+03,9.150000000000000355e-01
3.401608891830559969e+03,9.150000000000000355e-01
3.402888895612707984e+03,9.150000000000000355e-01
3.404168899394856453e+03,9.150000000000000355e-01
3.405448903177004468e+03,9.150000000000000355e-01
3.406728906959152937e+03,9.150000000000000355e-01
3.408008910741300951e+03,9.150000000000000355e-01
3.409288914523449421e+03,9.150000000000000355e-01
3.410568918305597435e+03,9.150000000000000355e-01
3.411848922087745905e+03,9.154999999999999805e-01
3.413128925869893919e+03,9.164999999999999813e-01
3.414408929652042389e+03,9.174999999999999822e-01
3.415688933434190858e+03,9.184999999999999831e-01
3.416968937216338873e+03,9.190000000000000391e-01
3.418248940998487342e+03,9.190000000000000391e-01
3.419528944780635356e+03,9.190000000000000391e-01
3.420808948562783826e+03,9.190000000000000391e-01
3.422088952344931840e+03,9.194999999999999840e-01
3.423368956127080310e+03,9.204999999999999849e-01
3.424648959909228324e+03,9.210000000000000409e-01
3.425928963691376794e+03,9.210000000000000409e-01
3.427208967473524808e+03,9.210000000000000409e-01
3.428488971255673277e+03,9.210000000000000409e-01
3.429768975037821747e+03,9.210000000000000409e-01
3.431048978819969761e+03,9.210000000000000409e-01
3.432328982602118231e+03,9.210000000000000409e-01
3.433608986384266245e+03,9.210000000000000409e-01
3.434888990166414715e+03,9.210000000000000409e-01
3.436168993948562729e+03,9.210000000000000409e-01
3.437448997730711199e+03,9.210000000000000409e-01
3.438729001512859213e+03,9.210000000000000409e-01
3.440009005295007682e+03,9.210000000000000409e-01
3.441289009077155697e+03,9.210000000000000409e-01
3.442569012859304166e+03,9.213999999999999968e-01
3.443849016641452181e+03,9.223999999999999977e-01
3.445129020423600650e+03,9.230000000000000426e-01
3.446409024205749120e+03,9.230000000000000426e-01
3.447689027987897134e+03,9.230000000000000426e-01
3.448969031770045603e+03,9.230000000000000426e-01
3.450249035552193618e+03,9.230000000000000426e-01
3.451529039334342087e+03,9.230000000000000426e-01
3.452809043116490102e+03,9.230000000000000426e-01
3.454089046898638571e+03,9.230000000000000426e-01
3.455369050680786586e+03,9.230000000000000426e-01
3.456649054462935055e+03,9.230000000000000426e-01
3.457929058245083070e+03,9.230000000000000426e-01
3.459209062027231539e+03,9.230000000000000426e-01
3.460489065809379554e+03,9.230000000000000426e-01
3.461769069591528023e+03,9.230000000000000426e-01
3.463049073373676492e+03,9.230000000000000426e-01
3.464329077155824507e+03,9.230000000000000426e-01
3.465609080937972976e+03,9.230000000000000426e-01
3.466889084720120991e+03,9.230000000000000426e-01
3.468169088502269460e+03,9.230000000000000426e-01
3.469449092284417475e+03,9.230000000000000426e-01
3.470729096066565944e+03,9.226999999999999647e-01
3.472009099848713959e+03,9.216999999999999638e-01
3.473289103630862428e+03,9.210000000000000409e-01
3.474569107413010443e+03,9.210000000000000409e-01
3.475849111195158912e+03,9.210000000000000409e-01
3.477129114977306926e+03,9.210000000000000409e-01
3.478409118759455396e+03,9.210000000000000409e-01
3.479689122541603865e+03,9.210000000000000409e-01
3.480969126323751880e+03,9.207999999999999519e-01
3.482249130105900349e+03,9.197999999999999510e-01
3.483529133888048364e+03,9.190000000000000391e-01
3.484809137670196833e+03,9.190000000000000391e-01
3.486089141452344847e+03,9.187999999999999501e-01
3.487369145234493317e+03,9.177999999999999492e-01
3.488649149016641331e+03,9.170000000000000373e-01
3.489929152798789801e+03,9.170000000000000373e-01
3.491209156580937815e+03,9.170000000000000373e-01
3.492489160363086285e+03,9.170000000000000373e-01
3.493769164145234754e+03,9.173000000000000043e-01
3.495049167927382769e+03,9.193000000000000060e-01
3.496329171709531238e+03,9.210000000000000409e-01
3.497609175491679252e+03,9.210000000000000409e-01
3.498889179273827722e+03,9.211000000000000298e-01
3.500169183055975736e+03,9.221000000000000307e-01
3.501449186838124206e+03,9.231000000000000316e-01
3.502729190620272220e+03,9.241000000000000325e-01
3.504009194402420690e+03,9.250000000000000444e-01
3.505289198184568704e+03,9.250000000000000444e-01
3.506569201966717173e+03,9.250000000000000444e-01
3.507849205748865188e+03,9.250000000000000444e-01
3.509129209531013657e+03,9.250000000000000444e-01
3.510409213313162127e+03,9.250000000000000444e-01
3.511689217095310141e+03,9.251000000000000334e-01
3.512969220877458611e+03,9.261000000000000343e-01
3.514249224659606625e+03,9.270000000000000462e-01
3.515529228441755095e+03,9.280000000000000471e-01
3.516809232223903109e+03,9.290000000000000480e-01
3.518089236006051578e+03,9.290000000000000480e-01
3.519369239788199593e+03,9.290000000000000480e-01
3.520649243570348062e+03,9.300000000000000488e-01
3.521929247352496077e+03,9.310000000000000497e-01
3.523209251134644546e+03,9.310000000000000497e-01
3.524489254916792561e+03,9.310000000000000497e-01
3.525769258698941030e+03,9.310000000000000497e-01
3.527049262481089499e+03,9.310000000000000497e-01
3.528329266263237514e+03,9.310000000000000497e-01
3.529609270045385983e+03,9.310000000000000497e-01
3.530889273827533998e+03,9.290000000000000480e-01
3.532169277609682467e+03,9.271000000000000352e-01
3.533449281391830482e+03,9.251000000000000334e-01
3.534729285173978951e+03,9.231000000000000316e-01
3.536009288956126966e+03,9.230000000000000426e-01
3.537289292738275435e+03,9.230000000000000426e-01
3.538569296520423450e+03,9.230000000000000426e-01
3.539849300302571919e+03,9.230000000000000426e-01
3.541129304084719934e+03,9.230000000000000426e-01
3.542409307866868403e+03,9.230000000000000426e-01
3.543689311649016872e+03,9.221000000000000307e-01
3.544969315431164887e+03,9.211000000000000298e-01
3.546249319213313356e+03,9.201000000000000290e-01
3.547529322995461371e+03,9.191000000000000281e-01
3.548809326777609840e+03,9.190000000000000391e-01
3.550089330559757855e+03,9.190000000000000391e-01
3.551369334341906324e+03,9.181000000000000272e-01
3.552649338124054339e+03,9.171000000000000263e-01
3.553929341906202808e+03,9.170000000000000373e-01
3.555209345688350822e+03,9.170000000000000373e-01
3.556489349470499292e+03,9.170000000000000373e-01
3.557769353252647761e+03,9.170000000000000373e-01
3.559049357034795776e+03,9.170000000000000373e-01
3.560329360816944245e+03,9.170000000000000373e-01
3.561609364599092260e+03,9.170000000000000373e-01
3.562889368381240729e+03,9.170000000000000373e-01
3.564169372163388744e+03,9.170000000000000373e-01
3.565449375945537213e+03,9.170000000000000373e-01
3.566729379727685227e+03,9.170000000000000373e-01
3.568009383509833697e+03,9.170000000000000373e-01
3.569289387291981711e+03,9.170000000000000373e-01
3.570569391074130181e+03,9.170000000000000373e-01
3.571849394856278195e+03,9.170000000000000373e-01
3.573129398638426665e+03,9.170000000000000373e-01
3.574409402420575134e+03,9.170000000000000373e-01
3.575689406202723148e+03,9.170000000000000373e-01
3.576969409984871618e+03,9.162000000000000144e-01
3.578249413767019632e+03,9.152000000000000135e-01
3.579529417549168102e+03,9.150000000000000355e-01
3.580809421331316116e+03,9.150000000000000355e-01
3.582089425113464586e+03,9.150000000000000355e-01
3.583369428895612600e+03,9.150000000000000355e-01
3.584649432677761069e+03,9.150000000000000355e-01
3.585929436459909084e+03,9.150000000000000355e-01
3.587209440242057553e+03,9.143000000000000016e-01
3.588489444024205568e+03,9.133000000000000007e-01
3.589769447806354037e+03,9.122999999999999998e-01
3.591049451588502507e+03,9.112999999999999989e-01
3.592329455370650521e+03,9.110000000000000320e-01
3.593609459152798991e+03,9.110000000000000320e-01
3.594889462934947005e+03,9.090000000000000302e-01
3.596169466717095474e+03,9.059000000000000385e-01
3.597449470499243489e+03,9.029000000000000359e-01
3.598729474281391958e+03,9.000000000000000222e-01
3.600009478063539973e+03,8.942999999999999838e-01
3.601289481845688442e+03,8.872999999999999776e-01
3.602569485627836457e+03,8.842999999999999750e-01
3.603849489409984926e+03,8.833999999999999631e-01
3.605129493192132941e+03,8.784999999999999476e-01
3.606409496974281410e+03,8.716000000000000414e-01
3.607689500756429879e+03,8.646000000000000352e-01
3.608969504538577894e+03,8.577000000000000179e-01
3.610249508320726363e+03,8.495000000000000329e-01
3.611529512102874378e+03,8.405000000000000249e-01
3.612809515885022847e+03,8.309999999999999609e-01
3.614089519667170862e+03,8.211000000000000520e-01
3.615369523449319331e+03,7.983000000000000096e-01
3.616649527231467346e+03,7.664999999999999591e-01
3.617929531013615815e+03,7.503999999999999559e-01
3.619209534795763830e+03,7.459999999999999964e-01
3.620489538577912299e+03,7.360999999999999766e-01
3.621769542360060768e+03,7.219999999999999751e-01
3.623049546142208783e+03,6.875000000000000000e-01
3.624329549924357252e+03,6.379000000000000226e-01
3.625609553706505267e+03,6.031999999999999584e-01
3.626889557488653736e+03,5.804000000000000270e-01
3.628169561270801751e+03,5.629999999999999449e-01
3.629449565052950220e+03,5.501000000000000334e-01
3.630729568835098235e+03,5.294999999999999707e-01
3.632009572617246704e+03,5.021999999999999797e-01
3.633289576399394718e+03,4.660000000000000253e-01
3.634569580181543188e+03,4.213000000000000078e-01
3.635849583963691202e+03,3.955000000000000182e-01
3.637129587745839672e+03,3.886000000000000010e-01
3.638409591527988141e+03,3.690999999999999837e-01
3.639689595310136156e+03,3.362999999999999878e-01
3.640969599092284625e+03,3.166999999999999815e-01
3.642249602874432640e+03,3.116999999999999771e-01
3.643529606656581109e+03,3.058000000000000163e-01
3.644809610438729123e+03,2.988999999999999990e-01
3.646089614220877593e+03,2.913999999999999924e-01
3.647369618003025607e+03,2.833999999999999853e-01
3.648649621785174077e+03,2.757999999999999896e-01
3.649929625567322091e+03,2.688999999999999724e-01
3.651209629349470561e+03,2.619000000000000217e-01
3.652489633131618575e+03,2.550000000000000044e-01
3.653769636913767044e+03,2.474000000000000088e-01
3.655049640695915514e+03,2.389999999999999902e-01
3.656329644478063528e+03,2.278999999999999915e-01
3.657609648260211998e+03,2.129999999999999949e-01
3.658889652042360012e+03,2.011999999999999900e-01
3.660169655824508482e+03,1.943000000000000005e-01
3.661449659606656496e+03,1.869999999999999996e-01
3.662729663388804966e+03,1.789999999999999925e-01
3.664009667170952980e+03,1.733000000000000096e-01
3.665289670953101449e+03,1.713000000000000078e-01
3.666569674735249464e+03,1.706999999999999906e-01
3.667849678517397933e+03,1.726999999999999924e-01
3.669129682299545948e+03,1.769999999999999907e-01
3.670409686081694417e+03,1.859999999999999987e-01
3.671689689863842887e+03,1.945999999999999952e-01
3.672969693645990901e+03,2.026999999999999913e-01
3.674249697428139370e+03,2.106999999999999984e-01
3.675529701210287385e+03,2.185999999999999888e-01
3.676809704992435854e+03,2.272000000000000131e-01
3.678089708774583869e+03,2.371000000000000052e-01
3.679369712556732338e+03,2.535999999999999921e-01
3.680649716338880353e+03,2.848999999999999866e-01
3.681929720121028822e+03,3.160000000000000031e-01
3.683209723903176837e+03,3.467999999999999972e-01
3.684489727685325306e+03,3.739999999999999991e-01
3.685769731467473775e+03,3.919000000000000261e-01
3.687049735249621790e+03,4.094999999999999751e-01
3.688329739031770259e+03,4.263000000000000123e-01
3.689609742813918274e+03,4.480000000000000093e-01
3.690889746596066743e+03,4.843000000000000083e-01
3.692169750378214758e+03,5.203999999999999737e-01
3.693449754160363227e+03,5.561000000000000387e-01
3.694729757942511242e+03,5.877000000000000002e-01
3.696009761724659711e+03,6.046000000000000263e-01
3.697289765506807726e+03,6.220999999999999863e-01
3.698569769288956195e+03,6.422999999999999821e-01
3.699849773071104210e+03,6.611000000000000210e-01
3.701129776853252679e+03,6.750000000000000444e-01
3.702409780635401148e+03,6.888999999999999568e-01
3.703689784417549163e+03,7.027999999999999803e-01
3.704969788199697632e+03,7.194000000000000394e-01
3.706249791981845647e+03,7.477000000000000313e-01
3.707529795763994116e+03,7.738000000000000433e-01
3.708809799546142131e+03,7.896999999999999575e-01
3.710089803328290600e+03,8.054000000000000048e-01
3.711369807110438614e+03,8.203000000000000291e-01
3.712649810892587084e+03,8.353000000000000425e-01
3.713929814674735098e+03,8.511999999999999567e-01
3.715209818456883568e+03,8.669999999999999929e-01
3.716489822239031582e+03,8.819000000000000172e-01
3.717769826021180052e+03,8.960000000000000187e-01
3.719049829803328521e+03,9.050000000000000266e-01
3.720329833585476536e+03,9.131000000000000227e-01
3.721609837367625005e+03,9.141000000000000236e-01
3.722889841149773019e+03,9.152000000000000135e-01
3.724169844931921489e+03,9.172000000000000153e-01
3.725449848714069503e+03,9.191000000000000281e-01
3.726729852496217973e+03,9.201000000000000290e-01
3.728009856278365987e+03,9.212000000000000188e-01
3.729289860060514457e+03,9.232000000000000206e-01
3.730569863842662471e+03,9.250000000000000444e-01
3.731849867624810940e+03,9.250000000000000444e-01
3.733129871406959410e+03,9.251000000000000334e-01
3.734409875189107424e+03,9.271000000000000352e-01
3.735689878971255894e+03,9.290000000000000480e-01
3.736969882753403908e+03,9.290000000000000480e-01
3.738249886535552378e+03,9.290000000000000480e-01
3.739529890317700392e+03,9.300000000000000488e-01
3.740809894099848862e+03,9.310000000000000497e-01
3.742089897881996876e+03,9.310000000000000497e-01
3.743369901664145345e+03,9.310000000000000497e-01
3.744649905446293360e+03,9.320000000000000506e-01
3.745929909228441829e+03,9.330000000000000515e-01
3.747209913010589844e+03,9.330000000000000515e-01
3.748489916792738313e+03,9.330000000000000515e-01
3.749769920574886783e+03,9.330000000000000515e-01
3.751049924357034797e+03,9.330000000000000515e-01
3.752329928139183266e+03,9.340000000000000524e-01
3.753609931921331281e+03,9.350000000000000533e-01
3.754889935703479750e+03,9.360000000000000542e-01
3.756169939485627765e+03,9.370000000000000551e-01
3.757449943267776234e+03,9.370000000000000551e-01
3.758729947049924249e+03,9.370000000000000551e-01
3.760009950832072718e+03,9.370000000000000551e-01
3.761289954614220733e+03,9.370000000000000551e-01
3.762569958396369202e+03,9.370000000000000551e-01
3.763849962178517217e+03,9.370000000000000551e-01
3.765129965960665686e+03,9.387999999999999678e-01
3.766409969742814155e+03,9.407999999999999696e-01
3.767689973524962170e+03,9.409999999999999476e-01
3.768969977307110639e+03,9.409999999999999476e-01
3.770249981089258654e+03,9.418999999999999595e-01
3.771529984871407123e+03,9.428999999999999604e-01
3.772809988653555138e+03,9.464000000000000190e-01
3.774089992435703607e+03,9.504000000000000226e-01
3.775369996217851622e+03,9.518999999999999684e-01
3.776650000000000091e+03,9.528999999999999693e-01
