3.806100000000000136e+02,9.459999999999999520e-01
3.815482343234323821e+02,9.459999999999999520e-01
3.824864686468646937e+02,9.459999999999999520e-01
3.834247029702970622e+02,9.459999999999999520e-01
3.843629372937293738e+02,9.459999999999999520e-01
3.853011716171617422e+02,9.459999999999999520e-01
3.862394059405940538e+02,9.459999999999999520e-01
3.871776402640264223e+02,9.439999999999999503e-01
3.881158745874587339e+02,9.439999999999999503e-01
3.890541089108911024e+02,9.439999999999999503e-01
3.899923432343234708e+02,9.439999999999999503e-01
3.909305775577557824e+02,9.439999999999999503e-01
3.918688118811881509e+02,9.439999999999999503e-01
3.928070462046204625e+02,9.439999999999999503e-01
3.937452805280528310e+02,9.439999999999999503e-01
3.946835148514851426e+02,9.439999999999999503e-01
3.956217491749175110e+02,9.459999999999999520e-01
3.965599834983498226e+02,9.459999999999999520e-01
3.974982178217821911e+02,9.459999999999999520e-01
3.984364521452145596e+02,9.459999999999999520e-01
3.993746864686468712e+02,9.469999999999999529e-01
4.003129207920792396e+02,9.469999999999999529e-01
4.012511551155115512e+02,9.489999999999999547e-01
4.021893894389439197e+02,9.499999999999999556e-01
4.031276237623762313e+02,9.519999999999999574e-01
4.040658580858085998e+02,9.539999999999999591e-01
4.050040924092409114e+02,9.559999999999999609e-01
4.059423267326732798e+02,9.569999999999999618e-01
4.068805610561056483e+02,9.629999999999999671e-01
4.078187953795379599e+02,9.659999999999999698e-01
4.087570297029703283e+02,9.679999999999999716e-01
4.096952640264026400e+02,9.719999999999999751e-01
4.106334983498350084e+02,9.759999999999999787e-01
4.115717326732673200e+02,9.789999999999999813e-01
4.125099669966996885e+02,9.819999999999999840e-01
4.134482013201320569e+02,9.839999999999999858e-01
4.143864356435643685e+02,9.859999999999999876e-01
4.153246699669967370e+02,9.889999999999999902e-01
4.162629042904290486e+02,9.909999999999999920e-01
4.172011386138614171e+02,9.939999999999999947e-01
4.181393729372937287e+02,9.939999999999999947e-01
4.190776072607260971e+02,9.919999999999999929e-01
4.200158415841584088e+02,9.919999999999999929e-01
4.209540759075907772e+02,9.909999999999999920e-01
4.218923102310230888e+02,9.909999999999999920e-01
4.228305445544554573e+02,9.879999999999999893e-01
4.237687788778878257e+02,9.849999999999999867e-01
4.247070132013201373e+02,9.849999999999999867e-01
4.256452475247525058e+02,9.839999999999999858e-01
4.265834818481848174e+02,9.819999999999999840e-01
4.275217161716171859e+02,9.809999999999999831e-01
4.284599504950494975e+02,9.789999999999999813e-01
4.293981848184818659e+02,9.779999999999999805e-01
4.303364191419142344e+02,9.729999999999999760e-01
4.312746534653465460e+02,9.699999999999999734e-01
4.322128877887789145e+02,9.679999999999999716e-01
4.331511221122112261e+02,9.629999999999999671e-01
4.340893564356435945e+02,9.599999999999999645e-01
4.350275907590759061e+02,9.569999999999999618e-01
4.359658250825082746e+02,9.559999999999999609e-01
4.369040594059405862e+02,9.499999999999999556e-01
4.378422937293729547e+02,9.459999999999999520e-01
4.387805280528052663e+02,9.439999999999999503e-01
4.397187623762376347e+02,9.379999999999999449e-01
4.406569966996700032e+02,9.330000000000000515e-01
4.415952310231023148e+02,9.200000000000000400e-01
4.425334653465346832e+02,9.150000000000000355e-01
4.434716996699669949e+02,9.080000000000000293e-01
4.444099339933993633e+02,9.010000000000000231e-01
4.453481683168316749e+02,8.950000000000000178e-01
4.462864026402640434e+02,8.900000000000000133e-01
4.472246369636964118e+02,8.890000000000000124e-01
4.481628712871287235e+02,8.860000000000000098e-01
4.491011056105610919e+02,8.830000000000000071e-01
4.500393399339934035e+02,8.820000000000000062e-01
4.509775742574257720e+02,8.800000000000000044e-01
4.519158085808580836e+02,8.790000000000000036e-01
4.528540429042904520e+02,8.790000000000000036e-01
4.537922772277228205e+02,8.790000000000000036e-01
4.547305115511551321e+02,8.770000000000000018e-01
4.556687458745874437e+02,8.770000000000000018e-01
4.566069801980198122e+02,8.760000000000000009e-01
4.575452145214521806e+02,8.760000000000000009e-01
4.584834488448844922e+02,8.770000000000000018e-01
4.594216831683168607e+02,8.770000000000000018e-01
4.603599174917491723e+02,8.770000000000000018e-01
4.612981518151815408e+02,8.800000000000000044e-01
4.622363861386138524e+02,8.820000000000000062e-01
4.631746204620462208e+02,8.860000000000000098e-01
4.641128547854785893e+02,8.950000000000000178e-01
4.650510891089109009e+02,9.080000000000000293e-01
4.659893234323432694e+02,9.180000000000000382e-01
4.669275577557755810e+02,9.310000000000000497e-01
4.678657920792079494e+02,9.499999999999999556e-01
4.688040264026402610e+02,9.599999999999999645e-01
4.697422607260726295e+02,9.679999999999999716e-01
4.706804950495049980e+02,9.819999999999999840e-01
4.716187293729373096e+02,9.889999999999999902e-01
4.725569636963696212e+02,9.919999999999999929e-01
4.734951980198019896e+02,9.949999999999999956e-01
4.744334323432343581e+02,9.979999999999999982e-01
4.753716666666666697e+02,1.000999999999999890e+00
4.763099009900990382e+02,1.002000000000000002e+00
4.772481353135313498e+02,1.002000000000000002e+00
4.781863696369637182e+02,1.004000000000000004e+00
4.791246039603960298e+02,1.004999999999999893e+00
4.800628382838283983e+02,1.004999999999999893e+00
4.810010726072607667e+02,1.008000000000000007e+00
4.819393069306930784e+02,1.010000000000000009e+00
4.828775412541254468e+02,1.010000000000000009e+00
4.838157755775577584e+02,1.010000000000000009e+00
4.847540099009901269e+02,1.010999999999999899e+00
4.856922442244224385e+02,1.012999999999999901e+00
4.866304785478548069e+02,1.014000000000000012e+00
4.875687128712871754e+02,1.014000000000000012e+00
4.885069471947194870e+02,1.014999999999999902e+00
4.894451815181517986e+02,1.014999999999999902e+00
4.903834158415841671e+02,1.016999999999999904e+00
4.913216501650165355e+02,1.016999999999999904e+00
4.922598844884488472e+02,1.016999999999999904e+00
4.931981188118812156e+02,1.016999999999999904e+00
4.941363531353135272e+02,1.016999999999999904e+00
4.950745874587458957e+02,1.016999999999999904e+00
4.960128217821782073e+02,1.016999999999999904e+00
4.969510561056105757e+02,1.014999999999999902e+00
4.978892904290429442e+02,1.014999999999999902e+00
4.988275247524752558e+02,1.014999999999999902e+00
4.997657590759076243e+02,1.014999999999999902e+00
5.007039933993399359e+02,1.014999999999999902e+00
5.016422277227723043e+02,1.012999999999999901e+00
5.025804620462046159e+02,1.012999999999999901e+00
5.035186963696369844e+02,1.012999999999999901e+00
5.044569306930693529e+02,1.012999999999999901e+00
5.053951650165016645e+02,1.012999999999999901e+00
5.063333993399339761e+02,1.012999999999999901e+00
5.072716336633663445e+02,1.012999999999999901e+00
5.082098679867987130e+02,1.010999999999999899e+00
5.091481023102310246e+02,1.010999999999999899e+00
5.100863366336633931e+02,1.010999999999999899e+00
5.110245709570957615e+02,1.010999999999999899e+00
5.119628052805280731e+02,1.010999999999999899e+00
5.129010396039603847e+02,1.010000000000000009e+00
5.138392739273926964e+02,1.010000000000000009e+00
5.147775082508251216e+02,1.010000000000000009e+00
5.157157425742574333e+02,1.008000000000000007e+00
5.166539768976897449e+02,1.008000000000000007e+00
5.175922112211221702e+02,1.006999999999999895e+00
5.185304455445544818e+02,1.006999999999999895e+00
5.194686798679867934e+02,1.006999999999999895e+00
5.204069141914192187e+02,1.004999999999999893e+00
5.213451485148515303e+02,1.004999999999999893e+00
5.222833828382838419e+02,1.004999999999999893e+00
5.232216171617161535e+02,1.004999999999999893e+00
5.241598514851484651e+02,1.004999999999999893e+00
5.250980858085808904e+02,1.004999999999999893e+00
5.260363201320132021e+02,1.004999999999999893e+00
5.269745544554455137e+02,1.004999999999999893e+00
5.279127887788779390e+02,1.004999999999999893e+00
5.288510231023102506e+02,1.004999999999999893e+00
5.297892574257425622e+02,1.004999999999999893e+00
5.307274917491749875e+02,1.004999999999999893e+00
5.316657260726072991e+02,1.004999999999999893e+00
5.326039603960396107e+02,1.004999999999999893e+00
5.335421947194719223e+02,1.004999999999999893e+00
5.344804290429043476e+02,1.004999999999999893e+00
5.354186633663366592e+02,1.006999999999999895e+00
5.363568976897689708e+02,1.006999999999999895e+00
5.372951320132012825e+02,1.006999999999999895e+00
5.382333663366337078e+02,1.008000000000000007e+00
5.391716006600660194e+02,1.008000000000000007e+00
5.401098349834983310e+02,1.008000000000000007e+00
5.410480693069307563e+02,1.008000000000000007e+00
5.419863036303630679e+02,1.008000000000000007e+00
5.429245379537953795e+02,1.008000000000000007e+00
5.438627722772278048e+02,1.008000000000000007e+00
5.448010066006601164e+02,1.008000000000000007e+00
5.457392409240924280e+02,1.008000000000000007e+00
5.466774752475247396e+02,1.008000000000000007e+00
5.476157095709570513e+02,1.008000000000000007e+00
5.485539438943894766e+02,1.008000000000000007e+00
5.494921782178217882e+02,1.006999999999999895e+00
5.504304125412540998e+02,1.006999999999999895e+00
5.513686468646865251e+02,1.004999999999999893e+00
5.523068811881188367e+02,1.004999999999999893e+00
5.532451155115511483e+02,1.004000000000000004e+00
5.541833498349835736e+02,1.004000000000000004e+00
5.551215841584158852e+02,9.979999999999999982e-01
5.560598184818481968e+02,9.969999999999999973e-01
5.569980528052805084e+02,9.949999999999999956e-01
5.579362871287128200e+02,9.919999999999999929e-01
5.588745214521452453e+02,9.909999999999999920e-01
5.598127557755775570e+02,9.839999999999999858e-01
5.607509900990098686e+02,9.809999999999999831e-01
5.616892244224422939e+02,9.719999999999999751e-01
5.626274587458746055e+02,9.659999999999999698e-01
5.635656930693069171e+02,9.599999999999999645e-01
5.645039273927393424e+02,9.519999999999999574e-01
5.654421617161716540e+02,9.439999999999999503e-01
5.663803960396039656e+02,9.370000000000000551e-01
5.673186303630363909e+02,9.280000000000000471e-01
5.682568646864687025e+02,9.210000000000000409e-01
5.691950990099010141e+02,9.150000000000000355e-01
5.701333333333333258e+02,9.050000000000000266e-01
5.710715676567656374e+02,8.950000000000000178e-01
5.720098019801980627e+02,8.900000000000000133e-01
5.729480363036303743e+02,8.800000000000000044e-01
5.738862706270626859e+02,8.729999999999999982e-01
5.748245049504951112e+02,8.629999999999999893e-01
5.757627392739274228e+02,8.509999999999999787e-01
5.767009735973597344e+02,8.380999999999999561e-01
5.776392079207921597e+02,8.219999999999999529e-01
5.785774422442244713e+02,8.149999999999999467e-01
5.795156765676567829e+02,8.090000000000000524e-01
5.804539108910890945e+02,7.970000000000000417e-01
5.813921452145214062e+02,7.870000000000000329e-01
5.823303795379538315e+02,7.800000000000000266e-01
5.832686138613861431e+02,7.710000000000000187e-01
5.842068481848184547e+02,7.580000000000000071e-01
5.851450825082508800e+02,7.410999999999999810e-01
5.860833168316831916e+02,7.120999999999999552e-01
5.870215511551155032e+02,6.999999999999999556e-01
5.879597854785479285e+02,6.899999999999999467e-01
5.888980198019802401e+02,6.750000000000000444e-01
5.898362541254125517e+02,6.550000000000000266e-01
5.907744884488448633e+02,6.130999999999999783e-01
5.917127227722771750e+02,6.109999999999999876e-01
5.926509570957096003e+02,6.139999999999999902e-01
5.935891914191419119e+02,6.319000000000000172e-01
5.945274257425742235e+02,6.330000000000000071e-01
5.954656600660066488e+02,6.619000000000000439e-01
5.964038943894389604e+02,6.740000000000000435e-01
5.973421287128712720e+02,6.780000000000000471e-01
5.982803630363036973e+02,6.800000000000000488e-01
5.992185973597360089e+02,6.810000000000000497e-01
6.001568316831683205e+02,6.800000000000000488e-01
6.010950660066007458e+02,6.740000000000000435e-01
6.020333003300330574e+02,6.710000000000000409e-01
6.029715346534653690e+02,6.670000000000000373e-01
6.039097689768976807e+02,6.650000000000000355e-01
6.048480033003299923e+02,6.620000000000000329e-01
6.057862376237624176e+02,6.510000000000000231e-01
6.067244719471947292e+02,6.460000000000000187e-01
6.076627062706270408e+02,6.430000000000000160e-01
6.086009405940594661e+02,6.400000000000000133e-01
6.095391749174917777e+02,6.390000000000000124e-01
6.104774092409240893e+02,6.360000000000000098e-01
6.114156435643565146e+02,6.360000000000000098e-01
6.123538778877888262e+02,6.360000000000000098e-01
6.132921122112211378e+02,6.360000000000000098e-01
6.142303465346534495e+02,6.360000000000000098e-01
6.151685808580857611e+02,6.360000000000000098e-01
6.161068151815181864e+02,6.360000000000000098e-01
6.170450495049504980e+02,6.350000000000000089e-01
6.179832838283828096e+02,6.330000000000000071e-01
6.189215181518152349e+02,6.330000000000000071e-01
6.198597524752475465e+02,6.300000000000000044e-01
6.207979867986798581e+02,6.199999999999999956e-01
6.217362211221122834e+02,6.099999999999999867e-01
6.226744554455445950e+02,6.029999999999999805e-01
6.236126897689769066e+02,5.880999999999999561e-01
6.245509240924092182e+02,5.779999999999999583e-01
6.254891584158416435e+02,5.709999999999999520e-01
6.264273927392739552e+02,5.649999999999999467e-01
6.273656270627062668e+02,5.649999999999999467e-01
6.283038613861385784e+02,5.689999999999999503e-01
6.292420957095710037e+02,5.739999999999999547e-01
6.301803300330033153e+02,5.769999999999999574e-01
6.311185643564356269e+02,5.879999999999999671e-01
6.320567986798680522e+02,5.939999999999999725e-01
6.329950330033003638e+02,5.979999999999999760e-01
6.339332673267326754e+02,5.999999999999999778e-01
6.348715016501651007e+02,6.009999999999999787e-01
6.358097359735974123e+02,6.009999999999999787e-01
6.367479702970297240e+02,6.029999999999999805e-01
6.376862046204621493e+02,6.039999999999999813e-01
6.386244389438943472e+02,6.039999999999999813e-01
6.395626732673267725e+02,6.039999999999999813e-01
6.405009075907590841e+02,6.059999999999999831e-01
6.414391419141913957e+02,6.089999999999999858e-01
6.423773762376238210e+02,6.139999999999999902e-01
6.433156105610561326e+02,6.189999999999999947e-01
6.442538448844884442e+02,6.300000000000000044e-01
6.451920792079208695e+02,6.390000000000000124e-01
6.461303135313531811e+02,6.540000000000000258e-01
6.470685478547854927e+02,6.650000000000000355e-01
6.480067821782179180e+02,6.810000000000000497e-01
6.489450165016501160e+02,6.899999999999999467e-01
6.498832508250825413e+02,7.128999999999999782e-01
6.508214851485148529e+02,7.449000000000000066e-01
6.517597194719471645e+02,7.789000000000000368e-01
6.526979537953795898e+02,7.920000000000000373e-01
6.536361881188119014e+02,8.120000000000000551e-01
6.545744224422442130e+02,8.309999999999999609e-01
6.555126567656766383e+02,8.379999999999999671e-01
6.564508910891089499e+02,8.539999999999999813e-01
6.573891254125412615e+02,8.699999999999999956e-01
6.583273597359736868e+02,8.770000000000000018e-01
6.592655940594058848e+02,8.770000000000000018e-01
6.602038283828383101e+02,8.790000000000000036e-01
6.611420627062706217e+02,8.900000000000000133e-01
6.620802970297029333e+02,9.210000000000000409e-01
6.630185313531353586e+02,9.280000000000000471e-01
6.639567656765676702e+02,9.360000000000000542e-01
6.648949999999999818e+02,9.489999999999999547e-01
6.658332343234324071e+02,9.499999999999999556e-01
6.667714686468647187e+02,9.529999999999999583e-01
6.677097029702970303e+02,9.539999999999999591e-01
6.686479372937294556e+02,9.559999999999999609e-01
6.695861716171616536e+02,9.569999999999999618e-01
6.705244059405940789e+02,9.569999999999999618e-01
6.714626402640265042e+02,9.559999999999999609e-01
6.724008745874587021e+02,9.529999999999999583e-01
6.733391089108911274e+02,9.519999999999999574e-01
6.742773432343234390e+02,9.489999999999999547e-01
6.752155775577557506e+02,9.469999999999999529e-01
6.761538118811881759e+02,9.459999999999999520e-01
6.770920462046204875e+02,9.429999999999999494e-01
6.780302805280527991e+02,9.409999999999999476e-01
6.789685148514852244e+02,9.379999999999999449e-01
6.799067491749175360e+02,9.360000000000000542e-01
6.808449834983498477e+02,9.270000000000000462e-01
6.817832178217822729e+02,9.220000000000000417e-01
6.827214521452144709e+02,9.220000000000000417e-01
6.836596864686468962e+02,9.200000000000000400e-01
6.845979207920792078e+02,9.180000000000000382e-01
6.855361551155115194e+02,9.170000000000000373e-01
6.864743894389439447e+02,9.170000000000000373e-01
6.874126237623762563e+02,9.140000000000000346e-01
6.883508580858085679e+02,9.110000000000000320e-01
6.892890924092409932e+02,9.090000000000000302e-01
6.902273267326733048e+02,9.020000000000000240e-01
6.911655610561056164e+02,8.990000000000000213e-01
6.921037953795380417e+02,8.960000000000000187e-01
6.930420297029702397e+02,8.950000000000000178e-01
6.939802640264026650e+02,8.930000000000000160e-01
6.949184983498349766e+02,8.860000000000000098e-01
6.958567326732672882e+02,8.750000000000000000e-01
6.967949669966997135e+02,8.590999999999999748e-01
6.977332013201320251e+02,8.769000000000000128e-01
6.986714356435643367e+02,8.879000000000000226e-01
6.996096699669967620e+02,8.890000000000000124e-01
7.005479042904290736e+02,8.890000000000000124e-01
7.014861386138613852e+02,8.890000000000000124e-01
7.024243729372938105e+02,8.890000000000000124e-01
7.033626072607260085e+02,8.880000000000000115e-01
7.043008415841584338e+02,8.850000000000000089e-01
7.052390759075908591e+02,8.830000000000000071e-01
7.061773102310230570e+02,8.800000000000000044e-01
7.071155445544554823e+02,8.790000000000000036e-01
7.080537788778877939e+02,8.770000000000000018e-01
7.089920132013201055e+02,8.750000000000000000e-01
7.099302475247525308e+02,8.729999999999999982e-01
7.108684818481848424e+02,8.719999999999999973e-01
7.118067161716171540e+02,8.719999999999999973e-01
7.127449504950495793e+02,8.719999999999999973e-01
7.136831848184818909e+02,8.729999999999999982e-01
7.146214191419142026e+02,8.760000000000000009e-01
7.155596534653466279e+02,8.820000000000000062e-01
7.164978877887788258e+02,8.860000000000000098e-01
7.174361221122112511e+02,8.950000000000000178e-01
7.183743564356435627e+02,9.010000000000000231e-01
7.193125907590758743e+02,9.040000000000000258e-01
7.202508250825082996e+02,9.090000000000000302e-01
7.211890594059406112e+02,9.150000000000000355e-01
7.221272937293729228e+02,9.170000000000000373e-01
7.230655280528053481e+02,9.180000000000000382e-01
7.240037623762376597e+02,9.200000000000000400e-01
7.249419966996699713e+02,9.220000000000000417e-01
7.258802310231023966e+02,9.250000000000000444e-01
7.268184653465345946e+02,9.270000000000000462e-01
7.277566996699670199e+02,9.280000000000000471e-01
7.286949339933994452e+02,9.310000000000000497e-01
7.296331683168316431e+02,9.330000000000000515e-01
7.305714026402640684e+02,9.330000000000000515e-01
7.315096369636963800e+02,9.360000000000000542e-01
7.324478712871286916e+02,9.370000000000000551e-01
7.333861056105611169e+02,9.399999999999999467e-01
7.343243399339934285e+02,9.409999999999999476e-01
7.352625742574257401e+02,9.429999999999999494e-01
7.362008085808581654e+02,9.439999999999999503e-01
7.371390429042904771e+02,9.459999999999999520e-01
7.380772772277227887e+02,9.459999999999999520e-01
7.390155115511552140e+02,9.459999999999999520e-01
7.399537458745874119e+02,9.459999999999999520e-01
7.408919801980198372e+02,9.439999999999999503e-01
7.418302145214521488e+02,9.439999999999999503e-01
7.427684488448844604e+02,9.429999999999999494e-01
7.437066831683168857e+02,9.409999999999999476e-01
7.446449174917491973e+02,9.409999999999999476e-01
7.455831518151815089e+02,9.399999999999999467e-01
7.465213861386139342e+02,9.370000000000000551e-01
7.474596204620462458e+02,9.370000000000000551e-01
7.483978547854785575e+02,9.360000000000000542e-01
7.493360891089109828e+02,9.340000000000000524e-01
7.502743234323431807e+02,9.340000000000000524e-01
7.512125577557756060e+02,9.310000000000000497e-01
7.521507920792079176e+02,9.280000000000000471e-01
7.530890264026402292e+02,9.270000000000000462e-01
7.540272607260726545e+02,9.240000000000000435e-01
7.549654950495049661e+02,9.220000000000000417e-01
7.559037293729372777e+02,9.220000000000000417e-01
7.568419636963697030e+02,9.200000000000000400e-01
7.577801980198020146e+02,9.170000000000000373e-01
7.587184323432343263e+02,9.140000000000000346e-01
7.596566666666667516e+02,9.110000000000000320e-01
7.605949009900989495e+02,9.080000000000000293e-01
7.615331353135313748e+02,9.060000000000000275e-01
7.624713696369638001e+02,8.980000000000000204e-01
7.634096039603959980e+02,8.960000000000000187e-01
7.643478382838284233e+02,8.930000000000000160e-01
7.652860726072607349e+02,8.850000000000000089e-01
7.662243069306930465e+02,8.820000000000000062e-01
7.671625412541254718e+02,8.770000000000000018e-01
7.681007755775577834e+02,8.760000000000000009e-01
7.690390099009900950e+02,8.729999999999999982e-01
7.699772442244225203e+02,8.719999999999999973e-01
7.709154785478548320e+02,8.719999999999999973e-01
7.718537128712871436e+02,8.719999999999999973e-01
7.727919471947195689e+02,8.729999999999999982e-01
7.737301815181517668e+02,8.750000000000000000e-01
7.746684158415841921e+02,8.760000000000000009e-01
7.756066501650165037e+02,8.770000000000000018e-01
7.765448844884488153e+02,8.790000000000000036e-01
7.774831188118812406e+02,8.800000000000000044e-01
7.784213531353135522e+02,8.800000000000000044e-01
7.793595874587458638e+02,8.830000000000000071e-01
7.802978217821782891e+02,8.860000000000000098e-01
7.812360561056106008e+02,8.860000000000000098e-01
7.821742904290429124e+02,8.880000000000000115e-01
7.831125247524753377e+02,8.880000000000000115e-01
7.840507590759075356e+02,8.890000000000000124e-01
7.849889933993399609e+02,8.890000000000000124e-01
7.859272277227722725e+02,8.900000000000000133e-01
7.868654620462045841e+02,8.900000000000000133e-01
7.878036963696370094e+02,8.900000000000000133e-01
7.887419306930693210e+02,8.900000000000000133e-01
7.896801650165016326e+02,8.900000000000000133e-01
7.906183993399340579e+02,8.900000000000000133e-01
7.915566336633663695e+02,8.890000000000000124e-01
7.924948679867986812e+02,8.890000000000000124e-01
7.934331023102311065e+02,8.890000000000000124e-01
7.943713366336633044e+02,8.890000000000000124e-01
7.953095709570957297e+02,8.880000000000000115e-01
7.962478052805281550e+02,8.880000000000000115e-01
7.971860396039603529e+02,8.880000000000000115e-01
7.981242739273927782e+02,8.860000000000000098e-01
7.990625082508250898e+02,8.860000000000000098e-01
8.000007425742574014e+02,8.850000000000000089e-01
8.009389768976898267e+02,8.830000000000000071e-01
8.018772112211221383e+02,8.800000000000000044e-01
8.028154455445544500e+02,8.790000000000000036e-01
8.037536798679868753e+02,8.760000000000000009e-01
8.046919141914191869e+02,8.719999999999999973e-01
8.056301485148514985e+02,8.669999999999999929e-01
8.065683828382839238e+02,8.629999999999999893e-01
8.075066171617161217e+02,8.609999999999999876e-01
8.084448514851485470e+02,8.599999999999999867e-01
8.093830858085808586e+02,8.559999999999999831e-01
8.103213201320131702e+02,8.529999999999999805e-01
8.112595544554455955e+02,8.380999999999999561e-01
8.121977887788779071e+02,8.339999999999999636e-01
8.131360231023102187e+02,8.249999999999999556e-01
8.140742574257426440e+02,8.159999999999999476e-01
8.150124917491749557e+02,8.080000000000000515e-01
8.159507260726072673e+02,7.970000000000000417e-01
8.168889603960396926e+02,7.810000000000000275e-01
8.178271947194718905e+02,7.630000000000000115e-01
8.187654290429043158e+02,7.580000000000000071e-01
8.197036633663367411e+02,7.500000000000000000e-01
8.206418976897689390e+02,7.180999999999999606e-01
8.215801320132013643e+02,6.999999999999999556e-01
8.225183663366336759e+02,6.780000000000000471e-01
8.234566006600659875e+02,6.610000000000000320e-01
8.243948349834984128e+02,6.360000000000000098e-01
8.253330693069307245e+02,6.089999999999999858e-01
8.262713036303630361e+02,6.009999999999999787e-01
8.272095379537954614e+02,5.869999999999999662e-01
8.281477722772277730e+02,5.431000000000000272e-01
8.290860066006600846e+02,5.261000000000000121e-01
8.300242409240925099e+02,5.020999999999999908e-01
8.309624752475247078e+02,4.689999999999999725e-01
8.319007095709571331e+02,4.540000000000000147e-01
8.328389438943894447e+02,4.309999999999999942e-01
8.337771782178217563e+02,4.020000000000000240e-01
8.347154125412541816e+02,3.800000000000000044e-01
8.356536468646864932e+02,3.629999999999999893e-01
8.365918811881188049e+02,3.341000000000000081e-01
8.375301155115512302e+02,2.970999999999999752e-01
8.384683498349835418e+02,2.811000000000000165e-01
8.394065841584158534e+02,2.760000000000000231e-01
8.403448184818482787e+02,2.630000000000000115e-01
8.412830528052804766e+02,2.540000000000000036e-01
8.422212871287129019e+02,2.510000000000000009e-01
8.431595214521452135e+02,2.449999999999999956e-01
8.440977557755775251e+02,2.290000000000000091e-01
8.450359900990099504e+02,2.179999999999999993e-01
8.459742244224422620e+02,2.089999999999999913e-01
8.469124587458745737e+02,2.020000000000000129e-01
8.478506930693069990e+02,1.940000000000000058e-01
8.487889273927393106e+02,1.829999999999999960e-01
8.497271617161716222e+02,1.680000000000000104e-01
8.506653960396040475e+02,1.449999999999999900e-01
8.516036303630362454e+02,1.270000000000000018e-01
8.525418646864686707e+02,1.189999999999999947e-01
8.534800990099010960e+02,1.160000000000000059e-01
8.544183333333332939e+02,1.140000000000000041e-01
8.553565676567657192e+02,1.130000000000000032e-01
8.562948019801980308e+02,1.140000000000000041e-01
8.572330363036303424e+02,1.160000000000000059e-01
8.581712706270627677e+02,1.170000000000000068e-01
8.591095049504950794e+02,1.189999999999999947e-01
8.600477392739273910e+02,1.189999999999999947e-01
8.609859735973598163e+02,1.160000000000000059e-01
8.619242079207921279e+02,1.110000000000000014e-01
8.628624422442244395e+02,9.800000000000000377e-02
8.638006765676568648e+02,9.099999999999999756e-02
8.647389108910890627e+02,7.799999999999999989e-02
8.656771452145214880e+02,6.300000000000000044e-02
8.666153795379537996e+02,4.009999999999999676e-02
8.675536138613861112e+02,3.899999999999999994e-02
8.684918481848185365e+02,4.200000000000000261e-02
8.694300825082508482e+02,5.299999999999999850e-02
8.703683168316831598e+02,7.699999999999999900e-02
8.713065511551155851e+02,8.100000000000000255e-02
8.722447854785478967e+02,8.400000000000000522e-02
8.731830198019802083e+02,8.699999999999999400e-02
8.741212541254126336e+02,9.500000000000000111e-02
8.750594884488448315e+02,1.089999999999999997e-01
8.759977227722772568e+02,1.199999999999999956e-01
8.769359570957095684e+02,1.229999999999999982e-01
8.778741914191418800e+02,1.270000000000000018e-01
8.788124257425743053e+02,1.270000000000000018e-01
8.797506600660066169e+02,1.320000000000000062e-01
8.806888943894389286e+02,1.400000000000000133e-01
8.816271287128713539e+02,1.479999999999999927e-01
8.825653630363036655e+02,1.539999999999999980e-01
8.835035973597359771e+02,1.549999999999999989e-01
8.844418316831684024e+02,1.620000000000000051e-01
8.853800660066006003e+02,1.809000000000000052e-01
8.863183003300330256e+02,1.900000000000000022e-01
8.872565346534654509e+02,1.990000000000000102e-01
8.881947689768976488e+02,2.159999999999999976e-01
8.891330033003300741e+02,2.419999999999999929e-01
8.900712376237623857e+02,2.730000000000000204e-01
8.910094719471946973e+02,3.059999999999999942e-01
8.919477062706271226e+02,3.348999999999999755e-01
8.928859405940594343e+02,3.529999999999999805e-01
8.938241749174917459e+02,3.988999999999999768e-01
8.947624092409241712e+02,4.428000000000000269e-01
8.957006435643564828e+02,4.748999999999999888e-01
8.966388778877887944e+02,5.070000000000000062e-01
8.975771122112211060e+02,5.290000000000000258e-01
8.985153465346535313e+02,5.500000000000000444e-01
8.994535808580858429e+02,5.909999999999999698e-01
9.003918151815181545e+02,6.330000000000000071e-01
9.013300495049504661e+02,6.719000000000000528e-01
9.022682838283828914e+02,7.028999999999999693e-01
9.032065181518152031e+02,7.189999999999999725e-01
9.041447524752475147e+02,7.579000000000000181e-01
9.050829867986799400e+02,7.997999999999999554e-01
9.060212211221122516e+02,8.020000000000000462e-01
9.069594554455445632e+02,8.030000000000000471e-01
9.078976897689768748e+02,8.030000000000000471e-01
9.088359240924093001e+02,8.000000000000000444e-01
9.097741584158416117e+02,7.990000000000000435e-01
9.107123927392739233e+02,7.970000000000000417e-01
9.116506270627063486e+02,7.920000000000000373e-01
9.125888613861386602e+02,7.810000000000000275e-01
9.135270957095709718e+02,7.710000000000000187e-01
9.144653300330032835e+02,7.600000000000000089e-01
9.154035643564357088e+02,7.449999999999999956e-01
9.163417986798680204e+02,7.309999999999999831e-01
9.172800330033003320e+02,7.199999999999999734e-01
9.182182673267326436e+02,7.059999999999999609e-01
9.191565016501650689e+02,6.830000000000000515e-01
9.200947359735973805e+02,6.610000000000000320e-01
9.210329702970296921e+02,6.350999999999999979e-01
9.219712046204621174e+02,6.060999999999999721e-01
9.229094389438944290e+02,5.462000000000000188e-01
9.238476732673267406e+02,5.201000000000000068e-01
9.247859075907590523e+02,5.040000000000000036e-01
9.257241419141914776e+02,4.789999999999999813e-01
9.266623762376237892e+02,4.530000000000000138e-01
9.276006105610561008e+02,4.309999999999999942e-01
9.285388448844885261e+02,4.079999999999999738e-01
9.294770792079208377e+02,3.880000000000000115e-01
9.304153135313531493e+02,3.669999999999999929e-01
9.313535478547854609e+02,3.509999999999999787e-01
9.322917821782178862e+02,3.400000000000000244e-01
9.332300165016501978e+02,3.220999999999999974e-01
9.341682508250825094e+02,3.059999999999999942e-01
9.351064851485148210e+02,2.929999999999999827e-01
9.360447194719472463e+02,2.800000000000000266e-01
9.369829537953795580e+02,2.670000000000000151e-01
9.379211881188118696e+02,2.540000000000000036e-01
9.388594224422442949e+02,2.389999999999999902e-01
9.397976567656766065e+02,2.220000000000000029e-01
9.407358910891089181e+02,2.001000000000000001e-01
9.416741254125412297e+02,1.811000000000000110e-01
9.426123597359736550e+02,1.739999999999999880e-01
9.435505940594059666e+02,1.700000000000000122e-01
9.444888283828382782e+02,1.650000000000000078e-01
9.454270627062707035e+02,1.590000000000000024e-01
9.463652970297030151e+02,1.580000000000000016e-01
9.473035313531353268e+02,1.509999999999999953e-01
9.482417656765676384e+02,1.380000000000000115e-01
9.491800000000000637e+02,1.270000000000000018e-01
9.501182343234323753e+02,1.250000000000000000e-01
9.510564686468646869e+02,1.260000000000000009e-01
9.519947029702969985e+02,1.320000000000000062e-01
9.529329372937294238e+02,1.350000000000000089e-01
9.538711716171617354e+02,1.489999999999999936e-01
9.548094059405940470e+02,1.620000000000000051e-01
9.557476402640264723e+02,1.749999999999999889e-01
9.566858745874587839e+02,1.910000000000000031e-01
9.576241089108910955e+02,2.089999999999999913e-01
9.585623432343234072e+02,2.059999999999999887e-01
9.595005775577558325e+02,2.039999999999999869e-01
9.604388118811881441e+02,2.000000000000000111e-01
9.613770462046204557e+02,1.880000000000000004e-01
9.623152805280528810e+02,1.779999999999999916e-01
9.632535148514851926e+02,1.739999999999999880e-01
9.641917491749175042e+02,1.719999999999999862e-01
9.651299834983498158e+02,1.719999999999999862e-01
9.660682178217822411e+02,1.719999999999999862e-01
9.670064521452145527e+02,1.739999999999999880e-01
9.679446864686468643e+02,1.779999999999999916e-01
9.688829207920792896e+02,1.930000000000000049e-01
9.698211551155116013e+02,1.960000000000000075e-01
9.707593894389439129e+02,2.129000000000000059e-01
9.716976237623762245e+02,2.190000000000000002e-01
9.726358580858086498e+02,2.230000000000000038e-01
9.735740924092409614e+02,2.280000000000000082e-01
9.745123267326732730e+02,2.320000000000000118e-01
9.754505610561055846e+02,2.340000000000000135e-01
9.763887953795380099e+02,2.359999999999999876e-01
9.773270297029703215e+02,2.349999999999999867e-01
9.782652640264026331e+02,2.310000000000000109e-01
9.792034983498350584e+02,2.151000000000000134e-01
9.801417326732673700e+02,2.119999999999999940e-01
9.810799669966996817e+02,2.149999999999999967e-01
9.820182013201319933e+02,2.290000000000000091e-01
9.829564356435644186e+02,2.439999999999999947e-01
9.838946699669967302e+02,2.670000000000000151e-01
9.848329042904290418e+02,3.250000000000000111e-01
9.857711386138614671e+02,3.439999999999999725e-01
9.867093729372937787e+02,3.589999999999999858e-01
9.876476072607260903e+02,3.609999999999999876e-01
9.885858415841584019e+02,3.589999999999999858e-01
9.895240759075908272e+02,3.469999999999999751e-01
9.904623102310231388e+02,3.310000000000000164e-01
9.914005445544554505e+02,3.160000000000000031e-01
9.923387788778877621e+02,2.999999999999999889e-01
9.932770132013201874e+02,2.859999999999999765e-01
9.942152475247524990e+02,2.700000000000000178e-01
9.951534818481848106e+02,2.550000000000000044e-01
9.960917161716172359e+02,2.389999999999999902e-01
9.970299504950495475e+02,2.101000000000000090e-01
9.979681848184818591e+02,1.860999999999999877e-01
9.989064191419141707e+02,1.620999999999999941e-01
9.998446534653465960e+02,1.390000000000000124e-01
1.000782887788778908e+03,1.110000000000000014e-01
1.001721122112211219e+03,9.700000000000000289e-02
1.002659356435643645e+03,9.099999999999999756e-02
1.003597590759075956e+03,8.200000000000000344e-02
1.004535825082508268e+03,6.500000000000000222e-02
1.005474059405940579e+03,4.900000000000000189e-02
1.006412293729373005e+03,4.000000000000000083e-02
1.007350528052805316e+03,3.599999999999999728e-02
1.008288762376237628e+03,2.110000000000000070e-02
1.009226996699669940e+03,1.799999999999999864e-02
1.010165231023102365e+03,1.799999999999999864e-02
1.011103465346534676e+03,1.799999999999999864e-02
1.012041699669966988e+03,1.799999999999999864e-02
1.012979933993399413e+03,1.799999999999999864e-02
1.013918168316831725e+03,1.799999999999999864e-02
1.014856402640264037e+03,1.799999999999999864e-02
1.015794636963696348e+03,2.000000000000000042e-02
1.016732871287128773e+03,2.000000000000000042e-02
1.017671105610561085e+03,2.000000000000000042e-02
1.018609339933993397e+03,2.000000000000000042e-02
1.019547574257425822e+03,2.100000000000000130e-02
1.020485808580858134e+03,2.100000000000000130e-02
1.021424042904290445e+03,2.100000000000000130e-02
1.022362277227722757e+03,2.299999999999999961e-02
1.023300511551155182e+03,2.400000000000000050e-02
1.024238745874587494e+03,2.599999999999999881e-02
1.025176980198019919e+03,2.699999999999999969e-02
1.026115214521452117e+03,2.699999999999999969e-02
1.027053448844884542e+03,2.699999999999999969e-02
1.027991683168316740e+03,3.099999999999999978e-02
1.028929917491749165e+03,3.400000000000000244e-02
1.029868151815181591e+03,4.200000000000000261e-02
1.030806386138614016e+03,6.199999999999999956e-02
1.031744620462046214e+03,7.199999999999999456e-02
1.032682854785478412e+03,8.400000000000000522e-02
1.033621089108910837e+03,9.299999999999999933e-02
1.034559323432343263e+03,1.010000000000000064e-01
1.035497557755775688e+03,1.189000000000000057e-01
1.036435792079208113e+03,1.388999999999999957e-01
1.037374026402640311e+03,1.590000000000000024e-01
1.038312260726072509e+03,1.880000000000000004e-01
1.039250495049504934e+03,2.059999999999999887e-01
1.040188729372937360e+03,2.260000000000000064e-01
1.041126963696369785e+03,2.829999999999999738e-01
1.042065198019801983e+03,2.969999999999999862e-01
1.043003432343234181e+03,2.969999999999999862e-01
1.043941666666666606e+03,3.049999999999999933e-01
1.044879900990099031e+03,3.079999999999999960e-01
1.045818135313531457e+03,3.089999999999999969e-01
1.046756369636963882e+03,3.220000000000000084e-01
1.047694603960396080e+03,3.290000000000000147e-01
1.048632838283828278e+03,3.320000000000000173e-01
1.049571072607260703e+03,3.350000000000000200e-01
1.050509306930693128e+03,3.400000000000000244e-01
1.051447541254125554e+03,3.449999999999999734e-01
1.052385775577557752e+03,3.509999999999999787e-01
1.053324009900990177e+03,3.539999999999999813e-01
1.054262244224422375e+03,3.539999999999999813e-01
1.055200478547854800e+03,3.559999999999999831e-01
1.056138712871287225e+03,3.569999999999999840e-01
1.057076947194719651e+03,3.609999999999999876e-01
1.058015181518151849e+03,3.609999999999999876e-01
1.058953415841584047e+03,3.629999999999999893e-01
1.059891650165016472e+03,3.639999999999999902e-01
1.060829884488448897e+03,3.689999999999999947e-01
1.061768118811881322e+03,3.719999999999999973e-01
1.062706353135313520e+03,3.760000000000000009e-01
1.063644587458745946e+03,3.790000000000000036e-01
1.064582821782178144e+03,3.820000000000000062e-01
1.065521056105610569e+03,3.890000000000000124e-01
1.066459290429042994e+03,3.950000000000000178e-01
1.067397524752475420e+03,3.990000000000000213e-01
1.068335759075907617e+03,4.020000000000000240e-01
1.069273993399339815e+03,4.050000000000000266e-01
1.070212227722772241e+03,4.169999999999999818e-01
1.071150462046204666e+03,4.219999999999999862e-01
1.072088696369637091e+03,4.269999999999999907e-01
1.073026930693069289e+03,4.299999999999999933e-01
1.073965165016501714e+03,4.359999999999999987e-01
1.074903399339933912e+03,4.380000000000000004e-01
1.075841633663366338e+03,4.470000000000000084e-01
1.076779867986798763e+03,4.500000000000000111e-01
1.077718102310231188e+03,4.560000000000000164e-01
1.078656336633663386e+03,4.600000000000000200e-01
1.079594570957095584e+03,4.680000000000000271e-01
1.080532805280528009e+03,4.779999999999999805e-01
1.081471039603960435e+03,4.819999999999999840e-01
1.082409273927392860e+03,4.889999999999999902e-01
1.083347508250825058e+03,4.919999999999999929e-01
1.084285742574257483e+03,5.020000000000000018e-01
1.085223976897689681e+03,5.040000000000000036e-01
1.086162211221122107e+03,5.130000000000000115e-01
1.087100445544554532e+03,5.300000000000000266e-01
1.088038679867986957e+03,5.300000000000000266e-01
1.088976914191419155e+03,5.330000000000000293e-01
1.089915148514851353e+03,5.360000000000000320e-01
1.090853382838283778e+03,5.420000000000000373e-01
1.091791617161716204e+03,5.490000000000000435e-01
1.092729851485148629e+03,5.520000000000000462e-01
1.093668085808581054e+03,5.530000000000000471e-01
1.094606320132013252e+03,5.580000000000000515e-01
1.095544554455445450e+03,5.649999999999999467e-01
1.096482788778877875e+03,5.679999999999999494e-01
1.097421023102310301e+03,5.739999999999999547e-01
1.098359257425742726e+03,5.789999999999999591e-01
1.099297491749174924e+03,5.779999999999999583e-01
1.100235726072607122e+03,5.749999999999999556e-01
1.101173960396039547e+03,5.739999999999999547e-01
1.102112194719471972e+03,5.709999999999999520e-01
1.103050429042904398e+03,5.689999999999999503e-01
1.103988663366336823e+03,5.679999999999999494e-01
1.104926897689769021e+03,5.649999999999999467e-01
1.105865132013201219e+03,5.629999999999999449e-01
1.106803366336633644e+03,5.610000000000000542e-01
1.107741600660066069e+03,5.580000000000000515e-01
1.108679834983498495e+03,5.550000000000000488e-01
1.109618069306930693e+03,5.490000000000000435e-01
1.110556303630363118e+03,5.370000000000000329e-01
1.111494537953795316e+03,5.240000000000000213e-01
1.112432772277227741e+03,5.170000000000000151e-01
1.113371006600660166e+03,5.110000000000000098e-01
1.114309240924092592e+03,5.040000000000000036e-01
1.115247475247524790e+03,4.909999999999999920e-01
1.116185709570956988e+03,4.779999999999999805e-01
1.117123943894389413e+03,4.630000000000000226e-01
1.118062178217821838e+03,4.470000000000000084e-01
1.119000412541254263e+03,4.270999999999999797e-01
1.119938646864686461e+03,4.011000000000000121e-01
1.120876881188118887e+03,3.660999999999999810e-01
1.121815115511551085e+03,3.239000000000000212e-01
1.122753349834983510e+03,2.710000000000000187e-01
1.123691584158415935e+03,2.580000000000000071e-01
1.124629818481848361e+03,2.260000000000000064e-01
1.125568052805280558e+03,1.869999999999999996e-01
1.126506287128712756e+03,1.449999999999999900e-01
1.127444521452145182e+03,9.810000000000000664e-02
1.128382755775577607e+03,4.009999999999999676e-02
1.129320990099010032e+03,2.110000000000000070e-02
1.130259224422442230e+03,1.000000000000000021e-02
1.131197458745874656e+03,8.000000000000000167e-03
1.132135693069306853e+03,8.000000000000000167e-03
1.133073927392739279e+03,8.000000000000000167e-03
1.134012161716171704e+03,8.000000000000000167e-03
1.134950396039604129e+03,8.000000000000000167e-03
1.135888630363036327e+03,8.000000000000000167e-03
1.136826864686468525e+03,8.000000000000000167e-03
1.137765099009900950e+03,8.000000000000000167e-03
1.138703333333333376e+03,8.000000000000000167e-03
1.139641567656765801e+03,8.000000000000000167e-03
1.140579801980197999e+03,8.000000000000000167e-03
1.141518036303630424e+03,8.000000000000000167e-03
1.142456270627062622e+03,8.000000000000000167e-03
1.143394504950495048e+03,8.000000000000000167e-03
1.144332739273927473e+03,8.000000000000000167e-03
1.145270973597359898e+03,8.000000000000000167e-03
1.146209207920792096e+03,8.000000000000000167e-03
1.147147442244224294e+03,8.000000000000000167e-03
1.148085676567656719e+03,8.000000000000000167e-03
1.149023910891089145e+03,1.000000000000000021e-02
1.149962145214521570e+03,1.000000000000000021e-02
1.150900379537953995e+03,1.000000000000000021e-02
1.151838613861386193e+03,1.000000000000000021e-02
1.152776848184818391e+03,1.000000000000000021e-02
1.153715082508250816e+03,1.000000000000000021e-02
1.154653316831683242e+03,1.000000000000000021e-02
1.155591551155115667e+03,1.099999999999999936e-02
1.156529785478547865e+03,1.400000000000000029e-02
1.157468019801980063e+03,1.799999999999999864e-02
1.158406254125412488e+03,2.900000000000000147e-02
1.159344488448844913e+03,3.710000000000000103e-02
1.160282722772277339e+03,1.030999999999999972e-01
1.161220957095709764e+03,1.670000000000000095e-01
1.162159191419141962e+03,1.809999999999999942e-01
1.163097425742574160e+03,2.220000000000000029e-01
1.164035660066006585e+03,2.790000000000000258e-01
1.164973894389439010e+03,3.558999999999999941e-01
1.165912128712871436e+03,4.168999999999999928e-01
1.166850363036303634e+03,4.169999999999999818e-01
1.167788597359736059e+03,4.249999999999999889e-01
1.168726831683168257e+03,4.380000000000000004e-01
1.169665066006600682e+03,4.380000000000000004e-01
1.170603300330033107e+03,4.380000000000000004e-01
1.171541534653465533e+03,4.309999999999999942e-01
1.172479768976897731e+03,4.279999999999999916e-01
1.173418003300329929e+03,4.219999999999999862e-01
1.174356237623762354e+03,4.149999999999999800e-01
1.175294471947194779e+03,4.050000000000000266e-01
1.176232706270627205e+03,3.920000000000000151e-01
1.177170940594059402e+03,3.800000000000000044e-01
1.178109174917491828e+03,3.719999999999999973e-01
1.179047409240924026e+03,3.569999999999999840e-01
1.179985643564356451e+03,3.380000000000000226e-01
1.180923877887788876e+03,3.059999999999999942e-01
1.181862112211221302e+03,2.839999999999999747e-01
1.182800346534653499e+03,2.650000000000000133e-01
1.183738580858085697e+03,2.479999999999999982e-01
1.184676815181518123e+03,2.320000000000000118e-01
1.185615049504950548e+03,2.179999999999999993e-01
1.186553283828382973e+03,2.039999999999999869e-01
1.187491518151815171e+03,1.900000000000000022e-01
1.188429752475247597e+03,1.739999999999999880e-01
1.189367986798679794e+03,1.580000000000000016e-01
1.190306221122112220e+03,1.400000000000000133e-01
1.191244455445544645e+03,9.400000000000000022e-02
1.192182689768977070e+03,7.099999999999999367e-02
1.193120924092409268e+03,5.600000000000000117e-02
1.194059158415841466e+03,1.510000000000000057e-02
1.194997392739273891e+03,1.299999999999999940e-02
1.195935627062706317e+03,1.299999999999999940e-02
1.196873861386138742e+03,1.099999999999999936e-02
1.197812095709570940e+03,1.099999999999999936e-02
1.198750330033003365e+03,1.099999999999999936e-02
1.199688564356435563e+03,1.099999999999999936e-02
1.200626798679867989e+03,1.099999999999999936e-02
1.201565033003300414e+03,1.099999999999999936e-02
1.202503267326732839e+03,1.099999999999999936e-02
1.203441501650165037e+03,1.099999999999999936e-02
1.204379735973597235e+03,1.099999999999999936e-02
1.205317970297029660e+03,1.099999999999999936e-02
1.206256204620462086e+03,1.099999999999999936e-02
1.207194438943894511e+03,1.099999999999999936e-02
1.208132673267326709e+03,1.099999999999999936e-02
1.209070907590759134e+03,1.099999999999999936e-02
1.210009141914191332e+03,1.099999999999999936e-02
1.210947376237623757e+03,1.099999999999999936e-02
1.211885610561056183e+03,1.099999999999999936e-02
1.212823844884488608e+03,1.099999999999999936e-02
1.213762079207920806e+03,1.099999999999999936e-02
1.214700313531353004e+03,1.099999999999999936e-02
1.215638547854785429e+03,1.099999999999999936e-02
1.216576782178217854e+03,1.099999999999999936e-02
1.217515016501650280e+03,1.099999999999999936e-02
1.218453250825082705e+03,1.099999999999999936e-02
1.219391485148514903e+03,1.099999999999999936e-02
1.220329719471947101e+03,1.099999999999999936e-02
1.221267953795379526e+03,1.099999999999999936e-02
1.222206188118811951e+03,1.099999999999999936e-02
1.223144422442244377e+03,1.099999999999999936e-02
1.224082656765676575e+03,1.099999999999999936e-02
1.225020891089108773e+03,1.099999999999999936e-02
1.225959125412541198e+03,1.099999999999999936e-02
1.226897359735973623e+03,1.099999999999999936e-02
1.227835594059406048e+03,1.099999999999999936e-02
1.228773828382838474e+03,1.099999999999999936e-02
1.229712062706270672e+03,1.299999999999999940e-02
1.230650297029702870e+03,1.299999999999999940e-02
1.231588531353135295e+03,1.299999999999999940e-02
1.232526765676567720e+03,1.299999999999999940e-02
1.233465000000000146e+03,1.299999999999999940e-02
1.234403234323432343e+03,1.299999999999999940e-02
1.235341468646864769e+03,1.499999999999999944e-02
1.236279702970296967e+03,1.700000000000000122e-02
1.237217937293729392e+03,1.799999999999999864e-02
1.238156171617161817e+03,2.000000000000000042e-02
1.239094405940594243e+03,2.100000000000000130e-02
1.240032640264026440e+03,2.100000000000000130e-02
1.240970874587458638e+03,2.900000000000000147e-02
1.241909108910891064e+03,3.400000000000000244e-02
1.242847343234323489e+03,3.400000000000000244e-02
1.243785577557755914e+03,3.899999999999999994e-02
1.244723811881188112e+03,4.200000000000000261e-02
1.245662046204620538e+03,4.900000000000000189e-02
1.246600280528052735e+03,5.199999999999999761e-02
1.247538514851485161e+03,5.299999999999999850e-02
1.248476749174917586e+03,5.800000000000000294e-02
1.249414983498350011e+03,6.199999999999999956e-02
1.250353217821782209e+03,6.800000000000000488e-02
1.251291452145214407e+03,7.099999999999999367e-02
1.252229686468646833e+03,7.199999999999999456e-02
1.253167920792079258e+03,7.499999999999999722e-02
1.254106155115511683e+03,7.699999999999999900e-02
1.255044389438943881e+03,7.799999999999999989e-02
1.255982623762376306e+03,7.900000000000000078e-02
1.256920858085808504e+03,8.100000000000000255e-02
1.257859092409240930e+03,8.500000000000000611e-02
1.258797326732673355e+03,1.000000000000000056e-01
1.259735561056105780e+03,1.130000000000000032e-01
1.260673795379537978e+03,1.298999999999999877e-01
1.261612029702970176e+03,1.479000000000000037e-01
1.262550264026402601e+03,1.481000000000000094e-01
1.263488498349835027e+03,1.910999999999999921e-01
1.264426732673267452e+03,2.340000000000000135e-01
1.265364966996699650e+03,2.760000000000000231e-01
1.266303201320132075e+03,3.180000000000000049e-01
1.267241435643564273e+03,3.589999999999999858e-01
1.268179669966996698e+03,4.078999999999999848e-01
1.269117904290429124e+03,4.209999999999999853e-01
1.270056138613861549e+03,4.239999999999999880e-01
1.270994372937293747e+03,4.249999999999999889e-01
1.271932607260725945e+03,4.249999999999999889e-01
1.272870841584158370e+03,4.239999999999999880e-01
1.273809075907590795e+03,4.209999999999999853e-01
1.274747310231023221e+03,4.169999999999999818e-01
1.275685544554455646e+03,4.079999999999999738e-01
1.276623778877887844e+03,3.930000000000000160e-01
1.277562013201320042e+03,3.760000000000000009e-01
1.278500247524752467e+03,3.539999999999999813e-01
1.279438481848184892e+03,3.251000000000000001e-01
1.280376716171617318e+03,2.891000000000000236e-01
1.281314950495049516e+03,2.358999999999999986e-01
1.282253184818481714e+03,1.990000000000000102e-01
1.283191419141914139e+03,1.839999999999999969e-01
1.284129653465346564e+03,1.459999999999999909e-01
1.285067887788778989e+03,1.350000000000000089e-01
1.286006122112211415e+03,1.250000000000000000e-01
1.286944356435643613e+03,1.130000000000000032e-01
1.287882590759075811e+03,1.089999999999999997e-01
1.288820825082508236e+03,1.059999999999999970e-01
1.289759059405940661e+03,1.029999999999999943e-01
1.290697293729373087e+03,1.010000000000000064e-01
1.291635528052805284e+03,1.010000000000000064e-01
1.292573762376237710e+03,1.000000000000000056e-01
1.293511996699669908e+03,1.000000000000000056e-01
1.294450231023102333e+03,1.000000000000000056e-01
1.295388465346534758e+03,1.010000000000000064e-01
1.296326699669967184e+03,1.010000000000000064e-01
1.297264933993399382e+03,1.010000000000000064e-01
1.298203168316831579e+03,1.029999999999999943e-01
1.299141402640264005e+03,1.029999999999999943e-01
1.300079636963696430e+03,1.059999999999999970e-01
1.301017871287128855e+03,1.069999999999999979e-01
1.301956105610561053e+03,1.100000000000000006e-01
1.302894339933993479e+03,1.160000000000000059e-01
1.303832574257425676e+03,1.229999999999999982e-01
1.304770808580858102e+03,1.360000000000000098e-01
1.305709042904290527e+03,1.559999999999999998e-01
1.306647277227722952e+03,2.149000000000000077e-01
1.307585511551155150e+03,2.409000000000000030e-01
1.308523745874587348e+03,2.599000000000000199e-01
1.309461980198019774e+03,2.871000000000000218e-01
1.310400214521452199e+03,3.501000000000000223e-01
1.311338448844884624e+03,4.630000000000000226e-01
1.312276683168316822e+03,5.000000000000000000e-01
1.313214917491749247e+03,5.370000000000000329e-01
1.314153151815181445e+03,5.580000000000000515e-01
1.315091386138613871e+03,5.769999999999999574e-01
1.316029620462046296e+03,6.108999999999999986e-01
1.316967854785478721e+03,6.449000000000000288e-01
1.317906089108910919e+03,6.699000000000000510e-01
1.318844323432343117e+03,6.969999999999999529e-01
1.319782557755775542e+03,7.179999999999999716e-01
1.320720792079207968e+03,7.409999999999999920e-01
1.321659026402640393e+03,7.479999999999999982e-01
1.322597260726072591e+03,7.550000000000000044e-01
1.323535495049505016e+03,7.570000000000000062e-01
1.324473729372937214e+03,7.570000000000000062e-01
1.325411963696369639e+03,7.570000000000000062e-01
1.326350198019802065e+03,7.580000000000000071e-01
1.327288432343234490e+03,7.580000000000000071e-01
1.328226666666666688e+03,7.580000000000000071e-01
1.329164900990098886e+03,7.570000000000000062e-01
1.330103135313531311e+03,7.570000000000000062e-01
1.331041369636963736e+03,7.550000000000000044e-01
1.331979603960396162e+03,7.550000000000000044e-01
1.332917838283828360e+03,7.540000000000000036e-01
1.333856072607260785e+03,7.520000000000000018e-01
1.334794306930692983e+03,7.510000000000000009e-01
1.335732541254125408e+03,7.479999999999999982e-01
1.336670775577557833e+03,7.469999999999999973e-01
1.337609009900990259e+03,7.419999999999999929e-01
1.338547244224422457e+03,7.349999999999999867e-01
1.339485478547854655e+03,7.289999999999999813e-01
1.340423712871287080e+03,7.229999999999999760e-01
1.341361947194719505e+03,7.119999999999999662e-01
1.342300181518151931e+03,7.039999999999999591e-01
1.343238415841584356e+03,6.929999999999999494e-01
1.344176650165016554e+03,6.780000000000000471e-01
1.345114884488448752e+03,6.620000000000000329e-01
1.346053118811881177e+03,6.451000000000000068e-01
1.346991353135313602e+03,6.320000000000000062e-01
1.347929587458746028e+03,6.099999999999999867e-01
1.348867821782178225e+03,5.948999999999999844e-01
1.349806056105610651e+03,5.330000000000000293e-01
1.350744290429042849e+03,4.949999999999999956e-01
1.351682524752475274e+03,4.620000000000000218e-01
1.352620759075907699e+03,4.181000000000000272e-01
1.353558993399340125e+03,3.990000000000000213e-01
1.354497227722772323e+03,3.670999999999999819e-01
1.355435462046204520e+03,3.240999999999999992e-01
1.356373696369636946e+03,2.669000000000000261e-01
1.357311930693069371e+03,2.228999999999999870e-01
1.358250165016501796e+03,1.958000000000000018e-01
1.359188399339933994e+03,7.399999999999999634e-02
1.360126633663366420e+03,5.800000000000000294e-02
1.361064867986798617e+03,2.999999999999999889e-02
1.362003102310231043e+03,2.699999999999999969e-02
1.362941336633663468e+03,2.400000000000000050e-02
1.363879570957095893e+03,1.799999999999999864e-02
1.364817805280528091e+03,1.700000000000000122e-02
1.365756039603960289e+03,1.499999999999999944e-02
1.366694273927392715e+03,1.400000000000000029e-02
1.367632508250825140e+03,1.299999999999999940e-02
1.368570742574257565e+03,1.299999999999999940e-02
1.369508976897689763e+03,1.299999999999999940e-02
1.370447211221122188e+03,1.099999999999999936e-02
1.371385445544554386e+03,1.099999999999999936e-02
1.372323679867986812e+03,1.000000000000000021e-02
1.373261914191419237e+03,1.000000000000000021e-02
1.374200148514851662e+03,1.000000000000000021e-02
1.375138382838283860e+03,1.000000000000000021e-02
1.376076617161716058e+03,1.000000000000000021e-02
1.377014851485148483e+03,1.000000000000000021e-02
1.377953085808580909e+03,1.099999999999999936e-02
1.378891320132013334e+03,1.099999999999999936e-02
1.379829554455445532e+03,1.299999999999999940e-02
1.380767788778877957e+03,1.299999999999999940e-02
1.381706023102310155e+03,1.400000000000000029e-02
1.382644257425742580e+03,1.499999999999999944e-02
1.383582491749175006e+03,1.799999999999999864e-02
1.384520726072607431e+03,2.400000000000000050e-02
1.385458960396039629e+03,2.999999999999999889e-02
1.386397194719471827e+03,3.400000000000000244e-02
1.387335429042904252e+03,4.700000000000000011e-02
1.388273663366336677e+03,5.600000000000000117e-02
1.389211897689769103e+03,7.099999999999999367e-02
1.390150132013201301e+03,9.299999999999999933e-02
1.391088366336633726e+03,1.059999999999999970e-01
1.392026600660065924e+03,1.189999999999999947e-01
1.392964834983498349e+03,1.388999999999999957e-01
1.393903069306930774e+03,1.580000000000000016e-01
1.394841303630363200e+03,1.710000000000000131e-01
1.395779537953795398e+03,1.721000000000000030e-01
1.396717772277227596e+03,2.069999999999999896e-01
1.397656006600660021e+03,2.409999999999999920e-01
1.398594240924092446e+03,2.740000000000000213e-01
1.399532475247524872e+03,3.089999999999999969e-01
1.400470709570957297e+03,3.430000000000000271e-01
1.401408943894389495e+03,3.759000000000000119e-01
1.402347178217821693e+03,4.279000000000000026e-01
1.403285412541254118e+03,4.840999999999999748e-01
1.404223646864686543e+03,5.201000000000000068e-01
1.405161881188118969e+03,5.560000000000000497e-01
1.406100115511551394e+03,5.979999999999999760e-01
1.407038349834983364e+03,6.039999999999999813e-01
1.407976584158415790e+03,6.099999999999999867e-01
1.408914818481848215e+03,6.159999999999999920e-01
1.409853052805280640e+03,6.169999999999999929e-01
1.410791287128713066e+03,6.169999999999999929e-01
1.411729521452145036e+03,6.159999999999999920e-01
1.412667755775577461e+03,6.109999999999999876e-01
1.413605990099009887e+03,6.099999999999999867e-01
1.414544224422442312e+03,6.089999999999999858e-01
1.415482458745874737e+03,6.059999999999999831e-01
1.416420693069307163e+03,6.039999999999999813e-01
1.417358927392739133e+03,6.029999999999999805e-01
1.418297161716171559e+03,6.009999999999999787e-01
1.419235396039603984e+03,5.999999999999999778e-01
1.420173630363036409e+03,5.969999999999999751e-01
1.421111864686468834e+03,5.909999999999999698e-01
1.422050099009900805e+03,5.819999999999999618e-01
1.422988333333333230e+03,5.739999999999999547e-01
1.423926567656765656e+03,5.649999999999999467e-01
1.424864801980198081e+03,5.430000000000000382e-01
1.425803036303630506e+03,5.370000000000000329e-01
1.426741270627062931e+03,5.330000000000000293e-01
1.427679504950494902e+03,5.290000000000000258e-01
1.428617739273927327e+03,5.240000000000000213e-01
1.429555973597359753e+03,5.210000000000000187e-01
1.430494207920792178e+03,5.230000000000000204e-01
1.431432442244224603e+03,5.270000000000000240e-01
1.432370676567656574e+03,5.340000000000000302e-01
1.433308910891088999e+03,5.360000000000000320e-01
1.434247145214521424e+03,5.420000000000000373e-01
1.435185379537953850e+03,5.460000000000000409e-01
1.436123613861386275e+03,5.490000000000000435e-01
1.437061848184818700e+03,5.500000000000000444e-01
1.438000082508250671e+03,5.520000000000000462e-01
1.438938316831683096e+03,5.530000000000000471e-01
1.439876551155115521e+03,5.530000000000000471e-01
1.440814785478547947e+03,5.550000000000000488e-01
1.441753019801980372e+03,5.550000000000000488e-01
1.442691254125412797e+03,5.560000000000000497e-01
1.443629488448844768e+03,5.560000000000000497e-01
1.444567722772277193e+03,5.580000000000000515e-01
1.445505957095709618e+03,5.580000000000000515e-01
1.446444191419142044e+03,5.629999999999999449e-01
1.447382425742574469e+03,5.649999999999999467e-01
1.448320660066006440e+03,5.739999999999999547e-01
1.449258894389438865e+03,5.769999999999999574e-01
1.450197128712871290e+03,5.779999999999999583e-01
1.451135363036303715e+03,5.819999999999999618e-01
1.452073597359736141e+03,5.949999999999999734e-01
1.453011831683168566e+03,6.039999999999999813e-01
1.453950066006600537e+03,6.059999999999999831e-01
1.454888300330032962e+03,6.109999999999999876e-01
1.455826534653465387e+03,6.169999999999999929e-01
1.456764768976897813e+03,6.189999999999999947e-01
1.457703003300330238e+03,6.229999999999999982e-01
1.458641237623762208e+03,6.320000000000000062e-01
1.459579471947194634e+03,6.330000000000000071e-01
1.460517706270627059e+03,6.360000000000000098e-01
1.461455940594059484e+03,6.480000000000000204e-01
1.462394174917491910e+03,6.550000000000000266e-01
1.463332409240924335e+03,6.590000000000000302e-01
1.464270643564356305e+03,6.610000000000000320e-01
1.465208877887788731e+03,6.610000000000000320e-01
1.466147112211221156e+03,6.620000000000000329e-01
1.467085346534653581e+03,6.650000000000000355e-01
1.468023580858086007e+03,6.680000000000000382e-01
1.468961815181517977e+03,6.700000000000000400e-01
1.469900049504950402e+03,6.720000000000000417e-01
1.470838283828382828e+03,6.740000000000000435e-01
1.471776518151815253e+03,6.770000000000000462e-01
1.472714752475247678e+03,6.770000000000000462e-01
1.473652986798680104e+03,6.780000000000000471e-01
1.474591221122112074e+03,6.830000000000000515e-01
1.475529455445544500e+03,6.840000000000000524e-01
1.476467689768976925e+03,6.870000000000000551e-01
1.477405924092409350e+03,6.929999999999999494e-01
1.478344158415841775e+03,6.929999999999999494e-01
1.479282392739273746e+03,6.939999999999999503e-01
1.480220627062706171e+03,6.989999999999999547e-01
1.481158861386138597e+03,7.029999999999999583e-01
1.482097095709571022e+03,7.089999999999999636e-01
1.483035330033003447e+03,7.129999999999999671e-01
1.483973564356435872e+03,7.149999999999999689e-01
1.484911798679867843e+03,7.159999999999999698e-01
1.485850033003300268e+03,7.189999999999999725e-01
1.486788267326732694e+03,7.249999999999999778e-01
1.487726501650165119e+03,7.279999999999999805e-01
1.488664735973597544e+03,7.309999999999999831e-01
1.489602970297029515e+03,7.339999999999999858e-01
1.490541204620461940e+03,7.359999999999999876e-01
1.491479438943894365e+03,7.419999999999999929e-01
1.492417673267326791e+03,7.439999999999999947e-01
1.493355907590759216e+03,7.449999999999999956e-01
1.494294141914191641e+03,7.449999999999999956e-01
1.495232376237623612e+03,7.469999999999999973e-01
1.496170610561056037e+03,7.479999999999999982e-01
1.497108844884488462e+03,7.500000000000000000e-01
1.498047079207920888e+03,7.510000000000000009e-01
1.498985313531353313e+03,7.520000000000000018e-01
1.499923547854785738e+03,7.540000000000000036e-01
1.500861782178217709e+03,7.600000000000000089e-01
1.501800016501650134e+03,7.610000000000000098e-01
1.502738250825082559e+03,7.630000000000000115e-01
1.503676485148514985e+03,7.630000000000000115e-01
1.504614719471947410e+03,7.630000000000000115e-01
1.505552953795379381e+03,7.630000000000000115e-01
1.506491188118811806e+03,7.630000000000000115e-01
1.507429422442244231e+03,7.640000000000000124e-01
1.508367656765676657e+03,7.650000000000000133e-01
1.509305891089109082e+03,7.670000000000000151e-01
1.510244125412541507e+03,7.670000000000000151e-01
1.511182359735973478e+03,7.700000000000000178e-01
1.512120594059405903e+03,7.740000000000000213e-01
1.513058828382838328e+03,7.760000000000000231e-01
1.513997062706270754e+03,7.770000000000000240e-01
1.514935297029703179e+03,7.760000000000000231e-01
1.515873531353135149e+03,7.770000000000000240e-01
1.516811765676567575e+03,7.790000000000000258e-01
1.517750000000000000e+03,7.810000000000000275e-01
1.518688234323432425e+03,7.830000000000000293e-01
1.519626468646864851e+03,7.840000000000000302e-01
1.520564702970297276e+03,7.860000000000000320e-01
1.521502937293729246e+03,7.890000000000000346e-01
1.522441171617161672e+03,7.900000000000000355e-01
1.523379405940594097e+03,7.920000000000000373e-01
1.524317640264026522e+03,7.920000000000000373e-01
1.525255874587458948e+03,7.930000000000000382e-01
1.526194108910890918e+03,7.950000000000000400e-01
1.527132343234323343e+03,7.960000000000000409e-01
1.528070577557755769e+03,7.970000000000000417e-01
1.529008811881188194e+03,8.000000000000000444e-01
1.529947046204620619e+03,8.020000000000000462e-01
1.530885280528053045e+03,8.030000000000000471e-01
1.531823514851485015e+03,8.050000000000000488e-01
1.532761749174917441e+03,8.050000000000000488e-01
1.533699983498349866e+03,8.060000000000000497e-01
1.534638217821782291e+03,8.080000000000000515e-01
1.535576452145214716e+03,8.080000000000000515e-01
1.536514686468646687e+03,8.080000000000000515e-01
1.537452920792079112e+03,8.080000000000000515e-01
1.538391155115511538e+03,8.060000000000000497e-01
1.539329389438943963e+03,8.060000000000000497e-01
1.540267623762376388e+03,8.050000000000000488e-01
1.541205858085808813e+03,8.050000000000000488e-01
1.542144092409240784e+03,8.030000000000000471e-01
1.543082326732673209e+03,7.970000000000000417e-01
1.544020561056105635e+03,7.930000000000000382e-01
1.544958795379538060e+03,7.890000000000000346e-01
1.545897029702970485e+03,7.860000000000000320e-01
1.546835264026402456e+03,7.830000000000000293e-01
1.547773498349834881e+03,7.790000000000000258e-01
1.548711732673267306e+03,7.770000000000000240e-01
1.549649966996699732e+03,7.740000000000000213e-01
1.550588201320132157e+03,7.670000000000000151e-01
1.551526435643564582e+03,7.600000000000000089e-01
1.552464669966996553e+03,7.520000000000000018e-01
1.553402904290428978e+03,7.469999999999999973e-01
1.554341138613861403e+03,7.439999999999999947e-01
1.555279372937293829e+03,7.409999999999999920e-01
1.556217607260726254e+03,7.379999999999999893e-01
1.557155841584158679e+03,7.309999999999999831e-01
1.558094075907590650e+03,7.259999999999999787e-01
1.559032310231023075e+03,7.249999999999999778e-01
1.559970544554455500e+03,7.229999999999999760e-01
1.560908778877887926e+03,7.219999999999999751e-01
1.561847013201320351e+03,7.179999999999999716e-01
1.562785247524752322e+03,7.149999999999999689e-01
1.563723481848184747e+03,7.089999999999999636e-01
1.564661716171617172e+03,7.089999999999999636e-01
1.565599950495049598e+03,7.069999999999999618e-01
1.566538184818482023e+03,7.039999999999999591e-01
1.567476419141914448e+03,7.019999999999999574e-01
1.568414653465346419e+03,6.969999999999999529e-01
1.569352887788778844e+03,6.939999999999999503e-01
1.570291122112211269e+03,6.909999999999999476e-01
1.571229356435643695e+03,6.879999999999999449e-01
1.572167590759076120e+03,6.830000000000000515e-01
1.573105825082508090e+03,6.800000000000000488e-01
1.574044059405940516e+03,6.800000000000000488e-01
1.574982293729372941e+03,6.780000000000000471e-01
1.575920528052805366e+03,6.770000000000000462e-01
1.576858762376237792e+03,6.750000000000000444e-01
1.577796996699670217e+03,6.750000000000000444e-01
1.578735231023102187e+03,6.740000000000000435e-01
1.579673465346534613e+03,6.720000000000000417e-01
1.580611699669967038e+03,6.700000000000000400e-01
1.581549933993399463e+03,6.700000000000000400e-01
1.582488168316831889e+03,6.700000000000000400e-01
1.583426402640263859e+03,6.680000000000000382e-01
1.584364636963696285e+03,6.680000000000000382e-01
1.585302871287128710e+03,6.670000000000000373e-01
1.586241105610561135e+03,6.650000000000000355e-01
1.587179339933993560e+03,6.650000000000000355e-01
1.588117574257425986e+03,6.620000000000000329e-01
1.589055808580857956e+03,6.620000000000000329e-01
1.589994042904290382e+03,6.620000000000000329e-01
1.590932277227722807e+03,6.620000000000000329e-01
1.591870511551155232e+03,6.610000000000000320e-01
1.592808745874587657e+03,6.610000000000000320e-01
1.593746980198019628e+03,6.610000000000000320e-01
1.594685214521452053e+03,6.590000000000000302e-01
1.595623448844884479e+03,6.580000000000000293e-01
1.596561683168316904e+03,6.580000000000000293e-01
1.597499917491749329e+03,6.560000000000000275e-01
1.598438151815181755e+03,6.560000000000000275e-01
1.599376386138613725e+03,6.520000000000000240e-01
1.600314620462046150e+03,6.510000000000000231e-01
1.601252854785478576e+03,6.480000000000000204e-01
1.602191089108911001e+03,6.450000000000000178e-01
1.603129323432343426e+03,6.390000000000000124e-01
1.604067557755775397e+03,6.330000000000000071e-01
1.605005792079207822e+03,6.300000000000000044e-01
1.605944026402640247e+03,6.290000000000000036e-01
1.606882260726072673e+03,6.219999999999999973e-01
1.607820495049505098e+03,6.169999999999999929e-01
1.608758729372937523e+03,6.109999999999999876e-01
1.609696963696369494e+03,6.039999999999999813e-01
1.610635198019801919e+03,5.999999999999999778e-01
1.611573432343234344e+03,5.899999999999999689e-01
1.612511666666666770e+03,5.689999999999999503e-01
1.613449900990099195e+03,5.629999999999999449e-01
1.614388135313531166e+03,5.430000000000000382e-01
1.615326369636963591e+03,5.270000000000000240e-01
1.616264603960396016e+03,5.230000000000000204e-01
1.617202838283828441e+03,5.130000000000000115e-01
1.618141072607260867e+03,5.040000000000000036e-01
1.619079306930693292e+03,5.020000000000000018e-01
1.620017541254125263e+03,4.939999999999999947e-01
1.620955775577557688e+03,4.879999999999999893e-01
1.621894009900990113e+03,4.759999999999999787e-01
1.622832244224422539e+03,4.689999999999999725e-01
1.623770478547854964e+03,4.630000000000000226e-01
1.624708712871287389e+03,4.570000000000000173e-01
1.625646947194719360e+03,4.540000000000000147e-01
1.626585181518151785e+03,4.410000000000000031e-01
1.627523415841584210e+03,4.219999999999999862e-01
1.628461650165016636e+03,3.978999999999999759e-01
1.629399884488449061e+03,3.729000000000000092e-01
1.630338118811881031e+03,3.478999999999999870e-01
1.631276353135313457e+03,3.049999999999999933e-01
1.632214587458745882e+03,2.580000000000000071e-01
1.633152821782178307e+03,2.379999999999999893e-01
1.634091056105610733e+03,1.970000000000000084e-01
1.635029290429043158e+03,1.550999999999999879e-01
1.635967524752475128e+03,1.290000000000000036e-01
1.636905759075907554e+03,5.020000000000000157e-02
1.637843993399339979e+03,1.299999999999999940e-02
1.638782227722772404e+03,1.099999999999999936e-02
1.639720462046204830e+03,1.099999999999999936e-02
1.640658696369636800e+03,1.000000000000000021e-02
1.641596930693069226e+03,1.000000000000000021e-02
1.642535165016501651e+03,1.000000000000000021e-02
1.643473399339934076e+03,1.000000000000000021e-02
1.644411633663366501e+03,8.000000000000000167e-03
1.645349867986798927e+03,8.000000000000000167e-03
1.646288102310230897e+03,8.000000000000000167e-03
1.647226336633663323e+03,8.000000000000000167e-03
1.648164570957095748e+03,8.000000000000000167e-03
1.649102805280528173e+03,8.000000000000000167e-03
1.650041039603960598e+03,8.000000000000000167e-03
1.650979273927392569e+03,8.000000000000000167e-03
1.651917508250824994e+03,8.000000000000000167e-03
1.652855742574257420e+03,8.000000000000000167e-03
1.653793976897689845e+03,8.000000000000000167e-03
1.654732211221122270e+03,8.000000000000000167e-03
1.655670445544554696e+03,8.000000000000000167e-03
1.656608679867986666e+03,8.000000000000000167e-03
1.657546914191419091e+03,8.000000000000000167e-03
1.658485148514851517e+03,8.000000000000000167e-03
1.659423382838283942e+03,1.000000000000000021e-02
1.660361617161716367e+03,1.499999999999999944e-02
1.661299851485148338e+03,2.999999999999999889e-02
1.662238085808580763e+03,4.900000000000000189e-02
1.663176320132013188e+03,8.799999999999999489e-02
1.664114554455445614e+03,1.010000000000000064e-01
1.665052788778878039e+03,1.130000000000000032e-01
1.665991023102310464e+03,2.001000000000000001e-01
1.666929257425742435e+03,2.391999999999999960e-01
1.667867491749174860e+03,3.090999999999999859e-01
1.668805726072607285e+03,3.820999999999999952e-01
1.669743960396039711e+03,4.169999999999999818e-01
1.670682194719472136e+03,4.339999999999999969e-01
1.671620429042904107e+03,4.939999999999999947e-01
1.672558663366336532e+03,5.530000000000000471e-01
1.673496897689768957e+03,5.819999999999999618e-01
1.674435132013201383e+03,6.029999999999999805e-01
1.675373366336633808e+03,6.260999999999999899e-01
1.676311600660066233e+03,6.450000000000000178e-01
1.677249834983498204e+03,6.590000000000000302e-01
1.678188069306930629e+03,6.780000000000000471e-01
1.679126303630363054e+03,6.969999999999999529e-01
1.680064537953795480e+03,7.119999999999999662e-01
1.681002772277227905e+03,7.219999999999999751e-01
1.681941006600660330e+03,7.289999999999999813e-01
1.682879240924092301e+03,7.339999999999999858e-01
1.683817475247524726e+03,7.349999999999999867e-01
1.684755709570957151e+03,7.359999999999999876e-01
1.685693943894389577e+03,7.409999999999999920e-01
1.686632178217822002e+03,7.419999999999999929e-01
1.687570412541253972e+03,7.419999999999999929e-01
1.688508646864686398e+03,7.419999999999999929e-01
1.689446881188118823e+03,7.439999999999999947e-01
1.690385115511551248e+03,7.449999999999999956e-01
1.691323349834983674e+03,7.510000000000000009e-01
1.692261584158416099e+03,7.540000000000000036e-01
1.693199818481848069e+03,7.570000000000000062e-01
1.694138052805280495e+03,7.600000000000000089e-01
1.695076287128712920e+03,7.610000000000000098e-01
1.696014521452145345e+03,7.630000000000000115e-01
1.696952755775577771e+03,7.640000000000000124e-01
1.697890990099009741e+03,7.670000000000000151e-01
1.698829224422442167e+03,7.670000000000000151e-01
1.699767458745874592e+03,7.680000000000000160e-01
1.700705693069307017e+03,7.710000000000000187e-01
1.701643927392739442e+03,7.740000000000000213e-01
1.702582161716171868e+03,7.760000000000000231e-01
1.703520396039603838e+03,7.790000000000000258e-01
1.704458630363036264e+03,7.810000000000000275e-01
1.705396864686468689e+03,7.830000000000000293e-01
1.706335099009901114e+03,7.860000000000000320e-01
1.707273333333333539e+03,7.870000000000000329e-01
1.708211567656765510e+03,7.900000000000000355e-01
1.709149801980197935e+03,7.920000000000000373e-01
1.710088036303630361e+03,7.930000000000000382e-01
1.711026270627062786e+03,7.950000000000000400e-01
1.711964504950495211e+03,7.950000000000000400e-01
1.712902739273927637e+03,7.950000000000000400e-01
1.713840973597359607e+03,7.950000000000000400e-01
1.714779207920792032e+03,7.920000000000000373e-01
1.715717442244224458e+03,7.890000000000000346e-01
1.716655676567656883e+03,7.860000000000000320e-01
1.717593910891089308e+03,7.770000000000000240e-01
1.718532145214521279e+03,7.670000000000000151e-01
1.719470379537953704e+03,7.610000000000000098e-01
1.720408613861386129e+03,7.570000000000000062e-01
1.721346848184818555e+03,7.439999999999999947e-01
1.722285082508250980e+03,7.279999999999999805e-01
1.723223316831683405e+03,7.129999999999999671e-01
1.724161551155115376e+03,7.099999999999999645e-01
1.725099785478547801e+03,6.969999999999999529e-01
1.726038019801980226e+03,6.860000000000000542e-01
1.726976254125412652e+03,6.750000000000000444e-01
1.727914488448845077e+03,6.620000000000000329e-01
1.728852722772277048e+03,6.490000000000000213e-01
1.729790957095709473e+03,6.430000000000000160e-01
1.730729191419141898e+03,6.360000000000000098e-01
1.731667425742574324e+03,6.229999999999999982e-01
1.732605660066006749e+03,6.159999999999999920e-01
1.733543894389439174e+03,6.129999999999999893e-01
1.734482128712871145e+03,6.069999999999999840e-01
1.735420363036303570e+03,5.999999999999999778e-01
1.736358597359735995e+03,5.839999999999999636e-01
1.737296831683168421e+03,5.460000000000000409e-01
1.738235066006600846e+03,5.230000000000000204e-01
1.739173300330033271e+03,5.020000000000000018e-01
1.740111534653465242e+03,4.809999999999999831e-01
1.741049768976897667e+03,4.408000000000000251e-01
1.741988003300330092e+03,3.689000000000000057e-01
1.742926237623762518e+03,3.340000000000000191e-01
1.743864471947194943e+03,3.190000000000000058e-01
1.744802706270626913e+03,3.079999999999999960e-01
1.745740940594059339e+03,2.810000000000000275e-01
1.746679174917491764e+03,2.520000000000000018e-01
1.747617409240924189e+03,2.250000000000000056e-01
1.748555643564356615e+03,2.020000000000000129e-01
1.749493877887789040e+03,1.781000000000000083e-01
1.750432112211221011e+03,1.547999999999999932e-01
1.751370346534653436e+03,8.390000000000000235e-02
1.752308580858085861e+03,6.189999999999999669e-02
1.753246815181518286e+03,3.599999999999999728e-02
1.754185049504950712e+03,2.699999999999999969e-02
1.755123283828382682e+03,1.400000000000000029e-02
1.756061518151815108e+03,1.000000000000000021e-02
1.756999752475247533e+03,8.000000000000000167e-03
1.757937986798679958e+03,8.000000000000000167e-03
1.758876221122112383e+03,7.000000000000000146e-03
1.759814455445544809e+03,5.000000000000000104e-03
1.760752689768976779e+03,5.000000000000000104e-03
1.761690924092409205e+03,5.000000000000000104e-03
1.762629158415841630e+03,5.000000000000000104e-03
1.763567392739274055e+03,5.000000000000000104e-03
1.764505627062706481e+03,5.000000000000000104e-03
1.765443861386138451e+03,5.000000000000000104e-03
1.766382095709570876e+03,5.000000000000000104e-03
1.767320330033003302e+03,5.000000000000000104e-03
1.768258564356435727e+03,5.000000000000000104e-03
1.769196798679868152e+03,5.000000000000000104e-03
1.770135033003300578e+03,5.000000000000000104e-03
1.771073267326732548e+03,5.000000000000000104e-03
1.772011501650164973e+03,5.000000000000000104e-03
1.772949735973597399e+03,5.000000000000000104e-03
1.773887970297029824e+03,5.000000000000000104e-03
1.774826204620462249e+03,5.000000000000000104e-03
1.775764438943894220e+03,5.000000000000000104e-03
1.776702673267326645e+03,5.000000000000000104e-03
1.777640907590759070e+03,5.000000000000000104e-03
1.778579141914191496e+03,5.000000000000000104e-03
1.779517376237623921e+03,5.000000000000000104e-03
1.780455610561056346e+03,7.000000000000000146e-03
1.781393844884488317e+03,7.000000000000000146e-03
1.782332079207920742e+03,7.000000000000000146e-03
1.783270313531353167e+03,7.000000000000000146e-03
1.784208547854785593e+03,7.000000000000000146e-03
1.785146782178218018e+03,7.000000000000000146e-03
1.786085016501649989e+03,7.000000000000000146e-03
1.787023250825082414e+03,8.000000000000000167e-03
1.787961485148514839e+03,8.000000000000000167e-03
1.788899719471947265e+03,8.000000000000000167e-03
1.789837953795379690e+03,8.000000000000000167e-03
1.790776188118812115e+03,8.000000000000000167e-03
1.791714422442244086e+03,8.000000000000000167e-03
1.792652656765676511e+03,8.000000000000000167e-03
1.793590891089108936e+03,8.000000000000000167e-03
1.794529125412541362e+03,8.000000000000000167e-03
1.795467359735973787e+03,8.000000000000000167e-03
1.796405594059405757e+03,8.000000000000000167e-03
1.797343828382838183e+03,8.000000000000000167e-03
1.798282062706270608e+03,8.000000000000000167e-03
1.799220297029703033e+03,1.000000000000000021e-02
1.800158531353135459e+03,1.499999999999999944e-02
1.801096765676567884e+03,3.699999999999999817e-02
1.802034999999999854e+03,5.299999999999999850e-02
1.802973234323432280e+03,6.300000000000000044e-02
1.803911468646864705e+03,7.499999999999999722e-02
1.804849702970297130e+03,8.799999999999999489e-02
1.805787937293729556e+03,1.000000000000000056e-01
1.806726171617161981e+03,1.300999999999999934e-01
1.807664405940593952e+03,1.560999999999999888e-01
1.808602640264026377e+03,2.020000000000000129e-01
1.809540874587458802e+03,2.041000000000000036e-01
1.810479108910891227e+03,2.550999999999999934e-01
1.811417343234323653e+03,3.079999999999999960e-01
1.812355577557755623e+03,3.599999999999999867e-01
1.813293811881188049e+03,4.119999999999999774e-01
1.814232046204620474e+03,4.648999999999999799e-01
1.815170280528052899e+03,5.129000000000000226e-01
1.816108514851485324e+03,5.471000000000000307e-01
1.817046749174917750e+03,5.820999999999999508e-01
1.817984983498349720e+03,6.170999999999999819e-01
1.818923217821782146e+03,6.450000000000000178e-01
1.819861452145214571e+03,6.670000000000000373e-01
1.820799686468646996e+03,6.810000000000000497e-01
1.821737920792079422e+03,6.909999999999999476e-01
1.822676155115511392e+03,6.929999999999999494e-01
1.823614389438943817e+03,6.939999999999999503e-01
1.824552623762376243e+03,6.969999999999999529e-01
1.825490858085808668e+03,6.999999999999999556e-01
1.826429092409241093e+03,7.029999999999999583e-01
1.827367326732673519e+03,7.059999999999999609e-01
1.828305561056105489e+03,7.069999999999999618e-01
1.829243795379537914e+03,7.089999999999999636e-01
1.830182029702970340e+03,7.099999999999999645e-01
1.831120264026402765e+03,7.119999999999999662e-01
1.832058498349835190e+03,7.129999999999999671e-01
1.832996732673267161e+03,7.149999999999999689e-01
1.833934966996699586e+03,7.189999999999999725e-01
1.834873201320132011e+03,7.229999999999999760e-01
1.835811435643564437e+03,7.249999999999999778e-01
1.836749669966996862e+03,7.249999999999999778e-01
1.837687904290429287e+03,7.249999999999999778e-01
1.838626138613861258e+03,7.229999999999999760e-01
1.839564372937293683e+03,7.219999999999999751e-01
1.840502607260726109e+03,7.199999999999999734e-01
1.841440841584158534e+03,7.129999999999999671e-01
1.842379075907590959e+03,7.089999999999999636e-01
1.843317310231022930e+03,6.999999999999999556e-01
1.844255544554455355e+03,6.959999999999999520e-01
1.845193778877887780e+03,6.929999999999999494e-01
1.846132013201320206e+03,6.909999999999999476e-01
1.847070247524752631e+03,6.840000000000000524e-01
1.848008481848185056e+03,6.810000000000000497e-01
1.848946716171617027e+03,6.780000000000000471e-01
1.849884950495049452e+03,6.710000000000000409e-01
1.850823184818481877e+03,6.650000000000000355e-01
1.851761419141914303e+03,6.610000000000000320e-01
1.852699653465346728e+03,6.560000000000000275e-01
1.853637887788778698e+03,6.520000000000000240e-01
1.854576122112211124e+03,6.490000000000000213e-01
1.855514356435643549e+03,6.450000000000000178e-01
1.856452590759075974e+03,6.420000000000000151e-01
1.857390825082508400e+03,6.400000000000000133e-01
1.858329059405940825e+03,6.390000000000000124e-01
1.859267293729372795e+03,6.380000000000000115e-01
1.860205528052805221e+03,6.360000000000000098e-01
1.861143762376237646e+03,6.350000000000000089e-01
1.862081996699670071e+03,6.350000000000000089e-01
1.863020231023102497e+03,6.360000000000000098e-01
1.863958465346534922e+03,6.380000000000000115e-01
1.864896699669966893e+03,6.400000000000000133e-01
1.865834933993399318e+03,6.420000000000000151e-01
1.866773168316831743e+03,6.450000000000000178e-01
1.867711402640264168e+03,6.480000000000000204e-01
1.868649636963696594e+03,6.490000000000000213e-01
1.869587871287128564e+03,6.520000000000000240e-01
1.870526105610560990e+03,6.550000000000000266e-01
1.871464339933993415e+03,6.580000000000000293e-01
1.872402574257425840e+03,6.610000000000000320e-01
1.873340808580858265e+03,6.620000000000000329e-01
1.874279042904290691e+03,6.720000000000000417e-01
1.875217277227722661e+03,6.770000000000000462e-01
1.876155511551155087e+03,6.780000000000000471e-01
1.877093745874587512e+03,6.860000000000000542e-01
1.878031980198019937e+03,6.939999999999999503e-01
1.878970214521452363e+03,7.069999999999999618e-01
1.879908448844884333e+03,7.119999999999999662e-01
1.880846683168316758e+03,7.259999999999999787e-01
1.881784917491749184e+03,7.580999999999999961e-01
1.882723151815181609e+03,7.740000000000000213e-01
1.883661386138614034e+03,7.770000000000000240e-01
1.884599620462046460e+03,7.790000000000000258e-01
1.885537854785478430e+03,7.800000000000000266e-01
1.886476089108910855e+03,7.810000000000000275e-01
1.887414323432343281e+03,7.840000000000000302e-01
1.888352557755775706e+03,7.840000000000000302e-01
1.889290792079208131e+03,7.860000000000000320e-01
1.890229026402640102e+03,7.860000000000000320e-01
1.891167260726072527e+03,7.860000000000000320e-01
1.892105495049504952e+03,7.870000000000000329e-01
1.893043729372937378e+03,7.870000000000000329e-01
1.893981963696369803e+03,7.870000000000000329e-01
1.894920198019802228e+03,7.870000000000000329e-01
1.895858432343234199e+03,7.890000000000000346e-01
1.896796666666666624e+03,7.900000000000000355e-01
1.897734900990099050e+03,7.960000000000000409e-01
1.898673135313531475e+03,7.970000000000000417e-01
1.899611369636963900e+03,7.970000000000000417e-01
1.900549603960395871e+03,8.030000000000000471e-01
1.901487838283828296e+03,8.080000000000000515e-01
1.902426072607260721e+03,8.129999999999999449e-01
1.903364306930693147e+03,8.179999999999999494e-01
1.904302541254125572e+03,8.249999999999999556e-01
1.905240775577557997e+03,8.269999999999999574e-01
1.906179009900989968e+03,8.279999999999999583e-01
1.907117244224422393e+03,8.339999999999999636e-01
1.908055478547854818e+03,8.369999999999999662e-01
1.908993712871287244e+03,8.429999999999999716e-01
1.909931947194719669e+03,8.469999999999999751e-01
1.910870181518151639e+03,8.509999999999999787e-01
1.911808415841584065e+03,8.559999999999999831e-01
1.912746650165016490e+03,8.639999999999999902e-01
1.913684884488448915e+03,8.729999999999999982e-01
1.914623118811881341e+03,8.729999999999999982e-01
1.915561353135313766e+03,8.850000000000000089e-01
1.916499587458745737e+03,8.930000000000000160e-01
1.917437821782178162e+03,8.950000000000000178e-01
1.918376056105610587e+03,8.990000000000000213e-01
1.919314290429043012e+03,9.020000000000000240e-01
1.920252524752475438e+03,9.040000000000000258e-01
1.921190759075907863e+03,9.050000000000000266e-01
1.922128993399339834e+03,9.060000000000000275e-01
1.923067227722772259e+03,9.080000000000000293e-01
1.924005462046204684e+03,9.080000000000000293e-01
1.924943696369637109e+03,9.080000000000000293e-01
1.925881930693069535e+03,9.080000000000000293e-01
1.926820165016501505e+03,9.080000000000000293e-01
1.927758399339933931e+03,9.060000000000000275e-01
1.928696633663366356e+03,9.050000000000000266e-01
1.929634867986798781e+03,9.040000000000000258e-01
1.930573102310231207e+03,9.040000000000000258e-01
1.931511336633663632e+03,9.020000000000000240e-01
1.932449570957095602e+03,9.020000000000000240e-01
1.933387805280528028e+03,9.010000000000000231e-01
1.934326039603960453e+03,8.990000000000000213e-01
1.935264273927392878e+03,8.990000000000000213e-01
1.936202508250825304e+03,8.990000000000000213e-01
1.937140742574257274e+03,8.990000000000000213e-01
1.938078976897689699e+03,8.990000000000000213e-01
1.939017211221122125e+03,8.990000000000000213e-01
1.939955445544554550e+03,8.980000000000000204e-01
1.940893679867986975e+03,8.980000000000000204e-01
1.941831914191419401e+03,8.980000000000000204e-01
1.942770148514851371e+03,8.980000000000000204e-01
1.943708382838283796e+03,8.980000000000000204e-01
1.944646617161716222e+03,8.960000000000000187e-01
1.945584851485148647e+03,8.960000000000000187e-01
1.946523085808581072e+03,8.960000000000000187e-01
1.947461320132013043e+03,8.960000000000000187e-01
1.948399554455445468e+03,8.980000000000000204e-01
1.949337788778877893e+03,8.960000000000000187e-01
1.950276023102310319e+03,8.960000000000000187e-01
1.951214257425742744e+03,8.960000000000000187e-01
1.952152491749175169e+03,8.960000000000000187e-01
1.953090726072607140e+03,8.960000000000000187e-01
1.954028960396039565e+03,8.960000000000000187e-01
1.954967194719471991e+03,8.960000000000000187e-01
1.955905429042904416e+03,8.980000000000000204e-01
1.956843663366336841e+03,8.980000000000000204e-01
1.957781897689768812e+03,8.980000000000000204e-01
1.958720132013201237e+03,8.980000000000000204e-01
1.959658366336633662e+03,8.980000000000000204e-01
1.960596600660066088e+03,8.980000000000000204e-01
1.961534834983498513e+03,8.990000000000000213e-01
1.962473069306930938e+03,8.990000000000000213e-01
1.963411303630362909e+03,8.990000000000000213e-01
1.964349537953795334e+03,8.990000000000000213e-01
1.965287772277227759e+03,8.990000000000000213e-01
1.966226006600660185e+03,8.990000000000000213e-01
1.967164240924092610e+03,8.990000000000000213e-01
1.968102475247524580e+03,8.980000000000000204e-01
1.969040709570957006e+03,8.980000000000000204e-01
1.969978943894389431e+03,8.960000000000000187e-01
1.970917178217821856e+03,8.950000000000000178e-01
1.971855412541254282e+03,8.900000000000000133e-01
1.972793646864686707e+03,8.880000000000000115e-01
1.973731881188118678e+03,8.830000000000000071e-01
1.974670115511551103e+03,8.790000000000000036e-01
1.975608349834983528e+03,8.760000000000000009e-01
1.976546584158415953e+03,8.729999999999999982e-01
1.977484818481848379e+03,8.689999999999999947e-01
1.978423052805280349e+03,8.609999999999999876e-01
1.979361287128712775e+03,8.539999999999999813e-01
1.980299521452145200e+03,8.409999999999999698e-01
1.981237755775577625e+03,8.239999999999999547e-01
1.982175990099010050e+03,8.090000000000000524e-01
1.983114224422442476e+03,8.080000000000000515e-01
1.984052458745874446e+03,8.030000000000000471e-01
1.984990693069306872e+03,8.000000000000000444e-01
1.985928927392739297e+03,8.000000000000000444e-01
1.986867161716171722e+03,8.000000000000000444e-01
1.987805396039604148e+03,8.000000000000000444e-01
1.988743630363036573e+03,8.000000000000000444e-01
1.989681864686468543e+03,7.990000000000000435e-01
1.990620099009900969e+03,7.990000000000000435e-01
1.991558333333333394e+03,7.990000000000000435e-01
1.992496567656765819e+03,7.990000000000000435e-01
1.993434801980198245e+03,7.990000000000000435e-01
1.994373036303630215e+03,7.990000000000000435e-01
1.995311270627062640e+03,7.990000000000000435e-01
1.996249504950495066e+03,7.990000000000000435e-01
1.997187739273927491e+03,7.990000000000000435e-01
1.998125973597359916e+03,7.990000000000000435e-01
1.999064207920792342e+03,8.000000000000000444e-01
2.000002442244224312e+03,8.020000000000000462e-01
2.000940676567656737e+03,8.070000000000000506e-01
2.001878910891089163e+03,8.120000000000000551e-01
2.002817145214521588e+03,8.165000000000000036e-01
2.003755379537954013e+03,8.209999999999999520e-01
2.004693613861385984e+03,8.305000000000000160e-01
2.005631848184818409e+03,8.399999999999999689e-01
2.006570082508250835e+03,8.505000000000000338e-01
2.007508316831683260e+03,8.608999999999999986e-01
2.008446551155115685e+03,8.689000000000000057e-01
2.009384785478548110e+03,8.769000000000000128e-01
2.010323019801980081e+03,8.784999999999999476e-01
2.011261254125412506e+03,8.800000000000000044e-01
2.012199488448844932e+03,8.814999999999999503e-01
2.013137722772277357e+03,8.830000000000000071e-01
2.014075957095709782e+03,8.840000000000000080e-01
2.015014191419141753e+03,8.850000000000000089e-01
2.015952425742574178e+03,8.864999999999999547e-01
2.016890660066006603e+03,8.880000000000000115e-01
2.017828894389439029e+03,8.880000000000000115e-01
2.018767128712871454e+03,8.880000000000000115e-01
2.019705363036303879e+03,8.880000000000000115e-01
2.020643597359735850e+03,8.880000000000000115e-01
2.021581831683168275e+03,8.880000000000000115e-01
2.022520066006600700e+03,8.880000000000000115e-01
2.023458300330033126e+03,8.880000000000000115e-01
2.024396534653465551e+03,8.880000000000000115e-01
2.025334768976897521e+03,8.880000000000000115e-01
2.026273003300329947e+03,8.880000000000000115e-01
2.027211237623762372e+03,8.870000000000000107e-01
2.028149471947194797e+03,8.860000000000000098e-01
2.029087706270627223e+03,8.854999999999999538e-01
2.030025940594059648e+03,8.850000000000000089e-01
2.030964174917491619e+03,8.840000000000000080e-01
2.031902409240924044e+03,8.830000000000000071e-01
2.032840643564356469e+03,8.824999999999999512e-01
2.033778877887788894e+03,8.820000000000000062e-01
2.034717112211221320e+03,8.804999999999999494e-01
2.035655346534653290e+03,8.790000000000000036e-01
2.036593580858085716e+03,8.774999999999999467e-01
2.037531815181518141e+03,8.760000000000000009e-01
2.038470049504950566e+03,8.729999999999999982e-01
2.039408283828382991e+03,8.699999999999999956e-01
2.040346518151815417e+03,8.645000000000000462e-01
2.041284752475247387e+03,8.589999999999999858e-01
2.042222986798679813e+03,8.436000000000000165e-01
2.043161221122112238e+03,8.280999999999999472e-01
2.044099455445544663e+03,8.229999999999999538e-01
2.045037689768977089e+03,8.181000000000000494e-01
2.045975924092409514e+03,8.165000000000000036e-01
2.046914158415841484e+03,8.149999999999999467e-01
2.047852392739273910e+03,8.135000000000000009e-01
2.048790627062706335e+03,8.120000000000000551e-01
2.049728861386138760e+03,7.899000000000000465e-01
2.050667095709571186e+03,7.673999999999999710e-01
2.051605330033003156e+03,7.439000000000000057e-01
2.052543564356435581e+03,7.205000000000000293e-01
2.053481798679868007e+03,7.150999999999999579e-01
2.054420033003300432e+03,7.100999999999999535e-01
2.055358267326732857e+03,7.036000000000000032e-01
2.056296501650165283e+03,6.969999999999999529e-01
2.057234735973597253e+03,6.860000000000000542e-01
2.058172970297029678e+03,6.751000000000000334e-01
2.059111204620462104e+03,6.664999999999999813e-01
2.060049438943894529e+03,6.581000000000000183e-01
2.060987673267326954e+03,6.564999999999999725e-01
2.061925907590758925e+03,6.550000000000000266e-01
2.062864141914191350e+03,6.534999999999999698e-01
2.063802376237623776e+03,6.520000000000000240e-01
2.064740610561056201e+03,6.514999999999999680e-01
2.065678844884488626e+03,6.510000000000000231e-01
2.066617079207921051e+03,6.500000000000000222e-01
2.067555313531353022e+03,6.490000000000000213e-01
2.068493547854785447e+03,6.490000000000000213e-01
2.069431782178217873e+03,6.490000000000000213e-01
2.070370016501650298e+03,6.500000000000000222e-01
2.071308250825082723e+03,6.510000000000000231e-01
2.072246485148514694e+03,6.533999999999999808e-01
2.073184719471947119e+03,6.559000000000000385e-01
2.074122953795379544e+03,6.629000000000000448e-01
2.075061188118811970e+03,6.700000000000000400e-01
2.075999422442244395e+03,6.750000000000000444e-01
2.076937656765676820e+03,6.800000000000000488e-01
2.077875891089108791e+03,6.804999999999999938e-01
2.078814125412541216e+03,6.810000000000000497e-01
2.079752359735973641e+03,6.924000000000000155e-01
2.080690594059406067e+03,7.038999999999999702e-01
2.081628828382838492e+03,7.163000000000000478e-01
2.082567062706270463e+03,7.288000000000000034e-01
2.083505297029702888e+03,7.570999999999999952e-01
2.084443531353135313e+03,7.854999999999999760e-01
2.085381765676567738e+03,8.159999999999999476e-01
2.086320000000000164e+03,8.464000000000000412e-01
2.087258234323432589e+03,8.548000000000000043e-01
2.088196468646864560e+03,8.628000000000000114e-01
2.089134702970296985e+03,8.663999999999999480e-01
2.090072937293729410e+03,8.699000000000000066e-01
2.091011171617161835e+03,8.729000000000000092e-01
2.091949405940594261e+03,8.759000000000000119e-01
2.092887640264026231e+03,8.780000000000000027e-01
2.093825874587458657e+03,8.800000000000000044e-01
2.094764108910891082e+03,8.840000000000000080e-01
2.095702343234323507e+03,8.880000000000000115e-01
2.096640577557755933e+03,8.880000000000000115e-01
2.097578811881188358e+03,8.880000000000000115e-01
2.098517046204620328e+03,8.880000000000000115e-01
2.099455280528052754e+03,8.880000000000000115e-01
2.100393514851485179e+03,8.880000000000000115e-01
2.101331749174917604e+03,8.880000000000000115e-01
2.102269983498350030e+03,8.864999999999999547e-01
2.103208217821782000e+03,8.850000000000000089e-01
2.104146452145214425e+03,8.850000000000000089e-01
2.105084686468646851e+03,8.850000000000000089e-01
2.106022920792079276e+03,8.840000000000000080e-01
2.106961155115511701e+03,8.830000000000000071e-01
2.107899389438944127e+03,8.824999999999999512e-01
2.108837623762376097e+03,8.820000000000000062e-01
2.109775858085808522e+03,8.790999999999999925e-01
2.110714092409240948e+03,8.760999999999999899e-01
2.111652326732673373e+03,8.745000000000000551e-01
2.112590561056105798e+03,8.729999999999999982e-01
2.113528795379538224e+03,8.715000000000000524e-01
2.114467029702970194e+03,8.699999999999999956e-01
2.115405264026402619e+03,8.695000000000000506e-01
2.116343498349835045e+03,8.689999999999999947e-01
2.117281732673267470e+03,8.689999999999999947e-01
2.118219966996699895e+03,8.689999999999999947e-01
2.119158201320131866e+03,8.689999999999999947e-01
2.120096435643564291e+03,8.689999999999999947e-01
2.121034669966996717e+03,8.689999999999999947e-01
2.121972904290429142e+03,8.689999999999999947e-01
2.122911138613861567e+03,8.689999999999999947e-01
2.123849372937293992e+03,8.689999999999999947e-01
2.124787607260725963e+03,8.695000000000000506e-01
2.125725841584158388e+03,8.699999999999999956e-01
2.126664075907590814e+03,8.709999999999999964e-01
2.127602310231023239e+03,8.719999999999999973e-01
2.128540544554455664e+03,8.719999999999999973e-01
2.129478778877887635e+03,8.719999999999999973e-01
2.130417013201320060e+03,8.739999999999999991e-01
2.131355247524752485e+03,8.760000000000000009e-01
2.132293481848184911e+03,8.780000000000000027e-01
2.133231716171617336e+03,8.800000000000000044e-01
2.134169950495049761e+03,8.824999999999999512e-01
2.135108184818481732e+03,8.850000000000000089e-01
2.136046419141914157e+03,8.870000000000000107e-01
2.136984653465346582e+03,8.890000000000000124e-01
2.137922887788779008e+03,8.910000000000000142e-01
2.138861122112211433e+03,8.930000000000000160e-01
2.139799356435643404e+03,8.953999999999999737e-01
2.140737590759075829e+03,8.979000000000000314e-01
2.141675825082508254e+03,8.994999999999999662e-01
2.142614059405940679e+03,9.010000000000000231e-01
2.143552293729373105e+03,9.000000000000000222e-01
2.144490528052805530e+03,8.990000000000000213e-01
2.145428762376237501e+03,8.984999999999999654e-01
2.146366996699669926e+03,8.980000000000000204e-01
2.147305231023102351e+03,8.970000000000000195e-01
2.148243465346534776e+03,8.960000000000000187e-01
2.149181699669967202e+03,8.954999999999999627e-01
2.150119933993399172e+03,8.950000000000000178e-01
2.151058168316831598e+03,8.940000000000000169e-01
2.151996402640264023e+03,8.930000000000000160e-01
2.152934636963696448e+03,8.930000000000000160e-01
2.153872871287128874e+03,8.930000000000000160e-01
2.154811105610561299e+03,8.924999999999999600e-01
2.155749339933993269e+03,8.920000000000000151e-01
2.156687574257425695e+03,8.910000000000000142e-01
2.157625808580858120e+03,8.900000000000000133e-01
2.158564042904290545e+03,8.900000000000000133e-01
2.159502277227722971e+03,8.900000000000000133e-01
2.160440511551154941e+03,8.910000000000000142e-01
2.161378745874587366e+03,8.920000000000000151e-01
2.162316980198019792e+03,8.920000000000000151e-01
2.163255214521452217e+03,8.920000000000000151e-01
2.164193448844884642e+03,8.920000000000000151e-01
2.165131683168317068e+03,8.920000000000000151e-01
2.166069917491749038e+03,8.924999999999999600e-01
2.167008151815181463e+03,8.930000000000000160e-01
2.167946386138613889e+03,8.940000000000000169e-01
2.168884620462046314e+03,8.950000000000000178e-01
2.169822854785478739e+03,8.950000000000000178e-01
2.170761089108911165e+03,8.950000000000000178e-01
2.171699323432343135e+03,8.954999999999999627e-01
2.172637557755775561e+03,8.960000000000000187e-01
2.173575792079207986e+03,8.974999999999999645e-01
2.174514026402640411e+03,8.990000000000000213e-01
2.175452260726072836e+03,9.000000000000000222e-01
2.176390495049504807e+03,9.010000000000000231e-01
2.177328729372937232e+03,9.043999999999999817e-01
2.178266963696369658e+03,9.079000000000000403e-01
2.179205198019802083e+03,9.084999999999999742e-01
2.180143432343234508e+03,9.090000000000000302e-01
2.181081666666666933e+03,9.104999999999999760e-01
2.182019900990098904e+03,9.120000000000000329e-01
2.182958135313531329e+03,9.134999999999999787e-01
2.183896369636963755e+03,9.149000000000000465e-01
2.184834603960396180e+03,9.163999999999999924e-01
2.185772838283828605e+03,9.179000000000000492e-01
2.186711072607260576e+03,9.194999999999999840e-01
2.187649306930693001e+03,9.210000000000000409e-01
2.188587541254125426e+03,9.224999999999999867e-01
2.189525775577557852e+03,9.240000000000000435e-01
2.190464009900990277e+03,9.244999999999999885e-01
2.191402244224422702e+03,9.250000000000000444e-01
2.192340478547854673e+03,9.274000000000000021e-01
2.193278712871287098e+03,9.298999999999999488e-01
2.194216947194719523e+03,9.304999999999999938e-01
2.195155181518151949e+03,9.310000000000000497e-01
2.196093415841584374e+03,9.320000000000000506e-01
2.197031650165016345e+03,9.330000000000000515e-01
2.197969884488448770e+03,9.334999999999999964e-01
2.198908118811881195e+03,9.340000000000000524e-01
2.199846353135313620e+03,9.340000000000000524e-01
2.200784587458746046e+03,9.340000000000000524e-01
2.201722821782178471e+03,9.340000000000000524e-01
2.202661056105610442e+03,9.340000000000000524e-01
2.203599290429042867e+03,9.334999999999999964e-01
2.204537524752475292e+03,9.330000000000000515e-01
2.205475759075907717e+03,9.320000000000000506e-01
2.206413993399340143e+03,9.310000000000000497e-01
2.207352227722772113e+03,9.294999999999999929e-01
2.208290462046204539e+03,9.280000000000000471e-01
2.209228696369636964e+03,9.280000000000000471e-01
2.210166930693069389e+03,9.280000000000000471e-01
2.211105165016501815e+03,9.274999999999999911e-01
2.212043399339934240e+03,9.270000000000000462e-01
2.212981633663366210e+03,9.241000000000000325e-01
2.213919867986798636e+03,9.211000000000000298e-01
2.214858102310231061e+03,9.175999999999999712e-01
2.215796336633663486e+03,9.141000000000000236e-01
2.216734570957095912e+03,9.130000000000000338e-01
2.217672805280527882e+03,9.120000000000000329e-01
2.218611039603960307e+03,9.105999999999999650e-01
2.219549273927392733e+03,9.091000000000000192e-01
2.220487508250825158e+03,9.071000000000000174e-01
2.221425742574257583e+03,9.051000000000000156e-01
2.222363976897690009e+03,9.015999999999999570e-01
2.223302211221121979e+03,8.981000000000000094e-01
2.224240445544554404e+03,8.964999999999999636e-01
2.225178679867986830e+03,8.950000000000000178e-01
2.226116914191419255e+03,8.950000000000000178e-01
2.227055148514851680e+03,8.950000000000000178e-01
2.227993382838284106e+03,8.950000000000000178e-01
2.228931617161716076e+03,8.950000000000000178e-01
2.229869851485148502e+03,8.950000000000000178e-01
2.230808085808580927e+03,8.950000000000000178e-01
2.231746320132013352e+03,8.950000000000000178e-01
2.232684554455445777e+03,8.950000000000000178e-01
2.233622788778877748e+03,8.954999999999999627e-01
2.234561023102310173e+03,8.960000000000000187e-01
2.235499257425742599e+03,8.970000000000000195e-01
2.236437491749175024e+03,8.980000000000000204e-01
2.237375726072607449e+03,8.984999999999999654e-01
2.238313960396039874e+03,8.990000000000000213e-01
2.239252194719471845e+03,9.000000000000000222e-01
2.240190429042904270e+03,9.010000000000000231e-01
2.241128663366336696e+03,9.023999999999999799e-01
2.242066897689769121e+03,9.039000000000000368e-01
2.243005132013201546e+03,9.050000000000000266e-01
2.243943366336633517e+03,9.060000000000000275e-01
2.244881600660065942e+03,9.070000000000000284e-01
2.245819834983498367e+03,9.080000000000000293e-01
2.246758069306930793e+03,9.084999999999999742e-01
2.247696303630363218e+03,9.090000000000000302e-01
2.248634537953795643e+03,9.104999999999999760e-01
2.249572772277227614e+03,9.120000000000000329e-01
2.250511006600660039e+03,9.120000000000000329e-01
2.251449240924092464e+03,9.120000000000000329e-01
2.252387475247524890e+03,9.133999999999999897e-01
2.253325709570957315e+03,9.149000000000000465e-01
2.254263943894389286e+03,9.160000000000000364e-01
2.255202178217821711e+03,9.170000000000000373e-01
2.256140412541254136e+03,9.174999999999999822e-01
2.257078646864686561e+03,9.180000000000000382e-01
2.258016881188118987e+03,9.180000000000000382e-01
2.258955115511551412e+03,9.180000000000000382e-01
2.259893349834983383e+03,9.180000000000000382e-01
2.260831584158415808e+03,9.180000000000000382e-01
2.261769818481848233e+03,9.180000000000000382e-01
2.262708052805280659e+03,9.180000000000000382e-01
2.263646287128713084e+03,9.180000000000000382e-01
2.264584521452145054e+03,9.180000000000000382e-01
2.265522755775577480e+03,9.164999999999999813e-01
2.266460990099009905e+03,9.150000000000000355e-01
2.267399224422442330e+03,9.150000000000000355e-01
2.268337458745874756e+03,9.150000000000000355e-01
2.269275693069307181e+03,9.135999999999999677e-01
2.270213927392739151e+03,9.121000000000000218e-01
2.271152161716171577e+03,9.101000000000000201e-01
2.272090396039604002e+03,9.081000000000000183e-01
2.273028630363036427e+03,9.032000000000000028e-01
2.273966864686468853e+03,8.981999999999999984e-01
2.274905099009900823e+03,8.931999999999999940e-01
2.275843333333333248e+03,8.881999999999999895e-01
2.276781567656765674e+03,8.827000000000000401e-01
2.277719801980198099e+03,8.772999999999999687e-01
2.278658036303630524e+03,8.640999999999999792e-01
2.279596270627062950e+03,8.506000000000000227e-01
2.280534504950494920e+03,8.466000000000000192e-01
2.281472739273927345e+03,8.430999999999999606e-01
2.282410973597359771e+03,8.386000000000000121e-01
2.283349207920792196e+03,8.340999999999999526e-01
2.284287442244224621e+03,8.296000000000000041e-01
2.285225676567656592e+03,8.250999999999999446e-01
2.286163910891089017e+03,8.245000000000000107e-01
2.287102145214521443e+03,8.239999999999999547e-01
2.288040379537953868e+03,8.239999999999999547e-01
2.288978613861386293e+03,8.239999999999999547e-01
2.289916848184818718e+03,8.245000000000000107e-01
2.290855082508250689e+03,8.249999999999999556e-01
2.291793316831683114e+03,8.268999999999999684e-01
2.292731551155115540e+03,8.288999999999999702e-01
2.293669785478547965e+03,8.299999999999999600e-01
2.294608019801980390e+03,8.309999999999999609e-01
2.295546254125412815e+03,8.324000000000000288e-01
2.296484488448844786e+03,8.338999999999999746e-01
2.297422722772277211e+03,8.345000000000000195e-01
2.298360957095709637e+03,8.349999999999999645e-01
2.299299191419142062e+03,8.374000000000000332e-01
2.300237425742574487e+03,8.398999999999999799e-01
2.301175660066006458e+03,8.481999999999999540e-01
2.302113894389438883e+03,8.567000000000000171e-01
2.303052128712871308e+03,8.667000000000000259e-01
2.303990363036303734e+03,8.766000000000000458e-01
2.304928597359736159e+03,8.967000000000000526e-01
2.305866831683168584e+03,9.172000000000000153e-01
2.306805066006600555e+03,9.290000000000000480e-01
2.307743300330032980e+03,9.405000000000000027e-01
2.308681534653465405e+03,9.438999999999999613e-01
2.309619768976897831e+03,9.468999999999999639e-01
2.310558003300330256e+03,9.484000000000000208e-01
2.311496237623762227e+03,9.498999999999999666e-01
2.312434471947194652e+03,9.499999999999999556e-01
2.313372706270627077e+03,9.499999999999999556e-01
2.314310940594059502e+03,9.499999999999999556e-01
2.315249174917491928e+03,9.499999999999999556e-01
2.316187409240924353e+03,9.495000000000000107e-01
2.317125643564356324e+03,9.489999999999999547e-01
2.318063877887788749e+03,9.479999999999999538e-01
2.319002112211221174e+03,9.469999999999999529e-01
2.319940346534653600e+03,9.465000000000000080e-01
2.320878580858086025e+03,9.459999999999999520e-01
2.321816815181517995e+03,9.449999999999999512e-01
2.322755049504950421e+03,9.439999999999999503e-01
2.323693283828382846e+03,9.425999999999999934e-01
2.324631518151815271e+03,9.411000000000000476e-01
2.325569752475247697e+03,9.395999999999999908e-01
2.326507986798680122e+03,9.381000000000000449e-01
2.327446221122112092e+03,9.370000000000000551e-01
2.328384455445544518e+03,9.360000000000000542e-01
2.329322689768976943e+03,9.345999999999999863e-01
2.330260924092409368e+03,9.331000000000000405e-01
2.331199158415841794e+03,9.315999999999999837e-01
2.332137392739273764e+03,9.301000000000000378e-01
2.333075627062706189e+03,9.275999999999999801e-01
2.334013861386138615e+03,9.251000000000000334e-01
2.334952095709571040e+03,9.235999999999999766e-01
2.335890330033003465e+03,9.221000000000000307e-01
2.336828564356435891e+03,9.214999999999999858e-01
2.337766798679867861e+03,9.210000000000000409e-01
2.338705033003300287e+03,9.210000000000000409e-01
2.339643267326732712e+03,9.210000000000000409e-01
2.340581501650165137e+03,9.210000000000000409e-01
2.341519735973597562e+03,9.210000000000000409e-01
2.342457970297029533e+03,9.210000000000000409e-01
2.343396204620461958e+03,9.210000000000000409e-01
2.344334438943894384e+03,9.210000000000000409e-01
2.345272673267326809e+03,9.210000000000000409e-01
2.346210907590759234e+03,9.210000000000000409e-01
2.347149141914191659e+03,9.210000000000000409e-01
2.348087376237623630e+03,9.210000000000000409e-01
2.349025610561056055e+03,9.210000000000000409e-01
2.349963844884488481e+03,9.214999999999999858e-01
2.350902079207920906e+03,9.220000000000000417e-01
2.351840313531353331e+03,9.220000000000000417e-01
2.352778547854785756e+03,9.220000000000000417e-01
2.353716782178217727e+03,9.229000000000000536e-01
2.354655016501650152e+03,9.239000000000000545e-01
2.355593250825082578e+03,9.244999999999999885e-01
2.356531485148515003e+03,9.250000000000000444e-01
2.357469719471947428e+03,9.250000000000000444e-01
2.358407953795379399e+03,9.250000000000000444e-01
2.359346188118811824e+03,9.260000000000000453e-01
2.360284422442244249e+03,9.270000000000000462e-01
2.361222656765676675e+03,9.270000000000000462e-01
2.362160891089109100e+03,9.270000000000000462e-01
2.363099125412541525e+03,9.274999999999999911e-01
2.364037359735973496e+03,9.280000000000000471e-01
2.364975594059405921e+03,9.280000000000000471e-01
2.365913828382838346e+03,9.280000000000000471e-01
2.366852062706270772e+03,9.280000000000000471e-01
2.367790297029703197e+03,9.280000000000000471e-01
2.368728531353135168e+03,9.280000000000000471e-01
2.369666765676567593e+03,9.280000000000000471e-01
2.370605000000000018e+03,9.294000000000000039e-01
2.371543234323432443e+03,9.308999999999999497e-01
2.372481468646864869e+03,9.324000000000000066e-01
2.373419702970297294e+03,9.338999999999999524e-01
2.374357937293729265e+03,9.350000000000000533e-01
2.375296171617161690e+03,9.360000000000000542e-01
2.376234405940594115e+03,9.364999999999999991e-01
2.377172640264026541e+03,9.370000000000000551e-01
2.378110874587458966e+03,9.384000000000000119e-01
2.379049108910890936e+03,9.398999999999999577e-01
2.379987343234323362e+03,9.405000000000000027e-01
2.380925577557755787e+03,9.409999999999999476e-01
2.381863811881188212e+03,9.419999999999999485e-01
2.382802046204620638e+03,9.429999999999999494e-01
2.383740280528053063e+03,9.444000000000000172e-01
2.384678514851485033e+03,9.458999999999999631e-01
2.385616749174917459e+03,9.465000000000000080e-01
2.386554983498349884e+03,9.469999999999999529e-01
2.387493217821782309e+03,9.469999999999999529e-01
2.388431452145214735e+03,9.469999999999999529e-01
2.389369686468646705e+03,9.469999999999999529e-01
2.390307920792079130e+03,9.469999999999999529e-01
2.391246155115511556e+03,9.455999999999999961e-01
2.392184389438943981e+03,9.441000000000000503e-01
2.393122623762376406e+03,9.439999999999999503e-01
2.394060858085808832e+03,9.439999999999999503e-01
2.394999092409240802e+03,9.435000000000000053e-01
2.395937326732673228e+03,9.429999999999999494e-01
2.396875561056105653e+03,9.419999999999999485e-01
2.397813795379538078e+03,9.409999999999999476e-01
2.398752029702970503e+03,9.409999999999999476e-01
2.399690264026402474e+03,9.409999999999999476e-01
2.400628498349834899e+03,9.405000000000000027e-01
2.401566732673267325e+03,9.399999999999999467e-01
2.402504966996699750e+03,9.385999999999999899e-01
2.403443201320132175e+03,9.371000000000000441e-01
2.404381435643564600e+03,9.355999999999999872e-01
2.405319669966996571e+03,9.341000000000000414e-01
2.406257904290428996e+03,9.340000000000000524e-01
2.407196138613861422e+03,9.340000000000000524e-01
2.408134372937293847e+03,9.334999999999999964e-01
2.409072607260726272e+03,9.330000000000000515e-01
2.410010841584158698e+03,9.306999999999999718e-01
2.410949075907590668e+03,9.282000000000000250e-01
2.411887310231023093e+03,9.242000000000000215e-01
2.412825544554455519e+03,9.202000000000000179e-01
2.413763778877887944e+03,9.175999999999999712e-01
2.414702013201320369e+03,9.151000000000000245e-01
2.415640247524752340e+03,9.135999999999999677e-01
2.416578481848184765e+03,9.121000000000000218e-01
2.417516716171617190e+03,9.105999999999999650e-01
2.418454950495049616e+03,9.091000000000000192e-01
2.419393184818482041e+03,9.052000000000000046e-01
2.420331419141914466e+03,9.012000000000000011e-01
2.421269653465346437e+03,8.981999999999999984e-01
2.422207887788778862e+03,8.951999999999999957e-01
2.423146122112211287e+03,8.917000000000000481e-01
2.424084356435643713e+03,8.881999999999999895e-01
2.425022590759076138e+03,8.838000000000000300e-01
2.425960825082508109e+03,8.792999999999999705e-01
2.426899059405940534e+03,8.761999999999999789e-01
2.427837293729372959e+03,8.731999999999999762e-01
2.428775528052805385e+03,8.725000000000000533e-01
2.429713762376237810e+03,8.719999999999999973e-01
2.430651996699670235e+03,8.710999999999999854e-01
2.431590231023102660e+03,8.699999999999999956e-01
2.432528465346534631e+03,8.709999999999999964e-01
2.433466699669967056e+03,8.719999999999999973e-01
2.434404933993399482e+03,8.725000000000000533e-01
2.435343168316831907e+03,8.729999999999999982e-01
2.436281402640264332e+03,8.739000000000000101e-01
2.437219636963696757e+03,8.749000000000000110e-01
2.438157871287128728e+03,8.769000000000000128e-01
2.439096105610561153e+03,8.789000000000000146e-01
2.440034339933993579e+03,8.794999999999999485e-01
2.440972574257426004e+03,8.800000000000000044e-01
2.441910808580858429e+03,8.809000000000000163e-01
2.442849042904290400e+03,8.819000000000000172e-01
2.443787277227722825e+03,8.833999999999999631e-01
2.444725511551155250e+03,8.849000000000000199e-01
2.445663745874587676e+03,8.869000000000000217e-01
2.446601980198020101e+03,8.889000000000000234e-01
2.447540214521452526e+03,8.922999999999999821e-01
2.448478448844884497e+03,8.958000000000000407e-01
2.449416683168316922e+03,9.021000000000000130e-01
2.450354917491749347e+03,9.086999999999999522e-01
2.451293151815181773e+03,9.152000000000000135e-01
2.452231386138614198e+03,9.216999999999999638e-01
2.453169620462046169e+03,9.247999999999999554e-01
2.454107854785478594e+03,9.277999999999999581e-01
2.455046089108911019e+03,9.317999999999999616e-01
2.455984323432343444e+03,9.357999999999999652e-01
2.456922557755775870e+03,9.368999999999999551e-01
2.457860792079208295e+03,9.378999999999999559e-01
2.458799026402640266e+03,9.394000000000000128e-01
2.459737260726072691e+03,9.408999999999999586e-01
2.460675495049505116e+03,9.424000000000000155e-01
2.461613729372937541e+03,9.438999999999999613e-01
2.462551963696369967e+03,9.454000000000000181e-01
2.463490198019801937e+03,9.468999999999999639e-01
2.464428432343234363e+03,9.469999999999999529e-01
2.465366666666666788e+03,9.469999999999999529e-01
2.466304900990099213e+03,9.484000000000000208e-01
2.467243135313531639e+03,9.498999999999999666e-01
2.468181369636964064e+03,9.499999999999999556e-01
2.469119603960396034e+03,9.499999999999999556e-01
2.470057838283828460e+03,9.499999999999999556e-01
2.470996072607260885e+03,9.499999999999999556e-01
2.471934306930693310e+03,9.499999999999999556e-01
2.472872541254125736e+03,9.499999999999999556e-01
2.473810775577557706e+03,9.499999999999999556e-01
2.474749009900990131e+03,9.499999999999999556e-01
2.475687244224422557e+03,9.499999999999999556e-01
2.476625478547854982e+03,9.499999999999999556e-01
2.477563712871287407e+03,9.499999999999999556e-01
2.478501947194719833e+03,9.499999999999999556e-01
2.479440181518151803e+03,9.499999999999999556e-01
2.480378415841584228e+03,9.499999999999999556e-01
2.481316650165016654e+03,9.499999999999999556e-01
2.482254884488449079e+03,9.499999999999999556e-01
2.483193118811881504e+03,9.499999999999999556e-01
2.484131353135313475e+03,9.499999999999999556e-01
2.485069587458745900e+03,9.499999999999999556e-01
2.486007821782178326e+03,9.499999999999999556e-01
2.486946056105610751e+03,9.499999999999999556e-01
2.487884290429043176e+03,9.499999999999999556e-01
2.488822524752475601e+03,9.499999999999999556e-01
2.489760759075907572e+03,9.499999999999999556e-01
2.490698993399339997e+03,9.508999999999999675e-01
2.491637227722772423e+03,9.518999999999999684e-01
2.492575462046204848e+03,9.519999999999999574e-01
2.493513696369637273e+03,9.519999999999999574e-01
2.494451930693069698e+03,9.525000000000000133e-01
2.495390165016501669e+03,9.529999999999999583e-01
2.496328399339934094e+03,9.535000000000000142e-01
2.497266633663366520e+03,9.539999999999999591e-01
2.498204867986798945e+03,9.548999999999999710e-01
2.499143102310231370e+03,9.558999999999999719e-01
2.500081336633663341e+03,9.565000000000000169e-01
2.501019570957095766e+03,9.569999999999999618e-01
2.501957805280528191e+03,9.578999999999999737e-01
2.502896039603960617e+03,9.588999999999999746e-01
2.503834273927393042e+03,9.595000000000000195e-01
2.504772508250825467e+03,9.599999999999999645e-01
2.505710742574257438e+03,9.608999999999999764e-01
2.506648976897689863e+03,9.618999999999999773e-01
2.507587211221122288e+03,9.625000000000000222e-01
2.508525445544554714e+03,9.629999999999999671e-01
2.509463679867987139e+03,9.638999999999999790e-01
2.510401914191419110e+03,9.648999999999999799e-01
2.511340148514851535e+03,9.649999999999999689e-01
2.512278382838283960e+03,9.649999999999999689e-01
2.513216617161716385e+03,9.655000000000000249e-01
2.514154851485148811e+03,9.659999999999999698e-01
2.515093085808581236e+03,9.668999999999999817e-01
2.516031320132013207e+03,9.678999999999999826e-01
2.516969554455445632e+03,9.679999999999999716e-01
2.517907788778878057e+03,9.679999999999999716e-01
2.518846023102310482e+03,9.685000000000000275e-01
2.519784257425742908e+03,9.689999999999999725e-01
2.520722491749174878e+03,9.689999999999999725e-01
2.521660726072607304e+03,9.689999999999999725e-01
2.522598960396039729e+03,9.695000000000000284e-01
2.523537194719472154e+03,9.699999999999999734e-01
2.524475429042904580e+03,9.699999999999999734e-01
2.525413663366337005e+03,9.699999999999999734e-01
2.526351897689768975e+03,9.708999999999999853e-01
2.527290132013201401e+03,9.718999999999999861e-01
2.528228366336633826e+03,9.719999999999999751e-01
2.529166600660066251e+03,9.719999999999999751e-01
2.530104834983498677e+03,9.719999999999999751e-01
2.531043069306930647e+03,9.719999999999999751e-01
2.531981303630363072e+03,9.725000000000000311e-01
2.532919537953795498e+03,9.729999999999999760e-01
2.533857772277227923e+03,9.729999999999999760e-01
2.534796006600660348e+03,9.729999999999999760e-01
2.535734240924092774e+03,9.729999999999999760e-01
2.536672475247524744e+03,9.729999999999999760e-01
2.537610709570957169e+03,9.729999999999999760e-01
2.538548943894389595e+03,9.729999999999999760e-01
2.539487178217822020e+03,9.729999999999999760e-01
2.540425412541254445e+03,9.729999999999999760e-01
2.541363646864686416e+03,9.729999999999999760e-01
2.542301881188118841e+03,9.729999999999999760e-01
2.543240115511551267e+03,9.729999999999999760e-01
2.544178349834983692e+03,9.729999999999999760e-01
2.545116584158416117e+03,9.729999999999999760e-01
2.546054818481848542e+03,9.729999999999999760e-01
2.546993052805280513e+03,9.729999999999999760e-01
2.547931287128712938e+03,9.729999999999999760e-01
2.548869521452145364e+03,9.725000000000000311e-01
2.549807755775577789e+03,9.719999999999999751e-01
2.550745990099010214e+03,9.710999999999999632e-01
2.551684224422442639e+03,9.700999999999999623e-01
2.552622458745874610e+03,9.699999999999999734e-01
2.553560693069307035e+03,9.699999999999999734e-01
2.554498927392739461e+03,9.695000000000000284e-01
2.555437161716171886e+03,9.689999999999999725e-01
2.556375396039604311e+03,9.689999999999999725e-01
2.557313630363036282e+03,9.689999999999999725e-01
2.558251864686468707e+03,9.676000000000000156e-01
2.559190099009901132e+03,9.660999999999999588e-01
2.560128333333333558e+03,9.659999999999999698e-01
2.561066567656765983e+03,9.659999999999999698e-01
2.562004801980198408e+03,9.655000000000000249e-01
2.562943036303630379e+03,9.649999999999999689e-01
2.563881270627062804e+03,9.640999999999999570e-01
2.564819504950495229e+03,9.630999999999999561e-01
2.565757739273927655e+03,9.625000000000000222e-01
2.566695973597360080e+03,9.619999999999999662e-01
2.567634207920792051e+03,9.610999999999999543e-01
2.568572442244224476e+03,9.600999999999999535e-01
2.569510676567656901e+03,9.595000000000000195e-01
2.570448910891089326e+03,9.589999999999999636e-01
2.571387145214521752e+03,9.580999999999999517e-01
2.572325379537954177e+03,9.570999999999999508e-01
2.573263613861386148e+03,9.550999999999999490e-01
2.574201848184818573e+03,9.532000000000000473e-01
2.575140082508250998e+03,9.525000000000000133e-01
2.576078316831683424e+03,9.519999999999999574e-01
2.577016551155115849e+03,9.519999999999999574e-01
2.577954785478547819e+03,9.519999999999999574e-01
2.578893019801980245e+03,9.519999999999999574e-01
2.579831254125412670e+03,9.519999999999999574e-01
2.580769488448845095e+03,9.519999999999999574e-01
2.581707722772277521e+03,9.519999999999999574e-01
2.582645957095709946e+03,9.519999999999999574e-01
2.583584191419141916e+03,9.519999999999999574e-01
2.584522425742574342e+03,9.525000000000000133e-01
2.585460660066006767e+03,9.529999999999999583e-01
2.586398894389439192e+03,9.535000000000000142e-01
2.587337128712871618e+03,9.539999999999999591e-01
2.588275363036303588e+03,9.548999999999999710e-01
2.589213597359736013e+03,9.558999999999999719e-01
2.590151831683168439e+03,9.559999999999999609e-01
2.591090066006600864e+03,9.559999999999999609e-01
2.592028300330033289e+03,9.559999999999999609e-01
2.592966534653465715e+03,9.559999999999999609e-01
2.593904768976897685e+03,9.559999999999999609e-01
2.594843003300330111e+03,9.559999999999999609e-01
2.595781237623762536e+03,9.559999999999999609e-01
2.596719471947194961e+03,9.559999999999999609e-01
2.597657706270627386e+03,9.559999999999999609e-01
2.598595940594059357e+03,9.559999999999999609e-01
2.599534174917491782e+03,9.559999999999999609e-01
2.600472409240924208e+03,9.559999999999999609e-01
2.601410643564356633e+03,9.559999999999999609e-01
2.602348877887789058e+03,9.559999999999999609e-01
2.603287112211221483e+03,9.559999999999999609e-01
2.604225346534653454e+03,9.559999999999999609e-01
2.605163580858085879e+03,9.559999999999999609e-01
2.606101815181518305e+03,9.559999999999999609e-01
2.607040049504950730e+03,9.550999999999999490e-01
2.607978283828383155e+03,9.540999999999999481e-01
2.608916518151815580e+03,9.539999999999999591e-01
2.609854752475247551e+03,9.539999999999999591e-01
2.610792986798679976e+03,9.530999999999999472e-01
2.611731221122112402e+03,9.520999999999999464e-01
2.612669455445544827e+03,9.519999999999999574e-01
2.613607689768977252e+03,9.519999999999999574e-01
2.614545924092409223e+03,9.519999999999999574e-01
2.615484158415841648e+03,9.519999999999999574e-01
2.616422392739274073e+03,9.519999999999999574e-01
2.617360627062706499e+03,9.519999999999999574e-01
2.618298861386138924e+03,9.519999999999999574e-01
2.619237095709571349e+03,9.519999999999999574e-01
2.620175330033003320e+03,9.519999999999999574e-01
2.621113564356435745e+03,9.519999999999999574e-01
2.622051798679868170e+03,9.519999999999999574e-01
2.622990033003300596e+03,9.519999999999999574e-01
2.623928267326733021e+03,9.525000000000000133e-01
2.624866501650164992e+03,9.529999999999999583e-01
2.625804735973597417e+03,9.535000000000000142e-01
2.626742970297029842e+03,9.539999999999999591e-01
2.627681204620462267e+03,9.548999999999999710e-01
2.628619438943894693e+03,9.558999999999999719e-01
2.629557673267327118e+03,9.565000000000000169e-01
2.630495907590759089e+03,9.569999999999999618e-01
2.631434141914191514e+03,9.569999999999999618e-01
2.632372376237623939e+03,9.569999999999999618e-01
2.633310610561056365e+03,9.584000000000000297e-01
2.634248844884488790e+03,9.598999999999999755e-01
2.635187079207920760e+03,9.627000000000000002e-01
2.636125313531353186e+03,9.657000000000000028e-01
2.637063547854785611e+03,9.659999999999999698e-01
2.638001782178218036e+03,9.659999999999999698e-01
2.638940016501650462e+03,9.674000000000000377e-01
2.639878250825082887e+03,9.688999999999999835e-01
2.640816485148514857e+03,9.689999999999999725e-01
2.641754719471947283e+03,9.689999999999999725e-01
2.642692953795379708e+03,9.689999999999999725e-01
2.643631188118812133e+03,9.689999999999999725e-01
2.644569422442244559e+03,9.689999999999999725e-01
2.645507656765676529e+03,9.689999999999999725e-01
2.646445891089108954e+03,9.689999999999999725e-01
2.647384125412541380e+03,9.689999999999999725e-01
2.648322359735973805e+03,9.685000000000000275e-01
2.649260594059406230e+03,9.679999999999999716e-01
2.650198828382838656e+03,9.679999999999999716e-01
2.651137062706270626e+03,9.679999999999999716e-01
2.652075297029703052e+03,9.679999999999999716e-01
2.653013531353135477e+03,9.679999999999999716e-01
2.653951765676567902e+03,9.679999999999999716e-01
2.654890000000000327e+03,9.679999999999999716e-01
2.655828234323432298e+03,9.679999999999999716e-01
2.656766468646864723e+03,9.679999999999999716e-01
2.657704702970297149e+03,9.679999999999999716e-01
2.658642937293729574e+03,9.679999999999999716e-01
2.659581171617161999e+03,9.679999999999999716e-01
2.660519405940594424e+03,9.679999999999999716e-01
2.661457640264026395e+03,9.685000000000000275e-01
2.662395874587458820e+03,9.689999999999999725e-01
2.663334108910891246e+03,9.689999999999999725e-01
2.664272343234323671e+03,9.689999999999999725e-01
2.665210577557756096e+03,9.695000000000000284e-01
2.666148811881188067e+03,9.699999999999999734e-01
2.667087046204620492e+03,9.699999999999999734e-01
2.668025280528052917e+03,9.699999999999999734e-01
2.668963514851485343e+03,9.708999999999999853e-01
2.669901749174917768e+03,9.718999999999999861e-01
2.670839983498350193e+03,9.719999999999999751e-01
2.671778217821782164e+03,9.719999999999999751e-01
2.672716452145214589e+03,9.734000000000000430e-01
2.673654686468647014e+03,9.748999999999999888e-01
2.674592920792079440e+03,9.749999999999999778e-01
2.675531155115511865e+03,9.749999999999999778e-01
2.676469389438944290e+03,9.764000000000000457e-01
2.677407623762376261e+03,9.778999999999999915e-01
2.678345858085808686e+03,9.785000000000000364e-01
2.679284092409241111e+03,9.789999999999999813e-01
2.680222326732673537e+03,9.798999999999999932e-01
2.681160561056105962e+03,9.808999999999999941e-01
2.682098795379537933e+03,9.809999999999999831e-01
2.683037029702970358e+03,9.809999999999999831e-01
2.683975264026402783e+03,9.809999999999999831e-01
2.684913498349835209e+03,9.809999999999999831e-01
2.685851732673267634e+03,9.809999999999999831e-01
2.686789966996700059e+03,9.809999999999999831e-01
2.687728201320132030e+03,9.809999999999999831e-01
2.688666435643564455e+03,9.809999999999999831e-01
2.689604669966996880e+03,9.809999999999999831e-01
2.690542904290429306e+03,9.809999999999999831e-01
2.691481138613861731e+03,9.809999999999999831e-01
2.692419372937293701e+03,9.809999999999999831e-01
2.693357607260726127e+03,9.800999999999999712e-01
2.694295841584158552e+03,9.790999999999999703e-01
2.695234075907590977e+03,9.789999999999999813e-01
2.696172310231023403e+03,9.789999999999999813e-01
2.697110544554455828e+03,9.785000000000000364e-01
2.698048778877887798e+03,9.779999999999999805e-01
2.698987013201320224e+03,9.770999999999999686e-01
2.699925247524752649e+03,9.760999999999999677e-01
2.700863481848185074e+03,9.755000000000000338e-01
2.701801716171617500e+03,9.749999999999999778e-01
2.702739950495049470e+03,9.736000000000000210e-01
2.703678184818481895e+03,9.720999999999999641e-01
2.704616419141914321e+03,9.710999999999999632e-01
2.705554653465346746e+03,9.700999999999999623e-01
2.706492887788779171e+03,9.695000000000000284e-01
2.707431122112211597e+03,9.689999999999999725e-01
2.708369356435643567e+03,9.689999999999999725e-01
2.709307590759075993e+03,9.689999999999999725e-01
2.710245825082508418e+03,9.689999999999999725e-01
2.711184059405940843e+03,9.689999999999999725e-01
2.712122293729373268e+03,9.685000000000000275e-01
2.713060528052805239e+03,9.679999999999999716e-01
2.713998762376237664e+03,9.679999999999999716e-01
2.714936996699670090e+03,9.679999999999999716e-01
2.715875231023102515e+03,9.670999999999999597e-01
2.716813465346534940e+03,9.660999999999999588e-01
2.717751699669967365e+03,9.659999999999999698e-01
2.718689933993399336e+03,9.659999999999999698e-01
2.719628168316831761e+03,9.659999999999999698e-01
2.720566402640264187e+03,9.659999999999999698e-01
2.721504636963696612e+03,9.655000000000000249e-01
2.722442871287129037e+03,9.649999999999999689e-01
2.723381105610561008e+03,9.640999999999999570e-01
2.724319339933993433e+03,9.630999999999999561e-01
2.725257574257425858e+03,9.616000000000000103e-01
2.726195808580858284e+03,9.600999999999999535e-01
2.727134042904290709e+03,9.599999999999999645e-01
2.728072277227723134e+03,9.599999999999999645e-01
2.729010511551155105e+03,9.586000000000000076e-01
2.729948745874587530e+03,9.572000000000000508e-01
2.730886980198019955e+03,9.556000000000000050e-01
2.731825214521452381e+03,9.540999999999999481e-01
2.732763448844884806e+03,9.516999999999999904e-01
2.733701683168317231e+03,9.492000000000000437e-01
2.734639917491749202e+03,9.481000000000000538e-01
2.735578151815181627e+03,9.471000000000000529e-01
2.736516386138614052e+03,9.465000000000000080e-01
2.737454620462046478e+03,9.459999999999999520e-01
2.738392854785478903e+03,9.445999999999999952e-01
2.739331089108910874e+03,9.431000000000000494e-01
2.740269323432343299e+03,9.406999999999999806e-01
2.741207557755775724e+03,9.382000000000000339e-01
2.742145792079208150e+03,9.375000000000000000e-01
2.743084026402640575e+03,9.370000000000000551e-01
2.744022260726073000e+03,9.364999999999999991e-01
2.744960495049504971e+03,9.360000000000000542e-01
2.745898729372937396e+03,9.360000000000000542e-01
2.746836963696369821e+03,9.360000000000000542e-01
2.747775198019802247e+03,9.360000000000000542e-01
2.748713432343234672e+03,9.360000000000000542e-01
2.749651666666666642e+03,9.360000000000000542e-01
2.750589900990099068e+03,9.360000000000000542e-01
2.751528135313531493e+03,9.360000000000000542e-01
2.752466369636963918e+03,9.360000000000000542e-01
2.753404603960396344e+03,9.360000000000000542e-01
2.754342838283828769e+03,9.360000000000000542e-01
2.755281072607260739e+03,9.360000000000000542e-01
2.756219306930693165e+03,9.360000000000000542e-01
2.757157541254125590e+03,9.360000000000000542e-01
2.758095775577558015e+03,9.360000000000000542e-01
2.759034009900990441e+03,9.364999999999999991e-01
2.759972244224422411e+03,9.370000000000000551e-01
2.760910478547854837e+03,9.402000000000000357e-01
2.761848712871287262e+03,9.436999999999999833e-01
2.762786947194719687e+03,9.475999999999999979e-01
2.763725181518152112e+03,9.516000000000000014e-01
2.764663415841584538e+03,9.528999999999999693e-01
2.765601650165016508e+03,9.538999999999999702e-01
2.766539884488448934e+03,9.553000000000000380e-01
2.767478118811881359e+03,9.567999999999999838e-01
2.768416353135313784e+03,9.569999999999999618e-01
2.769354587458746209e+03,9.569999999999999618e-01
2.770292821782178180e+03,9.578999999999999737e-01
2.771231056105610605e+03,9.588999999999999746e-01
2.772169290429043031e+03,9.589999999999999636e-01
2.773107524752475456e+03,9.589999999999999636e-01
2.774045759075907881e+03,9.580999999999999517e-01
2.774983993399340306e+03,9.570999999999999508e-01
2.775922227722772277e+03,9.569999999999999618e-01
2.776860462046204702e+03,9.569999999999999618e-01
2.777798696369637128e+03,9.569999999999999618e-01
2.778736930693069553e+03,9.569999999999999618e-01
2.779675165016501978e+03,9.569999999999999618e-01
2.780613399339933949e+03,9.569999999999999618e-01
2.781551633663366374e+03,9.569999999999999618e-01
2.782489867986798799e+03,9.569999999999999618e-01
2.783428102310231225e+03,9.569999999999999618e-01
2.784366336633663650e+03,9.569999999999999618e-01
2.785304570957096075e+03,9.569999999999999618e-01
2.786242805280528046e+03,9.569999999999999618e-01
2.787181039603960471e+03,9.569999999999999618e-01
2.788119273927392896e+03,9.569999999999999618e-01
2.789057508250825322e+03,9.569999999999999618e-01
2.789995742574257747e+03,9.569999999999999618e-01
2.790933976897690172e+03,9.569999999999999618e-01
2.791872211221122143e+03,9.569999999999999618e-01
2.792810445544554568e+03,9.578999999999999737e-01
2.793748679867986993e+03,9.588999999999999746e-01
2.794686914191419419e+03,9.589999999999999636e-01
2.795625148514851844e+03,9.589999999999999636e-01
2.796563382838283815e+03,9.589999999999999636e-01
2.797501617161716240e+03,9.589999999999999636e-01
2.798439851485148665e+03,9.595000000000000195e-01
2.799378085808581091e+03,9.598999999999999755e-01
2.800316320132013516e+03,9.622000000000000552e-01
2.801254554455445941e+03,9.647000000000000020e-01
2.802192788778877912e+03,9.654000000000000359e-01
2.803131023102310337e+03,9.658999999999999808e-01
2.804069257425742762e+03,9.659999999999999698e-01
2.805007491749175188e+03,9.659999999999999698e-01
2.805945726072607613e+03,9.659999999999999698e-01
2.806883960396039583e+03,9.659999999999999698e-01
2.807822194719472009e+03,9.659999999999999698e-01
2.808760429042904434e+03,9.659999999999999698e-01
2.809698663366336859e+03,9.659999999999999698e-01
2.810636897689769285e+03,9.659999999999999698e-01
2.811575132013201710e+03,9.655000000000000249e-01
2.812513366336633680e+03,9.649999999999999689e-01
2.813451600660066106e+03,9.640999999999999570e-01
2.814389834983498531e+03,9.630999999999999561e-01
2.815328069306930956e+03,9.629999999999999671e-01
2.816266303630363382e+03,9.629999999999999671e-01
2.817204537953795352e+03,9.626000000000000112e-01
2.818142772277227778e+03,9.620999999999999552e-01
2.819081006600660203e+03,9.619999999999999662e-01
2.820019240924092628e+03,9.619999999999999662e-01
2.820957475247525053e+03,9.610999999999999543e-01
2.821895709570957479e+03,9.600999999999999535e-01
2.822833943894389449e+03,9.599999999999999645e-01
2.823772178217821875e+03,9.599999999999999645e-01
2.824710412541254300e+03,9.596000000000000085e-01
2.825648646864686725e+03,9.589999999999999636e-01
2.826586881188119150e+03,9.580999999999999517e-01
2.827525115511551121e+03,9.570999999999999508e-01
2.828463349834983546e+03,9.569999999999999618e-01
2.829401584158415972e+03,9.569999999999999618e-01
2.830339818481848397e+03,9.565000000000000169e-01
2.831278052805280822e+03,9.559999999999999609e-01
2.832216287128713248e+03,9.542000000000000481e-01
2.833154521452145218e+03,9.522000000000000464e-01
2.834092755775577643e+03,9.493000000000000327e-01
2.835030990099010069e+03,9.463000000000000300e-01
2.835969224422442494e+03,9.437999999999999723e-01
2.836907458745874919e+03,9.413000000000000256e-01
2.837845693069306890e+03,9.387999999999999678e-01
2.838783927392739315e+03,9.363000000000000211e-01
2.839722161716171740e+03,9.337999999999999634e-01
2.840660396039604166e+03,9.313000000000000167e-01
2.841598630363036591e+03,9.296999999999999709e-01
2.842536864686469016e+03,9.282000000000000250e-01
2.843475099009900987e+03,9.266999999999999682e-01
2.844413333333333412e+03,9.251000000000000334e-01
2.845351567656765837e+03,9.244999999999999885e-01
2.846289801980198263e+03,9.240000000000000435e-01
2.847228036303630688e+03,9.244999999999999885e-01
2.848166270627062659e+03,9.250000000000000444e-01
2.849104504950495084e+03,9.258999999999999453e-01
2.850042739273927509e+03,9.268999999999999462e-01
2.850980973597359935e+03,9.283000000000000140e-01
2.851919207920792360e+03,9.297999999999999599e-01
2.852857442244224785e+03,9.300000000000000488e-01
2.853795676567656756e+03,9.300000000000000488e-01
2.854733910891089181e+03,9.304000000000000048e-01
2.855672145214521606e+03,9.308999999999999497e-01
2.856610379537954032e+03,9.323000000000000176e-01
2.857548613861386457e+03,9.337999999999999634e-01
2.858486848184818882e+03,9.348999999999999533e-01
2.859425082508250853e+03,9.358999999999999542e-01
2.860363316831683278e+03,9.360000000000000542e-01
2.861301551155115703e+03,9.360000000000000542e-01
2.862239785478548129e+03,9.364000000000000101e-01
2.863178019801980554e+03,9.370000000000000551e-01
2.864116254125412524e+03,9.375000000000000000e-01
2.865054488448844950e+03,9.379999999999999449e-01
2.865992722772277375e+03,9.393000000000000238e-01
2.866930957095709800e+03,9.407999999999999696e-01
2.867869191419142226e+03,9.409999999999999476e-01
2.868807425742574651e+03,9.409999999999999476e-01
2.869745660066006621e+03,9.432000000000000384e-01
2.870683894389439047e+03,9.456999999999999851e-01
2.871622128712871472e+03,9.464000000000000190e-01
2.872560363036303897e+03,9.468999999999999639e-01
2.873498597359736323e+03,9.469999999999999529e-01
2.874436831683168293e+03,9.469999999999999529e-01
2.875375066006600719e+03,9.469999999999999529e-01
2.876313300330033144e+03,9.469999999999999529e-01
2.877251534653465569e+03,9.469999999999999529e-01
2.878189768976897994e+03,9.469999999999999529e-01
2.879128003300330420e+03,9.469999999999999529e-01
2.880066237623762390e+03,9.469999999999999529e-01
2.881004471947194816e+03,9.469999999999999529e-01
2.881942706270627241e+03,9.469999999999999529e-01
2.882880940594059666e+03,9.465999999999999970e-01
2.883819174917492091e+03,9.461000000000000520e-01
2.884757409240924062e+03,9.459999999999999520e-01
2.885695643564356487e+03,9.459999999999999520e-01
2.886633877887788913e+03,9.459999999999999520e-01
2.887572112211221338e+03,9.459999999999999520e-01
2.888510346534653763e+03,9.459999999999999520e-01
2.889448580858086189e+03,9.459999999999999520e-01
2.890386815181518159e+03,9.451000000000000512e-01
2.891325049504950584e+03,9.441000000000000503e-01
2.892263283828383010e+03,9.426999999999999824e-01
2.893201518151815435e+03,9.412000000000000366e-01
2.894139752475247860e+03,9.409999999999999476e-01
2.895077986798679831e+03,9.409999999999999476e-01
2.896016221122112256e+03,9.405999999999999917e-01
2.896954455445544681e+03,9.401000000000000467e-01
2.897892689768977107e+03,9.391000000000000458e-01
2.898830924092409532e+03,9.381000000000000449e-01
2.899769158415841957e+03,9.371000000000000441e-01
2.900707392739273928e+03,9.361000000000000432e-01
2.901645627062706353e+03,9.346999999999999753e-01
2.902583861386138778e+03,9.332000000000000295e-01
2.903522095709571204e+03,9.303000000000000158e-01
2.904460330033003629e+03,9.273000000000000131e-01
2.905398564356435600e+03,9.239000000000000545e-01
2.906336798679868025e+03,9.203999999999999959e-01
2.907275033003300450e+03,9.173000000000000043e-01
2.908213267326732876e+03,9.143000000000000016e-01
2.909151501650165301e+03,9.131000000000000227e-01
2.910089735973597726e+03,9.121000000000000218e-01
2.911027970297029697e+03,9.106999999999999540e-01
2.911966204620462122e+03,9.092000000000000082e-01
2.912904438943894547e+03,9.085999999999999632e-01
2.913842673267326973e+03,9.081000000000000183e-01
2.914780907590759398e+03,9.080000000000000293e-01
2.915719141914191823e+03,9.080000000000000293e-01
2.916657376237623794e+03,9.071000000000000174e-01
2.917595610561056219e+03,9.061000000000000165e-01
2.918533844884488644e+03,9.060000000000000275e-01
2.919472079207921070e+03,9.060000000000000275e-01
2.920410313531353495e+03,9.060000000000000275e-01
2.921348547854785465e+03,9.060000000000000275e-01
2.922286782178217891e+03,9.069000000000000394e-01
2.923225016501650316e+03,9.079000000000000403e-01
2.924163250825082741e+03,9.083999999999999853e-01
2.925101485148515167e+03,9.089000000000000412e-01
2.926039719471947592e+03,9.090000000000000302e-01
2.926977953795379563e+03,9.090000000000000302e-01
2.927916188118811988e+03,9.076999999999999513e-01
2.928854422442244413e+03,9.062000000000000055e-01
2.929792656765676838e+03,9.042000000000000037e-01
2.930730891089109264e+03,9.022000000000000020e-01
2.931669125412541234e+03,8.989000000000000323e-01
2.932607359735973660e+03,8.953999999999999737e-01
2.933545594059406085e+03,8.923999999999999710e-01
2.934483828382838510e+03,8.893999999999999684e-01
2.935422062706270935e+03,8.850999999999999979e-01
2.936360297029703361e+03,8.806000000000000494e-01
2.937298531353135331e+03,8.787000000000000366e-01
2.938236765676567757e+03,8.771999999999999797e-01
2.939175000000000182e+03,8.636000000000000343e-01
2.940113234323432607e+03,8.486000000000000210e-01
2.941051468646865032e+03,8.425000000000000266e-01
2.941989702970297003e+03,8.376000000000000112e-01
2.942927937293729428e+03,8.326000000000000068e-01
2.943866171617161854e+03,8.276000000000000023e-01
2.944804405940594279e+03,8.260999999999999455e-01
2.945742640264026704e+03,8.250999999999999446e-01
2.946680874587459130e+03,8.249999999999999556e-01
2.947619108910891100e+03,8.249999999999999556e-01
2.948557343234323525e+03,8.249999999999999556e-01
2.949495577557755951e+03,8.249999999999999556e-01
2.950433811881188376e+03,8.224000000000000199e-01
2.951372046204620801e+03,8.194000000000000172e-01
2.952310280528052772e+03,8.164000000000000146e-01
2.953248514851485197e+03,8.134000000000000119e-01
2.954186749174917622e+03,8.121000000000000441e-01
2.955124983498350048e+03,8.111000000000000432e-01
2.956063217821782473e+03,8.110000000000000542e-01
2.957001452145214898e+03,8.110000000000000542e-01
2.957939686468646869e+03,8.114000000000000101e-01
2.958877920792079294e+03,8.118999999999999551e-01
2.959816155115511719e+03,8.151000000000000467e-01
2.960754389438944145e+03,8.185999999999999943e-01
2.961692623762376570e+03,8.256999999999999895e-01
2.962630858085808541e+03,8.330999999999999517e-01
2.963569092409240966e+03,8.379999999999999671e-01
2.964507326732673391e+03,8.425000000000000266e-01
2.965445561056105817e+03,8.460999999999999632e-01
2.966383795379538242e+03,8.496000000000000218e-01
2.967322029702970667e+03,8.504000000000000448e-01
2.968260264026402638e+03,8.508999999999999897e-01
2.969198498349835063e+03,8.518999999999999906e-01
2.970136732673267488e+03,8.528999999999999915e-01
2.971074966996699914e+03,8.534000000000000474e-01
2.972013201320132339e+03,8.538999999999999924e-01
2.972951435643564309e+03,8.548999999999999932e-01
2.973889669966996735e+03,8.558999999999999941e-01
2.974827904290429160e+03,8.559999999999999831e-01
2.975766138613861585e+03,8.559999999999999831e-01
2.976704372937294011e+03,8.559999999999999831e-01
2.977642607260726436e+03,8.559999999999999831e-01
2.978580841584158406e+03,8.559999999999999831e-01
2.979519075907590832e+03,8.559999999999999831e-01
2.980457310231023257e+03,8.559999999999999831e-01
2.981395544554455682e+03,8.559999999999999831e-01
2.982333778877888108e+03,8.547000000000000153e-01
2.983272013201320533e+03,8.531999999999999584e-01
2.984210247524752504e+03,8.520999999999999686e-01
2.985148481848184929e+03,8.510999999999999677e-01
2.986086716171617354e+03,8.484000000000000430e-01
2.987024950495049779e+03,8.454000000000000403e-01
2.987963184818482205e+03,8.418999999999999817e-01
2.988901419141914175e+03,8.384000000000000341e-01
2.989839653465346601e+03,8.348999999999999755e-01
2.990777887788779026e+03,8.314000000000000279e-01
2.991716122112211451e+03,8.293000000000000371e-01
2.992654356435643876e+03,8.273000000000000353e-01
2.993592590759076302e+03,8.260999999999999455e-01
2.994530825082508272e+03,8.250999999999999446e-01
2.995469059405940698e+03,8.258999999999999675e-01
2.996407293729373123e+03,8.268999999999999684e-01
2.997345528052805548e+03,8.292000000000000481e-01
2.998283762376237974e+03,8.316999999999999948e-01
2.999221996699669944e+03,8.328999999999999737e-01
3.000160231023102369e+03,8.338999999999999746e-01
3.001098465346534795e+03,8.344000000000000306e-01
3.002036699669967220e+03,8.348999999999999755e-01
3.002974933993399645e+03,8.349999999999999645e-01
3.003913168316832071e+03,8.349999999999999645e-01
3.004851402640264041e+03,8.349999999999999645e-01
3.005789636963696466e+03,8.349999999999999645e-01
3.006727871287128892e+03,8.349999999999999645e-01
3.007666105610561317e+03,8.349999999999999645e-01
3.008604339933993742e+03,8.349999999999999645e-01
3.009542574257425713e+03,8.349999999999999645e-01
3.010480808580858138e+03,8.349999999999999645e-01
3.011419042904290563e+03,8.349999999999999645e-01
3.012357277227722989e+03,8.346000000000000085e-01
3.013295511551155414e+03,8.340999999999999526e-01
3.014233745874587839e+03,8.299999999999999600e-01
3.015171980198019810e+03,8.255000000000000115e-01
3.016110214521452235e+03,8.232000000000000428e-01
3.017048448844884661e+03,8.212000000000000410e-01
3.017986683168317086e+03,8.209999999999999520e-01
3.018924917491749511e+03,8.209999999999999520e-01
3.019863151815181482e+03,8.165999999999999925e-01
3.020801386138613907e+03,8.115999999999999881e-01
3.021739620462046332e+03,8.048999999999999488e-01
3.022677854785478758e+03,7.979000000000000536e-01
3.023616089108911183e+03,7.895999999999999686e-01
3.024554323432343608e+03,7.811000000000000165e-01
3.025492557755775579e+03,7.734999999999999654e-01
3.026430792079208004e+03,7.660000000000000142e-01
3.027369026402640429e+03,7.645999999999999464e-01
3.028307260726072855e+03,7.641000000000000014e-01
3.029245495049505280e+03,7.613999999999999657e-01
3.030183729372937250e+03,7.583999999999999631e-01
3.031121963696369676e+03,7.544999999999999485e-01
3.032060198019802101e+03,7.504999999999999449e-01
3.032998432343234526e+03,7.473999999999999533e-01
3.033936666666666952e+03,7.443999999999999506e-01
3.034874900990099377e+03,7.427000000000000268e-01
3.035813135313531347e+03,7.411999999999999700e-01
3.036751369636963773e+03,7.400999999999999801e-01
3.037689603960396198e+03,7.390999999999999792e-01
3.038627838283828623e+03,7.386000000000000343e-01
3.039566072607261049e+03,7.380999999999999783e-01
3.040504306930693474e+03,7.367000000000000215e-01
3.041442541254125445e+03,7.351999999999999647e-01
3.042380775577557870e+03,7.298000000000000043e-01
3.043319009900990295e+03,7.237999999999999989e-01
3.044257244224422720e+03,7.187000000000000055e-01
3.045195478547855146e+03,7.137000000000000011e-01
3.046133712871287116e+03,7.116999999999999993e-01
3.047071947194719542e+03,7.102000000000000535e-01
3.048010181518151967e+03,7.086999999999999966e-01
3.048948415841584392e+03,7.072000000000000508e-01
3.049886650165016817e+03,7.056999999999999940e-01
3.050824884488449243e+03,7.042000000000000481e-01
3.051763118811881213e+03,7.036000000000000032e-01
3.052701353135313639e+03,7.030999999999999472e-01
3.053639587458746064e+03,7.026000000000000023e-01
3.054577821782178489e+03,7.020999999999999464e-01
3.055516056105610915e+03,7.010999999999999455e-01
3.056454290429042885e+03,7.000999999999999446e-01
3.057392524752475310e+03,6.995999999999999996e-01
3.058330759075907736e+03,6.991000000000000547e-01
3.059268993399340161e+03,6.981000000000000538e-01
3.060207227722772586e+03,6.971000000000000529e-01
3.061145462046205012e+03,6.965999999999999970e-01
3.062083696369636982e+03,6.961000000000000520e-01
3.063021930693069407e+03,6.951000000000000512e-01
3.063960165016501833e+03,6.941000000000000503e-01
3.064898399339934258e+03,6.939999999999999503e-01
3.065836633663366683e+03,6.939999999999999503e-01
3.066774867986798654e+03,6.953000000000000291e-01
3.067713102310231079e+03,6.967999999999999750e-01
3.068651336633663504e+03,7.035000000000000142e-01
3.069589570957095930e+03,7.110999999999999543e-01
3.070527805280528355e+03,7.177000000000000046e-01
3.071466039603960780e+03,7.241999999999999549e-01
3.072404273927392751e+03,7.288999999999999924e-01
3.073342508250825176e+03,7.334000000000000519e-01
3.074280742574257602e+03,7.397000000000000242e-01
3.075218976897690027e+03,7.461999999999999744e-01
3.076157211221122452e+03,7.513999999999999568e-01
3.077095445544554423e+03,7.563999999999999613e-01
3.078033679867986848e+03,7.573999999999999622e-01
3.078971914191419273e+03,7.579000000000000181e-01
3.079910148514851699e+03,7.510999999999999899e-01
3.080848382838284124e+03,7.430999999999999828e-01
3.081786617161716549e+03,7.350999999999999757e-01
3.082724851485148520e+03,7.270999999999999686e-01
3.083663085808580945e+03,7.199999999999999734e-01
3.084601320132013370e+03,7.129999999999999671e-01
3.085539554455445796e+03,7.067999999999999838e-01
3.086477788778878221e+03,7.007999999999999785e-01
3.087416023102310191e+03,6.986999999999999877e-01
3.088354257425742617e+03,6.972000000000000419e-01
3.089292491749175042e+03,6.965999999999999970e-01
3.090230726072607467e+03,6.961000000000000520e-01
3.091168960396039893e+03,6.598000000000000531e-01
3.092107194719472318e+03,6.182999999999999607e-01
3.093045429042904289e+03,6.004000000000000448e-01
3.093983663366336714e+03,5.858999999999999764e-01
3.094921897689769139e+03,5.587999999999999634e-01
3.095860132013201564e+03,5.298000000000000487e-01
3.096798366336633990e+03,5.139000000000000234e-01
3.097736600660066415e+03,4.999000000000000110e-01
3.098674834983498386e+03,4.966999999999999749e-01
3.099613069306930811e+03,4.951999999999999735e-01
3.100551303630363236e+03,5.014999999999999458e-01
3.101489537953795661e+03,5.090000000000000080e-01
3.102427772277228087e+03,5.036000000000000476e-01
3.103366006600660057e+03,4.960999999999999854e-01
3.104304240924092483e+03,4.959000000000000075e-01
3.105242475247524908e+03,4.969000000000000083e-01
3.106180709570957333e+03,5.108000000000000318e-01
3.107118943894389758e+03,5.270000000000000240e-01
3.108057178217822184e+03,5.137000000000000455e-01
3.108995412541254154e+03,4.961999999999999744e-01
3.109933646864686580e+03,5.010000000000000009e-01
3.110871881188119005e+03,5.090000000000000080e-01
3.111810115511551430e+03,5.577999999999999625e-01
3.112748349834983856e+03,6.127000000000000224e-01
3.113686584158415826e+03,6.672000000000000153e-01
3.114624818481848251e+03,7.216000000000000192e-01
3.115563052805280677e+03,7.311999999999999611e-01
3.116501287128713102e+03,7.337000000000000188e-01
3.117439521452145527e+03,7.237000000000000099e-01
3.118377755775577953e+03,7.116999999999999993e-01
3.119315990099009923e+03,7.044000000000000261e-01
3.120254224422442348e+03,6.978999999999999648e-01
3.121192458745874774e+03,6.858999999999999542e-01
3.122130693069307199e+03,6.729000000000000536e-01
3.123068927392739624e+03,6.696999999999999620e-01
3.124007161716171595e+03,6.682000000000000162e-01
3.124945396039604020e+03,6.689000000000000501e-01
3.125883630363036445e+03,6.699000000000000510e-01
3.126821864686468871e+03,6.756999999999999673e-01
3.127760099009901296e+03,6.822000000000000286e-01
3.128698333333333721e+03,6.877999999999999670e-01
3.129636567656765692e+03,6.933000000000000274e-01
3.130574801980198117e+03,7.022000000000000464e-01
3.131513036303630543e+03,7.116999999999999993e-01
3.132451270627062968e+03,7.129999999999999671e-01
3.133389504950495393e+03,7.129999999999999671e-01
3.134327739273927364e+03,7.060999999999999499e-01
3.135265973597359789e+03,6.981000000000000538e-01
3.136204207920792214e+03,6.956999999999999851e-01
3.137142442244224640e+03,6.942000000000000393e-01
3.138080676567657065e+03,6.866999999999999771e-01
3.139018910891089490e+03,6.782000000000000250e-01
3.139957145214521461e+03,6.864000000000000101e-01
3.140895379537953886e+03,6.974000000000000199e-01
3.141833613861386311e+03,7.173000000000000487e-01
3.142771848184818737e+03,7.388000000000000123e-01
3.143710082508251162e+03,7.681999999999999940e-01
3.144648316831683132e+03,7.990000000000000435e-01
3.145586551155115558e+03,8.221000000000000529e-01
3.146524785478547983e+03,8.440999999999999615e-01
3.147463019801980408e+03,8.626000000000000334e-01
3.148401254125412834e+03,8.806000000000000494e-01
3.149339488448845259e+03,8.981000000000000094e-01
3.150277722772277230e+03,9.155999999999999694e-01
3.151215957095709655e+03,9.292000000000000259e-01
3.152154191419142080e+03,9.422000000000000375e-01
3.153092425742574505e+03,9.448999999999999622e-01
3.154030660066006931e+03,9.458999999999999631e-01
3.154968894389438901e+03,9.476999999999999869e-01
3.155907128712871327e+03,9.496999999999999886e-01
3.156845363036303752e+03,9.513000000000000345e-01
3.157783597359736177e+03,9.527999999999999803e-01
3.158721831683168602e+03,9.534000000000000252e-01
3.159660066006601028e+03,9.538999999999999702e-01
3.160598300330032998e+03,9.553000000000000380e-01
3.161536534653465424e+03,9.567999999999999838e-01
3.162474768976897849e+03,9.578999999999999737e-01
3.163413003300330274e+03,9.588999999999999746e-01
3.164351237623762700e+03,9.616000000000000103e-01
3.165289471947195125e+03,9.646000000000000130e-01
3.166227706270627095e+03,9.649999999999999689e-01
3.167165940594059521e+03,9.649999999999999689e-01
3.168104174917491946e+03,9.654000000000000359e-01
3.169042409240924371e+03,9.658999999999999808e-01
3.169980643564356797e+03,9.668999999999999817e-01
3.170918877887788767e+03,9.678999999999999826e-01
3.171857112211221192e+03,9.684000000000000385e-01
3.172795346534653618e+03,9.688999999999999835e-01
3.173733580858086043e+03,9.689999999999999725e-01
3.174671815181518468e+03,9.689999999999999725e-01
3.175610049504950894e+03,9.689999999999999725e-01
3.176548283828382864e+03,9.689999999999999725e-01
3.177486518151815289e+03,9.689999999999999725e-01
3.178424752475247715e+03,9.689999999999999725e-01
3.179362986798680140e+03,9.689999999999999725e-01
3.180301221122112565e+03,9.689999999999999725e-01
3.181239455445544536e+03,9.689999999999999725e-01
3.182177689768976961e+03,9.689999999999999725e-01
3.183115924092409387e+03,9.689999999999999725e-01
3.184054158415841812e+03,9.689999999999999725e-01
3.184992392739274237e+03,9.689999999999999725e-01
3.185930627062706662e+03,9.689999999999999725e-01
3.186868861386138633e+03,9.694000000000000394e-01
3.187807095709571058e+03,9.698999999999999844e-01
3.188745330033003484e+03,9.699999999999999734e-01
3.189683564356435909e+03,9.699999999999999734e-01
3.190621798679868334e+03,9.708999999999999853e-01
3.191560033003300305e+03,9.718999999999999861e-01
3.192498267326732730e+03,9.719999999999999751e-01
3.193436501650165155e+03,9.719999999999999751e-01
3.194374735973597581e+03,9.724000000000000421e-01
3.195312970297030006e+03,9.728999999999999870e-01
3.196251204620462431e+03,9.729999999999999760e-01
3.197189438943894402e+03,9.729999999999999760e-01
3.198127673267326827e+03,9.737999999999999989e-01
3.199065907590759252e+03,9.747999999999999998e-01
3.200004141914191678e+03,9.754000000000000448e-01
3.200942376237624103e+03,9.758999999999999897e-01
3.201880610561056073e+03,9.759999999999999787e-01
3.202818844884488499e+03,9.759999999999999787e-01
3.203757079207920924e+03,9.759999999999999787e-01
3.204695313531353349e+03,9.759999999999999787e-01
3.205633547854785775e+03,9.768999999999999906e-01
3.206571782178218200e+03,9.778999999999999915e-01
3.207510016501650171e+03,9.779999999999999805e-01
3.208448250825082596e+03,9.779999999999999805e-01
3.209386485148515021e+03,9.779999999999999805e-01
3.210324719471947446e+03,9.779999999999999805e-01
3.211262953795379872e+03,9.784000000000000474e-01
3.212201188118811842e+03,9.788999999999999924e-01
3.213139422442244268e+03,9.789999999999999813e-01
3.214077656765676693e+03,9.789999999999999813e-01
3.215015891089109118e+03,9.789999999999999813e-01
3.215954125412541543e+03,9.789999999999999813e-01
3.216892359735973969e+03,9.789999999999999813e-01
3.217830594059405939e+03,9.789999999999999813e-01
3.218768828382838365e+03,9.798999999999999932e-01
3.219707062706270790e+03,9.808999999999999941e-01
3.220645297029703215e+03,9.809999999999999831e-01
3.221583531353135641e+03,9.809999999999999831e-01
3.222521765676568066e+03,9.809999999999999831e-01
3.223460000000000036e+03,9.809999999999999831e-01
3.224398234323432462e+03,9.809999999999999831e-01
3.225336468646864887e+03,9.809999999999999831e-01
3.226274702970297312e+03,9.809999999999999831e-01
3.227212937293729738e+03,9.809999999999999831e-01
3.228151171617161708e+03,9.809999999999999831e-01
3.229089405940594133e+03,9.809999999999999831e-01
3.230027640264026559e+03,9.809999999999999831e-01
3.230965874587458984e+03,9.809999999999999831e-01
3.231904108910891409e+03,9.809999999999999831e-01
3.232842343234323835e+03,9.809999999999999831e-01
3.233780577557755805e+03,9.809999999999999831e-01
3.234718811881188230e+03,9.809999999999999831e-01
3.235657046204620656e+03,9.809999999999999831e-01
3.236595280528053081e+03,9.809999999999999831e-01
3.237533514851485506e+03,9.809999999999999831e-01
3.238471749174917477e+03,9.809999999999999831e-01
3.239409983498349902e+03,9.809999999999999831e-01
3.240348217821782328e+03,9.809999999999999831e-01
3.241286452145214753e+03,9.809999999999999831e-01
3.242224686468647178e+03,9.809999999999999831e-01
3.243162920792079603e+03,9.809999999999999831e-01
3.244101155115511574e+03,9.809999999999999831e-01
3.245039389438943999e+03,9.809999999999999831e-01
3.245977623762376425e+03,9.809999999999999831e-01
3.246915858085808850e+03,9.809999999999999831e-01
3.247854092409241275e+03,9.809999999999999831e-01
3.248792326732673246e+03,9.809999999999999831e-01
3.249730561056105671e+03,9.809999999999999831e-01
3.250668795379538096e+03,9.809999999999999831e-01
3.251607029702970522e+03,9.809999999999999831e-01
3.252545264026402947e+03,9.809999999999999831e-01
3.253483498349835372e+03,9.809999999999999831e-01
3.254421732673267343e+03,9.809999999999999831e-01
3.255359966996699768e+03,9.809999999999999831e-01
3.256298201320132193e+03,9.809999999999999831e-01
3.257236435643564619e+03,9.809999999999999831e-01
3.258174669966997044e+03,9.809999999999999831e-01
3.259112904290429015e+03,9.809999999999999831e-01
3.260051138613861440e+03,9.809999999999999831e-01
3.260989372937293865e+03,9.809999999999999831e-01
3.261927607260726290e+03,9.800999999999999712e-01
3.262865841584158716e+03,9.790999999999999703e-01
3.263804075907591141e+03,9.789999999999999813e-01
3.264742310231023112e+03,9.789999999999999813e-01
3.265680544554455537e+03,9.789999999999999813e-01
3.266618778877887962e+03,9.789999999999999813e-01
3.267557013201320387e+03,9.789999999999999813e-01
3.268495247524752813e+03,9.789999999999999813e-01
3.269433481848184783e+03,9.789999999999999813e-01
3.270371716171617209e+03,9.789999999999999813e-01
3.271309950495049634e+03,9.789999999999999813e-01
3.272248184818482059e+03,9.789999999999999813e-01
3.273186419141914484e+03,9.798000000000000043e-01
3.274124653465346910e+03,9.808000000000000052e-01
3.275062887788778880e+03,9.801999999999999602e-01
3.276001122112211306e+03,9.790999999999999703e-01
3.276939356435643731e+03,9.789999999999999813e-01
3.277877590759076156e+03,9.789999999999999813e-01
3.278815825082508582e+03,9.789999999999999813e-01
3.279754059405941007e+03,9.789999999999999813e-01
3.280692293729372977e+03,9.789999999999999813e-01
3.281630528052805403e+03,9.789999999999999813e-01
3.282568762376237828e+03,9.786000000000000254e-01
3.283506996699670253e+03,9.780999999999999694e-01
3.284445231023102679e+03,9.771999999999999575e-01
3.285383465346534649e+03,9.761999999999999567e-01
3.286321699669967074e+03,9.759999999999999787e-01
3.287259933993399500e+03,9.759999999999999787e-01
3.288198168316831925e+03,9.759999999999999787e-01
3.289136402640264350e+03,9.759999999999999787e-01
3.290074636963696776e+03,9.759999999999999787e-01
3.291012871287128746e+03,9.759999999999999787e-01
3.291951105610561171e+03,9.759999999999999787e-01
3.292889339933993597e+03,9.759999999999999787e-01
3.293827574257426022e+03,9.768000000000000016e-01
3.294765808580858447e+03,9.778999999999999915e-01
3.295704042904290418e+03,9.784000000000000474e-01
3.296642277227722843e+03,9.788999999999999924e-01
3.297580511551155269e+03,9.789999999999999813e-01
3.298518745874587694e+03,9.789999999999999813e-01
3.299456980198020119e+03,9.798000000000000043e-01
3.300395214521452544e+03,9.808000000000000052e-01
3.301333448844884515e+03,9.814000000000000501e-01
3.302271683168316940e+03,9.818999999999999950e-01
3.303209917491749366e+03,9.819999999999999840e-01
3.304148151815181791e+03,9.819999999999999840e-01
3.305086386138614216e+03,9.819999999999999840e-01
3.306024620462046187e+03,9.819999999999999840e-01
3.306962854785478612e+03,9.819999999999999840e-01
3.307901089108911037e+03,9.819999999999999840e-01
3.308839323432343463e+03,9.819999999999999840e-01
3.309777557755775888e+03,9.819999999999999840e-01
3.310715792079208313e+03,9.819999999999999840e-01
3.311654026402640284e+03,9.819999999999999840e-01
3.312592260726072709e+03,9.828000000000000069e-01
3.313530495049505134e+03,9.838000000000000078e-01
3.314468729372937560e+03,9.831999999999999629e-01
3.315406963696369985e+03,9.821999999999999620e-01
3.316345198019801956e+03,9.819999999999999840e-01
3.317283432343234381e+03,9.819999999999999840e-01
3.318221666666666806e+03,9.819999999999999840e-01
3.319159900990099231e+03,9.819999999999999840e-01
3.320098135313531657e+03,9.819999999999999840e-01
3.321036369636964082e+03,9.819999999999999840e-01
3.321974603960396053e+03,9.816000000000000281e-01
3.322912838283828478e+03,9.810999999999999721e-01
3.323851072607260903e+03,9.809999999999999831e-01
3.324789306930693328e+03,9.809999999999999831e-01
3.325727541254125754e+03,9.809999999999999831e-01
3.326665775577557724e+03,9.809999999999999831e-01
3.327604009900990150e+03,9.809999999999999831e-01
3.328542244224422575e+03,9.809999999999999831e-01
3.329480478547855000e+03,9.801999999999999602e-01
3.330418712871287426e+03,9.791999999999999593e-01
3.331356947194719851e+03,9.789999999999999813e-01
3.332295181518151821e+03,9.789999999999999813e-01
3.333233415841584247e+03,9.789999999999999813e-01
3.334171650165016672e+03,9.789999999999999813e-01
3.335109884488449097e+03,9.789999999999999813e-01
3.336048118811881523e+03,9.789999999999999813e-01
3.336986353135313493e+03,9.789999999999999813e-01
3.337924587458745918e+03,9.789999999999999813e-01
3.338862821782178344e+03,9.789999999999999813e-01
3.339801056105610769e+03,9.789999999999999813e-01
3.340739290429043194e+03,9.798000000000000043e-01
3.341677524752475620e+03,9.808000000000000052e-01
3.342615759075907590e+03,9.809999999999999831e-01
3.343553993399340015e+03,9.809999999999999831e-01
3.344492227722772441e+03,9.809999999999999831e-01
3.345430462046204866e+03,9.809999999999999831e-01
3.346368696369637291e+03,9.814000000000000501e-01
3.347306930693069717e+03,9.818999999999999950e-01
3.348245165016501687e+03,9.819999999999999840e-01
3.349183399339934113e+03,9.819999999999999840e-01
3.350121633663366538e+03,9.828000000000000069e-01
3.351059867986798963e+03,9.838000000000000078e-01
3.351998102310231388e+03,9.844000000000000528e-01
3.352936336633663359e+03,9.848999999999999977e-01
3.353874570957095784e+03,9.849999999999999867e-01
3.354812805280528210e+03,9.849999999999999867e-01
3.355751039603960635e+03,9.849999999999999867e-01
3.356689273927393060e+03,9.849999999999999867e-01
3.357627508250825485e+03,9.849999999999999867e-01
3.358565742574257456e+03,9.849999999999999867e-01
3.359503976897689881e+03,9.849999999999999867e-01
3.360442211221122307e+03,9.849999999999999867e-01
3.361380445544554732e+03,9.849999999999999867e-01
3.362318679867987157e+03,9.849999999999999867e-01
3.363256914191419128e+03,9.846000000000000307e-01
3.364195148514851553e+03,9.840999999999999748e-01
3.365133382838283978e+03,9.839999999999999858e-01
3.366071617161716404e+03,9.839999999999999858e-01
3.367009851485148829e+03,9.839999999999999858e-01
3.367948085808581254e+03,9.839999999999999858e-01
3.368886320132013225e+03,9.839999999999999858e-01
3.369824554455445650e+03,9.839999999999999858e-01
3.370762788778878075e+03,9.831999999999999629e-01
3.371701023102310501e+03,9.821999999999999620e-01
3.372639257425742926e+03,9.819999999999999840e-01
3.373577491749174897e+03,9.819999999999999840e-01
3.374515726072607322e+03,9.819999999999999840e-01
3.375453960396039747e+03,9.819999999999999840e-01
3.376392194719472172e+03,9.816000000000000281e-01
3.377330429042904598e+03,9.810999999999999721e-01
3.378268663366337023e+03,9.809999999999999831e-01
3.379206897689768994e+03,9.809999999999999831e-01
3.380145132013201419e+03,9.809999999999999831e-01
3.381083366336633844e+03,9.809999999999999831e-01
3.382021600660066269e+03,9.809999999999999831e-01
3.382959834983498695e+03,9.809999999999999831e-01
3.383898069306930665e+03,9.814000000000000501e-01
3.384836303630363091e+03,9.818999999999999950e-01
3.385774537953795516e+03,9.819999999999999840e-01
3.386712772277227941e+03,9.819999999999999840e-01
3.387651006600660367e+03,9.819999999999999840e-01
3.388589240924092792e+03,9.819999999999999840e-01
3.389527475247524762e+03,9.819999999999999840e-01
3.390465709570957188e+03,9.819999999999999840e-01
3.391403943894389613e+03,9.828000000000000069e-01
3.392342178217822038e+03,9.838000000000000078e-01
3.393280412541254464e+03,9.839999999999999858e-01
3.394218646864686434e+03,9.839999999999999858e-01
3.395156881188118859e+03,9.839999999999999858e-01
3.396095115511551285e+03,9.839999999999999858e-01
3.397033349834983710e+03,9.839999999999999858e-01
3.397971584158416135e+03,9.839999999999999858e-01
3.398909818481848561e+03,9.844000000000000528e-01
3.399848052805280531e+03,9.848999999999999977e-01
3.400786287128712956e+03,9.849999999999999867e-01
3.401724521452145382e+03,9.849999999999999867e-01
3.402662755775577807e+03,9.846000000000000307e-01
3.403600990099010232e+03,9.840999999999999748e-01
3.404539224422442658e+03,9.839999999999999858e-01
3.405477458745874628e+03,9.839999999999999858e-01
3.406415693069307054e+03,9.839999999999999858e-01
3.407353927392739479e+03,9.839999999999999858e-01
3.408292161716171904e+03,9.839999999999999858e-01
3.409230396039604329e+03,9.839999999999999858e-01
3.410168630363036300e+03,9.839999999999999858e-01
3.411106864686468725e+03,9.839999999999999858e-01
3.412045099009901151e+03,9.839999999999999858e-01
3.412983333333333576e+03,9.839999999999999858e-01
3.413921567656766001e+03,9.839999999999999858e-01
3.414859801980198426e+03,9.839999999999999858e-01
3.415798036303630397e+03,9.839999999999999858e-01
3.416736270627062822e+03,9.839999999999999858e-01
3.417674504950495248e+03,9.839999999999999858e-01
3.418612739273927673e+03,9.839999999999999858e-01
3.419550973597360098e+03,9.839999999999999858e-01
3.420489207920792069e+03,9.839999999999999858e-01
3.421427442244224494e+03,9.839999999999999858e-01
3.422365676567656919e+03,9.839999999999999858e-01
3.423303910891089345e+03,9.839999999999999858e-01
3.424242145214521770e+03,9.839999999999999858e-01
3.425180379537954195e+03,9.839999999999999858e-01
3.426118613861386166e+03,9.839999999999999858e-01
3.427056848184818591e+03,9.839999999999999858e-01
3.427995082508251016e+03,9.839999999999999858e-01
3.428933316831683442e+03,9.827000000000000179e-01
3.429871551155115867e+03,9.812999999999999501e-01
3.430809785478547838e+03,9.809999999999999831e-01
3.431748019801980263e+03,9.809999999999999831e-01
3.432686254125412688e+03,9.809999999999999831e-01
3.433624488448845113e+03,9.809999999999999831e-01
3.434562722772277539e+03,9.809999999999999831e-01
3.435500957095709964e+03,9.809999999999999831e-01
3.436439191419141935e+03,9.809999999999999831e-01
3.437377425742574360e+03,9.809999999999999831e-01
3.438315660066006785e+03,9.809999999999999831e-01
3.439253894389439210e+03,9.809999999999999831e-01
3.440192128712871636e+03,9.809999999999999831e-01
3.441130363036303606e+03,9.809999999999999831e-01
3.442068597359736032e+03,9.814000000000000501e-01
3.443006831683168457e+03,9.818999999999999950e-01
3.443945066006600882e+03,9.819999999999999840e-01
3.444883300330033308e+03,9.819999999999999840e-01
3.445821534653465733e+03,9.819999999999999840e-01
3.446759768976897703e+03,9.819999999999999840e-01
3.447698003300330129e+03,9.819999999999999840e-01
3.448636237623762554e+03,9.819999999999999840e-01
3.449574471947194979e+03,9.819999999999999840e-01
3.450512706270627405e+03,9.819999999999999840e-01
3.451450940594059375e+03,9.819999999999999840e-01
3.452389174917491800e+03,9.819999999999999840e-01
3.453327409240924226e+03,9.819999999999999840e-01
3.454265643564356651e+03,9.819999999999999840e-01
3.455203877887789076e+03,9.828000000000000069e-01
3.456142112211221502e+03,9.838000000000000078e-01
3.457080346534653472e+03,9.844000000000000528e-01
3.458018580858085897e+03,9.848999999999999977e-01
3.458956815181518323e+03,9.849999999999999867e-01
3.459895049504950748e+03,9.849999999999999867e-01
3.460833283828383173e+03,9.854000000000000536e-01
3.461771518151815599e+03,9.858999999999999986e-01
3.462709752475247569e+03,9.859999999999999876e-01
3.463647986798679995e+03,9.859999999999999876e-01
3.464586221122112420e+03,9.859999999999999876e-01
3.465524455445544845e+03,9.859999999999999876e-01
3.466462689768977270e+03,9.859999999999999876e-01
3.467400924092409241e+03,9.859999999999999876e-01
3.468339158415841666e+03,9.859999999999999876e-01
3.469277392739274092e+03,9.859999999999999876e-01
3.470215627062706517e+03,9.859999999999999876e-01
3.471153861386138942e+03,9.859999999999999876e-01
3.472092095709571367e+03,9.859999999999999876e-01
3.473030330033003338e+03,9.859999999999999876e-01
3.473968564356435763e+03,9.859999999999999876e-01
3.474906798679868189e+03,9.859999999999999876e-01
3.475845033003300614e+03,9.859999999999999876e-01
3.476783267326733039e+03,9.859999999999999876e-01
3.477721501650165010e+03,9.859999999999999876e-01
3.478659735973597435e+03,9.859999999999999876e-01
3.479597970297029860e+03,9.856000000000000316e-01
3.480536204620462286e+03,9.850999999999999757e-01
3.481474438943894711e+03,9.849999999999999867e-01
3.482412673267327136e+03,9.849999999999999867e-01
3.483350907590759107e+03,9.849999999999999867e-01
3.484289141914191532e+03,9.849999999999999867e-01
3.485227376237623957e+03,9.849999999999999867e-01
3.486165610561056383e+03,9.849999999999999867e-01
3.487103844884488808e+03,9.849999999999999867e-01
3.488042079207920779e+03,9.849999999999999867e-01
3.488980313531353204e+03,9.849999999999999867e-01
3.489918547854785629e+03,9.849999999999999867e-01
3.490856782178218054e+03,9.849999999999999867e-01
3.491795016501650480e+03,9.849999999999999867e-01
3.492733250825082905e+03,9.846000000000000307e-01
3.493671485148514876e+03,9.840999999999999748e-01
3.494609719471947301e+03,9.831999999999999629e-01
3.495547953795379726e+03,9.821999999999999620e-01
3.496486188118812152e+03,9.819999999999999840e-01
3.497424422442244577e+03,9.819999999999999840e-01
3.498362656765676547e+03,9.816000000000000281e-01
3.499300891089108973e+03,9.810999999999999721e-01
3.500239125412541398e+03,9.801999999999999602e-01
3.501177359735973823e+03,9.791999999999999593e-01
3.502115594059406249e+03,9.789999999999999813e-01
3.503053828382838674e+03,9.789999999999999813e-01
3.503992062706270644e+03,9.786000000000000254e-01
3.504930297029703070e+03,9.780999999999999694e-01
3.505868531353135495e+03,9.779999999999999805e-01
3.506806765676567920e+03,9.779999999999999805e-01
3.507745000000000346e+03,9.759999999999999787e-01
3.508683234323432316e+03,9.735000000000000320e-01
3.509621468646864741e+03,9.700999999999999623e-01
3.510559702970297167e+03,9.666000000000000147e-01
3.511497937293729592e+03,9.644000000000000350e-01
3.512436171617162017e+03,9.624000000000000332e-01
3.513374405940594443e+03,9.607999999999999874e-01
3.514312640264026413e+03,9.593000000000000416e-01
3.515250874587458839e+03,9.569999999999999618e-01
3.516189108910891264e+03,9.545000000000000151e-01
3.517127343234323689e+03,9.512000000000000455e-01
3.518065577557756114e+03,9.476999999999999869e-01
3.519003811881188085e+03,9.428999999999999604e-01
3.519942046204620510e+03,9.378999999999999559e-01
3.520880280528052936e+03,9.242000000000000215e-01
3.521818514851485361e+03,9.086999999999999522e-01
3.522756749174917786e+03,9.052000000000000046e-01
3.523694983498350211e+03,9.042000000000000037e-01
3.524633217821782182e+03,9.032000000000000028e-01
3.525571452145214607e+03,9.022000000000000020e-01
3.526509686468647033e+03,9.015999999999999570e-01
3.527447920792079458e+03,9.011000000000000121e-01
3.528386155115511883e+03,8.882999999999999785e-01
3.529324389438944308e+03,8.729000000000000092e-01
3.530262623762376279e+03,8.630999999999999783e-01
3.531200858085808704e+03,8.546000000000000263e-01
3.532139092409241130e+03,8.453000000000000513e-01
3.533077326732673555e+03,8.357999999999999874e-01
3.534015561056105980e+03,8.263000000000000345e-01
3.534953795379537951e+03,8.167999999999999705e-01
3.535892029702970376e+03,8.076999999999999735e-01
3.536830264026402801e+03,7.986999999999999655e-01
3.537768498349835227e+03,7.965999999999999748e-01
3.538706732673267652e+03,7.961000000000000298e-01
3.539644966996700077e+03,7.960000000000000409e-01
3.540583201320132048e+03,7.960000000000000409e-01
3.541521435643564473e+03,7.984999999999999876e-01
3.542459669966996898e+03,8.014999999999999902e-01
3.543397904290429324e+03,8.073000000000000176e-01
3.544336138613861749e+03,8.137999999999999678e-01
3.545274372937293720e+03,8.101000000000000423e-01
3.546212607260726145e+03,8.041000000000000369e-01
3.547150841584158570e+03,7.989000000000000545e-01
3.548089075907590995e+03,7.939000000000000501e-01
3.549027310231023421e+03,7.864999999999999769e-01
3.549965544554455846e+03,7.784999999999999698e-01
3.550903778877887817e+03,7.758000000000000451e-01
3.551842013201320242e+03,7.742999999999999883e-01
3.552780247524752667e+03,7.748000000000000442e-01
3.553718481848185093e+03,7.758000000000000451e-01
3.554656716171617518e+03,7.835999999999999632e-01
3.555594950495049488e+03,7.931000000000000272e-01
3.556533184818481914e+03,8.023000000000000131e-01
3.557471419141914339e+03,8.114000000000000101e-01
3.558409653465346764e+03,8.228999999999999648e-01
3.559347887788779190e+03,8.347999999999999865e-01
3.560286122112211615e+03,8.517000000000000126e-01
3.561224356435643585e+03,8.697000000000000286e-01
3.562162590759076011e+03,8.860999999999999988e-01
3.563100825082508436e+03,9.020000000000000240e-01
3.564039059405940861e+03,9.175999999999999712e-01
3.564977293729373287e+03,9.331000000000000405e-01
3.565915528052805257e+03,9.405000000000000027e-01
3.566853762376237682e+03,9.459999999999999520e-01
3.567791996699670108e+03,9.546999999999999931e-01
3.568730231023102533e+03,9.641999999999999460e-01
3.569668465346534958e+03,9.725000000000000311e-01
3.570606699669967384e+03,9.804000000000000492e-01
3.571544933993399354e+03,9.836000000000000298e-01
3.572483168316831780e+03,9.856000000000000316e-01
3.573421402640264205e+03,9.871999999999999664e-01
3.574359636963696630e+03,9.887000000000000233e-01
3.575297871287129055e+03,9.898000000000000131e-01
3.576236105610561026e+03,9.908000000000000140e-01
3.577174339933993451e+03,9.909999999999999920e-01
3.578112574257425877e+03,9.909999999999999920e-01
3.579050808580858302e+03,9.913999999999999480e-01
3.579989042904290727e+03,9.919000000000000039e-01
3.580927277227723152e+03,9.928000000000000158e-01
3.581865511551155123e+03,9.938000000000000167e-01
3.582803745874587548e+03,9.939999999999999947e-01
3.583741980198019974e+03,9.939999999999999947e-01
3.584680214521452399e+03,9.939999999999999947e-01
3.585618448844884824e+03,9.939999999999999947e-01
3.586556683168317250e+03,9.939999999999999947e-01
3.587494917491749220e+03,9.939999999999999947e-01
3.588433151815181645e+03,9.939999999999999947e-01
3.589371386138614071e+03,9.939999999999999947e-01
3.590309620462046496e+03,9.939999999999999947e-01
3.591247854785478921e+03,9.939999999999999947e-01
3.592186089108910892e+03,9.939999999999999947e-01
3.593124323432343317e+03,9.939999999999999947e-01
3.594062557755775742e+03,9.939999999999999947e-01
3.595000792079208168e+03,9.939999999999999947e-01
3.595939026402640593e+03,9.939999999999999947e-01
3.596877260726073018e+03,9.939999999999999947e-01
3.597815495049504989e+03,9.951999999999999735e-01
3.598753729372937414e+03,9.967000000000000304e-01
3.599691963696369839e+03,9.969999999999999973e-01
3.600630198019802265e+03,9.969999999999999973e-01
3.601568432343234690e+03,9.973999999999999533e-01
3.602506666666666661e+03,9.979000000000000092e-01
3.603444900990099086e+03,9.979999999999999982e-01
3.604383135313531511e+03,9.979999999999999982e-01
3.605321369636963937e+03,9.979999999999999982e-01
3.606259603960396362e+03,9.979999999999999982e-01
3.607197838283828787e+03,9.988000000000000211e-01
3.608136072607260758e+03,9.998000000000000220e-01
3.609074306930693183e+03,1.000000000000000000e+00
3.610012541254125608e+03,1.000000000000000000e+00
3.610950775577558034e+03,1.000000000000000000e+00
3.611889009900990459e+03,1.000000000000000000e+00
3.612827244224422429e+03,1.000399999999999956e+00
3.613765478547854855e+03,1.000899999999999901e+00
3.614703712871287280e+03,1.000999999999999890e+00
3.615641947194719705e+03,1.000999999999999890e+00
3.616580181518152131e+03,1.000999999999999890e+00
3.617518415841584556e+03,1.000999999999999890e+00
3.618456650165016526e+03,1.000999999999999890e+00
3.619394884488448952e+03,1.000999999999999890e+00
3.620333118811881377e+03,1.001400000000000068e+00
3.621271353135313802e+03,1.001900000000000013e+00
3.622209587458746228e+03,1.002000000000000002e+00
3.623147821782178198e+03,1.002000000000000002e+00
3.624086056105610623e+03,1.002000000000000002e+00
3.625024290429043049e+03,1.002000000000000002e+00
3.625962524752475474e+03,1.002000000000000002e+00
3.626900759075907899e+03,1.002000000000000002e+00
3.627838993399340325e+03,1.002000000000000002e+00
3.628777227722772295e+03,1.002000000000000002e+00
3.629715462046204721e+03,1.002000000000000002e+00
3.630653696369637146e+03,1.002000000000000002e+00
3.631591930693069571e+03,1.002000000000000002e+00
3.632530165016501996e+03,1.002000000000000002e+00
3.633468399339933967e+03,1.002000000000000002e+00
3.634406633663366392e+03,1.002000000000000002e+00
3.635344867986798818e+03,1.002000000000000002e+00
3.636283102310231243e+03,1.002000000000000002e+00
3.637221336633663668e+03,1.002000000000000002e+00
3.638159570957096093e+03,1.002000000000000002e+00
3.639097805280528064e+03,1.002000000000000002e+00
3.640036039603960489e+03,1.002000000000000002e+00
3.640974273927392915e+03,1.002000000000000002e+00
3.641912508250825340e+03,1.002000000000000002e+00
3.642850742574257765e+03,1.002000000000000002e+00
3.643788976897689736e+03,1.002000000000000002e+00
3.644727211221122161e+03,1.002000000000000002e+00
3.645665445544554586e+03,1.002000000000000002e+00
3.646603679867987012e+03,1.002000000000000002e+00
3.647541914191419437e+03,1.002000000000000002e+00
3.648480148514851862e+03,1.002000000000000002e+00
3.649418382838283833e+03,1.002000000000000002e+00
3.650356617161716258e+03,1.002000000000000002e+00
3.651294851485148683e+03,1.002000000000000002e+00
3.652233085808581109e+03,1.002000000000000002e+00
3.653171320132013534e+03,1.002000000000000002e+00
3.654109554455445959e+03,1.002000000000000002e+00
3.655047788778877930e+03,1.002000000000000002e+00
3.655986023102310355e+03,1.002000000000000002e+00
3.656924257425742780e+03,1.002000000000000002e+00
3.657862491749175206e+03,1.002000000000000002e+00
3.658800726072607631e+03,1.002000000000000002e+00
3.659738960396039602e+03,1.002000000000000002e+00
3.660677194719472027e+03,1.002000000000000002e+00
3.661615429042904452e+03,1.002000000000000002e+00
3.662553663366336878e+03,1.002000000000000002e+00
3.663491897689769303e+03,1.002000000000000002e+00
3.664430132013201728e+03,1.002000000000000002e+00
3.665368366336633699e+03,1.002000000000000002e+00
3.666306600660066124e+03,1.002000000000000002e+00
3.667244834983498549e+03,1.002000000000000002e+00
3.668183069306930975e+03,1.002000000000000002e+00
3.669121303630363400e+03,1.002000000000000002e+00
3.670059537953795370e+03,1.002000000000000002e+00
3.670997772277227796e+03,1.002000000000000002e+00
3.671936006600660221e+03,1.002000000000000002e+00
3.672874240924092646e+03,1.002000000000000002e+00
3.673812475247525072e+03,1.002000000000000002e+00
3.674750709570957497e+03,1.002000000000000002e+00
3.675688943894389467e+03,1.002000000000000002e+00
3.676627178217821893e+03,1.002000000000000002e+00
3.677565412541254318e+03,1.002000000000000002e+00
3.678503646864686743e+03,1.002000000000000002e+00
3.679441881188119169e+03,1.002000000000000002e+00
3.680380115511551139e+03,1.002000000000000002e+00
3.681318349834983565e+03,1.002000000000000002e+00
3.682256584158415990e+03,1.002000000000000002e+00
3.683194818481848415e+03,1.002000000000000002e+00
3.684133052805280840e+03,1.002000000000000002e+00
3.685071287128713266e+03,1.002000000000000002e+00
3.686009521452145236e+03,1.001600000000000046e+00
3.686947755775577662e+03,1.001100000000000101e+00
3.687885990099010087e+03,1.000999999999999890e+00
3.688824224422442512e+03,1.000999999999999890e+00
3.689762458745874937e+03,1.000999999999999890e+00
3.690700693069306908e+03,1.000999999999999890e+00
3.691638927392739333e+03,1.000999999999999890e+00
3.692577161716171759e+03,1.000999999999999890e+00
3.693515396039604184e+03,1.000999999999999890e+00
3.694453630363036609e+03,1.000999999999999890e+00
3.695391864686469034e+03,1.000999999999999890e+00
3.696330099009901005e+03,1.000999999999999890e+00
3.697268333333333430e+03,1.000999999999999890e+00
3.698206567656765856e+03,1.000999999999999890e+00
3.699144801980198281e+03,1.000999999999999890e+00
3.700083036303630706e+03,1.000999999999999890e+00
3.701021270627062677e+03,1.000999999999999890e+00
3.701959504950495102e+03,1.000999999999999890e+00
3.702897739273927527e+03,1.000999999999999890e+00
3.703835973597359953e+03,1.000999999999999890e+00
3.704774207920792378e+03,1.000999999999999890e+00
3.705712442244224803e+03,1.000999999999999890e+00
3.706650676567656774e+03,1.001400000000000068e+00
3.707588910891089199e+03,1.001900000000000013e+00
3.708527145214521624e+03,1.002000000000000002e+00
3.709465379537954050e+03,1.002000000000000002e+00
3.710403613861386475e+03,1.002000000000000002e+00
3.711341848184818900e+03,1.002000000000000002e+00
3.712280082508250871e+03,1.002000000000000002e+00
3.713218316831683296e+03,1.002000000000000002e+00
3.714156551155115721e+03,1.002799999999999914e+00
3.715094785478548147e+03,1.003800000000000026e+00
3.716033019801980572e+03,1.004000000000000004e+00
3.716971254125412543e+03,1.004000000000000004e+00
3.717909488448844968e+03,1.004000000000000004e+00
3.718847722772277393e+03,1.004000000000000004e+00
3.719785957095709819e+03,1.004000000000000004e+00
3.720724191419142244e+03,1.004000000000000004e+00
3.721662425742574669e+03,1.004000000000000004e+00
3.722600660066006640e+03,1.004000000000000004e+00
3.723538894389439065e+03,1.004000000000000004e+00
3.724477128712871490e+03,1.004000000000000004e+00
3.725415363036303916e+03,1.004000000000000004e+00
3.726353597359736341e+03,1.004000000000000004e+00
3.727291831683168311e+03,1.004000000000000004e+00
3.728230066006600737e+03,1.004000000000000004e+00
3.729168300330033162e+03,1.004000000000000004e+00
3.730106534653465587e+03,1.004000000000000004e+00
3.731044768976898013e+03,1.004000000000000004e+00
3.731983003300330438e+03,1.004000000000000004e+00
3.732921237623762408e+03,1.004000000000000004e+00
3.733859471947194834e+03,1.004000000000000004e+00
3.734797706270627259e+03,1.004000000000000004e+00
3.735735940594059684e+03,1.004000000000000004e+00
3.736674174917492110e+03,1.004000000000000004e+00
3.737612409240924080e+03,1.004000000000000004e+00
3.738550643564356506e+03,1.004000000000000004e+00
3.739488877887788931e+03,1.004000000000000004e+00
3.740427112211221356e+03,1.004000000000000004e+00
3.741365346534653781e+03,1.004000000000000004e+00
3.742303580858086207e+03,1.004000000000000004e+00
3.743241815181518177e+03,1.004000000000000004e+00
3.744180049504950603e+03,1.003200000000000092e+00
3.745118283828383028e+03,1.002199999999999980e+00
3.746056518151815453e+03,1.002000000000000002e+00
3.746994752475247878e+03,1.002000000000000002e+00
3.747932986798679849e+03,1.002000000000000002e+00
3.748871221122112274e+03,1.002000000000000002e+00
3.749809455445544700e+03,1.002000000000000002e+00
3.750747689768977125e+03,1.002000000000000002e+00
3.751685924092409550e+03,1.002000000000000002e+00
3.752624158415841976e+03,1.002000000000000002e+00
3.753562392739273946e+03,1.002000000000000002e+00
3.754500627062706371e+03,1.002000000000000002e+00
3.755438861386138797e+03,1.002000000000000002e+00
3.756377095709571222e+03,1.002000000000000002e+00
3.757315330033003647e+03,1.002000000000000002e+00
3.758253564356435618e+03,1.002000000000000002e+00
3.759191798679868043e+03,1.002000000000000002e+00
3.760130033003300468e+03,1.002000000000000002e+00
3.761068267326732894e+03,1.002000000000000002e+00
3.762006501650165319e+03,1.002000000000000002e+00
3.762944735973597744e+03,1.001600000000000046e+00
3.763882970297029715e+03,1.001100000000000101e+00
3.764821204620462140e+03,1.000999999999999890e+00
3.765759438943894565e+03,1.000999999999999890e+00
3.766697673267326991e+03,1.000999999999999890e+00
3.767635907590759416e+03,1.000999999999999890e+00
3.768574141914191841e+03,1.000999999999999890e+00
3.769512376237623812e+03,1.000999999999999890e+00
3.770450610561056237e+03,1.000999999999999890e+00
3.771388844884488663e+03,1.000999999999999890e+00
3.772327079207921088e+03,1.000999999999999890e+00
3.773265313531353513e+03,1.000999999999999890e+00
3.774203547854785484e+03,1.000999999999999890e+00
3.775141782178217909e+03,1.000999999999999890e+00
3.776080016501650334e+03,1.000999999999999890e+00
3.777018250825082760e+03,1.000999999999999890e+00
3.777956485148515185e+03,1.000999999999999890e+00
3.778894719471947610e+03,1.000999999999999890e+00
3.779832953795379581e+03,1.000999999999999890e+00
3.780771188118812006e+03,1.000999999999999890e+00
3.781709422442244431e+03,1.000999999999999890e+00
3.782647656765676857e+03,1.000999999999999890e+00
3.783585891089109282e+03,1.000999999999999890e+00
3.784524125412541252e+03,1.000999999999999890e+00
3.785462359735973678e+03,1.000999999999999890e+00
3.786400594059406103e+03,1.000999999999999890e+00
3.787338828382838528e+03,1.000999999999999890e+00
3.788277062706270954e+03,1.000999999999999890e+00
3.789215297029703379e+03,1.000999999999999890e+00
3.790153531353135349e+03,1.000999999999999890e+00
3.791091765676567775e+03,1.000999999999999890e+00
3.792030000000000200e+03,1.000999999999999890e+00
