3.846150000000000091e+02,9.459999999999999520e-01
3.859336874757657938e+02,9.459999999999999520e-01
3.872523749515316354e+02,9.459999999999999520e-01
3.885710624272974201e+02,9.459999999999999520e-01
3.898897499030632048e+02,9.459999999999999520e-01
3.912084373788289895e+02,9.459999999999999520e-01
3.925271248545948310e+02,9.459999999999999520e-01
3.938458123303606158e+02,9.459999999999999520e-01
3.951644998061264005e+02,9.459999999999999520e-01
3.964831872818922420e+02,9.459999999999999520e-01
3.978018747576580267e+02,9.459999999999999520e-01
3.991205622334238114e+02,9.459999999999999520e-01
4.004392497091895962e+02,9.439999999999999503e-01
4.017579371849554377e+02,9.439999999999999503e-01
4.030766246607212224e+02,9.439999999999999503e-01
4.043953121364870071e+02,9.439999999999999503e-01
4.057139996122528487e+02,9.439999999999999503e-01
4.070326870880186334e+02,9.439999999999999503e-01
4.083513745637844181e+02,9.439999999999999503e-01
4.096700620395502028e+02,9.439999999999999503e-01
4.109887495153160444e+02,9.419999999999999485e-01
4.123074369910818291e+02,9.399999999999999467e-01
4.136261244668476138e+02,9.399999999999999467e-01
4.149448119426134554e+02,9.379999999999999449e-01
4.162634994183792401e+02,9.379999999999999449e-01
4.175821868941450248e+02,9.340000000000000524e-01
4.189008743699108095e+02,9.340000000000000524e-01
4.202195618456766510e+02,9.340000000000000524e-01
4.215382493214424358e+02,9.320000000000000506e-01
4.228569367972082205e+02,9.320000000000000506e-01
4.241756242729740052e+02,9.320000000000000506e-01
4.254943117487398467e+02,9.320000000000000506e-01
4.268129992245056314e+02,9.320000000000000506e-01
4.281316867002714162e+02,9.320000000000000506e-01
4.294503741760372577e+02,9.320000000000000506e-01
4.307690616518030424e+02,9.340000000000000524e-01
4.320877491275688271e+02,9.340000000000000524e-01
4.334064366033346687e+02,9.340000000000000524e-01
4.347251240791004534e+02,9.340000000000000524e-01
4.360438115548662381e+02,9.360000000000000542e-01
4.373624990306320228e+02,9.360000000000000542e-01
4.386811865063978644e+02,9.360000000000000542e-01
4.399998739821636491e+02,9.360000000000000542e-01
4.413185614579294338e+02,9.360000000000000542e-01
4.426372489336952185e+02,9.379999999999999449e-01
4.439559364094610601e+02,9.399999999999999467e-01
4.452746238852268448e+02,9.419999999999999485e-01
4.465933113609926295e+02,9.419999999999999485e-01
4.479119988367584710e+02,9.419999999999999485e-01
4.492306863125242558e+02,9.419999999999999485e-01
4.505493737882900405e+02,9.419999999999999485e-01
4.518680612640558820e+02,9.419999999999999485e-01
4.531867487398216667e+02,9.419999999999999485e-01
4.545054362155874514e+02,9.439999999999999503e-01
4.558241236913532930e+02,9.419999999999999485e-01
4.571428111671190777e+02,9.419999999999999485e-01
4.584614986428848624e+02,9.419999999999999485e-01
4.597801861186506471e+02,9.419999999999999485e-01
4.610988735944164318e+02,9.419999999999999485e-01
4.624175610701822734e+02,9.439999999999999503e-01
4.637362485459480581e+02,9.439999999999999503e-01
4.650549360217138428e+02,9.439999999999999503e-01
4.663736234974796844e+02,9.439999999999999503e-01
4.676923109732454691e+02,9.439999999999999503e-01
4.690109984490112538e+02,9.439999999999999503e-01
4.703296859247770954e+02,9.439999999999999503e-01
4.716483734005428801e+02,9.419999999999999485e-01
4.729670608763086648e+02,9.419999999999999485e-01
4.742857483520745063e+02,9.419999999999999485e-01
4.756044358278402910e+02,9.419999999999999485e-01
4.769231233036060758e+02,9.419999999999999485e-01
4.782418107793718605e+02,9.419999999999999485e-01
4.795604982551376452e+02,9.419999999999999485e-01
4.808791857309034867e+02,9.419999999999999485e-01
4.821978732066692714e+02,9.419999999999999485e-01
4.835165606824350562e+02,9.419999999999999485e-01
4.848352481582008977e+02,9.419999999999999485e-01
4.861539356339666824e+02,9.419999999999999485e-01
4.874726231097324671e+02,9.399999999999999467e-01
4.887913105854983087e+02,9.399999999999999467e-01
4.901099980612640934e+02,9.399999999999999467e-01
4.914286855370298781e+02,9.379999999999999449e-01
4.927473730127957197e+02,9.360000000000000542e-01
4.940660604885615044e+02,9.360000000000000542e-01
4.953847479643272891e+02,9.360000000000000542e-01
4.967034354400930738e+02,9.360000000000000542e-01
4.980221229158588585e+02,9.360000000000000542e-01
4.993408103916247001e+02,9.360000000000000542e-01
5.006594978673904848e+02,9.340000000000000524e-01
5.019781853431562695e+02,9.340000000000000524e-01
5.032968728189221110e+02,9.340000000000000524e-01
5.046155602946878957e+02,9.320000000000000506e-01
5.059342477704536805e+02,9.320000000000000506e-01
5.072529352462195220e+02,9.320000000000000506e-01
5.085716227219853067e+02,9.320000000000000506e-01
5.098903101977510914e+02,9.340000000000000524e-01
5.112089976735169330e+02,9.340000000000000524e-01
5.125276851492826609e+02,9.340000000000000524e-01
5.138463726250485024e+02,9.340000000000000524e-01
5.151650601008143440e+02,9.340000000000000524e-01
5.164837475765800718e+02,9.340000000000000524e-01
5.178024350523459134e+02,9.340000000000000524e-01
5.191211225281117549e+02,9.340000000000000524e-01
5.204398100038774828e+02,9.340000000000000524e-01
5.217584974796433244e+02,9.320000000000000506e-01
5.230771849554091659e+02,9.320000000000000506e-01
5.243958724311748938e+02,9.340000000000000524e-01
5.257145599069407353e+02,9.340000000000000524e-01
5.270332473827065769e+02,9.340000000000000524e-01
5.283519348584723048e+02,9.360000000000000542e-01
5.296706223342381463e+02,9.360000000000000542e-01
5.309893098100038742e+02,9.360000000000000542e-01
5.323079972857697157e+02,9.360000000000000542e-01
5.336266847615354436e+02,9.379999999999999449e-01
5.349453722373012852e+02,9.399999999999999467e-01
5.362640597130671267e+02,9.399999999999999467e-01
5.375827471888328546e+02,9.399999999999999467e-01
5.389014346645986961e+02,9.399999999999999467e-01
5.402201221403645377e+02,9.399999999999999467e-01
5.415388096161302656e+02,9.419999999999999485e-01
5.428574970918961071e+02,9.419999999999999485e-01
5.441761845676619487e+02,9.419999999999999485e-01
5.454948720434276765e+02,9.419999999999999485e-01
5.468135595191935181e+02,9.419999999999999485e-01
5.481322469949593597e+02,9.419999999999999485e-01
5.494509344707250875e+02,9.419999999999999485e-01
5.507696219464909291e+02,9.419999999999999485e-01
5.520883094222567706e+02,9.419999999999999485e-01
5.534069968980224985e+02,9.419999999999999485e-01
5.547256843737883401e+02,9.419999999999999485e-01
5.560443718495541816e+02,9.419999999999999485e-01
5.573630593253199095e+02,9.419999999999999485e-01
5.586817468010857510e+02,9.399999999999999467e-01
5.600004342768515926e+02,9.399999999999999467e-01
5.613191217526173205e+02,9.399999999999999467e-01
5.626378092283831620e+02,9.399999999999999467e-01
5.639564967041490036e+02,9.399999999999999467e-01
5.652751841799147314e+02,9.360000000000000542e-01
5.665938716556805730e+02,9.360000000000000542e-01
5.679125591314463009e+02,9.360000000000000542e-01
5.692312466072121424e+02,9.360000000000000542e-01
5.705499340829778703e+02,9.360000000000000542e-01
5.718686215587437118e+02,9.360000000000000542e-01
5.731873090345095534e+02,9.360000000000000542e-01
5.745059965102752813e+02,9.360000000000000542e-01
5.758246839860411228e+02,9.360000000000000542e-01
5.771433714618069644e+02,9.360000000000000542e-01
5.784620589375726922e+02,9.360000000000000542e-01
5.797807464133385338e+02,9.360000000000000542e-01
5.810994338891043753e+02,9.360000000000000542e-01
5.824181213648701032e+02,9.360000000000000542e-01
5.837368088406359448e+02,9.360000000000000542e-01
5.850554963164017863e+02,9.360000000000000542e-01
5.863741837921675142e+02,9.360000000000000542e-01
5.876928712679333557e+02,9.360000000000000542e-01
5.890115587436991973e+02,9.360000000000000542e-01
5.903302462194649252e+02,9.360000000000000542e-01
5.916489336952307667e+02,9.340000000000000524e-01
5.929676211709966083e+02,9.320000000000000506e-01
5.942863086467623361e+02,9.320000000000000506e-01
5.956049961225281777e+02,9.300000000000000488e-01
5.969236835982940192e+02,9.280000000000000471e-01
5.982423710740597471e+02,9.260000000000000453e-01
5.995610585498255887e+02,9.220000000000000417e-01
6.008797460255914302e+02,9.200000000000000400e-01
6.021984335013571581e+02,9.180000000000000382e-01
6.035171209771229996e+02,9.140000000000000346e-01
6.048358084528887275e+02,9.140000000000000346e-01
6.061544959286545691e+02,9.140000000000000346e-01
6.074731834044202969e+02,9.140000000000000346e-01
6.087918708801861385e+02,9.160000000000000364e-01
6.101105583559519800e+02,9.160000000000000364e-01
6.114292458317177079e+02,9.200000000000000400e-01
6.127479333074835495e+02,9.200000000000000400e-01
6.140666207832493910e+02,9.240000000000000435e-01
6.153853082590151189e+02,9.260000000000000453e-01
6.167039957347809604e+02,9.280000000000000471e-01
6.180226832105468020e+02,9.300000000000000488e-01
6.193413706863125299e+02,9.300000000000000488e-01
6.206600581620783714e+02,9.300000000000000488e-01
6.219787456378442130e+02,9.320000000000000506e-01
6.232974331136099408e+02,9.320000000000000506e-01
6.246161205893757824e+02,9.300000000000000488e-01
6.259348080651416240e+02,9.280000000000000471e-01
6.272534955409073518e+02,9.280000000000000471e-01
6.285721830166731934e+02,9.260000000000000453e-01
6.298908704924390349e+02,9.260000000000000453e-01
6.312095579682047628e+02,9.220000000000000417e-01
6.325282454439706044e+02,9.220000000000000417e-01
6.338469329197364459e+02,9.200000000000000400e-01
6.351656203955021738e+02,9.200000000000000400e-01
6.364843078712680153e+02,9.220000000000000417e-01
6.378029953470338569e+02,9.240000000000000435e-01
6.391216828227995848e+02,9.240000000000000435e-01
6.404403702985654263e+02,9.260000000000000453e-01
6.417590577743312679e+02,9.300000000000000488e-01
6.430777452500969957e+02,9.360000000000000542e-01
6.443964327258627236e+02,9.419999999999999485e-01
6.457151202016285652e+02,9.439999999999999503e-01
6.470338076773944067e+02,9.459999999999999520e-01
6.483524951531601346e+02,9.509999999999999565e-01
6.496711826289259761e+02,9.549999999999999600e-01
6.509898701046918177e+02,9.569999999999999618e-01
6.523085575804575456e+02,9.629999999999999671e-01
6.536272450562233871e+02,9.709999999999999742e-01
6.549459325319892287e+02,9.749999999999999778e-01
6.562646200077549565e+02,9.749999999999999778e-01
6.575833074835207981e+02,9.749999999999999778e-01
6.589019949592866396e+02,9.749999999999999778e-01
6.602206824350523675e+02,9.749999999999999778e-01
6.615393699108182091e+02,9.769999999999999796e-01
6.628580573865840506e+02,9.769999999999999796e-01
6.641767448623497785e+02,9.769999999999999796e-01
6.654954323381156200e+02,9.809999999999999831e-01
6.668141198138814616e+02,9.809999999999999831e-01
6.681328072896471895e+02,9.809999999999999831e-01
6.694514947654130310e+02,9.829999999999999849e-01
6.707701822411788726e+02,9.849999999999999867e-01
6.720888697169446004e+02,9.869999999999999885e-01
6.734075571927103283e+02,9.889999999999999902e-01
6.747262446684762836e+02,9.889999999999999902e-01
6.760449321442420114e+02,9.909999999999999920e-01
6.773636196200077393e+02,9.909999999999999920e-01
6.786823070957736945e+02,9.909999999999999920e-01
6.800009945715394224e+02,9.929999999999999938e-01
6.813196820473051503e+02,9.929999999999999938e-01
6.826383695230709918e+02,9.929999999999999938e-01
6.839570569988368334e+02,9.929999999999999938e-01
6.852757444746025612e+02,9.949999999999999956e-01
6.865944319503684028e+02,9.949999999999999956e-01
6.879131194261342443e+02,9.929999999999999938e-01
6.892318069018999722e+02,9.929999999999999938e-01
6.905504943776658138e+02,9.929999999999999938e-01
6.918691818534316553e+02,9.889999999999999902e-01
6.931878693291973832e+02,9.869999999999999885e-01
6.945065568049632247e+02,9.869999999999999885e-01
6.958252442807290663e+02,9.869999999999999885e-01
6.971439317564947942e+02,9.889999999999999902e-01
6.984626192322606357e+02,9.929999999999999938e-01
6.997813067080264773e+02,9.929999999999999938e-01
7.010999941837922051e+02,9.969999999999999973e-01
7.024186816595580467e+02,1.000000000000000000e+00
7.037373691353238883e+02,1.000000000000000000e+00
7.050560566110896161e+02,1.000000000000000000e+00
7.063747440868554577e+02,1.000000000000000000e+00
7.076934315626212992e+02,1.000000000000000000e+00
7.090121190383870271e+02,1.000000000000000000e+00
7.103308065141527550e+02,1.000000000000000000e+00
7.116494939899187102e+02,1.000000000000000000e+00
7.129681814656844381e+02,9.969999999999999973e-01
7.142868689414501659e+02,9.969999999999999973e-01
7.156055564172161212e+02,9.969999999999999973e-01
7.169242438929818491e+02,9.969999999999999973e-01
7.182429313687475769e+02,9.949999999999999956e-01
7.195616188445134185e+02,9.949999999999999956e-01
7.208803063202792600e+02,9.949999999999999956e-01
7.221989937960449879e+02,9.929999999999999938e-01
7.235176812718108295e+02,9.929999999999999938e-01
7.248363687475766710e+02,9.929999999999999938e-01
7.261550562233423989e+02,9.909999999999999920e-01
7.274737436991082404e+02,9.909999999999999920e-01
7.287924311748740820e+02,9.909999999999999920e-01
7.301111186506398099e+02,9.889999999999999902e-01
7.314298061264056514e+02,9.869999999999999885e-01
7.327484936021714930e+02,9.869999999999999885e-01
7.340671810779372208e+02,9.869999999999999885e-01
7.353858685537030624e+02,9.849999999999999867e-01
7.367045560294689039e+02,9.809999999999999831e-01
7.380232435052346318e+02,9.809999999999999831e-01
7.393419309810004734e+02,9.809999999999999831e-01
7.406606184567663149e+02,9.789999999999999813e-01
7.419793059325320428e+02,9.789999999999999813e-01
7.432979934082978843e+02,9.809999999999999831e-01
7.446166808840637259e+02,9.789999999999999813e-01
7.459353683598294538e+02,9.789999999999999813e-01
7.472540558355951816e+02,9.789999999999999813e-01
7.485727433113611369e+02,9.789999999999999813e-01
7.498914307871268647e+02,9.789999999999999813e-01
7.512101182628925926e+02,9.789999999999999813e-01
7.525288057386585479e+02,9.809999999999999831e-01
7.538474932144242757e+02,9.829999999999999849e-01
7.551661806901900036e+02,9.849999999999999867e-01
7.564848681659558451e+02,9.869999999999999885e-01
7.578035556417216867e+02,9.889999999999999902e-01
7.591222431174874146e+02,9.889999999999999902e-01
7.604409305932532561e+02,9.889999999999999902e-01
7.617596180690190977e+02,9.909999999999999920e-01
7.630783055447848255e+02,9.929999999999999938e-01
7.643969930205506671e+02,9.929999999999999938e-01
7.657156804963165087e+02,9.929999999999999938e-01
7.670343679720822365e+02,9.949999999999999956e-01
7.683530554478480781e+02,9.949999999999999956e-01
7.696717429236139196e+02,9.949999999999999956e-01
7.709904303993796475e+02,9.929999999999999938e-01
7.723091178751454891e+02,9.909999999999999920e-01
7.736278053509113306e+02,9.889999999999999902e-01
7.749464928266770585e+02,9.889999999999999902e-01
7.762651803024429000e+02,9.889999999999999902e-01
7.775838677782087416e+02,9.889999999999999902e-01
7.789025552539744695e+02,9.889999999999999902e-01
7.802212427297403110e+02,9.889999999999999902e-01
7.815399302055061526e+02,9.889999999999999902e-01
7.828586176812718804e+02,9.889999999999999902e-01
7.841773051570376083e+02,9.889999999999999902e-01
7.854959926328035635e+02,9.889999999999999902e-01
7.868146801085692914e+02,9.869999999999999885e-01
7.881333675843350193e+02,9.869999999999999885e-01
7.894520550601009745e+02,9.849999999999999867e-01
7.907707425358667024e+02,9.809999999999999831e-01
7.920894300116324303e+02,9.789999999999999813e-01
7.934081174873982718e+02,9.789999999999999813e-01
7.947268049631641134e+02,9.789999999999999813e-01
7.960454924389298412e+02,9.769999999999999796e-01
7.973641799146956828e+02,9.769999999999999796e-01
7.986828673904615243e+02,9.729999999999999760e-01
8.000015548662272522e+02,9.709999999999999742e-01
8.013202423419930938e+02,9.709999999999999742e-01
8.026389298177589353e+02,9.689999999999999725e-01
8.039576172935246632e+02,9.689999999999999725e-01
8.052763047692905047e+02,9.689999999999999725e-01
8.065949922450563463e+02,9.669999999999999707e-01
8.079136797208220742e+02,9.669999999999999707e-01
8.092323671965879157e+02,9.649999999999999689e-01
8.105510546723537573e+02,9.629999999999999671e-01
8.118697421481194851e+02,9.629999999999999671e-01
8.131884296238853267e+02,9.609999999999999654e-01
8.145071170996511682e+02,9.609999999999999654e-01
8.158258045754168961e+02,9.609999999999999654e-01
8.171444920511827377e+02,9.609999999999999654e-01
8.184631795269485792e+02,9.609999999999999654e-01
8.197818670027143071e+02,9.569999999999999618e-01
8.211005544784800350e+02,9.569999999999999618e-01
8.224192419542459902e+02,9.569999999999999618e-01
8.237379294300117181e+02,9.569999999999999618e-01
8.250566169057774459e+02,9.569999999999999618e-01
8.263753043815434012e+02,9.569999999999999618e-01
8.276939918573091290e+02,9.549999999999999600e-01
8.290126793330748569e+02,9.549999999999999600e-01
8.303313668088406985e+02,9.529999999999999583e-01
8.316500542846065400e+02,9.509999999999999565e-01
8.329687417603722679e+02,9.509999999999999565e-01
8.342874292361381094e+02,9.479999999999999538e-01
8.356061167119039510e+02,9.479999999999999538e-01
8.369248041876696789e+02,9.459999999999999520e-01
8.382434916634355204e+02,9.459999999999999520e-01
8.395621791392013620e+02,9.439999999999999503e-01
8.408808666149670898e+02,9.399999999999999467e-01
8.421995540907329314e+02,9.379999999999999449e-01
8.435182415664987730e+02,9.379999999999999449e-01
8.448369290422645008e+02,9.360000000000000542e-01
8.461556165180303424e+02,9.360000000000000542e-01
8.474743039937961839e+02,9.360000000000000542e-01
8.487929914695619118e+02,9.360000000000000542e-01
8.501116789453277534e+02,9.340000000000000524e-01
8.514303664210935949e+02,9.340000000000000524e-01
8.527490538968593228e+02,9.340000000000000524e-01
8.540677413726251643e+02,9.340000000000000524e-01
8.553864288483910059e+02,9.340000000000000524e-01
8.567051163241567338e+02,9.340000000000000524e-01
8.580238037999224616e+02,9.340000000000000524e-01
8.593424912756884169e+02,9.340000000000000524e-01
8.606611787514541447e+02,9.360000000000000542e-01
8.619798662272198726e+02,9.360000000000000542e-01
8.632985537029858278e+02,9.360000000000000542e-01
8.646172411787515557e+02,9.379999999999999449e-01
8.659359286545172836e+02,9.379999999999999449e-01
8.672546161302831251e+02,9.379999999999999449e-01
8.685733036060489667e+02,9.379999999999999449e-01
8.698919910818146946e+02,9.399999999999999467e-01
8.712106785575805361e+02,9.419999999999999485e-01
8.725293660333463777e+02,9.419999999999999485e-01
8.738480535091121055e+02,9.439999999999999503e-01
8.751667409848779471e+02,9.439999999999999503e-01
8.764854284606437886e+02,9.439999999999999503e-01
8.778041159364095165e+02,9.439999999999999503e-01
8.791228034121753581e+02,9.439999999999999503e-01
8.804414908879411996e+02,9.439999999999999503e-01
8.817601783637069275e+02,9.439999999999999503e-01
8.830788658394727690e+02,9.439999999999999503e-01
8.843975533152386106e+02,9.439999999999999503e-01
8.857162407910043385e+02,9.439999999999999503e-01
8.870349282667701800e+02,9.459999999999999520e-01
8.883536157425360216e+02,9.459999999999999520e-01
8.896723032183017494e+02,9.459999999999999520e-01
8.909909906940675910e+02,9.459999999999999520e-01
8.923096781698334325e+02,9.459999999999999520e-01
8.936283656455991604e+02,9.459999999999999520e-01
8.949470531213648883e+02,9.459999999999999520e-01
8.962657405971308435e+02,9.439999999999999503e-01
8.975844280728965714e+02,9.439999999999999503e-01
8.989031155486624129e+02,9.399999999999999467e-01
9.002218030244281408e+02,9.379999999999999449e-01
9.015404905001939824e+02,9.340000000000000524e-01
9.028591779759598239e+02,9.340000000000000524e-01
9.041778654517255518e+02,9.320000000000000506e-01
9.054965529274913933e+02,9.320000000000000506e-01
9.068152404032571212e+02,9.300000000000000488e-01
9.081339278790229628e+02,9.260000000000000453e-01
9.094526153547888043e+02,9.240000000000000435e-01
9.107713028305545322e+02,9.220000000000000417e-01
9.120899903063203737e+02,9.220000000000000417e-01
9.134086777820862153e+02,9.180000000000000382e-01
9.147273652578519432e+02,9.180000000000000382e-01
9.160460527336177847e+02,9.160000000000000364e-01
9.173647402093836263e+02,9.160000000000000364e-01
9.186834276851493541e+02,9.160000000000000364e-01
9.200021151609151957e+02,9.160000000000000364e-01
9.213208026366810373e+02,9.180000000000000382e-01
9.226394901124467651e+02,9.200000000000000400e-01
9.239581775882126067e+02,9.220000000000000417e-01
9.252768650639783345e+02,9.220000000000000417e-01
9.265955525397441761e+02,9.240000000000000435e-01
9.279142400155100177e+02,9.260000000000000453e-01
9.292329274912757455e+02,9.280000000000000471e-01
9.305516149670415871e+02,9.320000000000000506e-01
9.318703024428074286e+02,9.320000000000000506e-01
9.331889899185731565e+02,9.340000000000000524e-01
9.345076773943389981e+02,9.340000000000000524e-01
9.358263648701048396e+02,9.320000000000000506e-01
9.371450523458705675e+02,9.300000000000000488e-01
9.384637398216364090e+02,9.260000000000000453e-01
9.397824272974022506e+02,9.240000000000000435e-01
9.411011147731679785e+02,9.200000000000000400e-01
9.424198022489338200e+02,9.160000000000000364e-01
9.437384897246995479e+02,9.120000000000000329e-01
9.450571772004653894e+02,9.040000000000000258e-01
9.463758646762312310e+02,9.040000000000000258e-01
9.476945521519969589e+02,8.970000000000000195e-01
9.490132396277628004e+02,8.930000000000000160e-01
9.503319271035286420e+02,8.910000000000000142e-01
9.516506145792943698e+02,8.890000000000000124e-01
9.529693020550602114e+02,8.890000000000000124e-01
9.542879895308260529e+02,8.890000000000000124e-01
9.556066770065917808e+02,8.890000000000000124e-01
9.569253644823576224e+02,8.890000000000000124e-01
9.582440519581234639e+02,8.910000000000000142e-01
9.595627394338891918e+02,8.910000000000000142e-01
9.608814269096550333e+02,8.930000000000000160e-01
9.622001143854207612e+02,8.930000000000000160e-01
9.635188018611866028e+02,8.950000000000000178e-01
9.648374893369524443e+02,8.970000000000000195e-01
9.661561768127181722e+02,8.970000000000000195e-01
9.674748642884840137e+02,9.000000000000000222e-01
9.687935517642498553e+02,9.020000000000000240e-01
9.701122392400155832e+02,9.020000000000000240e-01
9.714309267157814247e+02,9.040000000000000258e-01
9.727496141915472663e+02,9.040000000000000258e-01
9.740683016673129941e+02,9.040000000000000258e-01
9.753869891430788357e+02,9.060000000000000275e-01
9.767056766188446773e+02,9.080000000000000293e-01
9.780243640946104051e+02,9.100000000000000311e-01
9.793430515703762467e+02,9.120000000000000329e-01
9.806617390461419745e+02,9.120000000000000329e-01
9.819804265219078161e+02,9.120000000000000329e-01
9.832991139976736577e+02,9.140000000000000346e-01
9.846178014734393855e+02,9.140000000000000346e-01
9.859364889492052271e+02,9.140000000000000346e-01
9.872551764249710686e+02,9.140000000000000346e-01
9.885738639007367965e+02,9.140000000000000346e-01
9.898925513765026380e+02,9.120000000000000329e-01
9.912112388522684796e+02,9.100000000000000311e-01
9.925299263280342075e+02,9.060000000000000275e-01
9.938486138038000490e+02,9.040000000000000258e-01
9.951673012795658906e+02,8.970000000000000195e-01
9.964859887553316184e+02,8.950000000000000178e-01
9.978046762310974600e+02,8.930000000000000160e-01
9.991233637068631879e+02,8.910000000000000142e-01
1.000442051182629029e+03,8.870000000000000107e-01
1.001760738658394871e+03,8.770999999999999908e-01
1.003079426134160599e+03,8.729999999999999982e-01
1.004398113609926440e+03,8.669999999999999929e-01
1.005716801085692282e+03,8.629999999999999893e-01
1.007035488561458010e+03,8.549999999999999822e-01
1.008354176037223851e+03,8.549999999999999822e-01
1.009672863512989693e+03,8.529999999999999805e-01
1.010991550988755421e+03,8.379999999999999671e-01
1.012310238464521262e+03,8.339999999999999636e-01
1.013628925940287104e+03,8.259999999999999565e-01
1.014947613416052832e+03,8.161000000000000476e-01
1.016266300891818673e+03,8.061000000000000387e-01
1.017584988367584401e+03,7.970000000000000417e-01
1.018903675843350243e+03,7.870000000000000329e-01
1.020222363319116084e+03,7.790000000000000258e-01
1.021541050794881812e+03,7.419999999999999929e-01
1.022859738270647654e+03,7.179999999999999716e-01
1.024178425746413495e+03,7.079999999999999627e-01
1.025497113222179223e+03,6.929999999999999494e-01
1.026815800697945178e+03,6.691000000000000281e-01
1.028134488173710906e+03,6.630000000000000338e-01
1.029453175649476634e+03,6.511000000000000121e-01
1.030771863125242362e+03,6.480000000000000204e-01
1.032090550601008317e+03,6.199999999999999956e-01
1.033409238076774045e+03,6.179999999999999938e-01
1.034727925552540000e+03,6.179999999999999938e-01
1.036046613028305728e+03,6.159999999999999920e-01
1.037365300504071456e+03,6.159999999999999920e-01
1.038683987979837184e+03,6.179999999999999938e-01
1.040002675455602912e+03,6.179999999999999938e-01
1.041321362931368867e+03,6.199999999999999956e-01
1.042640050407134822e+03,6.199999999999999956e-01
1.043958737882900550e+03,6.219999999999999973e-01
1.045277425358666278e+03,6.219999999999999973e-01
1.046596112834432006e+03,6.219999999999999973e-01
1.047914800310197734e+03,6.219999999999999973e-01
1.049233487785963689e+03,6.260000000000000009e-01
1.050552175261729644e+03,6.320000000000000062e-01
1.051870862737495372e+03,6.340000000000000080e-01
1.053189550213261100e+03,6.440000000000000169e-01
1.054508237689026828e+03,6.510000000000000231e-01
1.055826925164792556e+03,6.530000000000000249e-01
1.057145612640558511e+03,6.610000000000000320e-01
1.058464300116324239e+03,6.630000000000000338e-01
1.059782987592090194e+03,6.670000000000000373e-01
1.061101675067855922e+03,6.670000000000000373e-01
1.062420362543621650e+03,6.630000000000000338e-01
1.063739050019387378e+03,6.510000000000000231e-01
1.065057737495153333e+03,6.400000000000000133e-01
1.066376424970919061e+03,6.320000000000000062e-01
1.067695112446685016e+03,6.180999999999999828e-01
1.069013799922450744e+03,6.040999999999999703e-01
1.070332487398216472e+03,5.999999999999999778e-01
1.071651174873982200e+03,5.929999999999999716e-01
1.072969862349747928e+03,5.929999999999999716e-01
1.074288549825513883e+03,5.969999999999999751e-01
1.075607237301279838e+03,6.019999999999999796e-01
1.076925924777045566e+03,6.039999999999999813e-01
1.078244612252811294e+03,6.159999999999999920e-01
1.079563299728577022e+03,6.219999999999999973e-01
1.080881987204342749e+03,6.319000000000000172e-01
1.082200674680108705e+03,6.529000000000000359e-01
1.083519362155874660e+03,6.771000000000000352e-01
1.084838049631640388e+03,7.099999999999999645e-01
1.086156737107406116e+03,7.259999999999999787e-01
1.087475424583171844e+03,7.439999999999999947e-01
1.088794112058937571e+03,7.650000000000000133e-01
1.090112799534703527e+03,7.870000000000000329e-01
1.091431487010469255e+03,8.078999999999999515e-01
1.092750174486235210e+03,8.199999999999999512e-01
1.094068861962000938e+03,8.358999999999999764e-01
1.095387549437766666e+03,8.419999999999999707e-01
1.096706236913532393e+03,8.509999999999999787e-01
1.098024924389298349e+03,8.549999999999999822e-01
1.099343611865064076e+03,8.629999999999999893e-01
1.100662299340830032e+03,8.669999999999999929e-01
1.101980986816595760e+03,8.750000000000000000e-01
1.103299674292361487e+03,8.770000000000000018e-01
1.104618361768127215e+03,8.850000000000000089e-01
1.105937049243892943e+03,8.910000000000000142e-01
1.107255736719658898e+03,8.930000000000000160e-01
1.108574424195424854e+03,8.950000000000000178e-01
1.109893111671190582e+03,8.950000000000000178e-01
1.111211799146956309e+03,8.950000000000000178e-01
1.112530486622722037e+03,8.950000000000000178e-01
1.113849174098487765e+03,8.950000000000000178e-01
1.115167861574253720e+03,8.950000000000000178e-01
1.116486549050019676e+03,8.950000000000000178e-01
1.117805236525785404e+03,8.930000000000000160e-01
1.119123924001551131e+03,8.930000000000000160e-01
1.120442611477316859e+03,8.930000000000000160e-01
1.121761298953082587e+03,8.950000000000000178e-01
1.123079986428848542e+03,8.950000000000000178e-01
1.124398673904614270e+03,8.950000000000000178e-01
1.125717361380380225e+03,8.950000000000000178e-01
1.127036048856145953e+03,8.950000000000000178e-01
1.128354736331911681e+03,8.950000000000000178e-01
1.129673423807677409e+03,8.950000000000000178e-01
1.130992111283443364e+03,8.970000000000000195e-01
1.132310798759209092e+03,8.970000000000000195e-01
1.133629486234975047e+03,9.020000000000000240e-01
1.134948173710740775e+03,9.040000000000000258e-01
1.136266861186506503e+03,9.060000000000000275e-01
1.137585548662272231e+03,9.060000000000000275e-01
1.138904236138038186e+03,9.080000000000000293e-01
1.140222923613803914e+03,9.080000000000000293e-01
1.141541611089569869e+03,9.080000000000000293e-01
1.142860298565335597e+03,9.080000000000000293e-01
1.144178986041101325e+03,9.080000000000000293e-01
1.145497673516867053e+03,9.080000000000000293e-01
1.146816360992632781e+03,9.080000000000000293e-01
1.148135048468398736e+03,9.080000000000000293e-01
1.149453735944164691e+03,9.060000000000000275e-01
1.150772423419930419e+03,9.060000000000000275e-01
1.152091110895696147e+03,9.060000000000000275e-01
1.153409798371461875e+03,9.040000000000000258e-01
1.154728485847227603e+03,9.020000000000000240e-01
1.156047173322993558e+03,9.020000000000000240e-01
1.157365860798759513e+03,9.020000000000000240e-01
1.158684548274525241e+03,9.020000000000000240e-01
1.160003235750290969e+03,9.000000000000000222e-01
1.161321923226056697e+03,9.000000000000000222e-01
1.162640610701822425e+03,9.000000000000000222e-01
1.163959298177588380e+03,9.000000000000000222e-01
1.165277985653354108e+03,9.000000000000000222e-01
1.166596673129120063e+03,9.000000000000000222e-01
1.167915360604885791e+03,9.000000000000000222e-01
1.169234048080651519e+03,9.000000000000000222e-01
1.170552735556417247e+03,9.000000000000000222e-01
1.171871423032183202e+03,8.970000000000000195e-01
1.173190110507948930e+03,8.970000000000000195e-01
1.174508797983714885e+03,8.970000000000000195e-01
1.175827485459480613e+03,8.950000000000000178e-01
1.177146172935246341e+03,8.950000000000000178e-01
1.178464860411012069e+03,8.950000000000000178e-01
1.179783547886777797e+03,8.950000000000000178e-01
1.181102235362543752e+03,8.950000000000000178e-01
1.182420922838309707e+03,8.950000000000000178e-01
1.183739610314075435e+03,8.930000000000000160e-01
1.185058297789841163e+03,8.930000000000000160e-01
1.186376985265606891e+03,8.930000000000000160e-01
1.187695672741372618e+03,8.910000000000000142e-01
1.189014360217138574e+03,8.890000000000000124e-01
1.190333047692904529e+03,8.870000000000000107e-01
1.191651735168670257e+03,8.870000000000000107e-01
1.192970422644435985e+03,8.850000000000000089e-01
1.194289110120201713e+03,8.810000000000000053e-01
1.195607797595967440e+03,8.770000000000000018e-01
1.196926485071733396e+03,8.750000000000000000e-01
1.198245172547499124e+03,8.729999999999999982e-01
1.199563860023265079e+03,8.669999999999999929e-01
1.200882547499030807e+03,8.609999999999999876e-01
1.202201234974796535e+03,8.529999999999999805e-01
1.203519922450562262e+03,8.439999999999999725e-01
1.204838609926328218e+03,8.339999999999999636e-01
1.206157297402093945e+03,8.219999999999999529e-01
1.207475984877859901e+03,8.139999999999999458e-01
1.208794672353625629e+03,7.970000000000000417e-01
1.210113359829391356e+03,7.810000000000000275e-01
1.211432047305157084e+03,7.671000000000000041e-01
1.212750734780923040e+03,7.610000000000000098e-01
1.214069422256688767e+03,7.281999999999999584e-01
1.215388109732454723e+03,7.019999999999999574e-01
1.216706797208220451e+03,6.790000000000000480e-01
1.218025484683986178e+03,6.630000000000000338e-01
1.219344172159751906e+03,6.360000000000000098e-01
1.220662859635517634e+03,6.059999999999999831e-01
1.221981547111283589e+03,5.909999999999999698e-01
1.223300234587049545e+03,5.342000000000000082e-01
1.224618922062815273e+03,4.792000000000000148e-01
1.225937609538581000e+03,4.003999999999999782e-01
1.227256297014346728e+03,3.402999999999999914e-01
1.228574984490112456e+03,2.828999999999999848e-01
1.229893671965878411e+03,2.399999999999999911e-01
1.231212359441644367e+03,2.159999999999999976e-01
1.232531046917410094e+03,1.670000000000000095e-01
1.233849734393175822e+03,1.059999999999999970e-01
1.235168421868941550e+03,1.019999999999999934e-01
1.236487109344707278e+03,8.500000000000000611e-02
1.237805796820473233e+03,7.699999999999999900e-02
1.239124484296238961e+03,6.900000000000000577e-02
1.240443171772004916e+03,6.300000000000000044e-02
1.241761859247770644e+03,6.300000000000000044e-02
1.243080546723536372e+03,6.300000000000000044e-02
1.244399234199302100e+03,6.500000000000000222e-02
1.245717921675068055e+03,6.900000000000000577e-02
1.247036609150833783e+03,7.499999999999999722e-02
1.248355296626599738e+03,8.100000000000000255e-02
1.249673984102365466e+03,8.500000000000000611e-02
1.250992671578131194e+03,1.039000000000000062e-01
1.252311359053896922e+03,1.199000000000000066e-01
1.253630046529662650e+03,1.567999999999999949e-01
1.254948734005428605e+03,1.751000000000000056e-01
1.256267421481194560e+03,2.059999999999999887e-01
1.257586108956960288e+03,2.159999999999999976e-01
1.258904796432726016e+03,2.530000000000000027e-01
1.260223483908491744e+03,3.039999999999999925e-01
1.261542171384257472e+03,3.338999999999999746e-01
1.262860858860023427e+03,4.178000000000000047e-01
1.264179546335789382e+03,4.588999999999999746e-01
1.265498233811555110e+03,4.788999999999999924e-01
1.266816921287320838e+03,4.889999999999999902e-01
1.268135608763086566e+03,4.909999999999999920e-01
1.269454296238852294e+03,5.040000000000000036e-01
1.270772983714618249e+03,5.260000000000000231e-01
1.272091671190383977e+03,5.340000000000000302e-01
1.273410358666149932e+03,5.530000000000000471e-01
1.274729046141915660e+03,5.669999999999999485e-01
1.276047733617681388e+03,5.888999999999999790e-01
1.277366421093447116e+03,6.038999999999999924e-01
1.278685108569213071e+03,6.179000000000000048e-01
1.280003796044978799e+03,6.359000000000000208e-01
1.281322483520744754e+03,6.511000000000000121e-01
1.282641170996510482e+03,6.750000000000000444e-01
1.283959858472276210e+03,6.949999999999999512e-01
1.285278545948041938e+03,7.439999999999999947e-01
1.286597233423807893e+03,7.610000000000000098e-01
1.287915920899573621e+03,7.790000000000000258e-01
1.289234608375339576e+03,7.890000000000000346e-01
1.290553295851105304e+03,8.000000000000000444e-01
1.291871983326871032e+03,8.138999999999999568e-01
1.293190670802636760e+03,8.159999999999999476e-01
1.294509358278402487e+03,8.259999999999999565e-01
1.295828045754168443e+03,8.319999999999999618e-01
1.297146733229934398e+03,8.339999999999999636e-01
1.298465420705700126e+03,8.339999999999999636e-01
1.299784108181465854e+03,8.359999999999999654e-01
1.301102795657231582e+03,8.359999999999999654e-01
1.302421483132997309e+03,8.379999999999999671e-01
1.303740170608763265e+03,8.379999999999999671e-01
1.305058858084529220e+03,8.419999999999999707e-01
1.306377545560294948e+03,8.419999999999999707e-01
1.307696233036060676e+03,8.459999999999999742e-01
1.309014920511826404e+03,8.459999999999999742e-01
1.310333607987592131e+03,8.479999999999999760e-01
1.311652295463358087e+03,8.479999999999999760e-01
1.312970982939123815e+03,8.529999999999999805e-01
1.314289670414889770e+03,8.589999999999999858e-01
1.315608357890655498e+03,8.609999999999999876e-01
1.316927045366421225e+03,8.649999999999999911e-01
1.318245732842186953e+03,8.689999999999999947e-01
1.319564420317952909e+03,8.729999999999999982e-01
1.320883107793718636e+03,8.750000000000000000e-01
1.322201795269484592e+03,8.750000000000000000e-01
1.323520482745250320e+03,8.790000000000000036e-01
1.324839170221016047e+03,8.830000000000000071e-01
1.326157857696781775e+03,8.850000000000000089e-01
1.327476545172547503e+03,8.850000000000000089e-01
1.328795232648313458e+03,8.870000000000000107e-01
1.330113920124079414e+03,8.870000000000000107e-01
1.331432607599845142e+03,8.870000000000000107e-01
1.332751295075610869e+03,8.890000000000000124e-01
1.334069982551376597e+03,8.890000000000000124e-01
1.335388670027142325e+03,8.890000000000000124e-01
1.336707357502908280e+03,8.870000000000000107e-01
1.338026044978674236e+03,8.870000000000000107e-01
1.339344732454439963e+03,8.870000000000000107e-01
1.340663419930205691e+03,8.870000000000000107e-01
1.341982107405971419e+03,8.870000000000000107e-01
1.343300794881737147e+03,8.850000000000000089e-01
1.344619482357503102e+03,8.850000000000000089e-01
1.345938169833268830e+03,8.830000000000000071e-01
1.347256857309034785e+03,8.830000000000000071e-01
1.348575544784800513e+03,8.770000000000000018e-01
1.349894232260566241e+03,8.770000000000000018e-01
1.351212919736331969e+03,8.729999999999999982e-01
1.352531607212097924e+03,8.629999999999999893e-01
1.353850294687863652e+03,8.549999999999999822e-01
1.355168982163629607e+03,8.529999999999999805e-01
1.356487669639395335e+03,8.340999999999999526e-01
1.357806357115161063e+03,8.041000000000000369e-01
1.359125044590926791e+03,7.851000000000000201e-01
1.360443732066692746e+03,7.649000000000000243e-01
1.361762419542458474e+03,7.138999999999999790e-01
1.363081107018224429e+03,6.610000000000000320e-01
1.364399794493990157e+03,6.239999999999999991e-01
1.365718481969755885e+03,5.929999999999999716e-01
1.367037169445521613e+03,5.749999999999999556e-01
1.368355856921287341e+03,5.511000000000000343e-01
1.369674544397053296e+03,5.361000000000000210e-01
1.370993231872819251e+03,5.260000000000000231e-01
1.372311919348584979e+03,5.161000000000000032e-01
1.373630606824350707e+03,5.240000000000000213e-01
1.374949294300116435e+03,5.261000000000000121e-01
1.376267981775882163e+03,5.510000000000000453e-01
1.377586669251648118e+03,5.669999999999999485e-01
1.378905356727414073e+03,5.909999999999999698e-01
1.380224044203179801e+03,6.179999999999999938e-01
1.381542731678945529e+03,6.549000000000000377e-01
1.382861419154711257e+03,6.808999999999999497e-01
1.384180106630476985e+03,6.850000000000000533e-01
1.385498794106242940e+03,6.870000000000000551e-01
1.386817481582008668e+03,6.909999999999999476e-01
1.388136169057774623e+03,6.909999999999999476e-01
1.389454856533540351e+03,6.929999999999999494e-01
1.390773544009306079e+03,6.929999999999999494e-01
1.392092231485071807e+03,6.949999999999999512e-01
1.393410918960837762e+03,6.949999999999999512e-01
1.394729606436603490e+03,6.949999999999999512e-01
1.396048293912369445e+03,6.969999999999999529e-01
1.397366981388135173e+03,7.079999999999999627e-01
1.398685668863900901e+03,7.099999999999999645e-01
1.400004356339666629e+03,7.159999999999999698e-01
1.401323043815432356e+03,7.319999999999999840e-01
1.402641731291198312e+03,7.570000000000000062e-01
1.403960418766964267e+03,7.850000000000000311e-01
1.405279106242729995e+03,8.120000000000000551e-01
1.406597793718495723e+03,8.159999999999999476e-01
1.407916481194261451e+03,8.319999999999999618e-01
1.409235168670027406e+03,8.359999999999999654e-01
1.410553856145793134e+03,8.479999999999999760e-01
1.411872543621558862e+03,8.549999999999999822e-01
1.413191231097324817e+03,8.649999999999999911e-01
1.414509918573090545e+03,8.669999999999999929e-01
1.415828606048856273e+03,8.709999999999999964e-01
1.417147293524622228e+03,8.709999999999999964e-01
1.418465981000387956e+03,8.709999999999999964e-01
1.419784668476153684e+03,8.709999999999999964e-01
1.421103355951919639e+03,8.709999999999999964e-01
1.422422043427685367e+03,8.709999999999999964e-01
1.423740730903451094e+03,8.709999999999999964e-01
1.425059418379216822e+03,8.709999999999999964e-01
1.426378105854982778e+03,8.689999999999999947e-01
1.427696793330748505e+03,8.669999999999999929e-01
1.429015480806514233e+03,8.649999999999999911e-01
1.430334168282280189e+03,8.609999999999999876e-01
1.431652855758045916e+03,8.569999999999999840e-01
1.432971543233811644e+03,8.529999999999999805e-01
1.434290230709577600e+03,8.529999999999999805e-01
1.435608918185343327e+03,8.509999999999999787e-01
1.436927605661109055e+03,8.340999999999999526e-01
1.438246293136875011e+03,8.339999999999999636e-01
1.439564980612640738e+03,8.419999999999999707e-01
1.440883668088406466e+03,8.419999999999999707e-01
1.442202355564172422e+03,8.359999999999999654e-01
1.443521043039938149e+03,8.359999999999999654e-01
1.444839730515703877e+03,8.339999999999999636e-01
1.446158417991469832e+03,8.319999999999999618e-01
1.447477105467235560e+03,8.239999999999999547e-01
1.448795792943001288e+03,8.239999999999999547e-01
1.450114480418767243e+03,8.179999999999999494e-01
1.451433167894532971e+03,8.159999999999999476e-01
1.452751855370298699e+03,8.060000000000000497e-01
1.454070542846064654e+03,8.000000000000000444e-01
1.455389230321830382e+03,7.950000000000000400e-01
1.456707917797596110e+03,7.790000000000000258e-01
1.458026605273362065e+03,7.630000000000000115e-01
1.459345292749127793e+03,7.770000000000000240e-01
1.460663980224893521e+03,7.770000000000000240e-01
1.461982667700659249e+03,7.710000000000000187e-01
1.463301355176425204e+03,7.690000000000000169e-01
1.464620042652190932e+03,7.690000000000000169e-01
1.465938730127956660e+03,7.690000000000000169e-01
1.467257417603722615e+03,7.710000000000000187e-01
1.468576105079488343e+03,7.730000000000000204e-01
1.469894792555254071e+03,7.730000000000000204e-01
1.471213480031020026e+03,7.730000000000000204e-01
1.472532167506785754e+03,7.750000000000000222e-01
1.473850854982551482e+03,7.790000000000000258e-01
1.475169542458317437e+03,7.830000000000000293e-01
1.476488229934083165e+03,7.950000000000000400e-01
1.477806917409848893e+03,8.000000000000000444e-01
1.479125604885614848e+03,8.139999999999999458e-01
1.480444292361380576e+03,8.179999999999999494e-01
1.481762979837146304e+03,8.259999999999999565e-01
1.483081667312912259e+03,8.379999999999999671e-01
1.484400354788677987e+03,8.399999999999999689e-01
1.485719042264443715e+03,8.509999999999999787e-01
1.487037729740209670e+03,8.529999999999999805e-01
1.488356417215975398e+03,8.549999999999999822e-01
1.489675104691741126e+03,8.609999999999999876e-01
1.490993792167507081e+03,8.629999999999999893e-01
1.492312479643272809e+03,8.729999999999999982e-01
1.493631167119038537e+03,8.750000000000000000e-01
1.494949854594804492e+03,8.750000000000000000e-01
1.496268542070570220e+03,8.750000000000000000e-01
1.497587229546335948e+03,8.770000000000000018e-01
1.498905917022101676e+03,8.830000000000000071e-01
1.500224604497867631e+03,8.850000000000000089e-01
1.501543291973633359e+03,8.890000000000000124e-01
1.502861979449399087e+03,8.910000000000000142e-01
1.504180666925165042e+03,8.910000000000000142e-01
1.505499354400930770e+03,8.709999999999999964e-01
1.506818041876696498e+03,8.709999999999999964e-01
1.508136729352462453e+03,8.729999999999999982e-01
1.509455416828228181e+03,8.910000000000000142e-01
1.510774104303993909e+03,8.930000000000000160e-01
1.512092791779759864e+03,8.930000000000000160e-01
1.513411479255525592e+03,8.930000000000000160e-01
1.514730166731291320e+03,8.930000000000000160e-01
1.516048854207057275e+03,8.910000000000000142e-01
1.517367541682823003e+03,8.910000000000000142e-01
1.518686229158588731e+03,8.890000000000000124e-01
1.520004916634354686e+03,8.890000000000000124e-01
1.521323604110120414e+03,8.890000000000000124e-01
1.522642291585886142e+03,8.950000000000000178e-01
1.523960979061652097e+03,8.950000000000000178e-01
1.525279666537417825e+03,8.950000000000000178e-01
1.526598354013183553e+03,8.970000000000000195e-01
1.527917041488949508e+03,9.020000000000000240e-01
1.529235728964715236e+03,9.040000000000000258e-01
1.530554416440480964e+03,9.040000000000000258e-01
1.531873103916246919e+03,9.000000000000000222e-01
1.533191791392012647e+03,9.000000000000000222e-01
1.534510478867778374e+03,9.020000000000000240e-01
1.535829166343544102e+03,9.020000000000000240e-01
1.537147853819310058e+03,8.950000000000000178e-01
1.538466541295075785e+03,8.830000000000000071e-01
1.539785228770841513e+03,8.709999999999999964e-01
1.541103916246607469e+03,8.709999999999999964e-01
1.542422603722373196e+03,8.929000000000000270e-01
1.543741291198138924e+03,8.950000000000000178e-01
1.545059978673904880e+03,8.950000000000000178e-01
1.546378666149670607e+03,8.970000000000000195e-01
1.547697353625436335e+03,9.000000000000000222e-01
1.549016041101202291e+03,9.020000000000000240e-01
1.550334728576968018e+03,9.020000000000000240e-01
1.551653416052733746e+03,9.020000000000000240e-01
1.552972103528499701e+03,8.970000000000000195e-01
1.554290791004265429e+03,8.970000000000000195e-01
1.555609478480031157e+03,8.950000000000000178e-01
1.556928165955797112e+03,8.850000000000000089e-01
1.558246853431562840e+03,8.689999999999999947e-01
1.559565540907328568e+03,8.709999999999999964e-01
1.560884228383094523e+03,8.830000000000000071e-01
1.562202915858860251e+03,9.040000000000000258e-01
1.563521603334625979e+03,9.060000000000000275e-01
1.564840290810391934e+03,9.080000000000000293e-01
1.566158978286157662e+03,9.060000000000000275e-01
1.567477665761923390e+03,8.970000000000000195e-01
1.568796353237689345e+03,8.970000000000000195e-01
1.570115040713455073e+03,9.060000000000000275e-01
1.571433728189220801e+03,9.080000000000000293e-01
1.572752415664986529e+03,9.060000000000000275e-01
1.574071103140752484e+03,8.870000000000000107e-01
1.575389790616518212e+03,8.870000000000000107e-01
1.576708478092283940e+03,9.060000000000000275e-01
1.578027165568049895e+03,9.080000000000000293e-01
1.579345853043815623e+03,9.080000000000000293e-01
1.580664540519581351e+03,9.100000000000000311e-01
1.581983227995347306e+03,9.120000000000000329e-01
1.583301915471113034e+03,9.120000000000000329e-01
1.584620602946878762e+03,9.120000000000000329e-01
1.585939290422644717e+03,9.120000000000000329e-01
1.587257977898410445e+03,9.120000000000000329e-01
1.588576665374176173e+03,9.120000000000000329e-01
1.589895352849942128e+03,9.160000000000000364e-01
1.591214040325707856e+03,9.160000000000000364e-01
1.592532727801473584e+03,9.120000000000000329e-01
1.593851415277239539e+03,9.140000000000000346e-01
1.595170102753005267e+03,9.140000000000000346e-01
1.596488790228770995e+03,9.140000000000000346e-01
1.597807477704536950e+03,9.160000000000000364e-01
1.599126165180302678e+03,9.160000000000000364e-01
1.600444852656068406e+03,9.160000000000000364e-01
1.601763540131834361e+03,9.160000000000000364e-01
1.603082227607600089e+03,9.160000000000000364e-01
1.604400915083365817e+03,9.160000000000000364e-01
1.605719602559131772e+03,9.160000000000000364e-01
1.607038290034897500e+03,9.160000000000000364e-01
1.608356977510663228e+03,9.160000000000000364e-01
1.609675664986428956e+03,9.160000000000000364e-01
1.610994352462194911e+03,9.140000000000000346e-01
1.612313039937960639e+03,9.140000000000000346e-01
1.613631727413726367e+03,9.140000000000000346e-01
1.614950414889492322e+03,9.140000000000000346e-01
1.616269102365258050e+03,8.870000000000000107e-01
1.617587789841023778e+03,8.870000000000000107e-01
1.618906477316789733e+03,9.040000000000000258e-01
1.620225164792555461e+03,9.060000000000000275e-01
1.621543852268321189e+03,9.080000000000000293e-01
1.622862539744087144e+03,9.100000000000000311e-01
1.624181227219852872e+03,9.140000000000000346e-01
1.625499914695618600e+03,9.140000000000000346e-01
1.626818602171384555e+03,9.160000000000000364e-01
1.628137289647150283e+03,9.160000000000000364e-01
1.629455977122916011e+03,9.160000000000000364e-01
1.630774664598681966e+03,9.180000000000000382e-01
1.632093352074447694e+03,9.180000000000000382e-01
1.633412039550213422e+03,9.160000000000000364e-01
1.634730727025979377e+03,8.931000000000000050e-01
1.636049414501745105e+03,8.930000000000000160e-01
1.637368101977510833e+03,9.140000000000000346e-01
1.638686789453276788e+03,9.140000000000000346e-01
1.640005476929042516e+03,9.160000000000000364e-01
1.641324164404808243e+03,9.160000000000000364e-01
1.642642851880574199e+03,9.140000000000000346e-01
1.643961539356339927e+03,9.140000000000000346e-01
1.645280226832105654e+03,8.950000000000000178e-01
1.646598914307871382e+03,8.950000000000000178e-01
1.647917601783637338e+03,8.970000000000000195e-01
1.649236289259403065e+03,9.080000000000000293e-01
1.650554976735168793e+03,9.180000000000000382e-01
1.651873664210934749e+03,9.137999999999999456e-01
1.653192351686700476e+03,8.570999999999999730e-01
1.654511039162466204e+03,8.950000000000000178e-01
1.655829726638232160e+03,9.080000000000000293e-01
1.657148414113997887e+03,9.100000000000000311e-01
1.658467101589763615e+03,9.120000000000000329e-01
1.659785789065529571e+03,9.160000000000000364e-01
1.661104476541295298e+03,9.060000000000000275e-01
1.662423164017061026e+03,9.060000000000000275e-01
1.663741851492826981e+03,9.080000000000000293e-01
1.665060538968592709e+03,9.080000000000000293e-01
1.666379226444358437e+03,9.100000000000000311e-01
1.667697913920124392e+03,9.080000000000000293e-01
1.669016601395890120e+03,9.040000000000000258e-01
1.670335288871655848e+03,9.000000000000000222e-01
1.671653976347421803e+03,8.970000000000000195e-01
1.672972663823187531e+03,8.950000000000000178e-01
1.674291351298953259e+03,8.970000000000000195e-01
1.675610038774719214e+03,9.020000000000000240e-01
1.676928726250484942e+03,9.040000000000000258e-01
1.678247413726250670e+03,9.060000000000000275e-01
1.679566101202016625e+03,9.080000000000000293e-01
1.680884788677782353e+03,9.060000000000000275e-01
1.682203476153548081e+03,9.020000000000000240e-01
1.683522163629313809e+03,8.850000000000000089e-01
1.684840851105079764e+03,8.709999999999999964e-01
1.686159538580845492e+03,8.709999999999999964e-01
1.687478226056611220e+03,9.039000000000000368e-01
1.688796913532377175e+03,9.060000000000000275e-01
1.690115601008142903e+03,9.060000000000000275e-01
1.691434288483908631e+03,9.040000000000000258e-01
1.692752975959674586e+03,9.020000000000000240e-01
1.694071663435440314e+03,9.000000000000000222e-01
1.695390350911206042e+03,8.870000000000000107e-01
1.696709038386971997e+03,8.689999999999999947e-01
1.698027725862737725e+03,8.649999999999999911e-01
1.699346413338503453e+03,8.649999999999999911e-01
1.700665100814269408e+03,8.689999999999999947e-01
1.701983788290035136e+03,8.810000000000000053e-01
1.703302475765800864e+03,8.870000000000000107e-01
1.704621163241566819e+03,8.890000000000000124e-01
1.705939850717332547e+03,8.870000000000000107e-01
1.707258538193098275e+03,8.850000000000000089e-01
1.708577225668864230e+03,8.850000000000000089e-01
1.709895913144629958e+03,8.850000000000000089e-01
1.711214600620395686e+03,8.830000000000000071e-01
1.712533288096161641e+03,8.790000000000000036e-01
1.713851975571927369e+03,8.689999999999999947e-01
1.715170663047693097e+03,8.550999999999999712e-01
1.716489350523459052e+03,8.529999999999999805e-01
1.717808037999224780e+03,8.419999999999999707e-01
1.719126725474990508e+03,8.379999999999999671e-01
1.720445412950756236e+03,8.459999999999999742e-01
1.721764100426522191e+03,8.419999999999999707e-01
1.723082787902287919e+03,8.359999999999999654e-01
1.724401475378053647e+03,8.299999999999999600e-01
1.725720162853819602e+03,8.219999999999999529e-01
1.727038850329585330e+03,8.179999999999999494e-01
1.728357537805351058e+03,8.139999999999999458e-01
1.729676225281117013e+03,8.060000000000000497e-01
1.730994912756882741e+03,8.038999999999999480e-01
1.732313600232648469e+03,7.670000000000000151e-01
1.733632287708414424e+03,7.610000000000000098e-01
1.734950975184180152e+03,7.570000000000000062e-01
1.736269662659945880e+03,7.530000000000000027e-01
1.737588350135711835e+03,7.439999999999999947e-01
1.738907037611477563e+03,7.279999999999999805e-01
1.740225725087243291e+03,7.099999999999999645e-01
1.741544412563009246e+03,6.951000000000000512e-01
1.742863100038774974e+03,6.509000000000000341e-01
1.744181787514540702e+03,6.319000000000000172e-01
1.745500474990306657e+03,5.908999999999999808e-01
1.746819162466072385e+03,5.530000000000000471e-01
1.748137849941838112e+03,5.160000000000000142e-01
1.749456537417604068e+03,4.809999999999999831e-01
1.750775224893369796e+03,4.749999999999999778e-01
1.752093912369135523e+03,3.532000000000000139e-01
1.753412599844901251e+03,2.752000000000000002e-01
1.754731287320667207e+03,2.550999999999999934e-01
1.756049974796432934e+03,2.358999999999999986e-01
1.757368662272198662e+03,2.177999999999999936e-01
1.758687349747964618e+03,1.529999999999999971e-01
1.760006037223730345e+03,1.459999999999999909e-01
1.761324724699496073e+03,1.439999999999999891e-01
1.762643412175262029e+03,1.439999999999999891e-01
1.763962099651027756e+03,1.439999999999999891e-01
1.765280787126793484e+03,1.459999999999999909e-01
1.766599474602559440e+03,1.459999999999999909e-01
1.767918162078325167e+03,1.479999999999999927e-01
1.769236849554090895e+03,1.529999999999999971e-01
1.770555537029856850e+03,1.590000000000000024e-01
1.771874224505622578e+03,1.691000000000000003e-01
1.773192911981388306e+03,2.159999999999999976e-01
1.774511599457154261e+03,2.570000000000000062e-01
1.775830286932919989e+03,3.160000000000000031e-01
1.777148974408685717e+03,3.629000000000000004e-01
1.778467661884451672e+03,3.810000000000000053e-01
1.779786349360217400e+03,4.378000000000000225e-01
1.781105036835983128e+03,4.708999999999999853e-01
1.782423724311749083e+03,5.001999999999999780e-01
1.783742411787514811e+03,5.671000000000000485e-01
1.785061099263280539e+03,6.200999999999999845e-01
1.786379786739046494e+03,6.670000000000000373e-01
1.787698474214812222e+03,6.790000000000000480e-01
1.789017161690577950e+03,7.139999999999999680e-01
1.790335849166343678e+03,7.789000000000000368e-01
1.791654536642109633e+03,7.950000000000000400e-01
1.792973224117875361e+03,8.000000000000000444e-01
1.794291911593641089e+03,8.158999999999999586e-01
1.795610599069407044e+03,8.380999999999999561e-01
1.796929286545172772e+03,8.529999999999999805e-01
1.798247974020938500e+03,8.549999999999999822e-01
1.799566661496704455e+03,8.569999999999999840e-01
1.800885348972470183e+03,8.629999999999999893e-01
1.802204036448235911e+03,8.649999999999999911e-01
1.803522723924001866e+03,8.669999999999999929e-01
1.804841411399767594e+03,8.729999999999999982e-01
1.806160098875533322e+03,8.790000000000000036e-01
1.807478786351299277e+03,8.810000000000000053e-01
1.808797473827065005e+03,8.850000000000000089e-01
1.810116161302830733e+03,8.870000000000000107e-01
1.811434848778596688e+03,8.890000000000000124e-01
1.812753536254362416e+03,8.910000000000000142e-01
1.814072223730128144e+03,8.930000000000000160e-01
1.815390911205894099e+03,8.950000000000000178e-01
1.816709598681659827e+03,8.950000000000000178e-01
1.818028286157425555e+03,8.950000000000000178e-01
1.819346973633191510e+03,8.970000000000000195e-01
1.820665661108957238e+03,8.970000000000000195e-01
1.821984348584722966e+03,8.970000000000000195e-01
1.823303036060488921e+03,9.000000000000000222e-01
1.824621723536254649e+03,9.000000000000000222e-01
1.825940411012020377e+03,9.000000000000000222e-01
1.827259098487786105e+03,9.000000000000000222e-01
1.828577785963552060e+03,8.970000000000000195e-01
1.829896473439317788e+03,8.970000000000000195e-01
1.831215160915083516e+03,8.970000000000000195e-01
1.832533848390849471e+03,8.970000000000000195e-01
1.833852535866615199e+03,9.000000000000000222e-01
1.835171223342380927e+03,9.000000000000000222e-01
1.836489910818146882e+03,9.040000000000000258e-01
1.837808598293912610e+03,9.040000000000000258e-01
1.839127285769678338e+03,9.040000000000000258e-01
1.840445973245444293e+03,9.060000000000000275e-01
1.841764660721210021e+03,9.060000000000000275e-01
1.843083348196975749e+03,9.040000000000000258e-01
1.844402035672741704e+03,9.040000000000000258e-01
1.845720723148507432e+03,9.040000000000000258e-01
1.847039410624273160e+03,9.060000000000000275e-01
1.848358098100039115e+03,9.080000000000000293e-01
1.849676785575804843e+03,9.100000000000000311e-01
1.850995473051570571e+03,9.100000000000000311e-01
1.852314160527336526e+03,9.120000000000000329e-01
1.853632848003102254e+03,9.140000000000000346e-01
1.854951535478867982e+03,9.140000000000000346e-01
1.856270222954633937e+03,9.140000000000000346e-01
1.857588910430399665e+03,9.120000000000000329e-01
1.858907597906165392e+03,9.120000000000000329e-01
1.860226285381931348e+03,9.120000000000000329e-01
1.861544972857697076e+03,9.120000000000000329e-01
1.862863660333462803e+03,9.120000000000000329e-01
1.864182347809228531e+03,9.120000000000000329e-01
1.865501035284994487e+03,9.120000000000000329e-01
1.866819722760760214e+03,9.120000000000000329e-01
1.868138410236525942e+03,9.100000000000000311e-01
1.869457097712291898e+03,9.080000000000000293e-01
1.870775785188057625e+03,9.080000000000000293e-01
1.872094472663823353e+03,9.080000000000000293e-01
1.873413160139589309e+03,9.080000000000000293e-01
1.874731847615355036e+03,9.120000000000000329e-01
1.876050535091120764e+03,9.140000000000000346e-01
1.877369222566886720e+03,9.140000000000000346e-01
1.878687910042652447e+03,9.140000000000000346e-01
1.880006597518418175e+03,9.140000000000000346e-01
1.881325284994184130e+03,9.140000000000000346e-01
1.882643972469949858e+03,9.160000000000000364e-01
1.883962659945715586e+03,9.140000000000000346e-01
1.885281347421481541e+03,9.140000000000000346e-01
1.886600034897247269e+03,9.140000000000000346e-01
1.887918722373012997e+03,9.140000000000000346e-01
1.889237409848778952e+03,9.140000000000000346e-01
1.890556097324544680e+03,9.140000000000000346e-01
1.891874784800310408e+03,9.140000000000000346e-01
1.893193472276076363e+03,9.140000000000000346e-01
1.894512159751842091e+03,9.160000000000000364e-01
1.895830847227607819e+03,9.140000000000000346e-01
1.897149534703373774e+03,9.140000000000000346e-01
1.898468222179139502e+03,9.140000000000000346e-01
1.899786909654905230e+03,9.140000000000000346e-01
1.901105597130670958e+03,9.140000000000000346e-01
1.902424284606436913e+03,9.140000000000000346e-01
1.903742972082202641e+03,9.140000000000000346e-01
1.905061659557968369e+03,9.140000000000000346e-01
1.906380347033734324e+03,9.140000000000000346e-01
1.907699034509500052e+03,9.140000000000000346e-01
1.909017721985265780e+03,9.140000000000000346e-01
1.910336409461031735e+03,9.140000000000000346e-01
1.911655096936797463e+03,9.140000000000000346e-01
1.912973784412563191e+03,9.140000000000000346e-01
1.914292471888329146e+03,9.140000000000000346e-01
1.915611159364094874e+03,9.140000000000000346e-01
1.916929846839860602e+03,9.140000000000000346e-01
1.918248534315626557e+03,9.140000000000000346e-01
1.919567221791392285e+03,9.140000000000000346e-01
1.920885909267158013e+03,9.140000000000000346e-01
1.922204596742923968e+03,9.140000000000000346e-01
1.923523284218689696e+03,9.140000000000000346e-01
1.924841971694455424e+03,9.140000000000000346e-01
1.926160659170221379e+03,9.140000000000000346e-01
1.927479346645987107e+03,9.140000000000000346e-01
1.928798034121752835e+03,9.160000000000000364e-01
1.930116721597518790e+03,9.160000000000000364e-01
1.931435409073284518e+03,9.160000000000000364e-01
1.932754096549050246e+03,9.160000000000000364e-01
1.934072784024816201e+03,9.160000000000000364e-01
1.935391471500581929e+03,9.160000000000000364e-01
1.936710158976347657e+03,9.160000000000000364e-01
1.938028846452113385e+03,9.160000000000000364e-01
1.939347533927879340e+03,9.180000000000000382e-01
1.940666221403645068e+03,9.180000000000000382e-01
1.941984908879410796e+03,9.180000000000000382e-01
1.943303596355176751e+03,9.180000000000000382e-01
1.944622283830942479e+03,9.180000000000000382e-01
1.945940971306708207e+03,9.180000000000000382e-01
1.947259658782474162e+03,9.200000000000000400e-01
1.948578346258239890e+03,9.200000000000000400e-01
1.949897033734005618e+03,9.180000000000000382e-01
1.951215721209771573e+03,9.180000000000000382e-01
1.952534408685537301e+03,9.180000000000000382e-01
1.953853096161303029e+03,9.180000000000000382e-01
1.955171783637068984e+03,9.180000000000000382e-01
1.956490471112834712e+03,9.180000000000000382e-01
1.957809158588600440e+03,9.180000000000000382e-01
1.959127846064366395e+03,9.180000000000000382e-01
1.960446533540132123e+03,9.180000000000000382e-01
1.961765221015897851e+03,9.160000000000000364e-01
1.963083908491663806e+03,9.160000000000000364e-01
1.964402595967429534e+03,9.160000000000000364e-01
1.965721283443195261e+03,9.160000000000000364e-01
1.967039970918961217e+03,9.160000000000000364e-01
1.968358658394726945e+03,9.160000000000000364e-01
1.969677345870492672e+03,9.160000000000000364e-01
1.970996033346258628e+03,9.160000000000000364e-01
1.972314720822024356e+03,9.160000000000000364e-01
1.973633408297790083e+03,9.160000000000000364e-01
1.974952095773555811e+03,9.160000000000000364e-01
1.976270783249321767e+03,9.160000000000000364e-01
1.977589470725087494e+03,9.160000000000000364e-01
1.978908158200853222e+03,9.180000000000000382e-01
1.980226845676619178e+03,9.180000000000000382e-01
1.981545533152384905e+03,9.180000000000000382e-01
1.982864220628150633e+03,9.180000000000000382e-01
1.984182908103916589e+03,9.180000000000000382e-01
1.985501595579682316e+03,9.180000000000000382e-01
1.986820283055448044e+03,9.160000000000000364e-01
1.988138970531213999e+03,9.160000000000000364e-01
1.989457658006979727e+03,9.160000000000000364e-01
1.990776345482745455e+03,9.160000000000000364e-01
1.992095032958511410e+03,9.160000000000000364e-01
1.993413720434277138e+03,9.160000000000000364e-01
1.994732407910042866e+03,9.160000000000000364e-01
1.996051095385808821e+03,9.160000000000000364e-01
1.997369782861574549e+03,9.160000000000000364e-01
1.998688470337340277e+03,9.160000000000000364e-01
2.000007157813106232e+03,9.160000000000000364e-01
2.001325845288871960e+03,9.160000000000000364e-01
2.002644532764637688e+03,9.160000000000000364e-01
2.003963220240403643e+03,9.160000000000000364e-01
2.005281907716169371e+03,9.160000000000000364e-01
2.006600595191935099e+03,9.160000000000000364e-01
2.007919282667701054e+03,9.160000000000000364e-01
2.009237970143466782e+03,9.160000000000000364e-01
2.010556657619232510e+03,9.160000000000000364e-01
2.011875345094998238e+03,9.160000000000000364e-01
2.013194032570764193e+03,9.160000000000000364e-01
2.014512720046529921e+03,9.150000000000000355e-01
2.015831407522295649e+03,9.141000000000000236e-01
2.017150094998061604e+03,9.140000000000000346e-01
2.018468782473827332e+03,9.140000000000000346e-01
2.019787469949593060e+03,9.140000000000000346e-01
2.021106157425359015e+03,9.140000000000000346e-01
2.022424844901124743e+03,9.140000000000000346e-01
2.023743532376890471e+03,9.140000000000000346e-01
2.025062219852656426e+03,9.149000000000000465e-01
2.026380907328422154e+03,9.159000000000000474e-01
2.027699594804187882e+03,9.160000000000000364e-01
2.029018282279953837e+03,9.160000000000000364e-01
2.030336969755719565e+03,9.160000000000000364e-01
2.031655657231485293e+03,9.160000000000000364e-01
2.032974344707251248e+03,9.160000000000000364e-01
2.034293032183016976e+03,9.160000000000000364e-01
2.035611719658782704e+03,9.160000000000000364e-01
2.036930407134548659e+03,9.160000000000000364e-01
2.038249094610314387e+03,9.151000000000000245e-01
2.039567782086080115e+03,9.141000000000000236e-01
2.040886469561846070e+03,9.140000000000000346e-01
2.042205157037611798e+03,9.140000000000000346e-01
2.043523844513377526e+03,9.140000000000000346e-01
2.044842531989143481e+03,9.140000000000000346e-01
2.046161219464909209e+03,9.140000000000000346e-01
2.047479906940674937e+03,9.140000000000000346e-01
2.048798594416440665e+03,9.140000000000000346e-01
2.050117281892206847e+03,9.140000000000000346e-01
2.051435969367972575e+03,9.140000000000000346e-01
2.052754656843738303e+03,9.140000000000000346e-01
2.054073344319504031e+03,9.140000000000000346e-01
2.055392031795269759e+03,9.140000000000000346e-01
2.056710719271035487e+03,9.140000000000000346e-01
2.058029406746801214e+03,9.140000000000000346e-01
2.059348094222566942e+03,9.132000000000000117e-01
2.060666781698332670e+03,9.122000000000000108e-01
2.061985469174098853e+03,9.120000000000000329e-01
2.063304156649864581e+03,9.120000000000000329e-01
2.064622844125630309e+03,9.120000000000000329e-01
2.065941531601396491e+03,9.120000000000000329e-01
2.067260219077162219e+03,9.120000000000000329e-01
2.068578906552927947e+03,9.120000000000000329e-01
2.069897594028693675e+03,9.120000000000000329e-01
2.071216281504459403e+03,9.120000000000000329e-01
2.072534968980225131e+03,9.120000000000000329e-01
2.073853656455990858e+03,9.120000000000000329e-01
2.075172343931756586e+03,9.112000000000000099e-01
2.076491031407522314e+03,9.102000000000000091e-01
2.077809718883288497e+03,9.100000000000000311e-01
2.079128406359054225e+03,9.100000000000000311e-01
2.080447093834819952e+03,9.108000000000000540e-01
2.081765781310585680e+03,9.118000000000000549e-01
2.083084468786351863e+03,9.120000000000000329e-01
2.084403156262117591e+03,9.120000000000000329e-01
2.085721843737883319e+03,9.120000000000000329e-01
2.087040531213649047e+03,9.120000000000000329e-01
2.088359218689414774e+03,9.127999999999999448e-01
2.089677906165180502e+03,9.137999999999999456e-01
2.090996593640946230e+03,9.140000000000000346e-01
2.092315281116711958e+03,9.140000000000000346e-01
2.093633968592477686e+03,9.140000000000000346e-01
2.094952656068243869e+03,9.140000000000000346e-01
2.096271343544009596e+03,9.140000000000000346e-01
2.097590031019775324e+03,9.140000000000000346e-01
2.098908718495541507e+03,9.140000000000000346e-01
2.100227405971307235e+03,9.140000000000000346e-01
2.101546093447072963e+03,9.140000000000000346e-01
2.102864780922838690e+03,9.140000000000000346e-01
2.104183468398604418e+03,9.140000000000000346e-01
2.105502155874370146e+03,9.140000000000000346e-01
2.106820843350135874e+03,9.140000000000000346e-01
2.108139530825901602e+03,9.140000000000000346e-01
2.109458218301667330e+03,9.146999999999999575e-01
2.110776905777433512e+03,9.156999999999999584e-01
2.112095593253199240e+03,9.160000000000000364e-01
2.113414280728964968e+03,9.160000000000000364e-01
2.114732968204731151e+03,9.160000000000000364e-01
2.116051655680496879e+03,9.160000000000000364e-01
2.117370343156262606e+03,9.160000000000000364e-01
2.118689030632028334e+03,9.160000000000000364e-01
2.120007718107794062e+03,9.160000000000000364e-01
2.121326405583559790e+03,9.160000000000000364e-01
2.122645093059325518e+03,9.160000000000000364e-01
2.123963780535091246e+03,9.160000000000000364e-01
2.125282468010856974e+03,9.160000000000000364e-01
2.126601155486622702e+03,9.160000000000000364e-01
2.127919842962388884e+03,9.165999999999999703e-01
2.129238530438154612e+03,9.175999999999999712e-01
2.130557217913920340e+03,9.180000000000000382e-01
2.131875905389686523e+03,9.180000000000000382e-01
2.133194592865452250e+03,9.180000000000000382e-01
2.134513280341217978e+03,9.180000000000000382e-01
2.135831967816983706e+03,9.180000000000000382e-01
2.137150655292749434e+03,9.180000000000000382e-01
2.138469342768515162e+03,9.180000000000000382e-01
2.139788030244280890e+03,9.180000000000000382e-01
2.141106717720046618e+03,9.180000000000000382e-01
2.142425405195812345e+03,9.180000000000000382e-01
2.143744092671578528e+03,9.173999999999999932e-01
2.145062780147344256e+03,9.163999999999999924e-01
2.146381467623109984e+03,9.160000000000000364e-01
2.147700155098876166e+03,9.160000000000000364e-01
2.149018842574641894e+03,9.153999999999999915e-01
2.150337530050407622e+03,9.143999999999999906e-01
2.151656217526173350e+03,9.140000000000000346e-01
2.152974905001939078e+03,9.140000000000000346e-01
2.154293592477704806e+03,9.140000000000000346e-01
2.155612279953470534e+03,9.140000000000000346e-01
2.156930967429236262e+03,9.140000000000000346e-01
2.158249654905001989e+03,9.140000000000000346e-01
2.159568342380767717e+03,9.140000000000000346e-01
2.160887029856533900e+03,9.140000000000000346e-01
2.162205717332299628e+03,9.140000000000000346e-01
2.163524404808065356e+03,9.140000000000000346e-01
2.164843092283831538e+03,9.140000000000000346e-01
2.166161779759597266e+03,9.140000000000000346e-01
2.167480467235362994e+03,9.140000000000000346e-01
2.168799154711128722e+03,9.140000000000000346e-01
2.170117842186894450e+03,9.144999999999999796e-01
2.171436529662660178e+03,9.154999999999999805e-01
2.172755217138425905e+03,9.160000000000000364e-01
2.174073904614191633e+03,9.160000000000000364e-01
2.175392592089957361e+03,9.160000000000000364e-01
2.176711279565723544e+03,9.160000000000000364e-01
2.178029967041489272e+03,9.160000000000000364e-01
2.179348654517255000e+03,9.160000000000000364e-01
2.180667341993021182e+03,9.164999999999999813e-01
2.181986029468786910e+03,9.174999999999999822e-01
2.183304716944552638e+03,9.180000000000000382e-01
2.184623404420318366e+03,9.180000000000000382e-01
2.185942091896084094e+03,9.180000000000000382e-01
2.187260779371849821e+03,9.180000000000000382e-01
2.188579466847615549e+03,9.180000000000000382e-01
2.189898154323381277e+03,9.180000000000000382e-01
2.191216841799147005e+03,9.180000000000000382e-01
2.192535529274912733e+03,9.180000000000000382e-01
2.193854216750678916e+03,9.184999999999999831e-01
2.195172904226444643e+03,9.194999999999999840e-01
2.196491591702210371e+03,9.200000000000000400e-01
2.197810279177976554e+03,9.200000000000000400e-01
2.199128966653742282e+03,9.194999999999999840e-01
2.200447654129508010e+03,9.184999999999999831e-01
2.201766341605273738e+03,9.184999999999999831e-01
2.203085029081039465e+03,9.194999999999999840e-01
2.204403716556805193e+03,9.200000000000000400e-01
2.205722404032570921e+03,9.200000000000000400e-01
2.207041091508336649e+03,9.203999999999999959e-01
2.208359778984102377e+03,9.213999999999999968e-01
2.209678466459868559e+03,9.220000000000000417e-01
2.210997153935634287e+03,9.220000000000000417e-01
2.212315841411400015e+03,9.220000000000000417e-01
2.213634528887166198e+03,9.220000000000000417e-01
2.214953216362931926e+03,9.220000000000000417e-01
2.216271903838697654e+03,9.220000000000000417e-01
2.217590591314463381e+03,9.220000000000000417e-01
2.218909278790229109e+03,9.220000000000000417e-01
2.220227966265994837e+03,9.220000000000000417e-01
2.221546653741760565e+03,9.220000000000000417e-01
2.222865341217526293e+03,9.220000000000000417e-01
2.224184028693292021e+03,9.220000000000000417e-01
2.225502716169058203e+03,9.220000000000000417e-01
2.226821403644823931e+03,9.220000000000000417e-01
2.228140091120589659e+03,9.220000000000000417e-01
2.229458778596355387e+03,9.220000000000000417e-01
2.230777466072121570e+03,9.220000000000000417e-01
2.232096153547887297e+03,9.220000000000000417e-01
2.233414841023653025e+03,9.215999999999999748e-01
2.234733528499418753e+03,9.205999999999999739e-01
2.236052215975184481e+03,9.200000000000000400e-01
2.237370903450950209e+03,9.200000000000000400e-01
2.238689590926715937e+03,9.200000000000000400e-01
2.240008278402481665e+03,9.200000000000000400e-01
2.241326965878247393e+03,9.200000000000000400e-01
2.242645653354013575e+03,9.200000000000000400e-01
2.243964340829779303e+03,9.200000000000000400e-01
2.245283028305545031e+03,9.200000000000000400e-01
2.246601715781311214e+03,9.200000000000000400e-01
2.247920403257076941e+03,9.200000000000000400e-01
2.249239090732842669e+03,9.200000000000000400e-01
2.250557778208608397e+03,9.200000000000000400e-01
2.251876465684374125e+03,9.200000000000000400e-01
2.253195153160139853e+03,9.200000000000000400e-01
2.254513840635905581e+03,9.200000000000000400e-01
2.255832528111671309e+03,9.200000000000000400e-01
2.257151215587437036e+03,9.200000000000000400e-01
2.258469903063203219e+03,9.200000000000000400e-01
2.259788590538968947e+03,9.200000000000000400e-01
2.261107278014734675e+03,9.200000000000000400e-01
2.262425965490500857e+03,9.203000000000000069e-01
2.263744652966266585e+03,9.213000000000000078e-01
2.265063340442032313e+03,9.220000000000000417e-01
2.266382027917798041e+03,9.220000000000000417e-01
2.267700715393563769e+03,9.220000000000000417e-01
2.269019402869329497e+03,9.220000000000000417e-01
2.270338090345095225e+03,9.220000000000000417e-01
2.271656777820860952e+03,9.220000000000000417e-01
2.272975465296626680e+03,9.220000000000000417e-01
2.274294152772392408e+03,9.220000000000000417e-01
2.275612840248158591e+03,9.220000000000000417e-01
2.276931527723924319e+03,9.220000000000000417e-01
2.278250215199690047e+03,9.220000000000000417e-01
2.279568902675456229e+03,9.220000000000000417e-01
2.280887590151221957e+03,9.220000000000000417e-01
2.282206277626987685e+03,9.220000000000000417e-01
2.283524965102753413e+03,9.220000000000000417e-01
2.284843652578519141e+03,9.220000000000000417e-01
2.286162340054284869e+03,9.222000000000000197e-01
2.287481027530050596e+03,9.232000000000000206e-01
2.288799715005816324e+03,9.240000000000000435e-01
2.290118402481582052e+03,9.240000000000000435e-01
2.291437089957348235e+03,9.240000000000000435e-01
2.292755777433113963e+03,9.240000000000000435e-01
2.294074464908879690e+03,9.240000000000000435e-01
2.295393152384645873e+03,9.240000000000000435e-01
2.296711839860411601e+03,9.240000000000000435e-01
2.298030527336177329e+03,9.240000000000000435e-01
2.299349214811943057e+03,9.240000000000000435e-01
2.300667902287708785e+03,9.240000000000000435e-01
2.301986589763474512e+03,9.240000000000000435e-01
2.303305277239240240e+03,9.240000000000000435e-01
2.304623964715005968e+03,9.240000000000000435e-01
2.305942652190771696e+03,9.240000000000000435e-01
2.307261339666537424e+03,9.240000000000000435e-01
2.308580027142303607e+03,9.240000000000000435e-01
2.309898714618069334e+03,9.240000000000000435e-01
2.311217402093835062e+03,9.240000000000000435e-01
2.312536089569601245e+03,9.237999999999999545e-01
2.313854777045366973e+03,9.227999999999999536e-01
2.315173464521132701e+03,9.220000000000000417e-01
2.316492151996898428e+03,9.220000000000000417e-01
2.317810839472664156e+03,9.220000000000000417e-01
2.319129526948429884e+03,9.220000000000000417e-01
2.320448214424195612e+03,9.220000000000000417e-01
2.321766901899961340e+03,9.220000000000000417e-01
2.323085589375727068e+03,9.220000000000000417e-01
2.324404276851493250e+03,9.220000000000000417e-01
2.325722964327258978e+03,9.221000000000000307e-01
2.327041651803024706e+03,9.231000000000000316e-01
2.328360339278790889e+03,9.240000000000000435e-01
2.329679026754556617e+03,9.240000000000000435e-01
2.330997714230322345e+03,9.240000000000000435e-01
2.332316401706088072e+03,9.240000000000000435e-01
2.333635089181853800e+03,9.239000000000000545e-01
2.334953776657619528e+03,9.229000000000000536e-01
2.336272464133385256e+03,9.220000000000000417e-01
2.337591151609150984e+03,9.220000000000000417e-01
2.338909839084916712e+03,9.220000000000000417e-01
2.340228526560682440e+03,9.220000000000000417e-01
2.341547214036448622e+03,9.220000000000000417e-01
2.342865901512214350e+03,9.220000000000000417e-01
2.344184588987980078e+03,9.220000000000000417e-01
2.345503276463746261e+03,9.220000000000000417e-01
2.346821963939511988e+03,9.220000000000000417e-01
2.348140651415277716e+03,9.220000000000000417e-01
2.349459338891043444e+03,9.219000000000000528e-01
2.350778026366809172e+03,9.209000000000000519e-01
2.352096713842574900e+03,9.199000000000000510e-01
2.353415401318340628e+03,9.189000000000000501e-01
2.354734088794106356e+03,9.180000000000000382e-01
2.356052776269872084e+03,9.180000000000000382e-01
2.357371463745638266e+03,9.180000000000000382e-01
2.358690151221403994e+03,9.180000000000000382e-01
2.360008838697169722e+03,9.180000000000000382e-01
2.361327526172935904e+03,9.190000000000000391e-01
2.362646213648701632e+03,9.200000000000000400e-01
2.363964901124467360e+03,9.200000000000000400e-01
2.365283588600233088e+03,9.200000000000000400e-01
2.366602276075998816e+03,9.210000000000000409e-01
2.367920963551764544e+03,9.220000000000000417e-01
2.369239651027530272e+03,9.230000000000000426e-01
2.370558338503296000e+03,9.240000000000000435e-01
2.371877025979061727e+03,9.240000000000000435e-01
2.373195713454827910e+03,9.240000000000000435e-01
2.374514400930593638e+03,9.240000000000000435e-01
2.375833088406359366e+03,9.240000000000000435e-01
2.377151775882125094e+03,9.240000000000000435e-01
2.378470463357891276e+03,9.240000000000000435e-01
2.379789150833657004e+03,9.240000000000000435e-01
2.381107838309422732e+03,9.240000000000000435e-01
2.382426525785188460e+03,9.250000000000000444e-01
2.383745213260954188e+03,9.260000000000000453e-01
2.385063900736719916e+03,9.260000000000000453e-01
2.386382588212485643e+03,9.260000000000000453e-01
2.387701275688251371e+03,9.250000000000000444e-01
2.389019963164017099e+03,9.240000000000000435e-01
2.390338650639783282e+03,9.250000000000000444e-01
2.391657338115549010e+03,9.260000000000000453e-01
2.392976025591314738e+03,9.270000000000000462e-01
2.394294713067080920e+03,9.278999999999999471e-01
2.395613400542846648e+03,9.280000000000000471e-01
2.396932088018612376e+03,9.280000000000000471e-01
2.398250775494378104e+03,9.280000000000000471e-01
2.399569462970143832e+03,9.280000000000000471e-01
2.400888150445909559e+03,9.280000000000000471e-01
2.402206837921675287e+03,9.280000000000000471e-01
2.403525525397441015e+03,9.280000000000000471e-01
2.404844212873206743e+03,9.280000000000000471e-01
2.406162900348972926e+03,9.280000000000000471e-01
2.407481587824738654e+03,9.280000000000000471e-01
2.408800275300504381e+03,9.280000000000000471e-01
2.410118962776270564e+03,9.280000000000000471e-01
2.411437650252036292e+03,9.280000000000000471e-01
2.412756337727802020e+03,9.280000000000000471e-01
2.414075025203567748e+03,9.280000000000000471e-01
2.415393712679333476e+03,9.280000000000000471e-01
2.416712400155099203e+03,9.280000000000000471e-01
2.418031087630864931e+03,9.280000000000000471e-01
2.419349775106630659e+03,9.288999999999999480e-01
2.420668462582396387e+03,9.298999999999999488e-01
2.421987150058162115e+03,9.300000000000000488e-01
2.423305837533928297e+03,9.300000000000000488e-01
2.424624525009694025e+03,9.300000000000000488e-01
2.425943212485459753e+03,9.300000000000000488e-01
2.427261899961225936e+03,9.300000000000000488e-01
2.428580587436991664e+03,9.300000000000000488e-01
2.429899274912757392e+03,9.300000000000000488e-01
2.431217962388523119e+03,9.300000000000000488e-01
2.432536649864288847e+03,9.300000000000000488e-01
2.433855337340054575e+03,9.300000000000000488e-01
2.435174024815820303e+03,9.300000000000000488e-01
2.436492712291586031e+03,9.300000000000000488e-01
2.437811399767351759e+03,9.292000000000000259e-01
2.439130087243117487e+03,9.282000000000000250e-01
2.440448774718883215e+03,9.280000000000000471e-01
2.441767462194649852e+03,9.280000000000000471e-01
2.443086149670415580e+03,9.280000000000000471e-01
2.444404837146181308e+03,9.280000000000000471e-01
2.445723524621947035e+03,9.280000000000000471e-01
2.447042212097712763e+03,9.280000000000000471e-01
2.448360899573478491e+03,9.272000000000000242e-01
2.449679587049244219e+03,9.262000000000000233e-01
2.450998274525009947e+03,9.260000000000000453e-01
2.452316962000775675e+03,9.260000000000000453e-01
2.453635649476541403e+03,9.260000000000000453e-01
2.454954336952307131e+03,9.260000000000000453e-01
2.456273024428072858e+03,9.252000000000000224e-01
2.457591711903839496e+03,9.242000000000000215e-01
2.458910399379605224e+03,9.240000000000000435e-01
2.460229086855370952e+03,9.240000000000000435e-01
2.461547774331136679e+03,9.232000000000000206e-01
2.462866461806902407e+03,9.222000000000000197e-01
2.464185149282668135e+03,9.220000000000000417e-01
2.465503836758433863e+03,9.220000000000000417e-01
2.466822524234199591e+03,9.227999999999999536e-01
2.468141211709965319e+03,9.237999999999999545e-01
2.469459899185731047e+03,9.240000000000000435e-01
2.470778586661496774e+03,9.240000000000000435e-01
2.472097274137262502e+03,9.240000000000000435e-01
2.473415961613028230e+03,9.240000000000000435e-01
2.474734649088794868e+03,9.240000000000000435e-01
2.476053336564560595e+03,9.240000000000000435e-01
2.477372024040326323e+03,9.240000000000000435e-01
2.478690711516092051e+03,9.240000000000000435e-01
2.480009398991857779e+03,9.240000000000000435e-01
2.481328086467623507e+03,9.240000000000000435e-01
2.482646773943389235e+03,9.246999999999999664e-01
2.483965461419154963e+03,9.256999999999999673e-01
2.485284148894920691e+03,9.266999999999999682e-01
2.486602836370686418e+03,9.276999999999999691e-01
2.487921523846452146e+03,9.280000000000000471e-01
2.489240211322217874e+03,9.280000000000000471e-01
2.490558898797984511e+03,9.280000000000000471e-01
2.491877586273750239e+03,9.280000000000000471e-01
2.493196273749515967e+03,9.280000000000000471e-01
2.494514961225281695e+03,9.280000000000000471e-01
2.495833648701047423e+03,9.280000000000000471e-01
2.497152336176813151e+03,9.280000000000000471e-01
2.498471023652578879e+03,9.280000000000000471e-01
2.499789711128344607e+03,9.280000000000000471e-01
2.501108398604110334e+03,9.280000000000000471e-01
2.502427086079876062e+03,9.280000000000000471e-01
2.503745773555641790e+03,9.280000000000000471e-01
2.505064461031407518e+03,9.280000000000000471e-01
2.506383148507173246e+03,9.280000000000000471e-01
2.507701835982939883e+03,9.280000000000000471e-01
2.509020523458705611e+03,9.300000000000000488e-01
2.510339210934471339e+03,9.330000000000000515e-01
2.511657898410237067e+03,9.333000000000000185e-01
2.512976585886002795e+03,9.323000000000000176e-01
2.514295273361768523e+03,9.320000000000000506e-01
2.515613960837534250e+03,9.320000000000000506e-01
2.516932648313299978e+03,9.325999999999999845e-01
2.518251335789065706e+03,9.335999999999999854e-01
2.519570023264831434e+03,9.340000000000000524e-01
2.520888710740597162e+03,9.340000000000000524e-01
2.522207398216362890e+03,9.340000000000000524e-01
2.523526085692129527e+03,9.340000000000000524e-01
2.524844773167895255e+03,9.340000000000000524e-01
2.526163460643660983e+03,9.340000000000000524e-01
2.527482148119426711e+03,9.340000000000000524e-01
2.528800835595192439e+03,9.340000000000000524e-01
2.530119523070958166e+03,9.345999999999999863e-01
2.531438210546723894e+03,9.355999999999999872e-01
2.532756898022489622e+03,9.360000000000000542e-01
2.534075585498255350e+03,9.360000000000000542e-01
2.535394272974021078e+03,9.360000000000000542e-01
2.536712960449786806e+03,9.360000000000000542e-01
2.538031647925552534e+03,9.360000000000000542e-01
2.539350335401318262e+03,9.360000000000000542e-01
2.540669022877084899e+03,9.360000000000000542e-01
2.541987710352850627e+03,9.360000000000000542e-01
2.543306397828616355e+03,9.354000000000000092e-01
2.544625085304382083e+03,9.344000000000000083e-01
2.545943772780147810e+03,9.340000000000000524e-01
2.547262460255913538e+03,9.340000000000000524e-01
2.548581147731679266e+03,9.340000000000000524e-01
2.549899835207444994e+03,9.340000000000000524e-01
2.551218522683210722e+03,9.340000000000000524e-01
2.552537210158976450e+03,9.340000000000000524e-01
2.553855897634742178e+03,9.340000000000000524e-01
2.555174585110507905e+03,9.340000000000000524e-01
2.556493272586274543e+03,9.340000000000000524e-01
2.557811960062040271e+03,9.340000000000000524e-01
2.559130647537805999e+03,9.340000000000000524e-01
2.560449335013571726e+03,9.340000000000000524e-01
2.561768022489337454e+03,9.340000000000000524e-01
2.563086709965103182e+03,9.340000000000000524e-01
2.564405397440868910e+03,9.340000000000000524e-01
2.565724084916634638e+03,9.340000000000000524e-01
2.567042772392400366e+03,9.340000000000000524e-01
2.568361459868166094e+03,9.340000000000000524e-01
2.569680147343931822e+03,9.340000000000000524e-01
2.570998834819697549e+03,9.340000000000000524e-01
2.572317522295464187e+03,9.334999999999999964e-01
2.573636209771229915e+03,9.324999999999999956e-01
2.574954897246995642e+03,9.320000000000000506e-01
2.576273584722761370e+03,9.320000000000000506e-01
2.577592272198527098e+03,9.320000000000000506e-01
2.578910959674292826e+03,9.320000000000000506e-01
2.580229647150058554e+03,9.320000000000000506e-01
2.581548334625824282e+03,9.320000000000000506e-01
2.582867022101590010e+03,9.320000000000000506e-01
2.584185709577355738e+03,9.320000000000000506e-01
2.585504397053121465e+03,9.320000000000000506e-01
2.586823084528887193e+03,9.320000000000000506e-01
2.588141772004652921e+03,9.320000000000000506e-01
2.589460459480419559e+03,9.320000000000000506e-01
2.590779146956185286e+03,9.320000000000000506e-01
2.592097834431951014e+03,9.320000000000000506e-01
2.593416521907716742e+03,9.320000000000000506e-01
2.594735209383482470e+03,9.320000000000000506e-01
2.596053896859248198e+03,9.320000000000000506e-01
2.597372584335013926e+03,9.320000000000000506e-01
2.598691271810779654e+03,9.324000000000000066e-01
2.600009959286545381e+03,9.334000000000000075e-01
2.601328646762311109e+03,9.335999999999999854e-01
2.602647334238076837e+03,9.325999999999999845e-01
2.603966021713842565e+03,9.320000000000000506e-01
2.605284709189609202e+03,9.320000000000000506e-01
2.606603396665374930e+03,9.324000000000000066e-01
2.607922084141140658e+03,9.334000000000000075e-01
2.609240771616906386e+03,9.340000000000000524e-01
2.610559459092672114e+03,9.340000000000000524e-01
2.611878146568437842e+03,9.340000000000000524e-01
2.613196834044203570e+03,9.340000000000000524e-01
2.614515521519969298e+03,9.340000000000000524e-01
2.615834208995735025e+03,9.340000000000000524e-01
2.617152896471500753e+03,9.340000000000000524e-01
2.618471583947266481e+03,9.340000000000000524e-01
2.619790271423032209e+03,9.340000000000000524e-01
2.621108958898797937e+03,9.340000000000000524e-01
2.622427646374564574e+03,9.340000000000000524e-01
2.623746333850330302e+03,9.340000000000000524e-01
2.625065021326096030e+03,9.340000000000000524e-01
2.626383708801861758e+03,9.340000000000000524e-01
2.627702396277627486e+03,9.340000000000000524e-01
2.629021083753393214e+03,9.340000000000000524e-01
2.630339771229158941e+03,9.340000000000000524e-01
2.631658458704924669e+03,9.340000000000000524e-01
2.632977146180690397e+03,9.340000000000000524e-01
2.634295833656456125e+03,9.340000000000000524e-01
2.635614521132221853e+03,9.340000000000000524e-01
2.636933208607987581e+03,9.340000000000000524e-01
2.638251896083754218e+03,9.343000000000000194e-01
2.639570583559519946e+03,9.353000000000000203e-01
2.640889271035285674e+03,9.360000000000000542e-01
2.642207958511051402e+03,9.360000000000000542e-01
2.643526645986817130e+03,9.360000000000000542e-01
2.644845333462582857e+03,9.360000000000000542e-01
2.646164020938348585e+03,9.360000000000000542e-01
2.647482708414114313e+03,9.360000000000000542e-01
2.648801395889880041e+03,9.360000000000000542e-01
2.650120083365645769e+03,9.360000000000000542e-01
2.651438770841411497e+03,9.363000000000000211e-01
2.652757458317177225e+03,9.373000000000000220e-01
2.654076145792942953e+03,9.376999999999999780e-01
2.655394833268709590e+03,9.366999999999999771e-01
2.656713520744475318e+03,9.360000000000000542e-01
2.658032208220241046e+03,9.360000000000000542e-01
2.659350895696006774e+03,9.360000000000000542e-01
2.660669583171772501e+03,9.360000000000000542e-01
2.661988270647538229e+03,9.360000000000000542e-01
2.663306958123303957e+03,9.360000000000000542e-01
2.664625645599069685e+03,9.360000000000000542e-01
2.665944333074835413e+03,9.360000000000000542e-01
2.667263020550601141e+03,9.360000000000000542e-01
2.668581708026366869e+03,9.360000000000000542e-01
2.669900395502132596e+03,9.360000000000000542e-01
2.671219082977899234e+03,9.360000000000000542e-01
2.672537770453664962e+03,9.360000000000000542e-01
2.673856457929430690e+03,9.360000000000000542e-01
2.675175145405196417e+03,9.360000000000000542e-01
2.676493832880962145e+03,9.360000000000000542e-01
2.677812520356727873e+03,9.360000000000000542e-01
2.679131207832493601e+03,9.360000000000000542e-01
2.680449895308259329e+03,9.360000000000000542e-01
2.681768582784025057e+03,9.360000000000000542e-01
2.683087270259790785e+03,9.360000000000000542e-01
2.684405957735556512e+03,9.360000000000000542e-01
2.685724645211322240e+03,9.360000000000000542e-01
2.687043332687087968e+03,9.360000000000000542e-01
2.688362020162854606e+03,9.360000000000000542e-01
2.689680707638620333e+03,9.360000000000000542e-01
2.690999395114386061e+03,9.357999999999999652e-01
2.692318082590151789e+03,9.347999999999999643e-01
2.693636770065917517e+03,9.340000000000000524e-01
2.694955457541683245e+03,9.340000000000000524e-01
2.696274145017448973e+03,9.340000000000000524e-01
2.697592832493214701e+03,9.340000000000000524e-01
2.698911519968980429e+03,9.340000000000000524e-01
2.700230207444746156e+03,9.340000000000000524e-01
2.701548894920511884e+03,9.340000000000000524e-01
2.702867582396277612e+03,9.340000000000000524e-01
2.704186269872044249e+03,9.340000000000000524e-01
2.705504957347809977e+03,9.340000000000000524e-01
2.706823644823575705e+03,9.338999999999999524e-01
2.708142332299341433e+03,9.328999999999999515e-01
2.709461019775107161e+03,9.320000000000000506e-01
2.710779707250872889e+03,9.320000000000000506e-01
2.712098394726638617e+03,9.320000000000000506e-01
2.713417082202404345e+03,9.320000000000000506e-01
2.714735769678170072e+03,9.320000000000000506e-01
2.716054457153935800e+03,9.320000000000000506e-01
2.717373144629701528e+03,9.320000000000000506e-01
2.718691832105467256e+03,9.320000000000000506e-01
2.720010519581233893e+03,9.318999999999999506e-01
2.721329207056999621e+03,9.308999999999999497e-01
2.722647894532765349e+03,9.300000000000000488e-01
2.723966582008531077e+03,9.300000000000000488e-01
2.725285269484296805e+03,9.300000000000000488e-01
2.726603956960062533e+03,9.300000000000000488e-01
2.727922644435828261e+03,9.298999999999999488e-01
2.729241331911593988e+03,9.288999999999999480e-01
2.730560019387359716e+03,9.280000000000000471e-01
2.731878706863125444e+03,9.280000000000000471e-01
2.733197394338891172e+03,9.280000000000000471e-01
2.734516081814656900e+03,9.280000000000000471e-01
2.735834769290422628e+03,9.281000000000000361e-01
2.737153456766189265e+03,9.290000000000000480e-01
2.738472144241954993e+03,9.300000000000000488e-01
2.739790831717720721e+03,9.300000000000000488e-01
2.741109519193486449e+03,9.300000000000000488e-01
2.742428206669252177e+03,9.300000000000000488e-01
2.743746894145017905e+03,9.300000000000000488e-01
2.745065581620783632e+03,9.300000000000000488e-01
2.746384269096549360e+03,9.300000000000000488e-01
2.747702956572315088e+03,9.310000000000000497e-01
2.749021644048080816e+03,9.320000000000000506e-01
2.750340331523846544e+03,9.320000000000000506e-01
2.751659018999612272e+03,9.320000000000000506e-01
2.752977706475378909e+03,9.330000000000000515e-01
2.754296393951144637e+03,9.340000000000000524e-01
2.755615081426910365e+03,9.340000000000000524e-01
2.756933768902676093e+03,9.340000000000000524e-01
2.758252456378441821e+03,9.340000000000000524e-01
2.759571143854207548e+03,9.340000000000000524e-01
2.760889831329973276e+03,9.340000000000000524e-01
2.762208518805739004e+03,9.340000000000000524e-01
2.763527206281504732e+03,9.340000000000000524e-01
2.764845893757270460e+03,9.340000000000000524e-01
2.766164581233036188e+03,9.340000000000000524e-01
2.767483268708801916e+03,9.340000000000000524e-01
2.768801956184567644e+03,9.350000000000000533e-01
2.770120643660334281e+03,9.360000000000000542e-01
2.771439331136100009e+03,9.360000000000000542e-01
2.772758018611865737e+03,9.360000000000000542e-01
2.774076706087631464e+03,9.360000000000000542e-01
2.775395393563397192e+03,9.360000000000000542e-01
2.776714081039162920e+03,9.360000000000000542e-01
2.778032768514928648e+03,9.360000000000000542e-01
2.779351455990694376e+03,9.350000000000000533e-01
2.780670143466460104e+03,9.341000000000000414e-01
2.781988830942225832e+03,9.340000000000000524e-01
2.783307518417991560e+03,9.340000000000000524e-01
2.784626205893757287e+03,9.340000000000000524e-01
2.785944893369523925e+03,9.340000000000000524e-01
2.787263580845289653e+03,9.340000000000000524e-01
2.788582268321055381e+03,9.340000000000000524e-01
2.789900955796821108e+03,9.340000000000000524e-01
2.791219643272586836e+03,9.340000000000000524e-01
2.792538330748352564e+03,9.340000000000000524e-01
2.793857018224118292e+03,9.340000000000000524e-01
2.795175705699884020e+03,9.331000000000000405e-01
2.796494393175649748e+03,9.321000000000000396e-01
2.797813080651415476e+03,9.320000000000000506e-01
2.799131768127181203e+03,9.320000000000000506e-01
2.800450455602946931e+03,9.311000000000000387e-01
2.801769143078712659e+03,9.301000000000000378e-01
2.803087830554479297e+03,9.291000000000000369e-01
2.804406518030245024e+03,9.281000000000000361e-01
2.805725205506010752e+03,9.280000000000000471e-01
2.807043892981776480e+03,9.280000000000000471e-01
2.808362580457542208e+03,9.271000000000000352e-01
2.809681267933307936e+03,9.261000000000000343e-01
2.810999955409073664e+03,9.251000000000000334e-01
2.812318642884839392e+03,9.241000000000000325e-01
2.813637330360605119e+03,9.240000000000000435e-01
2.814956017836370847e+03,9.240000000000000435e-01
2.816274705312136575e+03,9.232000000000000206e-01
2.817593392787902303e+03,9.222000000000000197e-01
2.818912080263668940e+03,9.212000000000000188e-01
2.820230767739434668e+03,9.201000000000000290e-01
2.821549455215200396e+03,9.191000000000000281e-01
2.822868142690966124e+03,9.182000000000000162e-01
2.824186830166731852e+03,9.180000000000000382e-01
2.825505517642497580e+03,9.180000000000000382e-01
2.826824205118263308e+03,9.172000000000000153e-01
2.828142892594029036e+03,9.162000000000000144e-01
2.829461580069794763e+03,9.152000000000000135e-01
2.830780267545560491e+03,9.142000000000000126e-01
2.832098955021326219e+03,9.140000000000000346e-01
2.833417642497091947e+03,9.140000000000000346e-01
2.834736329972857675e+03,9.123999999999999888e-01
2.836055017448624312e+03,9.103999999999999870e-01
2.837373704924390040e+03,9.092000000000000082e-01
2.838692392400155768e+03,9.082000000000000073e-01
2.840011079875921496e+03,9.072000000000000064e-01
2.841329767351687224e+03,9.062000000000000055e-01
2.842648454827452952e+03,9.060000000000000275e-01
2.843967142303218679e+03,9.060000000000000275e-01
2.845285829778984407e+03,9.052000000000000046e-01
2.846604517254750135e+03,9.042000000000000037e-01
2.847923204730515863e+03,9.012999999999999901e-01
2.849241892206281591e+03,8.978000000000000425e-01
2.850560579682047319e+03,8.947000000000000508e-01
2.851879267157813956e+03,8.917000000000000481e-01
2.853197954633579684e+03,8.856000000000000538e-01
2.854516642109345412e+03,8.787000000000000366e-01
2.855835329585111140e+03,8.717000000000000304e-01
2.857154017060876868e+03,8.647000000000000242e-01
2.858472704536642595e+03,8.592999999999999527e-01
2.859791392012408323e+03,8.542999999999999483e-01
2.861110079488174051e+03,8.475000000000000311e-01
2.862428766963939779e+03,8.399999999999999689e-01
2.863747454439705507e+03,8.365000000000000213e-01
2.865066141915471235e+03,8.346000000000000085e-01
2.866384829391236963e+03,8.289999999999999591e-01
2.867703516867002691e+03,8.219999999999999529e-01
2.869022204342769328e+03,8.118999999999999551e-01
2.870340891818535056e+03,8.004000000000000004e-01
2.871659579294300784e+03,7.877999999999999448e-01
2.872978266770066512e+03,7.747000000000000552e-01
2.874296954245832239e+03,7.667000000000000481e-01
2.875615641721597967e+03,7.607000000000000428e-01
2.876934329197363695e+03,7.423999999999999488e-01
2.878253016673129423e+03,7.189999999999999725e-01
2.879571704148895151e+03,6.997999999999999776e-01
2.880890391624660879e+03,6.824000000000000066e-01
2.882209079100426607e+03,6.729000000000000536e-01
2.883527766576192334e+03,6.669000000000000483e-01
2.884846454051958972e+03,6.650000000000000355e-01
2.886165141527724700e+03,6.650000000000000355e-01
2.887483829003490428e+03,6.690000000000000391e-01
2.888802516479256155e+03,6.750000000000000444e-01
2.890121203955021883e+03,6.808999999999999497e-01
2.891439891430787611e+03,6.868999999999999551e-01
2.892758578906553339e+03,7.003000000000000336e-01
2.894077266382319067e+03,7.177000000000000046e-01
2.895395953858084795e+03,7.331999999999999629e-01
2.896714641333850523e+03,7.477000000000000313e-01
2.898033328809616251e+03,7.554999999999999494e-01
2.899352016285381978e+03,7.596000000000000529e-01
2.900670703761148616e+03,7.603999999999999648e-01
2.901989391236914344e+03,7.593999999999999639e-01
2.903308078712680071e+03,7.577000000000000401e-01
2.904626766188445799e+03,7.557000000000000384e-01
2.905945453664211527e+03,7.528000000000000247e-01
2.907264141139977255e+03,7.492999999999999661e-01
2.908582828615742983e+03,7.460999999999999854e-01
2.909901516091508711e+03,7.431999999999999718e-01
2.911220203567274439e+03,7.413999999999999480e-01
2.912538891043040167e+03,7.403999999999999471e-01
2.913857578518805894e+03,7.388000000000000123e-01
2.915176265994571622e+03,7.368000000000000105e-01
2.916494953470337350e+03,7.336000000000000298e-01
2.917813640946103988e+03,7.297000000000000153e-01
2.919132328421869715e+03,7.227999999999999980e-01
2.920451015897635443e+03,7.137999999999999901e-01
2.921769703373401171e+03,7.056999999999999940e-01
2.923088390849166899e+03,6.983000000000000318e-01
2.924407078324932627e+03,6.944000000000000172e-01
2.925725765800698355e+03,6.934000000000000163e-01
2.927044453276464083e+03,6.889999999999999458e-01
2.928363140752229810e+03,6.820000000000000506e-01
2.929681828227995538e+03,6.739000000000000545e-01
2.931000515703761266e+03,6.649000000000000465e-01
2.932319203179526994e+03,6.551000000000000156e-01
2.933637890655293631e+03,6.447000000000000508e-01
2.934956578131059359e+03,6.350999999999999979e-01
2.936275265606825087e+03,6.260999999999999899e-01
2.937593953082590815e+03,6.141999999999999682e-01
2.938912640558356543e+03,5.997999999999999998e-01
2.940231328034122271e+03,5.877000000000000002e-01
2.941550015509887999e+03,5.777999999999999803e-01
2.942868702985653727e+03,5.704000000000000181e-01
2.944187390461419454e+03,5.654000000000000137e-01
2.945506077937185182e+03,5.586999999999999744e-01
2.946824765412950910e+03,5.502000000000000224e-01
2.948143452888716638e+03,5.384999999999999787e-01
2.949462140364482366e+03,5.235999999999999543e-01
2.950780827840249003e+03,5.154999999999999583e-01
2.952099515316014731e+03,5.144999999999999574e-01
2.953418202791780459e+03,5.130000000000000115e-01
2.954736890267546187e+03,5.110000000000000098e-01
2.956055577743311915e+03,5.090000000000000080e-01
2.957374265219077643e+03,5.070000000000000062e-01
2.958692952694843370e+03,5.022999999999999687e-01
2.960011640170609098e+03,4.949000000000000066e-01
2.961330327646374826e+03,4.852000000000000202e-01
2.962649015122140554e+03,4.732999999999999985e-01
2.963967702597906282e+03,4.625000000000000222e-01
2.965286390073672010e+03,4.531000000000000028e-01
2.966605077549438647e+03,4.383000000000000229e-01
2.967923765025204375e+03,4.173999999999999932e-01
2.969242452500970103e+03,3.950000000000000178e-01
2.970561139976735831e+03,3.705999999999999850e-01
2.971879827452501559e+03,3.557000000000000162e-01
2.973198514928267286e+03,3.527000000000000135e-01
2.974517202404033014e+03,3.509999999999999787e-01
2.975835889879798742e+03,3.509999999999999787e-01
2.977154577355564470e+03,3.590999999999999748e-01
2.978473264831330198e+03,3.783000000000000251e-01
2.979791952307095926e+03,3.997999999999999887e-01
2.981110639782861654e+03,4.242000000000000215e-01
2.982429327258627382e+03,4.464000000000000190e-01
2.983748014734394019e+03,4.657999999999999918e-01
2.985066702210159747e+03,4.877000000000000224e-01
2.986385389685925475e+03,5.131000000000000005e-01
2.987704077161691202e+03,5.476999999999999647e-01
2.989022764637456930e+03,5.955000000000000293e-01
2.990341452113222658e+03,6.424999999999999600e-01
2.991660139588988386e+03,6.882000000000000339e-01
2.992978827064754114e+03,7.223000000000000531e-01
2.994297514540519842e+03,7.381999999999999673e-01
2.995616202016285570e+03,7.534999999999999476e-01
2.996934889492051298e+03,7.680000000000000160e-01
2.998253576967817025e+03,7.868000000000000549e-01
2.999572264443583663e+03,8.132000000000000339e-01
3.000890951919349391e+03,8.359999999999999654e-01
3.002209639395115119e+03,8.524000000000000465e-01
3.003528326870880846e+03,8.659000000000000030e-01
3.004847014346646574e+03,8.739000000000000101e-01
3.006165701822412302e+03,8.800999999999999934e-01
3.007484389298178030e+03,8.830999999999999961e-01
3.008803076773943758e+03,8.863999999999999657e-01
3.010121764249709486e+03,8.903999999999999693e-01
3.011440451725475214e+03,8.937000000000000499e-01
3.012759139201240941e+03,8.957000000000000517e-01
3.014077826677006669e+03,8.979000000000000314e-01
3.015396514152772397e+03,9.002999999999999892e-01
3.016715201628539035e+03,9.020000000000000240e-01
3.018033889104304762e+03,9.020000000000000240e-01
3.019352576580070490e+03,9.022999999999999909e-01
3.020671264055836218e+03,9.032999999999999918e-01
3.021989951531601946e+03,9.042999999999999927e-01
3.023308639007367674e+03,9.052999999999999936e-01
3.024627326483133402e+03,9.060000000000000275e-01
3.025946013958899130e+03,9.060000000000000275e-01
3.027264701434664858e+03,9.060000000000000275e-01
3.028583388910430585e+03,9.060000000000000275e-01
3.029902076386196313e+03,9.060000000000000275e-01
3.031220763861962041e+03,9.060000000000000275e-01
3.032539451337728678e+03,9.060000000000000275e-01
3.033858138813494406e+03,9.060000000000000275e-01
3.035176826289260134e+03,9.060000000000000275e-01
3.036495513765025862e+03,9.060000000000000275e-01
3.037814201240791590e+03,9.062999999999999945e-01
3.039132888716557318e+03,9.072999999999999954e-01
3.040451576192323046e+03,9.080000000000000293e-01
3.041770263668088774e+03,9.080000000000000293e-01
3.043088951143854501e+03,9.080000000000000293e-01
3.044407638619620229e+03,9.080000000000000293e-01
3.045726326095385957e+03,9.080000000000000293e-01
3.047045013571151685e+03,9.080000000000000293e-01
3.048363701046918322e+03,9.086999999999999522e-01
3.049682388522684050e+03,9.116999999999999549e-01
3.051001075998449778e+03,9.140000000000000346e-01
3.052319763474215506e+03,9.140000000000000346e-01
3.053638450949981234e+03,9.142000000000000126e-01
3.054957138425746962e+03,9.152000000000000135e-01
3.056275825901512690e+03,9.160000000000000364e-01
3.057594513377278417e+03,9.160000000000000364e-01
3.058913200853044145e+03,9.162000000000000144e-01
3.060231888328809873e+03,9.172000000000000153e-01
3.061550575804575601e+03,9.182000000000000162e-01
3.062869263280341329e+03,9.192000000000000171e-01
3.064187950756107057e+03,9.203999999999999959e-01
3.065506638231873694e+03,9.223999999999999977e-01
3.066825325707639422e+03,9.243999999999999995e-01
3.068144013183405150e+03,9.264000000000000012e-01
3.069462700659170878e+03,9.282000000000000250e-01
3.070781388134936606e+03,9.292000000000000259e-01
3.072100075610702334e+03,9.300000000000000488e-01
3.073418763086468061e+03,9.300000000000000488e-01
3.074737450562233789e+03,9.302000000000000268e-01
3.076056138037999517e+03,9.312000000000000277e-01
3.077374825513765245e+03,9.322000000000000286e-01
3.078693512989530973e+03,9.332000000000000295e-01
3.080012200465296701e+03,9.340000000000000524e-01
3.081330887941063338e+03,9.340000000000000524e-01
3.082649575416829066e+03,9.341000000000000414e-01
3.083968262892594794e+03,9.352000000000000313e-01
3.085286950368360522e+03,9.360000000000000542e-01
3.086605637844126250e+03,9.360000000000000542e-01
3.087924325319891977e+03,9.360000000000000542e-01
3.089243012795657705e+03,9.360000000000000542e-01
3.090561700271423433e+03,9.361000000000000432e-01
3.091880387747189161e+03,9.371000000000000441e-01
3.093199075222954889e+03,9.379999999999999449e-01
3.094517762698720617e+03,9.379999999999999449e-01
3.095836450174486345e+03,9.379999999999999449e-01
3.097155137650252072e+03,9.379999999999999449e-01
3.098473825126018710e+03,9.381000000000000449e-01
3.099792512601784438e+03,9.391000000000000458e-01
3.101111200077550166e+03,9.399999999999999467e-01
3.102429887553315893e+03,9.399999999999999467e-01
3.103748575029081621e+03,9.399999999999999467e-01
3.105067262504847349e+03,9.399999999999999467e-01
3.106385949980613077e+03,9.399999999999999467e-01
3.107704637456378805e+03,9.399999999999999467e-01
3.109023324932144533e+03,9.399999999999999467e-01
3.110342012407910261e+03,9.399999999999999467e-01
3.111660699883675989e+03,9.399999999999999467e-01
3.112979387359441716e+03,9.399999999999999467e-01
3.114298074835208354e+03,9.399999999999999467e-01
3.115616762310974082e+03,9.399999999999999467e-01
3.116935449786739809e+03,9.399999999999999467e-01
3.118254137262505537e+03,9.399999999999999467e-01
3.119572824738271265e+03,9.401000000000000467e-01
3.120891512214036993e+03,9.411000000000000476e-01
3.122210199689802721e+03,9.419999999999999485e-01
3.123528887165568449e+03,9.419999999999999485e-01
3.124847574641334177e+03,9.419999999999999485e-01
3.126166262117099905e+03,9.419999999999999485e-01
3.127484949592865632e+03,9.419999999999999485e-01
3.128803637068631360e+03,9.419999999999999485e-01
3.130122324544397088e+03,9.419999999999999485e-01
3.131441012020163726e+03,9.419999999999999485e-01
3.132759699495929453e+03,9.419999999999999485e-01
3.134078386971695181e+03,9.419999999999999485e-01
3.135397074447460909e+03,9.419999999999999485e-01
3.136715761923226637e+03,9.429999999999999494e-01
3.138034449398992365e+03,9.439999999999999503e-01
3.139353136874758093e+03,9.439999999999999503e-01
3.140671824350523821e+03,9.439999999999999503e-01
3.141990511826289548e+03,9.439999999999999503e-01
3.143309199302055276e+03,9.439999999999999503e-01
3.144627886777821004e+03,9.439999999999999503e-01
3.145946574253586732e+03,9.439999999999999503e-01
3.147265261729353369e+03,9.439999999999999503e-01
3.148583949205119097e+03,9.439999999999999503e-01
3.149902636680884825e+03,9.429999999999999494e-01
3.151221324156650553e+03,9.419999999999999485e-01
3.152540011632416281e+03,9.429999999999999494e-01
3.153858699108182009e+03,9.439999999999999503e-01
3.155177386583947737e+03,9.439999999999999503e-01
3.156496074059713465e+03,9.439999999999999503e-01
3.157814761535479192e+03,9.439999999999999503e-01
3.159133449011244920e+03,9.439999999999999503e-01
3.160452136487010648e+03,9.439999999999999503e-01
3.161770823962776376e+03,9.439999999999999503e-01
3.163089511438542104e+03,9.439999999999999503e-01
3.164408198914308741e+03,9.439999999999999503e-01
3.165726886390074469e+03,9.439999999999999503e-01
3.167045573865840197e+03,9.439999999999999503e-01
3.168364261341605925e+03,9.439999999999999503e-01
3.169682948817371653e+03,9.439999999999999503e-01
3.171001636293137381e+03,9.439999999999999503e-01
3.172320323768903108e+03,9.439999999999999503e-01
3.173639011244668836e+03,9.439999999999999503e-01
3.174957698720434564e+03,9.439999999999999503e-01
3.176276386196200292e+03,9.439999999999999503e-01
3.177595073671966020e+03,9.439999999999999503e-01
3.178913761147731748e+03,9.439999999999999503e-01
3.180232448623498385e+03,9.439999999999999503e-01
3.181551136099264113e+03,9.439999999999999503e-01
3.182869823575029841e+03,9.439999999999999503e-01
3.184188511050795569e+03,9.448999999999999622e-01
3.185507198526561297e+03,9.458999999999999631e-01
3.186825886002327024e+03,9.459999999999999520e-01
3.188144573478092752e+03,9.459999999999999520e-01
3.189463260953858480e+03,9.459999999999999520e-01
3.190781948429624208e+03,9.459999999999999520e-01
3.192100635905389936e+03,9.459999999999999520e-01
3.193419323381155664e+03,9.459999999999999520e-01
3.194738010856921392e+03,9.459999999999999520e-01
3.196056698332687120e+03,9.459999999999999520e-01
3.197375385808453757e+03,9.459999999999999520e-01
3.198694073284219485e+03,9.459999999999999520e-01
3.200012760759985213e+03,9.459999999999999520e-01
3.201331448235750941e+03,9.459999999999999520e-01
3.202650135711516668e+03,9.459999999999999520e-01
3.203968823187282396e+03,9.459999999999999520e-01
3.205287510663048124e+03,9.459999999999999520e-01
3.206606198138813852e+03,9.459999999999999520e-01
3.207924885614579580e+03,9.459999999999999520e-01
3.209243573090345308e+03,9.459999999999999520e-01
3.210562260566111036e+03,9.459999999999999520e-01
3.211880948041876763e+03,9.459999999999999520e-01
3.213199635517643401e+03,9.459999999999999520e-01
3.214518322993409129e+03,9.459999999999999520e-01
3.215837010469174857e+03,9.459999999999999520e-01
3.217155697944940584e+03,9.459999999999999520e-01
3.218474385420706312e+03,9.459999999999999520e-01
3.219793072896472040e+03,9.459999999999999520e-01
3.221111760372237768e+03,9.459999999999999520e-01
3.222430447848003496e+03,9.459999999999999520e-01
3.223749135323769224e+03,9.459999999999999520e-01
3.225067822799534952e+03,9.459999999999999520e-01
3.226386510275300679e+03,9.459999999999999520e-01
3.227705197751066407e+03,9.459999999999999520e-01
3.229023885226833045e+03,9.459999999999999520e-01
3.230342572702598773e+03,9.459999999999999520e-01
3.231661260178364500e+03,9.467999999999999750e-01
3.232979947654130228e+03,9.477999999999999758e-01
3.234298635129895956e+03,9.479999999999999538e-01
3.235617322605661684e+03,9.479999999999999538e-01
3.236936010081427412e+03,9.473000000000000309e-01
3.238254697557193140e+03,9.463000000000000300e-01
3.239573385032958868e+03,9.459999999999999520e-01
3.240892072508724596e+03,9.459999999999999520e-01
3.242210759984490323e+03,9.459999999999999520e-01
3.243529447460256051e+03,9.459999999999999520e-01
3.244848134936021779e+03,9.459999999999999520e-01
3.246166822411788417e+03,9.459999999999999520e-01
3.247485509887554144e+03,9.466999999999999860e-01
3.248804197363319872e+03,9.476999999999999869e-01
3.250122884839085600e+03,9.479999999999999538e-01
3.251441572314851328e+03,9.479999999999999538e-01
3.252760259790617056e+03,9.479999999999999538e-01
3.254078947266382784e+03,9.479999999999999538e-01
3.255397634742148512e+03,9.479999999999999538e-01
3.256716322217914239e+03,9.479999999999999538e-01
3.258035009693679967e+03,9.479999999999999538e-01
3.259353697169445695e+03,9.479999999999999538e-01
3.260672384645211423e+03,9.479999999999999538e-01
3.261991072120978060e+03,9.479999999999999538e-01
3.263309759596743788e+03,9.479999999999999538e-01
3.264628447072509516e+03,9.479999999999999538e-01
3.265947134548275244e+03,9.489999999999999547e-01
3.267265822024040972e+03,9.505000000000000115e-01
3.268584509499806700e+03,9.509999999999999565e-01
3.269903196975572428e+03,9.509999999999999565e-01
3.271221884451338155e+03,9.509999999999999565e-01
3.272540571927103883e+03,9.509999999999999565e-01
3.273859259402869611e+03,9.509999999999999565e-01
3.275177946878635339e+03,9.509999999999999565e-01
3.276496634354401067e+03,9.509999999999999565e-01
3.277815321830166795e+03,9.509999999999999565e-01
3.279134009305933432e+03,9.509999999999999565e-01
3.280452696781699160e+03,9.509999999999999565e-01
3.281771384257464888e+03,9.499999999999999556e-01
3.283090071733230616e+03,9.485999999999999988e-01
3.284408759208996344e+03,9.488999999999999657e-01
3.285727446684762072e+03,9.504000000000000226e-01
3.287046134160527799e+03,9.509999999999999565e-01
3.288364821636293527e+03,9.509999999999999565e-01
3.289683509112059255e+03,9.516000000000000014e-01
3.291002196587824983e+03,9.526000000000000023e-01
3.292320884063590711e+03,9.529999999999999583e-01
3.293639571539356439e+03,9.529999999999999583e-01
3.294958259015123076e+03,9.529999999999999583e-01
3.296276946490888804e+03,9.529999999999999583e-01
3.297595633966654532e+03,9.536000000000000032e-01
3.298914321442420260e+03,9.546000000000000041e-01
3.300233008918185988e+03,9.549999999999999600e-01
3.301551696393951715e+03,9.549999999999999600e-01
3.302870383869717443e+03,9.549999999999999600e-01
3.304189071345483171e+03,9.549999999999999600e-01
3.305507758821248899e+03,9.544000000000000261e-01
3.306826446297014627e+03,9.534000000000000252e-01
3.308145133772780355e+03,9.529999999999999583e-01
3.309463821248546083e+03,9.529999999999999583e-01
3.310782508724311811e+03,9.529999999999999583e-01
3.312101196200078448e+03,9.529999999999999583e-01
3.313419883675844176e+03,9.529999999999999583e-01
3.314738571151609904e+03,9.529999999999999583e-01
3.316057258627375631e+03,9.529999999999999583e-01
3.317375946103141359e+03,9.529999999999999583e-01
3.318694633578907087e+03,9.529999999999999583e-01
3.320013321054672815e+03,9.529999999999999583e-01
3.321332008530438543e+03,9.529999999999999583e-01
3.322650696006204271e+03,9.529999999999999583e-01
3.323969383481969999e+03,9.525000000000000133e-01
3.325288070957735727e+03,9.515000000000000124e-01
3.326606758433501454e+03,9.502000000000000446e-01
3.327925445909268092e+03,9.486999999999999877e-01
3.329244133385033820e+03,9.479999999999999538e-01
3.330562820860799548e+03,9.479999999999999538e-01
3.331881508336565275e+03,9.479999999999999538e-01
3.333200195812331003e+03,9.479999999999999538e-01
3.334518883288096731e+03,9.479999999999999538e-01
3.335837570763862459e+03,9.479999999999999538e-01
3.337156258239628187e+03,9.479999999999999538e-01
3.338474945715393915e+03,9.479999999999999538e-01
3.339793633191159643e+03,9.479999999999999538e-01
3.341112320666925370e+03,9.479999999999999538e-01
3.342431008142691098e+03,9.486999999999999877e-01
3.343749695618456826e+03,9.502000000000000446e-01
3.345068383094223464e+03,9.509999999999999565e-01
3.346387070569989191e+03,9.509999999999999565e-01
3.347705758045754919e+03,9.509999999999999565e-01
3.349024445521520647e+03,9.509999999999999565e-01
3.350343132997286375e+03,9.509999999999999565e-01
3.351661820473052103e+03,9.509999999999999565e-01
3.352980507948817831e+03,9.509999999999999565e-01
3.354299195424583559e+03,9.509999999999999565e-01
3.355617882900349287e+03,9.509999999999999565e-01
3.356936570376115014e+03,9.509999999999999565e-01
3.358255257851880742e+03,9.509999999999999565e-01
3.359573945327646470e+03,9.509999999999999565e-01
3.360892632803413107e+03,9.509999999999999565e-01
3.362211320279178835e+03,9.509999999999999565e-01
3.363530007754944563e+03,9.509999999999999565e-01
3.364848695230710291e+03,9.509999999999999565e-01
3.366167382706476019e+03,9.509999999999999565e-01
3.367486070182241747e+03,9.509999999999999565e-01
3.368804757658007475e+03,9.509999999999999565e-01
3.370123445133773203e+03,9.509999999999999565e-01
3.371442132609538930e+03,9.509999999999999565e-01
3.372760820085304658e+03,9.509999999999999565e-01
3.374079507561070386e+03,9.509999999999999565e-01
3.375398195036836114e+03,9.509999999999999565e-01
3.376716882512602751e+03,9.509999999999999565e-01
3.378035569988368479e+03,9.509999999999999565e-01
3.379354257464134207e+03,9.509999999999999565e-01
3.380672944939899935e+03,9.509999999999999565e-01
3.381991632415665663e+03,9.509999999999999565e-01
3.383310319891431391e+03,9.509999999999999565e-01
3.384629007367197119e+03,9.509999999999999565e-01
3.385947694842962846e+03,9.509999999999999565e-01
3.387266382318728574e+03,9.509999999999999565e-01
3.388585069794494302e+03,9.509999999999999565e-01
3.389903757270260030e+03,9.514000000000000234e-01
3.391222444746025758e+03,9.523000000000000353e-01
3.392541132221791486e+03,9.533000000000000362e-01
3.393859819697558123e+03,9.543000000000000371e-01
3.395178507173323851e+03,9.549999999999999600e-01
3.396497194649089579e+03,9.549999999999999600e-01
3.397815882124855307e+03,9.549999999999999600e-01
3.399134569600621035e+03,9.549999999999999600e-01
3.400453257076386762e+03,9.549999999999999600e-01
3.401771944552152490e+03,9.549999999999999600e-01
3.403090632027918218e+03,9.549999999999999600e-01
3.404409319503683946e+03,9.549999999999999600e-01
3.405728006979449674e+03,9.549999999999999600e-01
3.407046694455215402e+03,9.549999999999999600e-01
3.408365381930981130e+03,9.549999999999999600e-01
3.409684069406747767e+03,9.549999999999999600e-01
3.411002756882513495e+03,9.549999999999999600e-01
3.412321444358279223e+03,9.549999999999999600e-01
3.413640131834044951e+03,9.549999999999999600e-01
3.414958819309810679e+03,9.549999999999999600e-01
3.416277506785576406e+03,9.553000000000000380e-01
3.417596194261342134e+03,9.563000000000000389e-01
3.418914881737107862e+03,9.569999999999999618e-01
3.420233569212873590e+03,9.569999999999999618e-01
3.421552256688639318e+03,9.565000000000000169e-01
3.422870944164405046e+03,9.545000000000000151e-01
3.424189631640170774e+03,9.529999999999999583e-01
3.425508319115936501e+03,9.529999999999999583e-01
3.426827006591703139e+03,9.529999999999999583e-01
3.428145694067468867e+03,9.529999999999999583e-01
3.429464381543234595e+03,9.529999999999999583e-01
3.430783069019000322e+03,9.529999999999999583e-01
3.432101756494766050e+03,9.529999999999999583e-01
3.433420443970531778e+03,9.529999999999999583e-01
3.434739131446297506e+03,9.527999999999999803e-01
3.436057818922063234e+03,9.517999999999999794e-01
3.437376506397828962e+03,9.509999999999999565e-01
3.438695193873594690e+03,9.509999999999999565e-01
3.440013881349360418e+03,9.509999999999999565e-01
3.441332568825126145e+03,9.509999999999999565e-01
3.442651256300892783e+03,9.509999999999999565e-01
3.443969943776658511e+03,9.509999999999999565e-01
3.445288631252424238e+03,9.509999999999999565e-01
3.446607318728189966e+03,9.509999999999999565e-01
3.447926006203955694e+03,9.509999999999999565e-01
3.449244693679721422e+03,9.509999999999999565e-01
3.450563381155487150e+03,9.509999999999999565e-01
3.451882068631252878e+03,9.509999999999999565e-01
3.453200756107018606e+03,9.509999999999999565e-01
3.454519443582784334e+03,9.509999999999999565e-01
3.455838131058550061e+03,9.509999999999999565e-01
3.457156818534315789e+03,9.509999999999999565e-01
3.458475506010081517e+03,9.509999999999999565e-01
3.459794193485848155e+03,9.509999999999999565e-01
3.461112880961613882e+03,9.509999999999999565e-01
3.462431568437379610e+03,9.509999999999999565e-01
3.463750255913145338e+03,9.507999999999999785e-01
3.465068943388911066e+03,9.493000000000000327e-01
3.466387630864676794e+03,9.479999999999999538e-01
3.467706318340442522e+03,9.479999999999999538e-01
3.469025005816208250e+03,9.479999999999999538e-01
3.470343693291973977e+03,9.479999999999999538e-01
3.471662380767739705e+03,9.479999999999999538e-01
3.472981068243505433e+03,9.479999999999999538e-01
3.474299755719271161e+03,9.479999999999999538e-01
3.475618443195037798e+03,9.479999999999999538e-01
3.476937130670803526e+03,9.478999999999999648e-01
3.478255818146569254e+03,9.468999999999999639e-01
3.479574505622334982e+03,9.459999999999999520e-01
3.480893193098100710e+03,9.459999999999999520e-01
3.482211880573866438e+03,9.459999999999999520e-01
3.483530568049632166e+03,9.459999999999999520e-01
3.484849255525397894e+03,9.458999999999999631e-01
3.486167943001163621e+03,9.448999999999999622e-01
3.487486630476929349e+03,9.438999999999999613e-01
3.488805317952695077e+03,9.428999999999999604e-01
3.490124005428460805e+03,9.419999999999999485e-01
3.491442692904226533e+03,9.419999999999999485e-01
3.492761380379993170e+03,9.418999999999999595e-01
3.494080067855758898e+03,9.408999999999999586e-01
3.495398755331524626e+03,9.399999999999999467e-01
3.496717442807290354e+03,9.399999999999999467e-01
3.498036130283056082e+03,9.398999999999999577e-01
3.499354817758821810e+03,9.388999999999999568e-01
3.500673505234587537e+03,9.378999999999999559e-01
3.501992192710353265e+03,9.368999999999999551e-01
3.503310880186118993e+03,9.360000000000000542e-01
3.504629567661884721e+03,9.360000000000000542e-01
3.505948255137650449e+03,9.360000000000000542e-01
3.507266942613416177e+03,9.360000000000000542e-01
3.508585630089182814e+03,9.360000000000000542e-01
3.509904317564948542e+03,9.360000000000000542e-01
3.511223005040714270e+03,9.361000000000000432e-01
3.512541692516479998e+03,9.381000000000000449e-01
3.513860379992245726e+03,9.399999999999999467e-01
3.515179067468011453e+03,9.399999999999999467e-01
3.516497754943777181e+03,9.401000000000000467e-01
3.517816442419542909e+03,9.419999999999999485e-01
3.519135129895308637e+03,9.439999999999999503e-01
3.520453817371074365e+03,9.459999999999999520e-01
3.521772504846840093e+03,9.479999999999999538e-01
3.523091192322605821e+03,9.479999999999999538e-01
3.524409879798371549e+03,9.479999999999999538e-01
3.525728567274138186e+03,9.479999999999999538e-01
3.527047254749903914e+03,9.479999999999999538e-01
3.528365942225669642e+03,9.479999999999999538e-01
3.529684629701435369e+03,9.479999999999999538e-01
3.531003317177201097e+03,9.495000000000000107e-01
3.532322004652966825e+03,9.509999999999999565e-01
3.533640692128732553e+03,9.509999999999999565e-01
3.534959379604498281e+03,9.509999999999999565e-01
3.536278067080264009e+03,9.509999999999999565e-01
3.537596754556029737e+03,9.509999999999999565e-01
3.538915442031795465e+03,9.509999999999999565e-01
3.540234129507561192e+03,9.509999999999999565e-01
3.541552816983327830e+03,9.509999999999999565e-01
3.542871504459093558e+03,9.509999999999999565e-01
3.544190191934859286e+03,9.509999999999999565e-01
3.545508879410625013e+03,9.509999999999999565e-01
3.546827566886390741e+03,9.509999999999999565e-01
3.548146254362156469e+03,9.509999999999999565e-01
3.549464941837922197e+03,9.509999999999999565e-01
3.550783629313687925e+03,9.509999999999999565e-01
3.552102316789453653e+03,9.509999999999999565e-01
3.553421004265219381e+03,9.509999999999999565e-01
3.554739691740985108e+03,9.509999999999999565e-01
3.556058379216750836e+03,9.509999999999999565e-01
3.557377066692517474e+03,9.509999999999999565e-01
3.558695754168283202e+03,9.509999999999999565e-01
3.560014441644048929e+03,9.509999999999999565e-01
3.561333129119814657e+03,9.509999999999999565e-01
3.562651816595580385e+03,9.509999999999999565e-01
3.563970504071346113e+03,9.509999999999999565e-01
3.565289191547111841e+03,9.518999999999999684e-01
3.566607879022877569e+03,9.528999999999999693e-01
3.567926566498643297e+03,9.529999999999999583e-01
3.569245253974409025e+03,9.529999999999999583e-01
3.570563941450174752e+03,9.529999999999999583e-01
3.571882628925940480e+03,9.529999999999999583e-01
3.573201316401706208e+03,9.529999999999999583e-01
3.574520003877472845e+03,9.529999999999999583e-01
3.575838691353238573e+03,9.520999999999999464e-01
3.577157378829004301e+03,9.510999999999999455e-01
3.578476066304770029e+03,9.496999999999999886e-01
3.579794753780535757e+03,9.482000000000000428e-01
3.581113441256301485e+03,9.479999999999999538e-01
3.582432128732067213e+03,9.479999999999999538e-01
3.583750816207832941e+03,9.479999999999999538e-01
3.585069503683598668e+03,9.479999999999999538e-01
3.586388191159364396e+03,9.493000000000000327e-01
3.587706878635130124e+03,9.507999999999999785e-01
3.589025566110895852e+03,9.517999999999999794e-01
3.590344253586662489e+03,9.527999999999999803e-01
3.591662941062428217e+03,9.529999999999999583e-01
3.592981628538193945e+03,9.529999999999999583e-01
3.594300316013959673e+03,9.537999999999999812e-01
3.595619003489725401e+03,9.547999999999999821e-01
3.596937690965491129e+03,9.549999999999999600e-01
3.598256378441256857e+03,9.549999999999999600e-01
3.599575065917022584e+03,9.549999999999999600e-01
3.600893753392788312e+03,9.549999999999999600e-01
3.602212440868554040e+03,9.549999999999999600e-01
3.603531128344319768e+03,9.549999999999999600e-01
3.604849815820085496e+03,9.542000000000000481e-01
3.606168503295851224e+03,9.532000000000000473e-01
3.607487190771617861e+03,9.522000000000000464e-01
3.608805878247383589e+03,9.512000000000000455e-01
3.610124565723149317e+03,9.509999999999999565e-01
3.611443253198915045e+03,9.509999999999999565e-01
3.612761940674680773e+03,9.497999999999999776e-01
3.614080628150446501e+03,9.483000000000000318e-01
3.615399315626212228e+03,9.479999999999999538e-01
3.616718003101977956e+03,9.479999999999999538e-01
3.618036690577743684e+03,9.506999999999999895e-01
3.619355378053509412e+03,9.542000000000000481e-01
3.620674065529275140e+03,9.549999999999999600e-01
3.621992753005040868e+03,9.549999999999999600e-01
3.623311440480807505e+03,9.535000000000000142e-01
3.624630127956573233e+03,9.515000000000000124e-01
3.625948815432338961e+03,9.509999999999999565e-01
3.627267502908104689e+03,9.509999999999999565e-01
3.628586190383870417e+03,9.498999999999999666e-01
3.629904877859636144e+03,9.484000000000000208e-01
3.631223565335401872e+03,9.479999999999999538e-01
3.632542252811167600e+03,9.479999999999999538e-01
3.633860940286933328e+03,9.479999999999999538e-01
3.635179627762699056e+03,9.479999999999999538e-01
3.636498315238464784e+03,9.489999999999999547e-01
3.637817002714230512e+03,9.505000000000000115e-01
3.639135690189996239e+03,9.524000000000000243e-01
3.640454377665762877e+03,9.544000000000000261e-01
3.641773065141528605e+03,9.549999999999999600e-01
3.643091752617294333e+03,9.549999999999999600e-01
3.644410440093060060e+03,9.518999999999999684e-01
3.645729127568825788e+03,9.474000000000000199e-01
3.647047815044591516e+03,9.453000000000000291e-01
3.648366502520357244e+03,9.443000000000000282e-01
3.649685189996122972e+03,9.439999999999999503e-01
3.651003877471888700e+03,9.439999999999999503e-01
3.652322564947654428e+03,9.453000000000000291e-01
3.653641252423420156e+03,9.473000000000000309e-01
3.654959939899185883e+03,9.479999999999999538e-01
3.656278627374952521e+03,9.479999999999999538e-01
3.657597314850718249e+03,9.495999999999999996e-01
3.658916002326483977e+03,9.520999999999999464e-01
3.660234689802249704e+03,9.536000000000000032e-01
3.661553377278015432e+03,9.546000000000000041e-01
3.662872064753781160e+03,9.536999999999999922e-01
3.664190752229546888e+03,9.517999999999999794e-01
3.665509439705312616e+03,9.494000000000000217e-01
3.666828127181078344e+03,9.468999999999999639e-01
3.668146814656844072e+03,9.446999999999999842e-01
3.669465502132609799e+03,9.426999999999999824e-01
3.670784189608375527e+03,9.419999999999999485e-01
3.672102877084141255e+03,9.419999999999999485e-01
3.673421564559907893e+03,9.425999999999999934e-01
3.674740252035673620e+03,9.435999999999999943e-01
3.676058939511439348e+03,9.445999999999999952e-01
3.677377626987205076e+03,9.455999999999999961e-01
3.678696314462970804e+03,9.486999999999999877e-01
3.680015001938736532e+03,9.532000000000000473e-01
3.681333689414502260e+03,9.549999999999999600e-01
3.682652376890267988e+03,9.549999999999999600e-01
3.683971064366033715e+03,9.537999999999999812e-01
3.685289751841799443e+03,9.518999999999999684e-01
3.686608439317565171e+03,9.509999999999999565e-01
3.687927126793330899e+03,9.509999999999999565e-01
3.689245814269097536e+03,9.502000000000000446e-01
3.690564501744863264e+03,9.486999999999999877e-01
3.691883189220628992e+03,9.479999999999999538e-01
3.693201876696394720e+03,9.479999999999999538e-01
3.694520564172160448e+03,9.479999999999999538e-01
3.695839251647926176e+03,9.479999999999999538e-01
3.697157939123691904e+03,9.494000000000000217e-01
3.698476626599457632e+03,9.518999999999999684e-01
3.699795314075223359e+03,9.536000000000000032e-01
3.701114001550989087e+03,9.545000000000000151e-01
3.702432689026754815e+03,9.545000000000000151e-01
3.703751376502520543e+03,9.535000000000000142e-01
3.705070063978287180e+03,9.516999999999999904e-01
3.706388751454052908e+03,9.492000000000000437e-01
3.707707438929818636e+03,9.475000000000000089e-01
3.709026126405584364e+03,9.465000000000000080e-01
3.710344813881350092e+03,9.459999999999999520e-01
3.711663501357115820e+03,9.459999999999999520e-01
3.712982188832881548e+03,9.465000000000000080e-01
3.714300876308647275e+03,9.475000000000000089e-01
3.715619563784413003e+03,9.486999999999999877e-01
3.716938251260178731e+03,9.502000000000000446e-01
3.718256938735944459e+03,9.509999999999999565e-01
3.719575626211710187e+03,9.509999999999999565e-01
3.720894313687475915e+03,9.509999999999999565e-01
3.722213001163242552e+03,9.509999999999999565e-01
3.723531688639008280e+03,9.509999999999999565e-01
3.724850376114774008e+03,9.509999999999999565e-01
3.726169063590539736e+03,9.497999999999999776e-01
3.727487751066305464e+03,9.473000000000000309e-01
3.728806438542071191e+03,9.455000000000000071e-01
3.730125126017836919e+03,9.445000000000000062e-01
3.731443813493602647e+03,9.439999999999999503e-01
3.732762500969368375e+03,9.439999999999999503e-01
3.734081188445134103e+03,9.439999999999999503e-01
3.735399875920899831e+03,9.439999999999999503e-01
3.736718563396665559e+03,9.435999999999999943e-01
3.738037250872432196e+03,9.425999999999999934e-01
3.739355938348197924e+03,9.424000000000000155e-01
3.740674625823963652e+03,9.434000000000000163e-01
3.741993313299729380e+03,9.439999999999999503e-01
3.743312000775495108e+03,9.439999999999999503e-01
3.744630688251260835e+03,9.444000000000000172e-01
3.745949375727026563e+03,9.454000000000000181e-01
3.747268063202792291e+03,9.459999999999999520e-01
3.748586750678558019e+03,9.459999999999999520e-01
3.749905438154323747e+03,9.459999999999999520e-01
3.751224125630089475e+03,9.459999999999999520e-01
3.752542813105855203e+03,9.464000000000000190e-01
3.753861500581620930e+03,9.474000000000000199e-01
3.755180188057387568e+03,9.479999999999999538e-01
3.756498875533153296e+03,9.479999999999999538e-01
3.757817563008919024e+03,9.479999999999999538e-01
3.759136250484684751e+03,9.479999999999999538e-01
3.760454937960450479e+03,9.485999999999999988e-01
3.761773625436216207e+03,9.500999999999999446e-01
3.763092312911981935e+03,9.509999999999999565e-01
3.764411000387747663e+03,9.509999999999999565e-01
3.765729687863513391e+03,9.509999999999999565e-01
3.767048375339279119e+03,9.509999999999999565e-01
3.768367062815044847e+03,9.514000000000000234e-01
3.769685750290810574e+03,9.523000000000000353e-01
3.771004437766577212e+03,9.529999999999999583e-01
3.772323125242342940e+03,9.529999999999999583e-01
3.773641812718108667e+03,9.529999999999999583e-01
3.774960500193874395e+03,9.529999999999999583e-01
3.776279187669640123e+03,9.529999999999999583e-01
3.777597875145405851e+03,9.529999999999999583e-01
3.778916562621171579e+03,9.529999999999999583e-01
3.780235250096937307e+03,9.529999999999999583e-01
3.781553937572703035e+03,9.533000000000000362e-01
3.782872625048468763e+03,9.543000000000000371e-01
3.784191312524234490e+03,9.549999999999999600e-01
3.785510000000000218e+03,9.549999999999999600e-01
