5.993550000000000182e+02,7.409999999999999920e-01
6.001174649638336405e+02,7.409999999999999920e-01
6.008799299276672627e+02,7.409999999999999920e-01
6.016423948915008850e+02,7.409999999999999920e-01
6.024048598553345073e+02,7.409999999999999920e-01
6.031673248191682433e+02,7.409999999999999920e-01
6.039297897830018655e+02,7.409999999999999920e-01
6.046922547468354878e+02,7.409999999999999920e-01
6.054547197106691101e+02,7.409999999999999920e-01
6.062171846745027324e+02,7.409999999999999920e-01
6.069796496383363547e+02,7.409999999999999920e-01
6.077421146021699769e+02,7.409999999999999920e-01
6.085045795660035992e+02,7.429999999999999938e-01
6.092670445298372215e+02,7.429999999999999938e-01
6.100295094936709575e+02,7.429999999999999938e-01
6.107919744575045797e+02,7.429999999999999938e-01
6.115544394213382020e+02,7.429999999999999938e-01
6.123169043851718243e+02,7.439999999999999947e-01
6.130793693490054466e+02,7.439999999999999947e-01
6.138418343128390688e+02,7.439999999999999947e-01
6.146042992766726911e+02,7.439999999999999947e-01
6.153667642405063134e+02,7.439999999999999947e-01
6.161292292043399357e+02,7.459999999999999964e-01
6.168916941681736716e+02,7.459999999999999964e-01
6.176541591320072939e+02,7.469999999999999973e-01
6.184166240958409162e+02,7.459999999999999964e-01
6.191790890596745385e+02,7.459999999999999964e-01
6.199415540235081608e+02,7.469999999999999973e-01
6.207040189873417830e+02,7.489999999999999991e-01
6.214664839511754053e+02,7.489999999999999991e-01
6.222289489150090276e+02,7.500000000000000000e-01
6.229914138788426499e+02,7.500000000000000000e-01
6.237538788426763858e+02,7.520000000000000018e-01
6.245163438065100081e+02,7.520000000000000018e-01
6.252788087703436304e+02,7.530000000000000027e-01
6.260412737341772527e+02,7.530000000000000027e-01
6.268037386980108749e+02,7.550000000000000044e-01
6.275662036618444972e+02,7.550000000000000044e-01
6.283286686256781195e+02,7.550000000000000044e-01
6.290911335895117418e+02,7.560000000000000053e-01
6.298535985533453641e+02,7.580000000000000071e-01
6.306160635171791000e+02,7.580000000000000071e-01
6.313785284810127223e+02,7.600000000000000089e-01
6.321409934448463446e+02,7.610000000000000098e-01
6.329034584086799669e+02,7.610000000000000098e-01
6.336659233725135891e+02,7.630000000000000115e-01
6.344283883363472114e+02,7.630000000000000115e-01
6.351908533001808337e+02,7.640000000000000124e-01
6.359533182640144560e+02,7.640000000000000124e-01
6.367157832278480782e+02,7.660000000000000142e-01
6.374782481916818142e+02,7.660000000000000142e-01
6.382407131555154365e+02,7.660000000000000142e-01
6.390031781193490588e+02,7.670000000000000151e-01
6.397656430831826810e+02,7.690000000000000169e-01
6.405281080470163033e+02,7.690000000000000169e-01
6.412905730108499256e+02,7.700000000000000178e-01
6.420530379746835479e+02,7.720000000000000195e-01
6.428155029385171702e+02,7.720000000000000195e-01
6.435779679023507924e+02,7.730000000000000204e-01
6.443404328661844147e+02,7.730000000000000204e-01
6.451028978300181507e+02,7.730000000000000204e-01
6.458653627938517729e+02,7.730000000000000204e-01
6.466278277576853952e+02,7.750000000000000222e-01
6.473902927215190175e+02,7.750000000000000222e-01
6.481527576853526398e+02,7.750000000000000222e-01
6.489152226491862621e+02,7.750000000000000222e-01
6.496776876130198843e+02,7.750000000000000222e-01
6.504401525768535066e+02,7.750000000000000222e-01
6.512026175406871289e+02,7.750000000000000222e-01
6.519650825045208649e+02,7.760000000000000231e-01
6.527275474683544871e+02,7.760000000000000231e-01
6.534900124321881094e+02,7.750000000000000222e-01
6.542524773960217317e+02,7.750000000000000222e-01
6.550149423598553540e+02,7.750000000000000222e-01
6.557774073236889762e+02,7.750000000000000222e-01
6.565398722875225985e+02,7.750000000000000222e-01
6.573023372513562208e+02,7.750000000000000222e-01
6.580648022151898431e+02,7.750000000000000222e-01
6.588272671790234654e+02,7.730000000000000204e-01
6.595897321428572013e+02,7.730000000000000204e-01
6.603521971066908236e+02,7.730000000000000204e-01
6.611146620705244459e+02,7.730000000000000204e-01
6.618771270343580682e+02,7.720000000000000195e-01
6.626395919981916904e+02,7.720000000000000195e-01
6.634020569620253127e+02,7.720000000000000195e-01
6.641645219258589350e+02,7.720000000000000195e-01
6.649269868896925573e+02,7.700000000000000178e-01
6.656894518535261795e+02,7.700000000000000178e-01
6.664519168173599155e+02,7.700000000000000178e-01
6.672143817811935378e+02,7.690000000000000169e-01
6.679768467450271601e+02,7.690000000000000169e-01
6.687393117088607823e+02,7.670000000000000151e-01
6.695017766726944046e+02,7.670000000000000151e-01
6.702642416365280269e+02,7.660000000000000142e-01
6.710267066003616492e+02,7.640000000000000124e-01
6.717891715641952715e+02,7.640000000000000124e-01
6.725516365280288937e+02,7.630000000000000115e-01
6.733141014918626297e+02,7.610000000000000098e-01
6.740765664556962520e+02,7.600000000000000089e-01
6.748390314195298743e+02,7.580000000000000071e-01
6.756014963833634965e+02,7.560000000000000053e-01
6.763639613471971188e+02,7.550000000000000044e-01
6.771264263110307411e+02,7.550000000000000044e-01
6.778888912748643634e+02,7.530000000000000027e-01
6.786513562386979856e+02,7.520000000000000018e-01
6.794138212025316079e+02,7.500000000000000000e-01
6.801762861663653439e+02,7.500000000000000000e-01
6.809387511301989662e+02,7.489999999999999991e-01
6.817012160940325884e+02,7.469999999999999973e-01
6.824636810578662107e+02,7.459999999999999964e-01
6.832261460216998330e+02,7.439999999999999947e-01
6.839886109855334553e+02,7.429999999999999938e-01
6.847510759493670776e+02,7.409999999999999920e-01
6.855135409132006998e+02,7.399999999999999911e-01
6.862760058770343221e+02,7.359999999999999876e-01
6.870384708408680581e+02,7.349999999999999867e-01
6.878009358047016804e+02,7.319999999999999840e-01
6.885634007685353026e+02,7.289999999999999813e-01
6.893258657323689249e+02,7.259999999999999787e-01
6.900883306962025472e+02,7.239999999999999769e-01
6.908507956600361695e+02,7.179999999999999716e-01
6.916132606238697917e+02,7.149999999999999689e-01
6.923757255877034140e+02,7.119999999999999662e-01
6.931381905515370363e+02,7.089999999999999636e-01
6.939006555153707723e+02,7.059999999999999609e-01
6.946631204792043945e+02,7.009999999999999565e-01
6.954255854430380168e+02,6.979999999999999538e-01
6.961880504068716391e+02,6.949999999999999512e-01
6.969505153707052614e+02,6.899999999999999467e-01
6.977129803345388837e+02,6.870000000000000551e-01
6.984754452983725059e+02,6.830000000000000515e-01
6.992379102622061282e+02,6.800000000000000488e-01
7.000003752260397505e+02,6.720000000000000417e-01
7.007628401898734865e+02,6.660000000000000364e-01
7.015253051537071087e+02,6.560000000000000275e-01
7.022877701175407310e+02,6.490000000000000213e-01
7.030502350813743533e+02,6.380000000000000115e-01
7.038127000452079756e+02,6.290000000000000036e-01
7.045751650090415978e+02,6.100999999999999757e-01
7.053376299728752201e+02,5.890999999999999570e-01
7.061000949367088424e+02,5.729999999999999538e-01
7.068625599005424647e+02,5.320000000000000284e-01
7.076250248643762006e+02,5.120000000000000107e-01
7.083874898282098229e+02,4.959999999999999964e-01
7.091499547920434452e+02,4.759999999999999787e-01
7.099124197558770675e+02,4.561000000000000054e-01
7.106748847197106898e+02,4.380999999999999894e-01
7.114373496835443120e+02,4.210999999999999743e-01
7.121998146473779343e+02,4.041000000000000147e-01
7.129622796112115566e+02,3.840999999999999970e-01
7.137247445750451789e+02,3.529999999999999805e-01
7.144872095388789148e+02,3.519999999999999796e-01
7.152496745027125371e+02,3.519999999999999796e-01
7.160121394665461594e+02,3.559999999999999831e-01
7.167746044303797817e+02,3.599999999999999867e-01
7.175370693942134039e+02,3.609999999999999876e-01
7.182995343580470262e+02,3.669999999999999929e-01
7.190619993218806485e+02,3.699999999999999956e-01
7.198244642857142708e+02,3.760000000000000009e-01
7.205869292495478931e+02,4.148000000000000020e-01
7.213493942133816290e+02,4.550000000000000155e-01
7.221118591772152513e+02,5.090000000000000080e-01
7.228743241410488736e+02,5.290000000000000258e-01
7.236367891048824958e+02,5.500000000000000444e-01
7.243992540687161181e+02,5.719999999999999529e-01
7.251617190325497404e+02,5.839999999999999636e-01
7.259241839963833627e+02,6.129000000000000004e-01
7.266866489602169850e+02,6.667999999999999483e-01
7.274491139240506072e+02,6.750000000000000444e-01
7.282115788878843432e+02,6.780000000000000471e-01
7.289740438517178518e+02,6.810000000000000497e-01
7.297365088155515878e+02,6.810000000000000497e-01
7.304989737793852100e+02,6.830000000000000515e-01
7.312614387432188323e+02,6.810000000000000497e-01
7.320239037070524546e+02,6.810000000000000497e-01
7.327863686708860769e+02,6.780000000000000471e-01
7.335488336347196991e+02,6.760000000000000453e-01
7.343112985985533214e+02,6.730000000000000426e-01
7.350737635623870574e+02,6.690000000000000391e-01
7.358362285262205660e+02,6.640000000000000346e-01
7.365986934900543019e+02,6.600000000000000311e-01
7.373611584538879242e+02,6.550000000000000266e-01
7.381236234177215465e+02,6.490000000000000213e-01
7.388860883815551688e+02,6.440000000000000169e-01
7.396485533453887911e+02,6.380000000000000115e-01
7.404110183092224133e+02,6.320000000000000062e-01
7.411734832730560356e+02,6.209999999999999964e-01
7.419359482368897716e+02,6.099999999999999867e-01
7.426984132007232802e+02,6.009999999999999787e-01
7.434608781645570161e+02,5.889999999999999680e-01
7.442233431283906384e+02,5.799999999999999600e-01
7.449858080922242607e+02,5.610000000000000542e-01
7.457482730560578830e+02,5.470000000000000417e-01
7.465107380198915052e+02,5.330000000000000293e-01
7.472732029837251275e+02,5.320000000000000284e-01
7.480356679475587498e+02,5.300000000000000266e-01
7.487981329113924858e+02,5.320000000000000284e-01
7.495605978752259944e+02,5.330000000000000293e-01
7.503230628390597303e+02,5.380000000000000338e-01
7.510855278028933526e+02,5.430000000000000382e-01
7.518479927667269749e+02,5.470000000000000417e-01
7.526104577305605972e+02,5.659999999999999476e-01
7.533729226943942194e+02,5.809999999999999609e-01
7.541353876582278417e+02,6.009999999999999787e-01
7.548978526220614640e+02,6.329000000000000181e-01
7.556603175858952000e+02,6.500000000000000222e-01
7.564227825497287085e+02,6.580000000000000293e-01
7.571852475135624445e+02,6.660000000000000364e-01
7.579477124773960668e+02,6.690000000000000391e-01
7.587101774412296891e+02,6.720000000000000417e-01
7.594726424050633113e+02,6.730000000000000426e-01
7.602351073688969336e+02,6.760000000000000453e-01
7.609975723327305559e+02,6.760000000000000453e-01
7.617600372965641782e+02,6.760000000000000453e-01
7.625225022603979141e+02,6.760000000000000453e-01
7.632849672242314227e+02,6.760000000000000453e-01
7.640474321880651587e+02,6.750000000000000444e-01
7.648098971518987810e+02,6.730000000000000426e-01
7.655723621157324033e+02,6.730000000000000426e-01
7.663348270795660255e+02,6.720000000000000417e-01
7.670972920433996478e+02,6.690000000000000391e-01
7.678597570072332701e+02,6.670000000000000373e-01
7.686222219710668924e+02,6.630000000000000338e-01
7.693846869349006283e+02,6.600000000000000311e-01
7.701471518987341369e+02,6.550000000000000266e-01
7.709096168625678729e+02,6.490000000000000213e-01
7.716720818264014952e+02,6.440000000000000169e-01
7.724345467902351174e+02,6.350000000000000089e-01
7.731970117540687397e+02,6.260000000000000009e-01
7.739594767179023620e+02,6.149999999999999911e-01
7.747219416817359843e+02,5.999999999999999778e-01
7.754844066455696066e+02,5.759999999999999565e-01
7.762468716094033425e+02,5.240000000000000213e-01
7.770093365732368511e+02,4.899999999999999911e-01
7.777718015370705871e+02,4.640000000000000235e-01
7.785342665009042094e+02,4.329999999999999960e-01
7.792967314647378316e+02,4.061000000000000165e-01
7.800591964285714539e+02,3.432000000000000051e-01
7.808216613924050762e+02,3.150999999999999912e-01
7.815841263562386985e+02,2.901000000000000245e-01
7.823465913200723207e+02,2.549000000000000155e-01
7.831090562839059430e+02,1.749999999999999889e-01
7.838715212477395653e+02,1.690000000000000113e-01
7.846339862115733013e+02,1.610000000000000042e-01
7.853964511754069235e+02,1.580000000000000016e-01
7.861589161392405458e+02,1.580000000000000016e-01
7.869213811030741681e+02,1.559999999999999998e-01
7.876838460669077904e+02,1.559999999999999998e-01
7.884463110307414127e+02,1.580000000000000016e-01
7.892087759945750349e+02,1.580000000000000016e-01
7.899712409584086572e+02,1.660000000000000087e-01
7.907337059222422795e+02,1.749999999999999889e-01
7.914961708860760154e+02,1.839999999999999969e-01
7.922586358499096377e+02,1.920000000000000040e-01
7.930211008137432600e+02,2.010000000000000120e-01
7.937835657775768823e+02,2.069999999999999896e-01
7.945460307414105046e+02,2.210000000000000020e-01
7.953084957052441268e+02,2.429000000000000048e-01
7.960709606690777491e+02,2.659000000000000252e-01
7.968334256329113714e+02,2.978999999999999981e-01
7.975958905967449937e+02,3.260000000000000120e-01
7.983583555605787296e+02,3.439999999999999725e-01
7.991208205244123519e+02,3.609999999999999876e-01
7.998832854882459742e+02,3.780000000000000027e-01
8.006457504520795965e+02,4.060000000000000275e-01
8.014082154159132187e+02,4.319999999999999951e-01
8.021706803797468410e+02,4.638999999999999790e-01
8.029331453435804633e+02,4.868999999999999995e-01
8.036956103074140856e+02,5.089000000000000190e-01
8.044580752712477079e+02,5.359000000000000430e-01
8.052205402350814438e+02,5.490000000000000435e-01
8.059830051989150661e+02,5.600000000000000533e-01
8.067454701627486884e+02,5.869999999999999662e-01
8.075079351265823107e+02,6.149999999999999911e-01
8.082704000904159329e+02,6.290000000000000036e-01
8.090328650542495552e+02,6.490000000000000213e-01
8.097953300180831775e+02,6.798999999999999488e-01
8.105577949819167998e+02,6.870000000000000551e-01
8.113202599457504220e+02,6.929999999999999494e-01
8.120827249095841580e+02,7.009999999999999565e-01
8.128451898734176666e+02,7.039999999999999591e-01
8.136076548372514026e+02,7.099999999999999645e-01
8.143701198010850248e+02,7.129999999999999671e-01
8.151325847649186471e+02,7.159999999999999698e-01
8.158950497287522694e+02,7.199999999999999734e-01
8.166575146925858917e+02,7.259999999999999787e-01
8.174199796564195140e+02,7.289999999999999813e-01
8.181824446202531362e+02,7.329999999999999849e-01
8.189449095840868722e+02,7.349999999999999867e-01
8.197073745479203808e+02,7.349999999999999867e-01
8.204698395117541168e+02,7.359999999999999876e-01
8.212323044755877390e+02,7.379999999999999893e-01
8.219947694394213613e+02,7.399999999999999911e-01
8.227572344032549836e+02,7.399999999999999911e-01
8.235196993670886059e+02,7.399999999999999911e-01
8.242821643309222281e+02,7.409999999999999920e-01
8.250446292947558504e+02,7.409999999999999920e-01
8.258070942585895864e+02,7.409999999999999920e-01
8.265695592224230950e+02,7.409999999999999920e-01
8.273320241862568309e+02,7.409999999999999920e-01
8.280944891500904532e+02,7.409999999999999920e-01
8.288569541139240755e+02,7.409999999999999920e-01
8.296194190777576978e+02,7.399999999999999911e-01
8.303818840415913201e+02,7.399999999999999911e-01
8.311443490054249423e+02,7.399999999999999911e-01
8.319068139692585646e+02,7.399999999999999911e-01
8.326692789330923006e+02,7.399999999999999911e-01
8.334317438969258092e+02,7.399999999999999911e-01
8.341942088607595451e+02,7.379999999999999893e-01
8.349566738245931674e+02,7.379999999999999893e-01
8.357191387884267897e+02,7.359999999999999876e-01
8.364816037522604120e+02,7.349999999999999867e-01
8.372440687160940342e+02,7.349999999999999867e-01
8.380065336799276565e+02,7.329999999999999849e-01
8.387689986437612788e+02,7.319999999999999840e-01
8.395314636075950148e+02,7.299999999999999822e-01
8.402939285714285234e+02,7.289999999999999813e-01
8.410563935352622593e+02,7.269999999999999796e-01
8.418188584990958816e+02,7.239999999999999769e-01
8.425813234629295039e+02,7.229999999999999760e-01
8.433437884267631262e+02,7.179999999999999716e-01
8.441062533905967484e+02,7.159999999999999698e-01
8.448687183544303707e+02,7.129999999999999671e-01
8.456311833182639930e+02,7.099999999999999645e-01
8.463936482820977290e+02,7.089999999999999636e-01
8.471561132459312375e+02,7.089999999999999636e-01
8.479185782097649735e+02,7.059999999999999609e-01
8.486810431735985958e+02,7.029999999999999583e-01
8.494435081374322181e+02,6.999999999999999556e-01
8.502059731012658403e+02,6.979999999999999538e-01
8.509684380650994626e+02,6.929999999999999494e-01
8.517309030289330849e+02,6.919999999999999485e-01
8.524933679927667072e+02,6.899999999999999467e-01
8.532558329566004431e+02,6.860000000000000542e-01
8.540182979204339517e+02,6.830000000000000515e-01
8.547807628842676877e+02,6.760000000000000453e-01
8.555432278481013100e+02,6.720000000000000417e-01
8.563056928119349323e+02,6.670000000000000373e-01
8.570681577757685545e+02,6.610000000000000320e-01
8.578306227396021768e+02,6.560000000000000275e-01
8.585930877034357991e+02,6.500000000000000222e-01
8.593555526672694214e+02,6.400000000000000133e-01
8.601180176311031573e+02,6.350000000000000089e-01
8.608804825949366659e+02,6.270000000000000018e-01
8.616429475587704019e+02,6.209999999999999964e-01
8.624054125226039105e+02,6.179999999999999938e-01
8.631678774864376464e+02,6.099999999999999867e-01
8.639303424502712687e+02,6.059999999999999831e-01
8.646928074141048910e+02,5.979999999999999760e-01
8.654552723779385133e+02,5.889999999999999680e-01
8.662177373417721356e+02,5.799999999999999600e-01
8.669802023056058715e+02,5.689999999999999503e-01
8.677426672694393801e+02,5.580000000000000515e-01
8.685051322332731161e+02,5.520000000000000462e-01
8.692675971971066247e+02,5.380000000000000338e-01
8.700300621609403606e+02,5.270000000000000240e-01
8.707925271247739829e+02,5.180000000000000160e-01
8.715549920886076052e+02,5.100000000000000089e-01
8.723174570524412275e+02,5.030000000000000027e-01
8.730799220162748497e+02,4.979999999999999982e-01
8.738423869801085857e+02,4.889999999999999902e-01
8.746048519439420943e+02,4.799999999999999822e-01
8.753673169077758303e+02,4.699999999999999734e-01
8.761297818716093389e+02,4.670000000000000262e-01
8.768922468354430748e+02,4.580000000000000182e-01
8.776547117992766971e+02,4.500000000000000111e-01
8.784171767631103194e+02,4.460000000000000075e-01
8.791796417269439416e+02,4.359999999999999987e-01
8.799421066907775639e+02,4.269999999999999907e-01
8.807045716546112999e+02,4.179999999999999827e-01
8.814670366184448085e+02,4.089999999999999747e-01
8.822295015822785444e+02,4.010000000000000231e-01
8.829919665461120530e+02,3.920000000000000151e-01
8.837544315099457890e+02,3.800000000000000044e-01
8.845168964737794113e+02,3.519999999999999796e-01
8.852793614376130336e+02,3.350000000000000200e-01
8.860418264014466558e+02,3.210000000000000075e-01
8.868042913652802781e+02,3.089999999999999969e-01
8.875667563291140141e+02,2.949999999999999845e-01
8.883292212929475227e+02,2.781000000000000139e-01
8.890916862567812586e+02,2.640000000000000124e-01
8.898541512206147672e+02,2.520000000000000018e-01
8.906166161844485032e+02,2.359999999999999876e-01
8.913790811482821255e+02,2.200000000000000011e-01
8.921415461121157477e+02,2.039999999999999869e-01
8.929040110759493700e+02,1.900000000000000022e-01
8.936664760397829923e+02,1.839999999999999969e-01
8.944289410036167283e+02,1.779999999999999916e-01
8.951914059674502369e+02,1.759999999999999898e-01
8.959538709312839728e+02,1.749999999999999889e-01
8.967163358951174814e+02,1.749999999999999889e-01
8.974788008589512174e+02,1.759999999999999898e-01
8.982412658227848397e+02,1.779999999999999916e-01
8.990037307866184619e+02,1.799999999999999933e-01
8.997661957504520842e+02,1.829999999999999960e-01
9.005286607142857065e+02,1.839999999999999969e-01
9.012911256781194425e+02,1.890000000000000013e-01
9.020535906419529510e+02,1.900000000000000022e-01
9.028160556057866870e+02,1.900000000000000022e-01
9.035785205696201956e+02,1.869999999999999996e-01
9.043409855334539316e+02,1.749999999999999889e-01
9.051034504972875538e+02,1.670000000000000095e-01
9.058659154611211761e+02,1.610000000000000042e-01
9.066283804249547984e+02,1.529999999999999971e-01
9.073908453887884207e+02,1.469999999999999918e-01
9.081533103526221566e+02,1.429999999999999882e-01
9.089157753164556652e+02,1.380000000000000115e-01
9.096782402802894012e+02,1.360000000000000098e-01
9.104407052441229098e+02,1.350000000000000089e-01
9.112031702079566458e+02,1.350000000000000089e-01
9.119656351717902680e+02,1.360000000000000098e-01
9.127281001356238903e+02,1.380000000000000115e-01
9.134905650994575126e+02,1.400000000000000133e-01
9.142530300632911349e+02,1.429999999999999882e-01
9.150154950271248708e+02,1.439999999999999891e-01
9.157779599909583794e+02,1.489999999999999936e-01
9.165404249547921154e+02,1.549999999999999989e-01
9.173028899186256240e+02,1.718999999999999972e-01
9.180653548824593599e+02,1.799999999999999933e-01
9.188278198462929822e+02,1.859999999999999987e-01
9.195902848101266045e+02,2.010000000000000120e-01
9.203527497739602268e+02,2.119999999999999940e-01
9.211152147377938491e+02,2.290000000000000091e-01
9.218776797016275850e+02,2.550000000000000044e-01
9.226401446654610936e+02,2.670000000000000151e-01
9.234026096292948296e+02,2.760000000000000231e-01
9.241650745931283382e+02,2.859999999999999765e-01
9.249275395569620741e+02,2.959999999999999853e-01
9.256900045207956964e+02,3.089999999999999969e-01
9.264524694846293187e+02,3.150000000000000022e-01
9.272149344484629410e+02,3.270000000000000129e-01
9.279773994122965632e+02,3.300000000000000155e-01
9.287398643761301855e+02,3.320000000000000173e-01
9.295023293399638078e+02,3.350000000000000200e-01
9.302647943037975438e+02,3.350000000000000200e-01
9.310272592676310524e+02,3.330000000000000182e-01
9.317897242314647883e+02,3.330000000000000182e-01
9.325521891952984106e+02,3.330000000000000182e-01
9.333146541591320329e+02,3.320000000000000173e-01
9.340771191229656552e+02,3.320000000000000173e-01
9.348395840867992774e+02,3.300000000000000155e-01
9.356020490506328997e+02,3.290000000000000147e-01
9.363645140144665220e+02,3.290000000000000147e-01
9.371269789783002579e+02,3.270000000000000129e-01
9.378894439421337665e+02,3.260000000000000120e-01
9.386519089059675025e+02,3.240000000000000102e-01
9.394143738698011248e+02,3.230000000000000093e-01
9.401768388336347471e+02,3.210000000000000075e-01
9.409393037974683693e+02,3.180000000000000049e-01
9.417017687613019916e+02,3.150000000000000022e-01
9.424642337251356139e+02,3.119999999999999996e-01
9.432266986889692362e+02,3.089999999999999969e-01
9.439891636528029721e+02,3.059999999999999942e-01
9.447516286166364807e+02,3.029999999999999916e-01
9.455140935804702167e+02,2.979999999999999871e-01
9.462765585443038390e+02,2.919999999999999818e-01
9.470390235081374612e+02,2.869999999999999774e-01
9.478014884719710835e+02,2.810000000000000275e-01
9.485639534358047058e+02,2.780000000000000249e-01
9.493264183996383281e+02,2.670000000000000151e-01
9.500888833634719504e+02,2.550000000000000044e-01
9.508513483273056863e+02,2.429999999999999938e-01
9.516138132911391949e+02,2.260000000000000064e-01
9.523762782549729309e+02,2.099999999999999922e-01
9.531387432188065532e+02,2.069999999999999896e-01
9.539012081826401754e+02,1.980000000000000093e-01
9.546636731464737977e+02,1.869999999999999996e-01
9.554261381103074200e+02,1.670999999999999985e-01
9.561886030741410423e+02,1.600000000000000033e-01
9.569510680379746645e+02,1.499999999999999944e-01
9.577135330018084005e+02,1.429999999999999882e-01
9.584759979656419091e+02,1.320000000000000062e-01
9.592384629294756451e+02,1.120000000000000023e-01
9.600009278933091537e+02,1.029999999999999943e-01
9.607633928571428896e+02,9.299999999999999933e-02
9.615258578209765119e+02,7.499999999999999722e-02
9.622883227848101342e+02,6.600000000000000311e-02
9.630507877486437565e+02,5.800000000000000294e-02
9.638132527124773787e+02,4.109999999999999765e-02
9.645757176763111147e+02,2.910000000000000087e-02
9.653381826401446233e+02,2.299999999999999961e-02
9.661006476039783593e+02,1.600000000000000033e-02
9.668631125678118678e+02,1.299999999999999940e-02
9.676255775316456038e+02,1.200000000000000025e-02
9.683880424954792261e+02,1.200000000000000025e-02
9.691505074593128484e+02,1.000000000000000021e-02
9.699129724231464706e+02,8.999999999999999320e-03
9.706754373869800929e+02,8.999999999999999320e-03
9.714379023508138289e+02,8.999999999999999320e-03
9.722003673146473375e+02,8.999999999999999320e-03
9.729628322784810734e+02,8.999999999999999320e-03
9.737252972423145820e+02,7.000000000000000146e-03
9.744877622061483180e+02,7.000000000000000146e-03
9.752502271699819403e+02,7.000000000000000146e-03
9.760126921338155626e+02,7.000000000000000146e-03
9.767751570976491848e+02,7.000000000000000146e-03
9.775376220614828071e+02,7.000000000000000146e-03
9.783000870253165431e+02,7.000000000000000146e-03
9.790625519891500517e+02,6.000000000000000125e-03
9.798250169529837876e+02,6.000000000000000125e-03
9.805874819168172962e+02,7.000000000000000146e-03
9.813499468806510322e+02,7.000000000000000146e-03
9.821124118444846545e+02,7.000000000000000146e-03
9.828748768083182767e+02,7.000000000000000146e-03
9.836373417721518990e+02,7.000000000000000146e-03
9.843998067359855213e+02,7.000000000000000146e-03
9.851622716998192573e+02,7.000000000000000146e-03
9.859247366636527659e+02,7.000000000000000146e-03
9.866872016274865018e+02,8.999999999999999320e-03
9.874496665913200104e+02,8.999999999999999320e-03
9.882121315551537464e+02,8.999999999999999320e-03
9.889745965189873687e+02,1.000000000000000021e-02
9.897370614828209909e+02,1.000000000000000021e-02
9.904995264466546132e+02,1.000000000000000021e-02
9.912619914104882355e+02,1.200000000000000025e-02
9.920244563743219715e+02,1.200000000000000025e-02
9.927869213381554800e+02,1.200000000000000025e-02
9.935493863019892160e+02,1.299999999999999940e-02
9.943118512658227246e+02,1.299999999999999940e-02
9.950743162296564606e+02,1.299999999999999940e-02
9.958367811934900828e+02,1.299999999999999940e-02
9.965992461573237051e+02,1.299999999999999940e-02
9.973617111211573274e+02,1.299999999999999940e-02
9.981241760849909497e+02,1.299999999999999940e-02
9.988866410488246856e+02,1.299999999999999940e-02
9.996491060126581942e+02,1.299999999999999940e-02
1.000411570976491930e+03,1.299999999999999940e-02
1.001174035940325439e+03,1.299999999999999940e-02
1.001936500904159175e+03,1.299999999999999940e-02
1.002698965867992797e+03,1.299999999999999940e-02
1.003461430831826419e+03,1.299999999999999940e-02
1.004223895795660042e+03,1.299999999999999940e-02
1.004986360759493664e+03,1.299999999999999940e-02
1.005748825723327400e+03,1.499999999999999944e-02
1.006511290687160908e+03,1.600000000000000033e-02
1.007273755650994644e+03,1.600000000000000033e-02
1.008036220614828153e+03,1.600000000000000033e-02
1.008798685578661889e+03,1.799999999999999864e-02
1.009561150542495511e+03,2.000000000000000042e-02
1.010323615506329133e+03,2.100000000000000130e-02
1.011086080470162756e+03,2.299999999999999961e-02
1.011848545433996378e+03,2.400000000000000050e-02
1.012611010397830114e+03,2.599999999999999881e-02
1.013373475361663623e+03,2.699999999999999969e-02
1.014135940325497359e+03,2.999999999999999889e-02
1.014898405289330867e+03,3.200000000000000067e-02
1.015660870253164603e+03,3.500000000000000333e-02
1.016423335216998225e+03,3.799999999999999906e-02
1.017185800180831848e+03,4.100000000000000172e-02
1.017948265144665470e+03,4.700000000000000011e-02
1.018710730108499092e+03,5.000000000000000278e-02
1.019473195072332828e+03,5.800000000000000294e-02
1.020235660036166337e+03,6.300000000000000044e-02
1.020998125000000073e+03,7.199999999999999456e-02
1.021760589963833581e+03,8.699999999999999400e-02
1.022523054927667317e+03,9.299999999999999933e-02
1.023285519891500940e+03,1.089999999999999997e-01
1.024047984855334562e+03,1.408999999999999975e-01
1.024810449819168298e+03,1.499999999999999944e-01
1.025572914783001806e+03,1.688999999999999946e-01
1.026335379746835315e+03,1.759999999999999898e-01
1.027097844710669051e+03,1.839999999999999969e-01
1.027860309674502787e+03,1.900000000000000022e-01
1.028622774638336296e+03,2.039999999999999869e-01
1.029385239602170032e+03,2.179999999999999993e-01
1.030147704566003540e+03,2.300000000000000100e-01
1.030910169529837276e+03,2.520000000000000018e-01
1.031672634493671012e+03,2.630000000000000115e-01
1.032435099457504521e+03,2.730000000000000204e-01
1.033197564421338029e+03,2.800000000000000266e-01
1.033960029385171765e+03,2.839999999999999747e-01
1.034722494349005501e+03,2.899999999999999800e-01
1.035484959312839010e+03,2.979999999999999871e-01
1.036247424276672746e+03,3.029999999999999916e-01
1.037009889240506254e+03,3.089999999999999969e-01
1.037772354204339990e+03,3.160000000000000031e-01
1.038534819168173726e+03,3.210000000000000075e-01
1.039297284132007235e+03,3.290000000000000147e-01
1.040059749095840743e+03,3.330000000000000182e-01
1.040822214059674479e+03,3.400000000000000244e-01
1.041584679023508215e+03,3.459999999999999742e-01
1.042347143987341724e+03,3.519999999999999796e-01
1.043109608951175460e+03,3.559999999999999831e-01
1.043872073915008968e+03,3.599999999999999867e-01
1.044634538878842704e+03,3.629999999999999893e-01
1.045397003842676440e+03,3.689999999999999947e-01
1.046159468806509949e+03,3.760000000000000009e-01
1.046921933770343458e+03,3.840000000000000080e-01
1.047684398734177194e+03,3.900000000000000133e-01
1.048446863698010930e+03,3.980000000000000204e-01
1.049209328661844438e+03,4.040000000000000258e-01
1.049971793625678174e+03,4.129999999999999782e-01
1.050734258589511683e+03,4.199999999999999845e-01
1.051496723553345419e+03,4.269999999999999907e-01
1.052259188517179155e+03,4.380000000000000004e-01
1.053021653481012663e+03,4.430000000000000049e-01
1.053784118444846172e+03,4.490000000000000102e-01
1.054546583408679908e+03,4.580000000000000182e-01
1.055309048372513644e+03,4.630000000000000226e-01
1.056071513336347152e+03,4.699999999999999734e-01
1.056833978300180888e+03,4.799999999999999822e-01
1.057596443264014397e+03,4.829999999999999849e-01
1.058358908227848133e+03,4.899999999999999911e-01
1.059121373191681869e+03,4.949999999999999956e-01
1.059883838155515377e+03,5.000000000000000000e-01
1.060646303119348886e+03,5.030000000000000027e-01
1.061408768083182622e+03,5.090000000000000080e-01
1.062171233047016358e+03,5.130000000000000115e-01
1.062933698010849866e+03,5.180000000000000160e-01
1.063696162974683602e+03,5.230000000000000204e-01
1.064458627938517111e+03,5.290000000000000258e-01
1.065221092902350847e+03,5.330000000000000293e-01
1.065983557866184583e+03,5.360000000000000320e-01
1.066746022830018092e+03,5.400000000000000355e-01
1.067508487793851600e+03,5.410000000000000364e-01
1.068270952757685336e+03,5.430000000000000382e-01
1.069033417721519072e+03,5.440000000000000391e-01
1.069795882685352581e+03,5.470000000000000417e-01
1.070558347649186317e+03,5.470000000000000417e-01
1.071320812613019825e+03,5.490000000000000435e-01
1.072083277576853561e+03,5.490000000000000435e-01
1.072845742540687297e+03,5.490000000000000435e-01
1.073608207504520806e+03,5.490000000000000435e-01
1.074370672468354314e+03,5.470000000000000417e-01
1.075133137432188050e+03,5.470000000000000417e-01
1.075895602396021786e+03,5.440000000000000391e-01
1.076658067359855295e+03,5.430000000000000382e-01
1.077420532323689031e+03,5.380000000000000338e-01
1.078182997287522539e+03,5.360000000000000320e-01
1.078945462251356275e+03,5.320000000000000284e-01
1.079707927215190011e+03,5.290000000000000258e-01
1.080470392179023520e+03,5.240000000000000213e-01
1.081232857142857029e+03,5.200000000000000178e-01
1.081995322106690764e+03,5.150000000000000133e-01
1.082757787070524500e+03,5.090000000000000080e-01
1.083520252034358009e+03,5.010000000000000009e-01
1.084282716998191745e+03,4.979999999999999982e-01
1.085045181962025254e+03,4.919999999999999929e-01
1.085807646925858990e+03,4.859999999999999876e-01
1.086570111889692726e+03,4.809999999999999831e-01
1.087332576853526234e+03,4.729999999999999760e-01
1.088095041817359743e+03,4.689999999999999725e-01
1.088857506781193479e+03,4.580000000000000182e-01
1.089619971745027215e+03,4.460000000000000075e-01
1.090382436708860723e+03,4.380000000000000004e-01
1.091144901672694459e+03,4.269999999999999907e-01
1.091907366636527968e+03,4.099999999999999756e-01
1.092669831600361704e+03,4.010000000000000231e-01
1.093432296564195440e+03,3.920000000000000151e-01
1.094194761528028948e+03,3.471000000000000196e-01
1.094957226491862457e+03,3.240000000000000102e-01
1.095719691455696193e+03,3.009999999999999898e-01
1.096482156419529929e+03,2.839999999999999747e-01
1.097244621383363437e+03,2.640000000000000124e-01
1.098007086347197173e+03,2.439999999999999947e-01
1.098769551311030682e+03,2.129999999999999949e-01
1.099532016274864418e+03,1.701000000000000012e-01
1.100294481238698154e+03,1.441000000000000059e-01
1.101056946202531662e+03,1.270000000000000018e-01
1.101819411166365171e+03,1.239999999999999991e-01
1.102581876130198907e+03,1.199999999999999956e-01
1.103344341094032643e+03,1.179999999999999938e-01
1.104106806057866152e+03,1.179999999999999938e-01
1.104869271021699888e+03,1.179999999999999938e-01
1.105631735985533396e+03,1.179999999999999938e-01
1.106394200949367132e+03,1.199999999999999956e-01
1.107156665913200868e+03,1.209999999999999964e-01
1.107919130877034377e+03,1.209999999999999964e-01
1.108681595840867885e+03,1.229999999999999982e-01
1.109444060804701621e+03,1.290000000000000036e-01
1.110206525768535357e+03,1.429999999999999882e-01
1.110968990732368866e+03,1.529999999999999971e-01
1.111731455696202602e+03,1.670000000000000095e-01
1.112493920660036110e+03,1.779999999999999916e-01
1.113256385623869846e+03,1.839999999999999969e-01
1.114018850587703582e+03,1.890000000000000013e-01
1.114781315551537091e+03,2.069999999999999896e-01
1.115543780515370599e+03,2.179999999999999993e-01
1.116306245479204335e+03,2.300000000000000100e-01
1.117068710443038071e+03,2.469999999999999973e-01
1.117831175406871580e+03,2.530000000000000027e-01
1.118593640370705089e+03,2.700000000000000178e-01
1.119356105334538825e+03,2.760000000000000231e-01
1.120118570298372561e+03,2.810000000000000275e-01
1.120881035262206296e+03,2.859999999999999765e-01
1.121643500226039805e+03,2.889999999999999791e-01
1.122405965189873314e+03,2.899999999999999800e-01
1.123168430153707050e+03,2.899999999999999800e-01
1.123930895117540786e+03,2.889999999999999791e-01
1.124693360081374294e+03,2.889999999999999791e-01
1.125455825045207803e+03,2.869999999999999774e-01
1.126218290009041539e+03,2.859999999999999765e-01
1.126980754972875275e+03,2.839999999999999747e-01
1.127743219936709011e+03,2.810000000000000275e-01
1.128505684900542519e+03,2.780000000000000249e-01
1.129268149864376028e+03,2.730000000000000204e-01
1.130030614828209764e+03,2.690000000000000169e-01
1.130793079792043500e+03,2.630000000000000115e-01
1.131555544755877008e+03,2.530000000000000027e-01
1.132318009719710517e+03,2.459999999999999964e-01
1.133080474683544253e+03,2.359999999999999876e-01
1.133842939647377989e+03,2.230000000000000038e-01
1.134605404611211725e+03,2.089999999999999913e-01
1.135367869575045233e+03,1.980000000000000093e-01
1.136130334538878742e+03,1.930000000000000049e-01
1.136892799502712478e+03,1.920000000000000040e-01
1.137655264466546214e+03,1.920000000000000040e-01
1.138417729430379723e+03,1.930000000000000049e-01
1.139180194394213231e+03,1.950000000000000067e-01
1.139942659358046967e+03,2.059999999999999887e-01
1.140705124321880703e+03,2.290000000000000091e-01
1.141467589285714439e+03,2.469999999999999973e-01
1.142230054249547948e+03,2.700000000000000178e-01
1.142992519213381456e+03,2.929999999999999827e-01
1.143754984177215192e+03,3.099999999999999978e-01
1.144517449141048928e+03,3.320000000000000173e-01
1.145279914104882437e+03,3.489999999999999769e-01
1.146042379068715945e+03,3.579999999999999849e-01
1.146804844032549681e+03,3.669999999999999929e-01
1.147567308996383417e+03,3.729999999999999982e-01
1.148329773960217153e+03,3.760000000000000009e-01
1.149092238924050662e+03,3.800000000000000044e-01
1.149854703887884170e+03,3.830000000000000071e-01
1.150617168851717906e+03,3.840000000000000080e-01
1.151379633815551642e+03,3.830000000000000071e-01
1.152142098779385151e+03,3.830000000000000071e-01
1.152904563743218660e+03,3.830000000000000071e-01
1.153667028707052395e+03,3.810000000000000053e-01
1.154429493670886131e+03,3.800000000000000044e-01
1.155191958634719867e+03,3.780000000000000027e-01
1.155954423598553376e+03,3.750000000000000000e-01
1.156716888562386885e+03,3.719999999999999973e-01
1.157479353526220621e+03,3.689999999999999947e-01
1.158241818490054357e+03,3.659999999999999920e-01
1.159004283453887865e+03,3.559999999999999831e-01
1.159766748417721374e+03,3.499999999999999778e-01
1.160529213381555110e+03,3.459999999999999742e-01
1.161291678345388846e+03,3.410000000000000253e-01
1.162054143309222582e+03,3.330000000000000182e-01
1.162816608273056090e+03,3.270000000000000129e-01
1.163579073236889599e+03,3.200000000000000067e-01
1.164341538200723335e+03,3.089999999999999969e-01
1.165104003164557071e+03,3.029999999999999916e-01
1.165866468128390579e+03,2.959999999999999853e-01
1.166628933092224088e+03,2.889999999999999791e-01
1.167391398056057824e+03,2.829999999999999738e-01
1.168153863019891560e+03,2.750000000000000222e-01
1.168916327983725296e+03,2.600000000000000089e-01
1.169678792947558804e+03,2.530000000000000027e-01
1.170441257911392313e+03,2.459999999999999964e-01
1.171203722875226049e+03,2.399999999999999911e-01
1.171966187839059785e+03,2.330000000000000127e-01
1.172728652802893293e+03,2.320000000000000118e-01
1.173491117766726802e+03,2.300000000000000100e-01
1.174253582730560538e+03,2.290000000000000091e-01
1.175016047694394274e+03,2.290000000000000091e-01
1.175778512658228010e+03,2.300000000000000100e-01
1.176540977622061519e+03,2.320000000000000118e-01
1.177303442585895027e+03,2.349999999999999867e-01
1.178065907549728763e+03,2.409999999999999920e-01
1.178828372513562499e+03,2.530999999999999917e-01
1.179590837477396008e+03,2.810000000000000275e-01
1.180353302441229516e+03,3.089999999999999969e-01
1.181115767405063252e+03,3.270000000000000129e-01
1.181878232368896988e+03,3.579999999999999849e-01
1.182640697332730724e+03,3.689999999999999947e-01
1.183403162296564233e+03,3.780000000000000027e-01
1.184165627260397741e+03,4.000000000000000222e-01
1.184928092224231477e+03,4.198999999999999955e-01
1.185690557188065213e+03,4.469000000000000195e-01
1.186453022151898722e+03,4.670000000000000262e-01
1.187215487115732230e+03,4.949999999999999956e-01
1.187977952079565966e+03,5.160000000000000142e-01
1.188740417043399702e+03,5.290000000000000258e-01
1.189502882007233438e+03,5.400000000000000355e-01
1.190265346971066947e+03,5.560000000000000497e-01
1.191027811934900456e+03,5.629999999999999449e-01
1.191790276898734191e+03,5.669999999999999485e-01
1.192552741862567927e+03,5.749999999999999556e-01
1.193315206826401436e+03,5.759999999999999565e-01
1.194077671790234945e+03,5.809999999999999609e-01
1.194840136754068681e+03,5.829999999999999627e-01
1.195602601717902417e+03,5.859999999999999654e-01
1.196365066681736153e+03,5.859999999999999654e-01
1.197127531645569661e+03,5.839999999999999636e-01
1.197889996609403170e+03,5.839999999999999636e-01
1.198652461573236906e+03,5.829999999999999627e-01
1.199414926537070642e+03,5.809999999999999609e-01
1.200177391500904150e+03,5.779999999999999583e-01
1.200939856464737659e+03,5.749999999999999556e-01
1.201702321428571395e+03,5.719999999999999529e-01
1.202464786392405131e+03,5.689999999999999503e-01
1.203227251356238867e+03,5.659999999999999476e-01
1.203989716320072375e+03,5.610000000000000542e-01
1.204752181283905884e+03,5.580000000000000515e-01
1.205514646247739620e+03,5.520000000000000462e-01
1.206277111211573356e+03,5.470000000000000417e-01
1.207039576175406864e+03,5.380000000000000338e-01
1.207802041139240373e+03,5.330000000000000293e-01
1.208564506103074109e+03,5.270000000000000240e-01
1.209326971066907845e+03,5.200000000000000178e-01
1.210089436030741581e+03,5.130000000000000115e-01
1.210851900994575089e+03,5.070000000000000062e-01
1.211614365958408598e+03,4.979999999999999982e-01
1.212376830922242334e+03,4.889999999999999902e-01
1.213139295886076070e+03,4.729999999999999760e-01
1.213901760849909579e+03,4.560000000000000164e-01
1.214664225813743087e+03,4.320999999999999841e-01
1.215426690777576823e+03,4.209999999999999853e-01
1.216189155741410559e+03,4.061000000000000165e-01
1.216951620705244295e+03,3.889000000000000234e-01
1.217714085669077804e+03,3.549999999999999822e-01
1.218476550632911312e+03,3.380000000000000226e-01
1.219239015596745048e+03,3.160000000000000031e-01
1.220001480560578784e+03,3.059999999999999942e-01
1.220763945524412293e+03,2.899999999999999800e-01
1.221526410488245801e+03,2.730000000000000204e-01
1.222288875452079537e+03,2.640000000000000124e-01
1.223051340415913273e+03,2.500000000000000000e-01
1.223813805379747009e+03,2.270999999999999963e-01
1.224576270343580518e+03,2.149000000000000077e-01
1.225338735307414026e+03,1.779999999999999916e-01
1.226101200271247762e+03,1.670000000000000095e-01
1.226863665235081498e+03,1.489999999999999936e-01
1.227626130198915007e+03,1.380000000000000115e-01
1.228388595162748516e+03,1.209999999999999964e-01
1.229151060126582252e+03,1.089999999999999997e-01
1.229913525090415988e+03,9.199999999999999845e-02
1.230675990054249723e+03,7.599999999999999811e-02
1.231438455018083232e+03,6.010000000000000064e-02
1.232200919981916741e+03,5.000000000000000278e-02
1.232963384945750477e+03,4.299999999999999656e-02
1.233725849909584213e+03,3.799999999999999906e-02
1.234488314873417721e+03,3.500000000000000333e-02
1.235250779837251230e+03,2.999999999999999889e-02
1.236013244801084966e+03,2.400000000000000050e-02
1.236775709764918702e+03,2.100000000000000130e-02
1.237538174728752438e+03,2.100000000000000130e-02
1.238300639692585946e+03,2.000000000000000042e-02
1.239063104656419455e+03,2.000000000000000042e-02
1.239825569620253191e+03,2.100000000000000130e-02
1.240588034584086927e+03,2.100000000000000130e-02
1.241350499547920435e+03,2.299999999999999961e-02
1.242112964511753944e+03,2.299999999999999961e-02
1.242875429475587680e+03,2.599999999999999881e-02
1.243637894439421416e+03,2.699999999999999969e-02
1.244400359403255152e+03,3.200000000000000067e-02
1.245162824367088660e+03,3.500000000000000333e-02
1.245925289330922169e+03,3.799999999999999906e-02
1.246687754294755905e+03,4.399999999999999745e-02
1.247450219258589641e+03,4.900000000000000189e-02
1.248212684222423150e+03,5.299999999999999850e-02
1.248975149186256658e+03,5.999999999999999778e-02
1.249737614150090394e+03,6.400000000000000133e-02
1.250500079113924130e+03,7.000000000000000666e-02
1.251262544077757866e+03,8.300000000000000433e-02
1.252025009041591375e+03,8.699999999999999400e-02
1.252787474005424883e+03,9.500000000000000111e-02
1.253549938969258619e+03,1.029999999999999943e-01
1.254312403933092355e+03,1.100000000000000006e-01
1.255074868896925864e+03,1.179999999999999938e-01
1.255837333860759372e+03,1.270000000000000018e-01
1.256599798824593108e+03,1.350000000000000089e-01
1.257362263788426844e+03,1.380000000000000115e-01
1.258124728752260353e+03,1.459999999999999909e-01
1.258887193716094089e+03,1.499999999999999944e-01
1.259649658679927597e+03,1.610000000000000042e-01
1.260412123643761333e+03,1.719999999999999862e-01
1.261174588607595069e+03,1.829999999999999960e-01
1.261937053571428578e+03,1.920000000000000040e-01
1.262699518535262087e+03,2.179999999999999993e-01
1.263461983499095822e+03,2.320000000000000118e-01
1.264224448462929558e+03,2.359999999999999876e-01
1.264986913426763067e+03,2.459999999999999964e-01
1.265749378390596803e+03,2.660000000000000142e-01
1.266511843354430312e+03,2.810000000000000275e-01
1.267274308318264048e+03,3.059999999999999942e-01
1.268036773282097784e+03,3.200000000000000067e-01
1.268799238245931292e+03,3.410000000000000253e-01
1.269561703209764801e+03,3.559999999999999831e-01
1.270324168173598537e+03,3.669999999999999929e-01
1.271086633137432273e+03,3.780000000000000027e-01
1.271849098101265781e+03,4.000000000000000222e-01
1.272611563065099517e+03,4.149999999999999800e-01
1.273374028028933026e+03,4.319999999999999951e-01
1.274136492992766762e+03,4.500000000000000111e-01
1.274898957956600498e+03,4.660000000000000253e-01
1.275661422920434006e+03,4.759999999999999787e-01
1.276423887884267515e+03,4.799999999999999822e-01
1.277186352848101251e+03,4.869999999999999885e-01
1.277948817811934987e+03,4.919999999999999929e-01
1.278711282775768495e+03,4.959999999999999964e-01
1.279473747739602231e+03,5.000000000000000000e-01
1.280236212703435740e+03,5.030000000000000027e-01
1.280998677667269476e+03,5.030000000000000027e-01
1.281761142631103212e+03,5.040000000000000036e-01
1.282523607594936720e+03,5.040000000000000036e-01
1.283286072558770229e+03,5.030000000000000027e-01
1.284048537522603965e+03,5.030000000000000027e-01
1.284811002486437701e+03,5.030000000000000027e-01
1.285573467450271210e+03,5.000000000000000000e-01
1.286335932414104946e+03,4.979999999999999982e-01
1.287098397377938454e+03,4.949999999999999956e-01
1.287860862341772190e+03,4.919999999999999929e-01
1.288623327305605926e+03,4.899999999999999911e-01
1.289385792269439435e+03,4.869999999999999885e-01
1.290148257233272943e+03,4.809999999999999831e-01
1.290910722197106679e+03,4.779999999999999805e-01
1.291673187160940415e+03,4.729999999999999760e-01
1.292435652124773924e+03,4.670000000000000262e-01
1.293198117088607660e+03,4.598999999999999755e-01
1.293960582052441168e+03,4.410000000000000031e-01
1.294723047016274904e+03,4.289999999999999925e-01
1.295485511980108640e+03,4.159999999999999809e-01
1.296247976943942149e+03,3.980000000000000204e-01
1.297010441907775657e+03,3.870000000000000107e-01
1.297772906871609393e+03,3.750000000000000000e-01
1.298535371835443129e+03,3.380000000000000226e-01
1.299297836799276638e+03,3.160000000000000031e-01
1.300060301763110374e+03,3.029999999999999916e-01
1.300822766726943883e+03,2.899999999999999800e-01
1.301585231690777618e+03,2.720000000000000195e-01
1.302347696654611354e+03,2.610000000000000098e-01
1.303110161618444863e+03,2.459999999999999964e-01
1.303872626582278372e+03,2.210000000000000020e-01
1.304635091546112108e+03,1.670000000000000095e-01
1.305397556509945844e+03,1.640000000000000069e-01
1.306160021473779352e+03,1.610000000000000042e-01
1.306922486437613088e+03,1.610000000000000042e-01
1.307684951401446597e+03,1.630000000000000060e-01
1.308447416365280333e+03,1.640000000000000069e-01
1.309209881329114069e+03,1.640000000000000069e-01
1.309972346292947577e+03,1.670000000000000095e-01
1.310734811256781086e+03,1.719999999999999862e-01
1.311497276220614822e+03,1.759999999999999898e-01
1.312259741184448558e+03,1.799999999999999933e-01
1.313022206148282066e+03,1.829999999999999960e-01
1.313784671112115575e+03,1.890000000000000013e-01
1.314547136075949311e+03,2.238999999999999879e-01
1.315309601039783047e+03,2.698999999999999733e-01
1.316072066003616783e+03,3.000999999999999779e-01
1.316834530967450291e+03,3.350000000000000200e-01
1.317596995931283800e+03,3.499999999999999778e-01
1.318359460895117536e+03,3.659999999999999920e-01
1.319121925858951272e+03,4.000000000000000222e-01
1.319884390822784781e+03,4.400000000000000022e-01
1.320646855786618289e+03,4.660000000000000253e-01
1.321409320750452025e+03,5.030000000000000027e-01
1.322171785714285761e+03,5.130000000000000115e-01
1.322934250678119497e+03,5.180000000000000160e-01
1.323696715641953006e+03,5.290000000000000258e-01
1.324459180605786514e+03,5.320000000000000284e-01
1.325221645569620250e+03,5.350000000000000311e-01
1.325984110533453986e+03,5.350000000000000311e-01
1.326746575497287495e+03,5.350000000000000311e-01
1.327509040461121003e+03,5.330000000000000293e-01
1.328271505424954739e+03,5.320000000000000284e-01
1.329033970388788475e+03,5.300000000000000266e-01
1.329796435352622211e+03,5.290000000000000258e-01
1.330558900316455720e+03,5.260000000000000231e-01
1.331321365280289228e+03,5.230000000000000204e-01
1.332083830244122964e+03,5.210000000000000187e-01
1.332846295207956700e+03,5.200000000000000178e-01
1.333608760171790209e+03,5.160000000000000142e-01
1.334371225135623718e+03,5.130000000000000115e-01
1.335133690099457453e+03,5.090000000000000080e-01
1.335896155063291189e+03,5.060000000000000053e-01
1.336658620027124925e+03,5.030000000000000027e-01
1.337421084990958434e+03,4.979999999999999982e-01
1.338183549954791943e+03,4.949999999999999956e-01
1.338946014918625679e+03,4.889999999999999902e-01
1.339708479882459415e+03,4.839999999999999858e-01
1.340470944846292923e+03,4.799999999999999822e-01
1.341233409810126432e+03,4.759999999999999787e-01
1.341995874773960168e+03,4.719999999999999751e-01
1.342758339737793904e+03,4.670000000000000262e-01
1.343520804701627640e+03,4.640000000000000235e-01
1.344283269665461148e+03,4.560000000000000164e-01
1.345045734629294657e+03,4.520000000000000129e-01
1.345808199593128393e+03,4.470000000000000084e-01
1.346570664556962129e+03,4.430000000000000049e-01
1.347333129520795637e+03,4.380000000000000004e-01
1.348095594484629146e+03,4.349999999999999978e-01
1.348858059448462882e+03,4.289999999999999925e-01
1.349620524412296618e+03,4.259999999999999898e-01
1.350382989376130354e+03,4.229999999999999871e-01
1.351145454339963862e+03,4.199999999999999845e-01
1.351907919303797371e+03,4.199999999999999845e-01
1.352670384267631107e+03,4.179999999999999827e-01
1.353432849231464843e+03,4.179999999999999827e-01
1.354195314195298351e+03,4.159999999999999809e-01
1.354957779159131860e+03,4.159999999999999809e-01
1.355720244122965596e+03,4.159999999999999809e-01
1.356482709086799332e+03,4.159999999999999809e-01
1.357245174050633068e+03,4.159999999999999809e-01
1.358007639014466577e+03,4.159999999999999809e-01
1.358770103978300085e+03,4.149999999999999800e-01
1.359532568942133821e+03,4.119999999999999774e-01
1.360295033905967557e+03,4.089999999999999747e-01
1.361057498869801066e+03,4.060000000000000275e-01
1.361819963833634574e+03,4.000000000000000222e-01
1.362582428797468310e+03,3.920000000000000151e-01
1.363344893761302046e+03,3.780000000000000027e-01
1.364107358725135782e+03,3.459999999999999742e-01
1.364869823688969291e+03,3.300000000000000155e-01
1.365632288652802799e+03,3.160000000000000031e-01
1.366394753616636535e+03,2.959999999999999853e-01
1.367157218580470271e+03,2.780000000000000249e-01
1.367919683544303780e+03,2.660000000000000142e-01
1.368682148508137288e+03,2.500000000000000000e-01
1.369444613471971024e+03,2.349999999999999867e-01
1.370207078435804760e+03,2.179999999999999993e-01
1.370969543399638496e+03,1.930000000000000049e-01
1.371732008363472005e+03,1.729999999999999871e-01
1.372494473327305514e+03,1.690000000000000113e-01
1.373256938291139249e+03,1.670000000000000095e-01
1.374019403254972985e+03,1.670000000000000095e-01
1.374781868218806494e+03,1.670000000000000095e-01
1.375544333182640003e+03,1.690000000000000113e-01
1.376306798146473739e+03,1.700000000000000122e-01
1.377069263110307475e+03,1.700000000000000122e-01
1.377831728074141211e+03,1.700000000000000122e-01
1.378594193037974719e+03,1.700000000000000122e-01
1.379356658001808228e+03,1.700000000000000122e-01
1.380119122965641964e+03,1.690000000000000113e-01
1.380881587929475700e+03,1.670000000000000095e-01
1.381644052893309208e+03,1.660000000000000087e-01
1.382406517857142717e+03,1.660000000000000087e-01
1.383168982820976453e+03,1.670000000000000095e-01
1.383931447784810189e+03,1.690000000000000113e-01
1.384693912748643925e+03,1.700000000000000122e-01
1.385456377712477433e+03,1.759999999999999898e-01
1.386218842676310942e+03,1.829999999999999960e-01
1.386981307640144678e+03,1.890000000000000013e-01
1.387743772603978414e+03,1.960000000000000075e-01
1.388506237567811922e+03,2.179999999999999993e-01
1.389268702531645431e+03,2.429999999999999938e-01
1.390031167495479167e+03,2.700000000000000178e-01
1.390793632459312903e+03,2.959999999999999853e-01
1.391556097423146639e+03,3.229000000000000203e-01
1.392318562386980147e+03,3.459999999999999742e-01
1.393081027350813656e+03,3.599999999999999867e-01
1.393843492314647392e+03,3.719999999999999973e-01
1.394605957278481128e+03,3.960000000000000187e-01
1.395368422242314637e+03,4.239999999999999880e-01
1.396130887206148145e+03,4.550000000000000155e-01
1.396893352169981881e+03,4.799999999999999822e-01
1.397655817133815617e+03,5.040000000000000036e-01
1.398418282097649353e+03,5.240000000000000213e-01
1.399180747061482862e+03,5.400000000000000355e-01
1.399943212025316370e+03,5.530000000000000471e-01
1.400705676989150106e+03,5.629999999999999449e-01
1.401468141952983842e+03,5.699999999999999512e-01
1.402230606916817351e+03,5.759999999999999565e-01
1.402993071880650859e+03,5.779999999999999583e-01
1.403755536844484595e+03,5.779999999999999583e-01
1.404518001808318331e+03,5.799999999999999600e-01
1.405280466772152067e+03,5.779999999999999583e-01
1.406042931735985576e+03,5.779999999999999583e-01
1.406805396699819084e+03,5.749999999999999556e-01
1.407567861663652820e+03,5.729999999999999538e-01
1.408330326627486556e+03,5.719999999999999529e-01
1.409092791591320065e+03,5.689999999999999503e-01
1.409855256555153574e+03,5.659999999999999476e-01
1.410617721518987310e+03,5.629999999999999449e-01
1.411380186482821046e+03,5.600000000000000533e-01
1.412142651446654781e+03,5.560000000000000497e-01
1.412905116410488290e+03,5.530000000000000471e-01
1.413667581374321799e+03,5.520000000000000462e-01
1.414430046338155535e+03,5.460000000000000409e-01
1.415192511301989271e+03,5.380000000000000338e-01
1.415954976265822779e+03,5.360000000000000320e-01
1.416717441229656288e+03,5.360000000000000320e-01
1.417479906193490024e+03,5.380000000000000338e-01
1.418242371157323760e+03,5.400000000000000355e-01
1.419004836121157496e+03,5.400000000000000355e-01
1.419767301084991004e+03,5.410000000000000364e-01
1.420529766048824513e+03,5.440000000000000391e-01
1.421292231012658249e+03,5.490000000000000435e-01
1.422054695976491985e+03,5.520000000000000462e-01
1.422817160940325493e+03,5.550000000000000488e-01
1.423579625904159002e+03,5.600000000000000533e-01
1.424342090867992738e+03,5.629999999999999449e-01
1.425104555831826474e+03,5.659999999999999476e-01
1.425867020795660210e+03,5.719999999999999529e-01
1.426629485759493718e+03,5.749999999999999556e-01
1.427391950723327227e+03,5.799999999999999600e-01
1.428154415687160963e+03,5.829999999999999627e-01
1.428916880650994699e+03,5.839999999999999636e-01
1.429679345614828208e+03,5.839999999999999636e-01
1.430441810578661716e+03,5.859999999999999654e-01
1.431204275542495452e+03,5.839999999999999636e-01
1.431966740506329188e+03,5.829999999999999627e-01
1.432729205470162924e+03,5.829999999999999627e-01
1.433491670433996433e+03,5.809999999999999609e-01
1.434254135397829941e+03,5.779999999999999583e-01
1.435016600361663677e+03,5.729999999999999538e-01
1.435779065325497413e+03,5.669999999999999485e-01
1.436541530289330922e+03,5.639999999999999458e-01
1.437303995253164430e+03,5.600000000000000533e-01
1.438066460216998166e+03,5.550000000000000488e-01
1.438828925180831902e+03,5.500000000000000444e-01
1.439591390144665638e+03,5.460000000000000409e-01
1.440353855108499147e+03,5.320000000000000284e-01
1.441116320072332655e+03,5.270000000000000240e-01
1.441878785036166391e+03,5.230000000000000204e-01
1.442641250000000127e+03,5.160000000000000142e-01
1.443403714963833636e+03,5.100000000000000089e-01
1.444166179927667145e+03,5.010000000000000009e-01
1.444928644891500880e+03,4.979999999999999982e-01
1.445691109855334616e+03,4.859999999999999876e-01
1.446453574819168352e+03,4.799999999999999822e-01
1.447216039783001861e+03,4.719999999999999751e-01
1.447978504746835370e+03,4.689999999999999725e-01
1.448740969710669106e+03,4.560000000000000164e-01
1.449503434674502842e+03,4.460000000000000075e-01
1.450265899638336350e+03,4.349999999999999978e-01
1.451028364602169859e+03,4.229999999999999871e-01
1.451790829566003595e+03,4.119999999999999774e-01
1.452553294529837331e+03,4.060000000000000275e-01
1.453315759493670839e+03,4.030000000000000249e-01
1.454078224457504575e+03,4.010000000000000231e-01
1.454840689421338084e+03,4.010000000000000231e-01
1.455603154385171820e+03,4.010000000000000231e-01
1.456365619349005556e+03,4.010000000000000231e-01
1.457128084312839064e+03,4.000000000000000222e-01
1.457890549276672573e+03,4.000000000000000222e-01
1.458653014240506309e+03,4.000000000000000222e-01
1.459415479204340045e+03,3.960000000000000187e-01
1.460177944168173553e+03,3.950000000000000178e-01
1.460940409132007289e+03,3.920000000000000151e-01
1.461702874095840798e+03,3.870000000000000107e-01
1.462465339059674534e+03,3.860000000000000098e-01
1.463227804023508270e+03,3.840000000000000080e-01
1.463990268987341778e+03,3.830000000000000071e-01
1.464752733951175287e+03,3.810000000000000053e-01
1.465515198915009023e+03,3.800000000000000044e-01
1.466277663878842759e+03,3.800000000000000044e-01
1.467040128842676268e+03,3.830000000000000071e-01
1.467802593806510004e+03,3.860000000000000098e-01
1.468565058770343512e+03,3.890000000000000124e-01
1.469327523734177248e+03,4.000000000000000222e-01
1.470089988698010984e+03,4.129999999999999782e-01
1.470852453661844493e+03,4.380000000000000004e-01
1.471614918625678001e+03,4.550000000000000155e-01
1.472377383589511737e+03,4.799999999999999822e-01
1.473139848553345473e+03,4.979999999999999982e-01
1.473902313517178982e+03,5.180000000000000160e-01
1.474664778481012718e+03,5.360000000000000320e-01
1.475427243444846226e+03,5.490000000000000435e-01
1.476189708408679962e+03,5.611000000000000432e-01
1.476952173372513698e+03,5.839999999999999636e-01
1.477714638336347207e+03,6.039999999999999813e-01
1.478477103300180715e+03,6.239999999999999991e-01
1.479239568264014451e+03,6.360000000000000098e-01
1.480002033227848187e+03,6.630000000000000338e-01
1.480764498191681696e+03,6.780000000000000471e-01
1.481526963155515432e+03,6.870000000000000551e-01
1.482289428119348941e+03,6.999999999999999556e-01
1.483051893083182676e+03,7.039999999999999591e-01
1.483814358047016412e+03,7.099999999999999645e-01
1.484576823010849921e+03,7.159999999999999698e-01
1.485339287974683430e+03,7.229999999999999760e-01
1.486101752938517166e+03,7.299999999999999822e-01
1.486864217902350902e+03,7.349999999999999867e-01
1.487626682866184410e+03,7.409999999999999920e-01
1.488389147830018146e+03,7.439999999999999947e-01
1.489151612793851655e+03,7.489999999999999991e-01
1.489914077757685391e+03,7.520000000000000018e-01
1.490676542721519127e+03,7.560000000000000053e-01
1.491439007685352635e+03,7.610000000000000098e-01
1.492201472649186144e+03,7.640000000000000124e-01
1.492963937613019880e+03,7.670000000000000151e-01
1.493726402576853616e+03,7.700000000000000178e-01
1.494488867540687124e+03,7.730000000000000204e-01
1.495251332504520860e+03,7.760000000000000231e-01
1.496013797468354369e+03,7.800000000000000266e-01
1.496776262432188105e+03,7.810000000000000275e-01
1.497538727396021841e+03,7.840000000000000302e-01
1.498301192359855349e+03,7.870000000000000329e-01
1.499063657323688858e+03,7.890000000000000346e-01
1.499826122287522594e+03,7.900000000000000355e-01
1.500588587251356330e+03,7.920000000000000373e-01
1.501351052215189839e+03,7.930000000000000382e-01
1.502113517179023574e+03,7.960000000000000409e-01
1.502875982142857083e+03,7.980000000000000426e-01
1.503638447106690819e+03,8.000000000000000444e-01
1.504400912070524555e+03,8.010000000000000453e-01
1.505163377034358064e+03,8.010000000000000453e-01
1.505925841998191572e+03,8.010000000000000453e-01
1.506688306962025308e+03,8.030000000000000471e-01
1.507450771925859044e+03,8.040000000000000480e-01
1.508213236889692553e+03,8.060000000000000497e-01
1.508975701853526061e+03,8.070000000000000506e-01
1.509738166817359797e+03,8.090000000000000524e-01
1.510500631781193533e+03,8.100000000000000533e-01
1.511263096745027269e+03,8.120000000000000551e-01
1.512025561708860778e+03,8.120000000000000551e-01
1.512788026672694286e+03,8.129999999999999449e-01
1.513550491636528022e+03,8.129999999999999449e-01
1.514312956600361758e+03,8.149999999999999467e-01
1.515075421564195267e+03,8.149999999999999467e-01
1.515837886528028776e+03,8.159999999999999476e-01
1.516600351491862511e+03,8.159999999999999476e-01
1.517362816455696247e+03,8.159999999999999476e-01
1.518125281419529983e+03,8.159999999999999476e-01
1.518887746383363492e+03,8.159999999999999476e-01
1.519650211347197001e+03,8.159999999999999476e-01
1.520412676311030737e+03,8.179999999999999494e-01
1.521175141274864473e+03,8.179999999999999494e-01
1.521937606238697981e+03,8.179999999999999494e-01
1.522700071202531490e+03,8.179999999999999494e-01
1.523462536166365226e+03,8.179999999999999494e-01
1.524225001130198962e+03,8.179999999999999494e-01
1.524987466094032698e+03,8.179999999999999494e-01
1.525749931057866206e+03,8.179999999999999494e-01
1.526512396021699715e+03,8.199999999999999512e-01
1.527274860985533451e+03,8.199999999999999512e-01
1.528037325949367187e+03,8.199999999999999512e-01
1.528799790913200695e+03,8.199999999999999512e-01
1.529562255877034204e+03,8.199999999999999512e-01
1.530324720840867940e+03,8.199999999999999512e-01
1.531087185804701676e+03,8.199999999999999512e-01
1.531849650768535412e+03,8.199999999999999512e-01
1.532612115732368920e+03,8.199999999999999512e-01
1.533374580696202429e+03,8.199999999999999512e-01
1.534137045660036165e+03,8.199999999999999512e-01
1.534899510623869901e+03,8.209999999999999520e-01
1.535661975587703409e+03,8.209999999999999520e-01
1.536424440551536918e+03,8.209999999999999520e-01
1.537186905515370654e+03,8.209999999999999520e-01
1.537949370479204390e+03,8.209999999999999520e-01
1.538711835443038126e+03,8.209999999999999520e-01
1.539474300406871635e+03,8.209999999999999520e-01
1.540236765370705143e+03,8.209999999999999520e-01
1.540999230334538879e+03,8.209999999999999520e-01
1.541761695298372615e+03,8.209999999999999520e-01
1.542524160262206124e+03,8.209999999999999520e-01
1.543286625226039632e+03,8.209999999999999520e-01
1.544049090189873368e+03,8.209999999999999520e-01
1.544811555153707104e+03,8.209999999999999520e-01
1.545574020117540840e+03,8.209999999999999520e-01
1.546336485081374349e+03,8.209999999999999520e-01
1.547098950045207857e+03,8.209999999999999520e-01
1.547861415009041593e+03,8.209999999999999520e-01
1.548623879972875329e+03,8.209999999999999520e-01
1.549386344936708838e+03,8.209999999999999520e-01
1.550148809900542346e+03,8.209999999999999520e-01
1.550911274864376082e+03,8.209999999999999520e-01
1.551673739828209818e+03,8.209999999999999520e-01
1.552436204792043554e+03,8.209999999999999520e-01
1.553198669755877063e+03,8.209999999999999520e-01
1.553961134719710572e+03,8.209999999999999520e-01
1.554723599683544307e+03,8.209999999999999520e-01
1.555486064647378043e+03,8.209999999999999520e-01
1.556248529611211552e+03,8.209999999999999520e-01
1.557010994575045061e+03,8.229999999999999538e-01
1.557773459538878797e+03,8.229999999999999538e-01
1.558535924502712533e+03,8.229999999999999538e-01
1.559298389466546269e+03,8.229999999999999538e-01
1.560060854430379777e+03,8.229999999999999538e-01
1.560823319394213286e+03,8.229999999999999538e-01
1.561585784358047022e+03,8.229999999999999538e-01
1.562348249321880758e+03,8.229999999999999538e-01
1.563110714285714266e+03,8.229999999999999538e-01
1.563873179249547775e+03,8.229999999999999538e-01
1.564635644213381511e+03,8.229999999999999538e-01
1.565398109177215247e+03,8.229999999999999538e-01
1.566160574141048983e+03,8.229999999999999538e-01
1.566923039104882491e+03,8.229999999999999538e-01
1.567685504068716000e+03,8.229999999999999538e-01
1.568447969032549736e+03,8.229999999999999538e-01
1.569210433996383472e+03,8.229999999999999538e-01
1.569972898960216980e+03,8.229999999999999538e-01
1.570735363924050489e+03,8.229999999999999538e-01
1.571497828887884225e+03,8.229999999999999538e-01
1.572260293851717961e+03,8.229999999999999538e-01
1.573022758815551697e+03,8.229999999999999538e-01
1.573785223779385205e+03,8.229999999999999538e-01
1.574547688743218714e+03,8.229999999999999538e-01
1.575310153707052450e+03,8.229999999999999538e-01
1.576072618670886186e+03,8.229999999999999538e-01
1.576835083634719695e+03,8.229999999999999538e-01
1.577597548598553203e+03,8.229999999999999538e-01
1.578360013562386939e+03,8.229999999999999538e-01
1.579122478526220675e+03,8.229999999999999538e-01
1.579884943490054411e+03,8.229999999999999538e-01
1.580647408453887920e+03,8.229999999999999538e-01
1.581409873417721428e+03,8.229999999999999538e-01
1.582172338381555164e+03,8.209999999999999520e-01
1.582934803345388900e+03,8.229999999999999538e-01
1.583697268309222409e+03,8.229999999999999538e-01
1.584459733273055917e+03,8.229999999999999538e-01
1.585222198236889653e+03,8.209999999999999520e-01
1.585984663200723389e+03,8.209999999999999520e-01
1.586747128164557125e+03,8.209999999999999520e-01
1.587509593128390634e+03,8.209999999999999520e-01
1.588272058092224142e+03,8.209999999999999520e-01
1.589034523056057878e+03,8.209999999999999520e-01
1.589796988019891614e+03,8.209999999999999520e-01
1.590559452983725123e+03,8.209999999999999520e-01
1.591321917947558632e+03,8.209999999999999520e-01
1.592084382911392368e+03,8.199999999999999512e-01
1.592846847875226103e+03,8.199999999999999512e-01
1.593609312839059839e+03,8.199999999999999512e-01
1.594371777802893348e+03,8.179999999999999494e-01
1.595134242766726857e+03,8.179999999999999494e-01
1.595896707730560593e+03,8.179999999999999494e-01
1.596659172694394329e+03,8.179999999999999494e-01
1.597421637658227837e+03,8.159999999999999476e-01
1.598184102622061346e+03,8.159999999999999476e-01
1.598946567585895082e+03,8.159999999999999476e-01
1.599709032549728818e+03,8.159999999999999476e-01
1.600471497513562554e+03,8.149999999999999467e-01
1.601233962477396062e+03,8.149999999999999467e-01
1.601996427441229571e+03,8.129999999999999449e-01
1.602758892405063307e+03,8.129999999999999449e-01
1.603521357368897043e+03,8.129999999999999449e-01
1.604283822332730551e+03,8.120000000000000551e-01
1.605046287296564060e+03,8.120000000000000551e-01
1.605808752260397796e+03,8.100000000000000533e-01
1.606571217224231532e+03,8.100000000000000533e-01
1.607333682188065268e+03,8.100000000000000533e-01
1.608096147151898776e+03,8.090000000000000524e-01
1.608858612115732285e+03,8.090000000000000524e-01
1.609621077079566021e+03,8.070000000000000506e-01
1.610383542043399757e+03,8.070000000000000506e-01
1.611146007007233266e+03,8.060000000000000497e-01
1.611908471971066774e+03,8.060000000000000497e-01
1.612670936934900510e+03,8.040000000000000480e-01
1.613433401898734246e+03,8.030000000000000471e-01
1.614195866862567982e+03,8.030000000000000471e-01
1.614958331826401491e+03,8.030000000000000471e-01
1.615720796790234999e+03,8.010000000000000453e-01
1.616483261754068735e+03,8.010000000000000453e-01
1.617245726717902471e+03,8.000000000000000444e-01
1.618008191681735980e+03,8.000000000000000444e-01
1.618770656645569488e+03,7.980000000000000426e-01
1.619533121609403224e+03,7.960000000000000409e-01
1.620295586573236960e+03,7.960000000000000409e-01
1.621058051537070696e+03,7.950000000000000400e-01
1.621820516500904205e+03,7.930000000000000382e-01
1.622582981464737713e+03,7.930000000000000382e-01
1.623345446428571449e+03,7.920000000000000373e-01
1.624107911392405185e+03,7.900000000000000355e-01
1.624870376356238694e+03,7.900000000000000355e-01
1.625632841320072430e+03,7.890000000000000346e-01
1.626395306283905938e+03,7.890000000000000346e-01
1.627157771247739674e+03,7.870000000000000329e-01
1.627920236211573183e+03,7.860000000000000320e-01
1.628682701175406919e+03,7.860000000000000320e-01
1.629445166139240428e+03,7.840000000000000302e-01
1.630207631103074164e+03,7.840000000000000302e-01
1.630970096066907672e+03,7.830000000000000293e-01
1.631732561030741408e+03,7.830000000000000293e-01
1.632495025994575144e+03,7.810000000000000275e-01
1.633257490958408653e+03,7.800000000000000266e-01
1.634019955922242389e+03,7.800000000000000266e-01
1.634782420886075897e+03,7.780000000000000249e-01
1.635544885849909633e+03,7.780000000000000249e-01
1.636307350813743142e+03,7.760000000000000231e-01
1.637069815777576878e+03,7.760000000000000231e-01
1.637832280741410386e+03,7.760000000000000231e-01
1.638594745705244122e+03,7.750000000000000222e-01
1.639357210669077858e+03,7.750000000000000222e-01
1.640119675632911367e+03,7.750000000000000222e-01
1.640882140596745103e+03,7.730000000000000204e-01
1.641644605560578611e+03,7.730000000000000204e-01
1.642407070524412347e+03,7.730000000000000204e-01
1.643169535488245856e+03,7.730000000000000204e-01
1.643932000452079592e+03,7.730000000000000204e-01
1.644694465415913101e+03,7.730000000000000204e-01
1.645456930379746836e+03,7.730000000000000204e-01
1.646219395343580572e+03,7.730000000000000204e-01
1.646981860307414081e+03,7.730000000000000204e-01
1.647744325271247817e+03,7.730000000000000204e-01
1.648506790235081326e+03,7.730000000000000204e-01
1.649269255198915062e+03,7.730000000000000204e-01
1.650031720162748570e+03,7.730000000000000204e-01
1.650794185126582306e+03,7.730000000000000204e-01
1.651556650090415815e+03,7.730000000000000204e-01
1.652319115054249551e+03,7.730000000000000204e-01
1.653081580018083287e+03,7.730000000000000204e-01
1.653844044981916795e+03,7.730000000000000204e-01
1.654606509945750531e+03,7.730000000000000204e-01
1.655368974909584040e+03,7.730000000000000204e-01
1.656131439873417776e+03,7.730000000000000204e-01
1.656893904837251284e+03,7.730000000000000204e-01
1.657656369801085020e+03,7.730000000000000204e-01
1.658418834764918529e+03,7.730000000000000204e-01
1.659181299728752265e+03,7.730000000000000204e-01
1.659943764692586001e+03,7.730000000000000204e-01
1.660706229656419509e+03,7.720000000000000195e-01
1.661468694620253245e+03,7.720000000000000195e-01
1.662231159584086754e+03,7.720000000000000195e-01
1.662993624547920490e+03,7.700000000000000178e-01
1.663756089511753999e+03,7.700000000000000178e-01
1.664518554475587734e+03,7.690000000000000169e-01
1.665281019439421243e+03,7.690000000000000169e-01
1.666043484403254979e+03,7.670000000000000151e-01
1.666805949367088715e+03,7.660000000000000142e-01
1.667568414330922224e+03,7.640000000000000124e-01
1.668330879294755960e+03,7.630000000000000115e-01
1.669093344258589468e+03,7.610000000000000098e-01
1.669855809222423204e+03,7.600000000000000089e-01
1.670618274186256713e+03,7.560000000000000053e-01
1.671380739150090449e+03,7.550000000000000044e-01
1.672143204113923957e+03,7.530000000000000027e-01
1.672905669077757693e+03,7.520000000000000018e-01
1.673668134041591429e+03,7.500000000000000000e-01
1.674430599005424938e+03,7.489999999999999991e-01
1.675193063969258674e+03,7.469999999999999973e-01
1.675955528933092182e+03,7.459999999999999964e-01
1.676717993896925918e+03,7.439999999999999947e-01
1.677480458860759427e+03,7.429999999999999938e-01
1.678242923824593163e+03,7.409999999999999920e-01
1.679005388788426671e+03,7.399999999999999911e-01
1.679767853752260407e+03,7.399999999999999911e-01
1.680530318716094143e+03,7.379999999999999893e-01
1.681292783679927652e+03,7.379999999999999893e-01
1.682055248643761388e+03,7.359999999999999876e-01
1.682817713607594897e+03,7.359999999999999876e-01
1.683580178571428632e+03,7.349999999999999867e-01
1.684342643535262141e+03,7.349999999999999867e-01
1.685105108499095877e+03,7.349999999999999867e-01
1.685867573462929386e+03,7.329999999999999849e-01
1.686630038426763122e+03,7.329999999999999849e-01
1.687392503390596858e+03,7.329999999999999849e-01
1.688154968354430366e+03,7.329999999999999849e-01
1.688917433318264102e+03,7.329999999999999849e-01
1.689679898282097611e+03,7.329999999999999849e-01
1.690442363245931347e+03,7.329999999999999849e-01
1.691204828209764855e+03,7.329999999999999849e-01
1.691967293173598591e+03,7.319999999999999840e-01
1.692729758137432100e+03,7.319999999999999840e-01
1.693492223101265836e+03,7.319999999999999840e-01
1.694254688065099572e+03,7.319999999999999840e-01
1.695017153028933080e+03,7.299999999999999822e-01
1.695779617992766816e+03,7.299999999999999822e-01
1.696542082956600325e+03,7.299999999999999822e-01
1.697304547920434061e+03,7.299999999999999822e-01
1.698067012884267569e+03,7.299999999999999822e-01
1.698829477848101305e+03,7.299999999999999822e-01
1.699591942811934814e+03,7.299999999999999822e-01
1.700354407775768550e+03,7.299999999999999822e-01
1.701116872739602286e+03,7.299999999999999822e-01
1.701879337703435795e+03,7.299999999999999822e-01
1.702641802667269531e+03,7.299999999999999822e-01
1.703404267631103039e+03,7.299999999999999822e-01
1.704166732594936775e+03,7.299999999999999822e-01
1.704929197558770284e+03,7.289999999999999813e-01
1.705691662522604020e+03,7.289999999999999813e-01
1.706454127486437528e+03,7.289999999999999813e-01
1.707216592450271264e+03,7.299999999999999822e-01
1.707979057414105000e+03,7.299999999999999822e-01
1.708741522377938509e+03,7.319999999999999840e-01
1.709503987341772245e+03,7.319999999999999840e-01
1.710266452305605753e+03,7.319999999999999840e-01
1.711028917269439489e+03,7.329999999999999849e-01
1.711791382233272998e+03,7.329999999999999849e-01
1.712553847197106734e+03,7.349999999999999867e-01
1.713316312160940242e+03,7.349999999999999867e-01
1.714078777124773978e+03,7.359999999999999876e-01
1.714841242088607714e+03,7.359999999999999876e-01
1.715603707052441223e+03,7.359999999999999876e-01
1.716366172016274959e+03,7.379999999999999893e-01
1.717128636980108467e+03,7.379999999999999893e-01
1.717891101943942203e+03,7.379999999999999893e-01
1.718653566907775712e+03,7.379999999999999893e-01
1.719416031871609448e+03,7.399999999999999911e-01
1.720178496835442957e+03,7.399999999999999911e-01
1.720940961799276693e+03,7.399999999999999911e-01
1.721703426763110201e+03,7.409999999999999920e-01
1.722465891726943937e+03,7.409999999999999920e-01
1.723228356690777673e+03,7.429999999999999938e-01
1.723990821654611182e+03,7.429999999999999938e-01
1.724753286618444918e+03,7.429999999999999938e-01
1.725515751582278426e+03,7.429999999999999938e-01
1.726278216546112162e+03,7.439999999999999947e-01
1.727040681509945671e+03,7.439999999999999947e-01
1.727803146473779407e+03,7.439999999999999947e-01
1.728565611437612915e+03,7.459999999999999964e-01
1.729328076401446651e+03,7.459999999999999964e-01
1.730090541365280387e+03,7.469999999999999973e-01
1.730853006329113896e+03,7.469999999999999973e-01
1.731615471292947632e+03,7.469999999999999973e-01
1.732377936256781140e+03,7.469999999999999973e-01
1.733140401220614876e+03,7.469999999999999973e-01
1.733902866184448385e+03,7.469999999999999973e-01
1.734665331148282121e+03,7.469999999999999973e-01
1.735427796112115630e+03,7.469999999999999973e-01
1.736190261075949365e+03,7.469999999999999973e-01
1.736952726039783101e+03,7.469999999999999973e-01
1.737715191003616610e+03,7.469999999999999973e-01
1.738477655967450346e+03,7.469999999999999973e-01
1.739240120931283855e+03,7.469999999999999973e-01
1.740002585895117591e+03,7.469999999999999973e-01
1.740765050858951099e+03,7.469999999999999973e-01
1.741527515822784835e+03,7.469999999999999973e-01
1.742289980786618344e+03,7.469999999999999973e-01
1.743052445750452080e+03,7.469999999999999973e-01
1.743814910714285816e+03,7.469999999999999973e-01
1.744577375678119324e+03,7.489999999999999991e-01
1.745339840641953060e+03,7.489999999999999991e-01
1.746102305605786569e+03,7.489999999999999991e-01
1.746864770569620305e+03,7.500000000000000000e-01
1.747627235533453813e+03,7.520000000000000018e-01
1.748389700497287549e+03,7.530000000000000027e-01
1.749152165461121058e+03,7.550000000000000044e-01
1.749914630424954794e+03,7.580000000000000071e-01
1.750677095388788530e+03,7.600000000000000089e-01
1.751439560352622038e+03,7.610000000000000098e-01
1.752202025316455774e+03,7.630000000000000115e-01
1.752964490280289283e+03,7.670000000000000151e-01
1.753726955244123019e+03,7.690000000000000169e-01
1.754489420207956528e+03,7.720000000000000195e-01
1.755251885171790263e+03,7.750000000000000222e-01
1.756014350135623772e+03,7.760000000000000231e-01
1.756776815099457508e+03,7.780000000000000249e-01
1.757539280063291244e+03,7.800000000000000266e-01
1.758301745027124753e+03,7.810000000000000275e-01
1.759064209990958489e+03,7.830000000000000293e-01
1.759826674954791997e+03,7.860000000000000320e-01
1.760589139918625733e+03,7.870000000000000329e-01
1.761351604882459242e+03,7.890000000000000346e-01
1.762114069846292978e+03,7.900000000000000355e-01
1.762876534810126486e+03,7.920000000000000373e-01
1.763638999773960222e+03,7.930000000000000382e-01
1.764401464737793958e+03,7.950000000000000400e-01
1.765163929701627467e+03,7.980000000000000426e-01
1.765926394665461203e+03,8.000000000000000444e-01
1.766688859629294711e+03,8.010000000000000453e-01
1.767451324593128447e+03,8.030000000000000471e-01
1.768213789556961956e+03,8.060000000000000497e-01
1.768976254520795692e+03,8.070000000000000506e-01
1.769738719484629200e+03,8.090000000000000524e-01
1.770501184448462936e+03,8.100000000000000533e-01
1.771263649412296672e+03,8.120000000000000551e-01
1.772026114376130181e+03,8.129999999999999449e-01
1.772788579339963917e+03,8.149999999999999467e-01
1.773551044303797426e+03,8.159999999999999476e-01
1.774313509267631161e+03,8.179999999999999494e-01
1.775075974231464670e+03,8.179999999999999494e-01
1.775838439195298406e+03,8.199999999999999512e-01
1.776600904159131915e+03,8.199999999999999512e-01
1.777363369122965651e+03,8.209999999999999520e-01
1.778125834086799387e+03,8.209999999999999520e-01
1.778888299050632895e+03,8.209999999999999520e-01
1.779650764014466631e+03,8.229999999999999538e-01
1.780413228978300140e+03,8.229999999999999538e-01
1.781175693942133876e+03,8.229999999999999538e-01
1.781938158905967384e+03,8.229999999999999538e-01
1.782700623869801120e+03,8.229999999999999538e-01
1.783463088833634629e+03,8.239999999999999547e-01
1.784225553797468365e+03,8.239999999999999547e-01
1.784988018761302101e+03,8.239999999999999547e-01
1.785750483725135609e+03,8.259999999999999565e-01
1.786512948688969345e+03,8.259999999999999565e-01
1.787275413652802854e+03,8.259999999999999565e-01
1.788037878616636590e+03,8.269999999999999574e-01
1.788800343580470098e+03,8.269999999999999574e-01
1.789562808544303834e+03,8.269999999999999574e-01
1.790325273508137343e+03,8.269999999999999574e-01
1.791087738471971079e+03,8.269999999999999574e-01
1.791850203435804815e+03,8.289999999999999591e-01
1.792612668399638324e+03,8.289999999999999591e-01
1.793375133363472060e+03,8.289999999999999591e-01
1.794137598327305568e+03,8.299999999999999600e-01
1.794900063291139304e+03,8.299999999999999600e-01
1.795662528254972813e+03,8.299999999999999600e-01
1.796424993218806549e+03,8.299999999999999600e-01
1.797187458182640057e+03,8.299999999999999600e-01
1.797949923146473793e+03,8.319999999999999618e-01
1.798712388110307529e+03,8.319999999999999618e-01
1.799474853074141038e+03,8.319999999999999618e-01
1.800237318037974774e+03,8.319999999999999618e-01
1.800999783001808282e+03,8.319999999999999618e-01
1.801762247965642018e+03,8.319999999999999618e-01
1.802524712929475527e+03,8.319999999999999618e-01
1.803287177893309263e+03,8.319999999999999618e-01
1.804049642857142771e+03,8.319999999999999618e-01
1.804812107820976507e+03,8.329999999999999627e-01
1.805574572784810243e+03,8.329999999999999627e-01
1.806337037748643752e+03,8.329999999999999627e-01
1.807099502712477488e+03,8.329999999999999627e-01
1.807861967676310996e+03,8.329999999999999627e-01
1.808624432640144732e+03,8.329999999999999627e-01
1.809386897603978241e+03,8.329999999999999627e-01
1.810149362567811977e+03,8.329999999999999627e-01
1.810911827531645486e+03,8.329999999999999627e-01
1.811674292495479222e+03,8.329999999999999627e-01
1.812436757459312958e+03,8.329999999999999627e-01
1.813199222423146466e+03,8.329999999999999627e-01
1.813961687386980202e+03,8.349999999999999645e-01
1.814724152350813711e+03,8.349999999999999645e-01
1.815486617314647447e+03,8.349999999999999645e-01
1.816249082278480955e+03,8.349999999999999645e-01
1.817011547242314691e+03,8.349999999999999645e-01
1.817774012206148200e+03,8.349999999999999645e-01
1.818536477169981936e+03,8.349999999999999645e-01
1.819298942133815672e+03,8.349999999999999645e-01
1.820061407097649180e+03,8.349999999999999645e-01
1.820823872061482916e+03,8.349999999999999645e-01
1.821586337025316425e+03,8.349999999999999645e-01
1.822348801989150161e+03,8.349999999999999645e-01
1.823111266952983669e+03,8.349999999999999645e-01
1.823873731916817405e+03,8.349999999999999645e-01
1.824636196880650914e+03,8.349999999999999645e-01
1.825398661844484650e+03,8.349999999999999645e-01
1.826161126808318159e+03,8.349999999999999645e-01
1.826923591772151894e+03,8.349999999999999645e-01
1.827686056735985630e+03,8.349999999999999645e-01
1.828448521699819139e+03,8.359999999999999654e-01
1.829210986663652875e+03,8.359999999999999654e-01
1.829973451627486384e+03,8.349999999999999645e-01
1.830735916591320120e+03,8.349999999999999645e-01
1.831498381555153628e+03,8.349999999999999645e-01
1.832260846518987364e+03,8.359999999999999654e-01
1.833023311482820873e+03,8.359999999999999654e-01
1.833785776446654609e+03,8.359999999999999654e-01
1.834548241410488345e+03,8.359999999999999654e-01
1.835310706374321853e+03,8.359999999999999654e-01
1.836073171338155589e+03,8.359999999999999654e-01
1.836835636301989098e+03,8.359999999999999654e-01
1.837598101265822834e+03,8.359999999999999654e-01
1.838360566229656342e+03,8.359999999999999654e-01
1.839123031193490078e+03,8.359999999999999654e-01
1.839885496157323587e+03,8.359999999999999654e-01
1.840647961121157323e+03,8.359999999999999654e-01
1.841410426084991059e+03,8.359999999999999654e-01
1.842172891048824567e+03,8.359999999999999654e-01
1.842935356012658303e+03,8.349999999999999645e-01
1.843697820976491812e+03,8.349999999999999645e-01
1.844460285940325548e+03,8.349999999999999645e-01
1.845222750904159057e+03,8.349999999999999645e-01
1.845985215867992792e+03,8.349999999999999645e-01
1.846747680831826301e+03,8.349999999999999645e-01
1.847510145795660037e+03,8.349999999999999645e-01
1.848272610759493773e+03,8.349999999999999645e-01
1.849035075723327282e+03,8.349999999999999645e-01
1.849797540687161018e+03,8.349999999999999645e-01
1.850560005650994526e+03,8.349999999999999645e-01
1.851322470614828262e+03,8.349999999999999645e-01
1.852084935578661771e+03,8.349999999999999645e-01
1.852847400542495507e+03,8.349999999999999645e-01
1.853609865506329015e+03,8.349999999999999645e-01
1.854372330470162751e+03,8.349999999999999645e-01
1.855134795433996487e+03,8.349999999999999645e-01
1.855897260397829996e+03,8.349999999999999645e-01
1.856659725361663732e+03,8.349999999999999645e-01
1.857422190325497240e+03,8.349999999999999645e-01
1.858184655289330976e+03,8.349999999999999645e-01
1.858947120253164485e+03,8.349999999999999645e-01
1.859709585216998221e+03,8.349999999999999645e-01
1.860472050180831729e+03,8.349999999999999645e-01
1.861234515144665465e+03,8.349999999999999645e-01
1.861996980108499201e+03,8.349999999999999645e-01
1.862759445072332710e+03,8.349999999999999645e-01
1.863521910036166446e+03,8.349999999999999645e-01
1.864284374999999955e+03,8.349999999999999645e-01
1.865046839963833690e+03,8.349999999999999645e-01
1.865809304927667199e+03,8.349999999999999645e-01
1.866571769891500935e+03,8.349999999999999645e-01
1.867334234855334444e+03,8.349999999999999645e-01
1.868096699819168180e+03,8.349999999999999645e-01
1.868859164783001916e+03,8.349999999999999645e-01
1.869621629746835424e+03,8.349999999999999645e-01
1.870384094710669160e+03,8.349999999999999645e-01
1.871146559674502669e+03,8.349999999999999645e-01
1.871909024638336405e+03,8.349999999999999645e-01
1.872671489602169913e+03,8.349999999999999645e-01
1.873433954566003649e+03,8.349999999999999645e-01
1.874196419529837158e+03,8.349999999999999645e-01
1.874958884493670894e+03,8.359999999999999654e-01
1.875721349457504630e+03,8.359999999999999654e-01
1.876483814421338138e+03,8.359999999999999654e-01
1.877246279385171874e+03,8.359999999999999654e-01
1.878008744349005383e+03,8.359999999999999654e-01
1.878771209312839119e+03,8.359999999999999654e-01
1.879533674276672627e+03,8.359999999999999654e-01
1.880296139240506363e+03,8.359999999999999654e-01
1.881058604204339872e+03,8.379999999999999671e-01
1.881821069168173608e+03,8.379999999999999671e-01
1.882583534132007344e+03,8.379999999999999671e-01
1.883345999095840853e+03,8.379999999999999671e-01
1.884108464059674588e+03,8.379999999999999671e-01
1.884870929023508097e+03,8.379999999999999671e-01
1.885633393987341833e+03,8.379999999999999671e-01
1.886395858951175342e+03,8.379999999999999671e-01
1.887158323915009078e+03,8.379999999999999671e-01
1.887920788878842586e+03,8.379999999999999671e-01
1.888683253842676322e+03,8.399999999999999689e-01
1.889445718806510058e+03,8.399999999999999689e-01
1.890208183770343567e+03,8.399999999999999689e-01
1.890970648734177303e+03,8.399999999999999689e-01
1.891733113698010811e+03,8.399999999999999689e-01
1.892495578661844547e+03,8.399999999999999689e-01
1.893258043625678056e+03,8.399999999999999689e-01
1.894020508589511792e+03,8.399999999999999689e-01
1.894782973553345300e+03,8.399999999999999689e-01
1.895545438517179036e+03,8.399999999999999689e-01
1.896307903481012772e+03,8.399999999999999689e-01
1.897070368444846281e+03,8.409999999999999698e-01
1.897832833408680017e+03,8.409999999999999698e-01
1.898595298372513525e+03,8.409999999999999698e-01
1.899357763336347261e+03,8.409999999999999698e-01
1.900120228300180770e+03,8.409999999999999698e-01
1.900882693264014506e+03,8.409999999999999698e-01
1.901645158227848015e+03,8.409999999999999698e-01
1.902407623191681751e+03,8.429999999999999716e-01
1.903170088155515487e+03,8.429999999999999716e-01
1.903932553119348995e+03,8.429999999999999716e-01
1.904695018083182731e+03,8.429999999999999716e-01
1.905457483047016240e+03,8.409999999999999698e-01
1.906219948010849976e+03,8.409999999999999698e-01
1.906982412974683484e+03,8.409999999999999698e-01
1.907744877938517220e+03,8.409999999999999698e-01
1.908507342902350729e+03,8.409999999999999698e-01
1.909269807866184465e+03,8.409999999999999698e-01
1.910032272830018201e+03,8.409999999999999698e-01
1.910794737793851709e+03,8.409999999999999698e-01
1.911557202757685445e+03,8.409999999999999698e-01
1.912319667721518954e+03,8.429999999999999716e-01
1.913082132685352690e+03,8.429999999999999716e-01
1.913844597649186198e+03,8.429999999999999716e-01
1.914607062613019934e+03,8.429999999999999716e-01
1.915369527576853443e+03,8.429999999999999716e-01
1.916131992540687179e+03,8.429999999999999716e-01
1.916894457504520688e+03,8.429999999999999716e-01
1.917656922468354423e+03,8.429999999999999716e-01
1.918419387432188159e+03,8.429999999999999716e-01
1.919181852396021668e+03,8.429999999999999716e-01
1.919944317359855404e+03,8.429999999999999716e-01
1.920706782323688913e+03,8.429999999999999716e-01
1.921469247287522649e+03,8.439999999999999725e-01
1.922231712251356157e+03,8.439999999999999725e-01
1.922994177215189893e+03,8.439999999999999725e-01
1.923756642179023402e+03,8.439999999999999725e-01
1.924519107142857138e+03,8.439999999999999725e-01
1.925281572106690874e+03,8.439999999999999725e-01
1.926044037070524382e+03,8.439999999999999725e-01
1.926806502034358118e+03,8.439999999999999725e-01
1.927568966998191627e+03,8.439999999999999725e-01
1.928331431962025363e+03,8.439999999999999725e-01
1.929093896925858871e+03,8.439999999999999725e-01
1.929856361889692607e+03,8.439999999999999725e-01
1.930618826853526116e+03,8.439999999999999725e-01
1.931381291817359852e+03,8.439999999999999725e-01
1.932143756781193588e+03,8.439999999999999725e-01
1.932906221745027096e+03,8.429999999999999716e-01
1.933668686708860832e+03,8.429999999999999716e-01
1.934431151672694341e+03,8.429999999999999716e-01
1.935193616636528077e+03,8.429999999999999716e-01
1.935956081600361586e+03,8.429999999999999716e-01
1.936718546564195321e+03,8.429999999999999716e-01
1.937481011528028830e+03,8.429999999999999716e-01
1.938243476491862566e+03,8.429999999999999716e-01
1.939005941455696302e+03,8.429999999999999716e-01
1.939768406419529811e+03,8.409999999999999698e-01
1.940530871383363547e+03,8.409999999999999698e-01
1.941293336347197055e+03,8.409999999999999698e-01
1.942055801311030791e+03,8.399999999999999689e-01
1.942818266274864300e+03,8.379999999999999671e-01
1.943580731238698036e+03,8.379999999999999671e-01
1.944343196202531544e+03,8.359999999999999654e-01
1.945105661166365280e+03,8.349999999999999645e-01
1.945868126130199016e+03,8.329999999999999627e-01
1.946630591094032525e+03,8.319999999999999618e-01
1.947393056057866261e+03,8.299999999999999600e-01
1.948155521021699769e+03,8.269999999999999574e-01
1.948917985985533505e+03,8.239999999999999547e-01
1.949680450949367014e+03,8.229999999999999538e-01
1.950442915913200750e+03,8.199999999999999512e-01
1.951205380877034258e+03,8.179999999999999494e-01
1.951967845840867994e+03,8.179999999999999494e-01
1.952730310804701730e+03,8.199999999999999512e-01
1.953492775768535239e+03,8.209999999999999520e-01
1.954255240732368975e+03,8.239999999999999547e-01
1.955017705696202484e+03,8.269999999999999574e-01
1.955780170660036219e+03,8.299999999999999600e-01
1.956542635623869728e+03,8.319999999999999618e-01
1.957305100587703464e+03,8.359999999999999654e-01
1.958067565551536973e+03,8.399999999999999689e-01
1.958830030515370709e+03,8.429999999999999716e-01
1.959592495479204445e+03,8.439999999999999725e-01
1.960354960443037953e+03,8.459999999999999742e-01
1.961117425406871689e+03,8.469999999999999751e-01
1.961879890370705198e+03,8.469999999999999751e-01
1.962642355334538934e+03,8.469999999999999751e-01
1.963404820298372442e+03,8.469999999999999751e-01
1.964167285262206178e+03,8.489999999999999769e-01
1.964929750226039687e+03,8.489999999999999769e-01
1.965692215189873423e+03,8.489999999999999769e-01
1.966454680153707159e+03,8.499999999999999778e-01
1.967217145117540667e+03,8.499999999999999778e-01
1.967979610081374403e+03,8.499999999999999778e-01
1.968742075045207912e+03,8.499999999999999778e-01
1.969504540009041648e+03,8.499999999999999778e-01
1.970267004972875156e+03,8.499999999999999778e-01
1.971029469936708892e+03,8.499999999999999778e-01
1.971791934900542401e+03,8.499999999999999778e-01
1.972554399864376137e+03,8.499999999999999778e-01
1.973316864828209873e+03,8.499999999999999778e-01
1.974079329792043382e+03,8.499999999999999778e-01
1.974841794755877117e+03,8.499999999999999778e-01
1.975604259719710626e+03,8.499999999999999778e-01
1.976366724683544362e+03,8.499999999999999778e-01
1.977129189647377871e+03,8.499999999999999778e-01
1.977891654611211607e+03,8.499999999999999778e-01
1.978654119575045115e+03,8.499999999999999778e-01
1.979416584538878851e+03,8.499999999999999778e-01
1.980179049502712587e+03,8.499999999999999778e-01
1.980941514466546096e+03,8.499999999999999778e-01
1.981703979430379832e+03,8.499999999999999778e-01
1.982466444394213340e+03,8.499999999999999778e-01
1.983228909358047076e+03,8.499999999999999778e-01
1.983991374321880585e+03,8.499999999999999778e-01
1.984753839285714321e+03,8.499999999999999778e-01
1.985516304249547829e+03,8.499999999999999778e-01
1.986278769213381565e+03,8.499999999999999778e-01
1.987041234177215301e+03,8.499999999999999778e-01
1.987803699141048810e+03,8.499999999999999778e-01
1.988566164104882546e+03,8.499999999999999778e-01
1.989328629068716054e+03,8.499999999999999778e-01
1.990091094032549790e+03,8.499999999999999778e-01
1.990853558996383299e+03,8.499999999999999778e-01
1.991616023960217035e+03,8.499999999999999778e-01
1.992378488924050544e+03,8.499999999999999778e-01
1.993140953887884280e+03,8.499999999999999778e-01
1.993903418851718016e+03,8.489999999999999769e-01
1.994665883815551524e+03,8.489999999999999769e-01
1.995428348779385260e+03,8.489999999999999769e-01
1.996190813743218769e+03,8.489999999999999769e-01
1.996953278707052505e+03,8.489999999999999769e-01
1.997715743670886013e+03,8.489999999999999769e-01
1.998478208634719749e+03,8.489999999999999769e-01
1.999240673598553258e+03,8.469999999999999751e-01
2.000003138562386994e+03,8.469999999999999751e-01
2.000765603526220730e+03,8.469999999999999751e-01
2.001528068490054238e+03,8.469999999999999751e-01
2.002290533453887974e+03,8.469999999999999751e-01
2.003052998417721483e+03,8.469999999999999751e-01
2.003815463381555219e+03,8.469999999999999751e-01
2.004577928345388727e+03,8.469999999999999751e-01
2.005340393309222463e+03,8.469999999999999751e-01
2.006102858273055972e+03,8.469999999999999751e-01
2.006865323236889708e+03,8.469999999999999751e-01
2.007627788200723444e+03,8.469999999999999751e-01
2.008390253164556952e+03,8.469999999999999751e-01
2.009152718128390688e+03,8.469999999999999751e-01
2.009915183092224197e+03,8.469999999999999751e-01
2.010677648056057933e+03,8.469999999999999751e-01
2.011440113019891442e+03,8.469999999999999751e-01
2.012202577983725178e+03,8.469999999999999751e-01
2.012965042947558686e+03,8.469999999999999751e-01
2.013727507911392422e+03,8.469999999999999751e-01
2.014489972875226158e+03,8.469999999999999751e-01
2.015252437839059667e+03,8.469999999999999751e-01
2.016014902802893403e+03,8.469999999999999751e-01
2.016777367766726911e+03,8.469999999999999751e-01
2.017539832730560647e+03,8.469999999999999751e-01
2.018302297694394156e+03,8.469999999999999751e-01
2.019064762658227892e+03,8.469999999999999751e-01
2.019827227622061400e+03,8.469999999999999751e-01
2.020589692585895136e+03,8.469999999999999751e-01
2.021352157549728645e+03,8.469999999999999751e-01
2.022114622513562381e+03,8.469999999999999751e-01
2.022877087477396117e+03,8.469999999999999751e-01
2.023639552441229625e+03,8.469999999999999751e-01
2.024402017405063361e+03,8.469999999999999751e-01
2.025164482368896870e+03,8.469999999999999751e-01
2.025926947332730606e+03,8.469999999999999751e-01
2.026689412296564115e+03,8.469999999999999751e-01
2.027451877260397850e+03,8.469999999999999751e-01
2.028214342224231359e+03,8.469999999999999751e-01
2.028976807188065095e+03,8.469999999999999751e-01
2.029739272151898831e+03,8.469999999999999751e-01
2.030501737115732340e+03,8.469999999999999751e-01
2.031264202079566076e+03,8.469999999999999751e-01
2.032026667043399584e+03,8.469999999999999751e-01
2.032789132007233320e+03,8.469999999999999751e-01
2.033551596971066829e+03,8.469999999999999751e-01
2.034314061934900565e+03,8.469999999999999751e-01
2.035076526898734073e+03,8.469999999999999751e-01
2.035838991862567809e+03,8.469999999999999751e-01
2.036601456826401545e+03,8.469999999999999751e-01
2.037363921790235054e+03,8.469999999999999751e-01
2.038126386754068790e+03,8.469999999999999751e-01
2.038888851717902298e+03,8.469999999999999751e-01
2.039651316681736034e+03,8.469999999999999751e-01
2.040413781645569543e+03,8.469999999999999751e-01
2.041176246609403279e+03,8.469999999999999751e-01
2.041938711573236787e+03,8.469999999999999751e-01
2.042701176537070523e+03,8.469999999999999751e-01
2.043463641500904259e+03,8.469999999999999751e-01
2.044226106464737768e+03,8.469999999999999751e-01
2.044988571428571504e+03,8.469999999999999751e-01
2.045751036392405013e+03,8.469999999999999751e-01
2.046513501356238748e+03,8.469999999999999751e-01
2.047275966320072257e+03,8.469999999999999751e-01
2.048038431283905993e+03,8.469999999999999751e-01
2.048800896247739729e+03,8.469999999999999751e-01
2.049563361211573465e+03,8.467000000000000082e-01
2.050325826175407201e+03,8.465000000000000302e-01
2.051088291139240482e+03,8.461999999999999522e-01
2.051850756103074218e+03,8.459999999999999742e-01
2.052613221066907499e+03,8.459999999999999742e-01
2.053375686030741235e+03,8.459999999999999742e-01
2.054138150994574971e+03,8.459999999999999742e-01
2.054900615958408707e+03,8.459999999999999742e-01
2.055663080922242443e+03,8.459999999999999742e-01
2.056425545886076179e+03,8.459999999999999742e-01
2.057188010849909915e+03,8.459999999999999742e-01
2.057950475813743196e+03,8.459999999999999742e-01
2.058712940777576932e+03,8.459999999999999742e-01
2.059475405741410214e+03,8.459999999999999742e-01
2.060237870705243949e+03,8.459999999999999742e-01
2.061000335669077685e+03,8.459999999999999742e-01
2.061762800632911421e+03,8.459999999999999742e-01
2.062525265596745157e+03,8.459999999999999742e-01
2.063287730560578893e+03,8.459999999999999742e-01
2.064050195524412629e+03,8.459999999999999742e-01
2.064812660488245911e+03,8.459999999999999742e-01
2.065575125452079646e+03,8.459999999999999742e-01
2.066337590415912928e+03,8.459999999999999742e-01
2.067100055379746664e+03,8.458999999999999853e-01
2.067862520343580400e+03,8.454000000000000403e-01
2.068624985307414136e+03,8.448999999999999844e-01
2.069387450271247872e+03,8.444000000000000394e-01
2.070149915235081608e+03,8.439999999999999725e-01
2.070912380198915343e+03,8.439999999999999725e-01
2.071674845162748625e+03,8.439999999999999725e-01
2.072437310126582361e+03,8.439999999999999725e-01
2.073199775090415642e+03,8.438999999999999835e-01
2.073962240054249378e+03,8.437000000000000055e-01
2.074724705018083114e+03,8.434000000000000385e-01
2.075487169981916850e+03,8.431999999999999496e-01
2.076249634945750586e+03,8.429999999999999716e-01
2.077012099909584322e+03,8.429999999999999716e-01
2.077774564873418058e+03,8.429999999999999716e-01
2.078537029837251339e+03,8.429999999999999716e-01
2.079299494801085075e+03,8.429999999999999716e-01
2.080061959764918356e+03,8.429999999999999716e-01
2.080824424728752092e+03,8.429999999999999716e-01
2.081586889692585828e+03,8.429999999999999716e-01
2.082349354656419564e+03,8.427999999999999936e-01
2.083111819620253300e+03,8.423000000000000487e-01
2.083874284584087036e+03,8.417999999999999927e-01
2.084636749547920772e+03,8.413000000000000478e-01
2.085399214511754053e+03,8.409999999999999698e-01
2.086161679475587789e+03,8.409999999999999698e-01
2.086924144439421070e+03,8.409999999999999698e-01
2.087686609403254806e+03,8.409999999999999698e-01
2.088449074367088542e+03,8.411999999999999478e-01
2.089211539330922278e+03,8.417000000000000037e-01
2.089974004294756014e+03,8.421999999999999487e-01
2.090736469258589750e+03,8.427000000000000046e-01
2.091498934222423486e+03,8.429999999999999716e-01
2.092261399186256767e+03,8.429999999999999716e-01
2.093023864150090503e+03,8.429999999999999716e-01
2.093786329113923784e+03,8.429999999999999716e-01
2.094548794077757520e+03,8.429999999999999716e-01
2.095311259041591256e+03,8.429999999999999716e-01
2.096073724005424992e+03,8.429999999999999716e-01
2.096836188969258728e+03,8.429999999999999716e-01
2.097598653933092464e+03,8.430999999999999606e-01
2.098361118896926200e+03,8.434000000000000385e-01
2.099123583860759481e+03,8.436000000000000165e-01
2.099886048824593217e+03,8.438999999999999835e-01
2.100648513788426499e+03,8.439999999999999725e-01
2.101410978752260235e+03,8.439999999999999725e-01
2.102173443716093971e+03,8.439999999999999725e-01
2.102935908679927707e+03,8.439999999999999725e-01
2.103698373643761443e+03,8.439999999999999725e-01
2.104460838607595178e+03,8.439999999999999725e-01
2.105223303571428914e+03,8.439999999999999725e-01
2.105985768535262196e+03,8.439999999999999725e-01
2.106748233499095932e+03,8.441999999999999504e-01
2.107510698462929213e+03,8.447000000000000064e-01
2.108273163426762949e+03,8.451999999999999513e-01
2.109035628390596685e+03,8.457000000000000073e-01
2.109798093354430421e+03,8.459999999999999742e-01
2.110560558318264157e+03,8.459999999999999742e-01
2.111323023282097893e+03,8.459999999999999742e-01
2.112085488245931174e+03,8.459999999999999742e-01
2.112847953209764910e+03,8.459999999999999742e-01
2.113610418173598646e+03,8.459999999999999742e-01
2.114372883137431927e+03,8.459999999999999742e-01
2.115135348101265663e+03,8.459999999999999742e-01
2.115897813065099399e+03,8.459999999999999742e-01
2.116660278028933135e+03,8.459999999999999742e-01
2.117422742992766871e+03,8.459999999999999742e-01
2.118185207956600607e+03,8.459999999999999742e-01
2.118947672920433888e+03,8.459999999999999742e-01
2.119710137884267624e+03,8.459999999999999742e-01
2.120472602848101360e+03,8.459999999999999742e-01
2.121235067811934641e+03,8.459999999999999742e-01
2.121997532775768377e+03,8.459999999999999742e-01
2.122759997739602113e+03,8.459999999999999742e-01
2.123522462703435849e+03,8.459999999999999742e-01
2.124284927667269585e+03,8.459999999999999742e-01
2.125047392631103321e+03,8.459999999999999742e-01
2.125809857594936602e+03,8.459999999999999742e-01
2.126572322558770338e+03,8.459999999999999742e-01
2.127334787522604074e+03,8.459999999999999742e-01
2.128097252486437355e+03,8.460999999999999632e-01
2.128859717450271091e+03,8.464000000000000412e-01
2.129622182414104827e+03,8.466000000000000192e-01
2.130384647377938563e+03,8.468999999999999861e-01
2.131147112341772299e+03,8.469999999999999751e-01
2.131909577305606035e+03,8.469999999999999751e-01
2.132672042269439316e+03,8.469999999999999751e-01
2.133434507233273052e+03,8.469999999999999751e-01
2.134196972197106788e+03,8.469999999999999751e-01
2.134959437160940070e+03,8.469999999999999751e-01
2.135721902124773806e+03,8.469999999999999751e-01
2.136484367088607542e+03,8.469999999999999751e-01
2.137246832052441277e+03,8.469999999999999751e-01
2.138009297016275013e+03,8.469999999999999751e-01
2.138771761980108749e+03,8.469999999999999751e-01
2.139534226943942031e+03,8.469999999999999751e-01
2.140296691907775767e+03,8.469999999999999751e-01
2.141059156871609503e+03,8.469999999999999751e-01
2.141821621835442784e+03,8.469999999999999751e-01
2.142584086799276520e+03,8.469999999999999751e-01
2.143346551763110256e+03,8.469999999999999751e-01
2.144109016726943992e+03,8.469999999999999751e-01
2.144871481690777728e+03,8.469999999999999751e-01
2.145633946654611464e+03,8.469999999999999751e-01
2.146396411618444745e+03,8.469999999999999751e-01
2.147158876582278481e+03,8.469999999999999751e-01
2.147921341546112217e+03,8.469999999999999751e-01
2.148683806509945498e+03,8.469999999999999751e-01
2.149446271473779234e+03,8.469999999999999751e-01
2.150208736437612970e+03,8.469999999999999751e-01
2.150971201401446706e+03,8.469999999999999751e-01
2.151733666365280442e+03,8.469999999999999751e-01
2.152496131329114178e+03,8.469999999999999751e-01
2.153258596292947459e+03,8.469999999999999751e-01
2.154021061256781195e+03,8.469999999999999751e-01
2.154783526220614931e+03,8.469999999999999751e-01
2.155545991184448212e+03,8.469999999999999751e-01
2.156308456148281948e+03,8.469999999999999751e-01
2.157070921112115684e+03,8.469999999999999751e-01
2.157833386075949420e+03,8.469999999999999751e-01
2.158595851039783156e+03,8.469999999999999751e-01
2.159358316003616892e+03,8.469999999999999751e-01
2.160120780967450173e+03,8.469999999999999751e-01
2.160883245931283909e+03,8.469999999999999751e-01
2.161645710895117645e+03,8.469999999999999751e-01
2.162408175858950926e+03,8.469999999999999751e-01
2.163170640822784662e+03,8.469999999999999751e-01
2.163933105786618398e+03,8.469999999999999751e-01
2.164695570750452134e+03,8.469999999999999751e-01
2.165458035714285870e+03,8.469999999999999751e-01
2.166220500678119606e+03,8.469999999999999751e-01
2.166982965641952887e+03,8.469999999999999751e-01
2.167745430605786623e+03,8.469999999999999751e-01
2.168507895569620359e+03,8.469999999999999751e-01
2.169270360533453641e+03,8.469999999999999751e-01
2.170032825497287376e+03,8.469999999999999751e-01
2.170795290461121112e+03,8.469999999999999751e-01
2.171557755424954848e+03,8.469999999999999751e-01
2.172320220388788584e+03,8.469999999999999751e-01
2.173082685352622320e+03,8.469999999999999751e-01
2.173845150316455602e+03,8.474000000000000421e-01
2.174607615280289338e+03,8.478999999999999870e-01
2.175370080244123073e+03,8.484000000000000430e-01
2.176132545207956355e+03,8.488999999999999879e-01
2.176895010171790091e+03,8.489999999999999769e-01
2.177657475135623827e+03,8.489999999999999769e-01
2.178419940099457563e+03,8.489999999999999769e-01
2.179182405063291299e+03,8.489999999999999769e-01
2.179944870027125035e+03,8.489999999999999769e-01
2.180707334990958316e+03,8.489999999999999769e-01
2.181469799954792052e+03,8.489999999999999769e-01
2.182232264918625788e+03,8.489999999999999769e-01
2.182994729882459069e+03,8.489999999999999769e-01
2.183757194846292805e+03,8.489999999999999769e-01
2.184519659810126541e+03,8.489999999999999769e-01
2.185282124773960277e+03,8.489999999999999769e-01
2.186044589737794013e+03,8.489999999999999769e-01
2.186807054701627749e+03,8.489999999999999769e-01
2.187569519665461030e+03,8.489999999999999769e-01
2.188331984629294766e+03,8.489999999999999769e-01
2.189094449593128502e+03,8.489999999999999769e-01
2.189856914556961783e+03,8.489999999999999769e-01
2.190619379520795519e+03,8.489999999999999769e-01
2.191381844484629255e+03,8.489999999999999769e-01
2.192144309448462991e+03,8.489999999999999769e-01
2.192906774412296727e+03,8.489999999999999769e-01
2.193669239376130463e+03,8.489999999999999769e-01
2.194431704339963744e+03,8.489999999999999769e-01
2.195194169303797480e+03,8.489999999999999769e-01
2.195956634267631216e+03,8.489999999999999769e-01
2.196719099231464497e+03,8.489999999999999769e-01
2.197481564195298233e+03,8.489999999999999769e-01
2.198244029159131969e+03,8.489999999999999769e-01
2.199006494122965705e+03,8.489999999999999769e-01
2.199768959086799441e+03,8.489999999999999769e-01
2.200531424050633177e+03,8.489999999999999769e-01
2.201293889014466458e+03,8.489999999999999769e-01
2.202056353978300194e+03,8.489999999999999769e-01
2.202818818942133930e+03,8.489999999999999769e-01
2.203581283905967211e+03,8.489999999999999769e-01
2.204343748869800947e+03,8.486000000000000210e-01
2.205106213833634683e+03,8.480999999999999650e-01
2.205868678797468419e+03,8.476000000000000201e-01
2.206631143761302155e+03,8.470999999999999641e-01
2.207393608725135891e+03,8.469999999999999751e-01
2.208156073688969173e+03,8.469999999999999751e-01
2.208918538652802908e+03,8.469999999999999751e-01
2.209681003616636644e+03,8.469999999999999751e-01
2.210443468580469926e+03,8.469999999999999751e-01
2.211205933544303662e+03,8.469999999999999751e-01
2.211968398508137398e+03,8.469999999999999751e-01
2.212730863471971134e+03,8.469999999999999751e-01
2.213493328435804870e+03,8.469999999999999751e-01
2.214255793399638605e+03,8.469999999999999751e-01
2.215018258363471887e+03,8.469999999999999751e-01
2.215780723327305623e+03,8.469999999999999751e-01
2.216543188291138904e+03,8.469999999999999751e-01
2.217305653254972640e+03,8.469999999999999751e-01
2.218068118218806376e+03,8.469999999999999751e-01
2.218830583182640112e+03,8.469999999999999751e-01
2.219593048146473848e+03,8.469999999999999751e-01
2.220355513110307584e+03,8.469999999999999751e-01
2.221117978074141320e+03,8.469999999999999751e-01
2.221880443037974601e+03,8.469999999999999751e-01
2.222642908001808337e+03,8.469999999999999751e-01
2.223405372965641618e+03,8.469999999999999751e-01
2.224167837929475354e+03,8.469999999999999751e-01
2.224930302893309090e+03,8.469999999999999751e-01
2.225692767857142826e+03,8.469999999999999751e-01
2.226455232820976562e+03,8.469999999999999751e-01
2.227217697784810298e+03,8.469999999999999751e-01
2.227980162748644034e+03,8.469999999999999751e-01
2.228742627712477315e+03,8.469999999999999751e-01
2.229505092676311051e+03,8.469999999999999751e-01
2.230267557640144332e+03,8.469999999999999751e-01
2.231030022603978068e+03,8.469999999999999751e-01
2.231792487567811804e+03,8.469999999999999751e-01
2.232554952531645540e+03,8.469999999999999751e-01
2.233317417495479276e+03,8.469999999999999751e-01
2.234079882459313012e+03,8.469999999999999751e-01
2.234842347423146748e+03,8.469999999999999751e-01
2.235604812386980029e+03,8.469999999999999751e-01
2.236367277350813765e+03,8.469999999999999751e-01
2.237129742314647046e+03,8.469999999999999751e-01
2.237892207278480782e+03,8.469999999999999751e-01
2.238654672242314518e+03,8.469999999999999751e-01
2.239417137206148254e+03,8.469999999999999751e-01
2.240179602169981990e+03,8.469999999999999751e-01
2.240942067133815726e+03,8.469999999999999751e-01
2.241704532097649462e+03,8.469999999999999751e-01
2.242466997061482743e+03,8.469999999999999751e-01
2.243229462025316479e+03,8.469999999999999751e-01
2.243991926989149761e+03,8.469999999999999751e-01
2.244754391952983497e+03,8.469999999999999751e-01
2.245516856916817233e+03,8.469999999999999751e-01
2.246279321880650969e+03,8.469999999999999751e-01
2.247041786844484704e+03,8.469999999999999751e-01
2.247804251808318440e+03,8.469999999999999751e-01
2.248566716772152176e+03,8.469999999999999751e-01
2.249329181735985458e+03,8.469999999999999751e-01
2.250091646699819194e+03,8.469999999999999751e-01
2.250854111663652475e+03,8.469999999999999751e-01
2.251616576627486211e+03,8.469999999999999751e-01
2.252379041591319947e+03,8.469999999999999751e-01
2.253141506555153683e+03,8.469999999999999751e-01
2.253903971518987419e+03,8.469999999999999751e-01
2.254666436482821155e+03,8.469999999999999751e-01
2.255428901446654891e+03,8.469999999999999751e-01
2.256191366410488172e+03,8.469999999999999751e-01
2.256953831374321908e+03,8.469999999999999751e-01
2.257716296338155189e+03,8.469999999999999751e-01
2.258478761301988925e+03,8.469999999999999751e-01
2.259241226265822661e+03,8.469999999999999751e-01
2.260003691229656397e+03,8.469999999999999751e-01
2.260766156193490133e+03,8.469999999999999751e-01
2.261528621157323869e+03,8.469999999999999751e-01
2.262291086121157605e+03,8.469999999999999751e-01
2.263053551084990886e+03,8.469999999999999751e-01
2.263816016048824622e+03,8.469999999999999751e-01
2.264578481012657903e+03,8.469999999999999751e-01
2.265340945976491639e+03,8.469999999999999751e-01
2.266103410940325375e+03,8.469999999999999751e-01
2.266865875904159111e+03,8.469999999999999751e-01
2.267628340867992847e+03,8.469999999999999751e-01
2.268390805831826583e+03,8.469999999999999751e-01
2.269153270795660319e+03,8.469999999999999751e-01
2.269915735759493600e+03,8.469999999999999751e-01
2.270678200723327336e+03,8.469999999999999751e-01
2.271440665687160617e+03,8.469999999999999751e-01
2.272203130650994353e+03,8.469999999999999751e-01
2.272965595614828089e+03,8.469999999999999751e-01
2.273728060578661825e+03,8.469999999999999751e-01
2.274490525542495561e+03,8.469999999999999751e-01
2.275252990506329297e+03,8.469999999999999751e-01
2.276015455470163033e+03,8.469999999999999751e-01
2.276777920433996314e+03,8.469999999999999751e-01
2.277540385397830050e+03,8.469999999999999751e-01
2.278302850361663332e+03,8.469999999999999751e-01
2.279065315325497068e+03,8.469999999999999751e-01
2.279827780289330803e+03,8.469999999999999751e-01
2.280590245253164539e+03,8.469999999999999751e-01
2.281352710216998275e+03,8.469999999999999751e-01
2.282115175180832011e+03,8.469999999999999751e-01
2.282877640144665747e+03,8.469999999999999751e-01
2.283640105108499029e+03,8.469999999999999751e-01
2.284402570072332765e+03,8.469999999999999751e-01
2.285165035036166046e+03,8.469999999999999751e-01
2.285927499999999782e+03,8.469999999999999751e-01
2.286689964963833518e+03,8.469999999999999751e-01
2.287452429927667254e+03,8.469999999999999751e-01
2.288214894891500990e+03,8.469999999999999751e-01
2.288977359855334726e+03,8.469999999999999751e-01
2.289739824819168462e+03,8.469999999999999751e-01
2.290502289783001743e+03,8.469999999999999751e-01
2.291264754746835479e+03,8.469999999999999751e-01
2.292027219710668760e+03,8.469999999999999751e-01
2.292789684674502496e+03,8.469999999999999751e-01
2.293552149638336232e+03,8.469999999999999751e-01
2.294314614602169968e+03,8.469999999999999751e-01
2.295077079566003704e+03,8.469999999999999751e-01
2.295839544529837440e+03,8.469999999999999751e-01
2.296602009493671176e+03,8.469999999999999751e-01
2.297364474457504457e+03,8.469999999999999751e-01
2.298126939421338193e+03,8.469999999999999751e-01
2.298889404385171474e+03,8.469999999999999751e-01
2.299651869349005210e+03,8.469999999999999751e-01
2.300414334312838946e+03,8.469999999999999751e-01
2.301176799276672682e+03,8.469999999999999751e-01
2.301939264240506418e+03,8.469999999999999751e-01
2.302701729204340154e+03,8.469999999999999751e-01
2.303464194168173890e+03,8.469999999999999751e-01
2.304226659132007171e+03,8.469999999999999751e-01
2.304989124095840907e+03,8.469999999999999751e-01
2.305751589059674188e+03,8.469999999999999751e-01
2.306514054023507924e+03,8.469999999999999751e-01
2.307276518987341660e+03,8.469999999999999751e-01
2.308038983951175396e+03,8.469999999999999751e-01
2.308801448915009132e+03,8.469999999999999751e-01
2.309563913878842868e+03,8.469999999999999751e-01
2.310326378842676604e+03,8.468999999999999861e-01
2.311088843806509885e+03,8.467000000000000082e-01
2.311851308770343621e+03,8.464000000000000412e-01
2.312613773734176903e+03,8.461999999999999522e-01
2.313376238698010638e+03,8.460999999999999632e-01
2.314138703661844374e+03,8.463000000000000522e-01
2.314901168625678110e+03,8.466000000000000192e-01
2.315663633589511846e+03,8.467999999999999972e-01
2.316426098553345582e+03,8.469999999999999751e-01
2.317188563517179318e+03,8.469999999999999751e-01
2.317951028481012600e+03,8.469999999999999751e-01
2.318713493444846335e+03,8.469999999999999751e-01
2.319475958408679617e+03,8.469999999999999751e-01
2.320238423372513353e+03,8.469999999999999751e-01
2.321000888336347089e+03,8.469999999999999751e-01
2.321763353300180825e+03,8.469999999999999751e-01
2.322525818264014561e+03,8.469999999999999751e-01
2.323288283227848297e+03,8.469999999999999751e-01
2.324050748191682032e+03,8.469999999999999751e-01
2.324813213155515314e+03,8.469999999999999751e-01
2.325575678119349050e+03,8.468999999999999861e-01
2.326338143083182331e+03,8.466000000000000192e-01
2.327100608047016067e+03,8.464000000000000412e-01
2.327863073010849803e+03,8.460999999999999632e-01
2.328625537974683539e+03,8.460999999999999632e-01
2.329388002938517275e+03,8.464000000000000412e-01
2.330150467902351011e+03,8.466000000000000192e-01
2.330912932866184747e+03,8.468999999999999861e-01
2.331675397830018028e+03,8.469999999999999751e-01
2.332437862793851764e+03,8.469999999999999751e-01
2.333200327757685045e+03,8.469999999999999751e-01
2.333962792721518781e+03,8.469999999999999751e-01
2.334725257685352517e+03,8.469999999999999751e-01
2.335487722649186253e+03,8.469999999999999751e-01
2.336250187613019989e+03,8.469999999999999751e-01
2.337012652576853725e+03,8.469999999999999751e-01
2.337775117540687461e+03,8.468999999999999861e-01
2.338537582504520742e+03,8.466000000000000192e-01
2.339300047468354478e+03,8.464000000000000412e-01
2.340062512432187759e+03,8.460999999999999632e-01
2.340824977396021495e+03,8.459999999999999742e-01
2.341587442359855231e+03,8.459999999999999742e-01
2.342349907323688967e+03,8.459999999999999742e-01
2.343112372287522703e+03,8.459999999999999742e-01
2.343874837251356439e+03,8.459999999999999742e-01
2.344637302215190175e+03,8.459999999999999742e-01
2.345399767179023456e+03,8.459999999999999742e-01
2.346162232142857192e+03,8.459999999999999742e-01
2.346924697106690473e+03,8.459999999999999742e-01
2.347687162070524209e+03,8.459999999999999742e-01
2.348449627034357945e+03,8.459999999999999742e-01
2.349212091998191681e+03,8.459999999999999742e-01
2.349974556962025417e+03,8.459999999999999742e-01
2.350737021925859153e+03,8.459999999999999742e-01
2.351499486889692889e+03,8.459999999999999742e-01
2.352261951853526170e+03,8.459999999999999742e-01
2.353024416817359906e+03,8.459999999999999742e-01
2.353786881781193188e+03,8.459999999999999742e-01
2.354549346745026924e+03,8.459999999999999742e-01
2.355311811708860660e+03,8.459999999999999742e-01
2.356074276672694396e+03,8.459999999999999742e-01
2.356836741636528131e+03,8.459999999999999742e-01
2.357599206600361867e+03,8.459999999999999742e-01
2.358361671564195603e+03,8.459999999999999742e-01
2.359124136528028885e+03,8.459999999999999742e-01
2.359886601491862621e+03,8.459999999999999742e-01
2.360649066455695902e+03,8.459999999999999742e-01
2.361411531419529638e+03,8.459999999999999742e-01
2.362173996383363374e+03,8.459999999999999742e-01
2.362936461347197110e+03,8.459999999999999742e-01
2.363698926311030846e+03,8.459999999999999742e-01
2.364461391274864582e+03,8.459999999999999742e-01
2.365223856238698318e+03,8.459999999999999742e-01
2.365986321202531599e+03,8.459999999999999742e-01
2.366748786166365335e+03,8.459999999999999742e-01
2.367511251130198616e+03,8.459999999999999742e-01
2.368273716094032352e+03,8.459999999999999742e-01
2.369036181057866088e+03,8.459999999999999742e-01
2.369798646021699824e+03,8.459999999999999742e-01
2.370561110985533560e+03,8.459999999999999742e-01
2.371323575949367296e+03,8.459999999999999742e-01
2.372086040913201032e+03,8.459999999999999742e-01
2.372848505877034313e+03,8.459999999999999742e-01
2.373610970840868049e+03,8.459999999999999742e-01
2.374373435804701330e+03,8.459999999999999742e-01
2.375135900768535066e+03,8.459999999999999742e-01
2.375898365732368802e+03,8.459999999999999742e-01
2.376660830696202538e+03,8.459999999999999742e-01
2.377423295660036274e+03,8.459999999999999742e-01
2.378185760623870010e+03,8.459999999999999742e-01
2.378948225587703746e+03,8.459999999999999742e-01
2.379710690551537027e+03,8.459999999999999742e-01
2.380473155515370763e+03,8.459999999999999742e-01
2.381235620479204044e+03,8.459999999999999742e-01
2.381998085443037780e+03,8.459999999999999742e-01
2.382760550406871516e+03,8.459999999999999742e-01
2.383523015370705252e+03,8.459999999999999742e-01
2.384285480334538988e+03,8.459999999999999742e-01
2.385047945298372724e+03,8.459999999999999742e-01
2.385810410262206460e+03,8.459999999999999742e-01
2.386572875226039741e+03,8.459999999999999742e-01
2.387335340189873477e+03,8.459999999999999742e-01
2.388097805153706759e+03,8.459999999999999742e-01
2.388860270117540495e+03,8.459999999999999742e-01
2.389622735081374231e+03,8.459999999999999742e-01
2.390385200045207966e+03,8.459999999999999742e-01
2.391147665009041702e+03,8.459999999999999742e-01
2.391910129972875438e+03,8.459999999999999742e-01
2.392672594936709174e+03,8.459999999999999742e-01
2.393435059900542456e+03,8.459999999999999742e-01
2.394197524864376192e+03,8.459999999999999742e-01
2.394959989828209473e+03,8.459999999999999742e-01
2.395722454792043209e+03,8.459999999999999742e-01
2.396484919755876945e+03,8.459999999999999742e-01
2.397247384719710681e+03,8.459999999999999742e-01
2.398009849683544417e+03,8.459999999999999742e-01
2.398772314647378153e+03,8.459999999999999742e-01
2.399534779611211889e+03,8.459999999999999742e-01
2.400297244575045170e+03,8.459999999999999742e-01
2.401059709538878906e+03,8.459999999999999742e-01
2.401822174502712187e+03,8.456000000000000183e-01
2.402584639466545923e+03,8.450999999999999623e-01
2.403347104430379659e+03,8.446000000000000174e-01
2.404109569394213395e+03,8.440999999999999615e-01
2.404872034358047131e+03,8.439999999999999725e-01
2.405634499321880867e+03,8.439999999999999725e-01
2.406396964285714603e+03,8.439999999999999725e-01
2.407159429249547884e+03,8.439999999999999725e-01
2.407921894213381620e+03,8.439999999999999725e-01
2.408684359177214901e+03,8.439999999999999725e-01
2.409446824141048637e+03,8.439999999999999725e-01
2.410209289104882373e+03,8.439999999999999725e-01
2.410971754068716109e+03,8.439999999999999725e-01
2.411734219032549845e+03,8.439999999999999725e-01
2.412496683996383581e+03,8.439999999999999725e-01
2.413259148960217317e+03,8.439999999999999725e-01
2.414021613924050598e+03,8.439999999999999725e-01
2.414784078887884334e+03,8.439999999999999725e-01
2.415546543851717615e+03,8.439999999999999725e-01
2.416309008815551351e+03,8.439999999999999725e-01
2.417071473779385087e+03,8.437999999999999945e-01
2.417833938743218823e+03,8.435000000000000275e-01
2.418596403707052559e+03,8.433000000000000496e-01
2.419358868670886295e+03,8.429999999999999716e-01
2.420121333634720031e+03,8.429999999999999716e-01
2.420883798598553312e+03,8.429999999999999716e-01
2.421646263562387048e+03,8.429999999999999716e-01
2.422408728526220330e+03,8.429999999999999716e-01
2.423171193490054065e+03,8.429999999999999716e-01
2.423933658453887801e+03,8.429999999999999716e-01
2.424696123417721537e+03,8.429999999999999716e-01
2.425458588381555273e+03,8.429999999999999716e-01
2.426221053345389009e+03,8.425000000000000266e-01
2.426983518309222745e+03,8.419999999999999707e-01
2.427745983273056027e+03,8.415000000000000258e-01
2.428508448236889762e+03,8.409999999999999698e-01
2.429270913200723044e+03,8.409999999999999698e-01
2.430033378164556780e+03,8.409999999999999698e-01
2.430795843128390516e+03,8.409999999999999698e-01
2.431558308092224252e+03,8.409999999999999698e-01
2.432320773056057988e+03,8.409999999999999698e-01
2.433083238019891724e+03,8.409999999999999698e-01
2.433845702983725459e+03,8.409999999999999698e-01
2.434608167947558741e+03,8.409999999999999698e-01
2.435370632911392477e+03,8.409999999999999698e-01
2.436133097875225758e+03,8.409999999999999698e-01
2.436895562839059494e+03,8.409999999999999698e-01
2.437658027802893230e+03,8.409999999999999698e-01
2.438420492766726966e+03,8.409999999999999698e-01
2.439182957730560702e+03,8.409999999999999698e-01
2.439945422694394438e+03,8.409999999999999698e-01
2.440707887658228174e+03,8.409999999999999698e-01
2.441470352622061455e+03,8.409999999999999698e-01
2.442232817585895191e+03,8.409999999999999698e-01
2.442995282549728472e+03,8.409999999999999698e-01
2.443757747513562208e+03,8.409999999999999698e-01
2.444520212477395944e+03,8.409999999999999698e-01
2.445282677441229680e+03,8.409999999999999698e-01
2.446045142405063416e+03,8.409999999999999698e-01
2.446807607368897152e+03,8.409999999999999698e-01
2.447570072332730888e+03,8.409999999999999698e-01
2.448332537296564169e+03,8.409999999999999698e-01
2.449095002260397905e+03,8.409999999999999698e-01
2.449857467224231186e+03,8.409999999999999698e-01
2.450619932188064922e+03,8.409999999999999698e-01
2.451382397151898658e+03,8.409999999999999698e-01
2.452144862115732394e+03,8.409999999999999698e-01
2.452907327079566130e+03,8.409999999999999698e-01
2.453669792043399866e+03,8.409999999999999698e-01
2.454432257007233602e+03,8.409999999999999698e-01
2.455194721971066883e+03,8.409999999999999698e-01
2.455957186934900619e+03,8.409999999999999698e-01
2.456719651898733900e+03,8.409999999999999698e-01
2.457482116862567636e+03,8.409999999999999698e-01
2.458244581826401372e+03,8.409999999999999698e-01
2.459007046790235108e+03,8.409999999999999698e-01
2.459769511754068844e+03,8.407000000000000028e-01
2.460531976717902580e+03,8.405000000000000249e-01
2.461294441681736316e+03,8.401999999999999469e-01
2.462056906645569597e+03,8.399999999999999689e-01
2.462819371609403333e+03,8.399999999999999689e-01
2.463581836573236615e+03,8.399999999999999689e-01
2.464344301537070351e+03,8.399999999999999689e-01
2.465106766500904087e+03,8.399999999999999689e-01
2.465869231464737823e+03,8.399999999999999689e-01
2.466631696428571558e+03,8.399999999999999689e-01
2.467394161392405294e+03,8.399999999999999689e-01
2.468156626356239030e+03,8.399999999999999689e-01
2.468919091320072312e+03,8.399999999999999689e-01
2.469681556283906048e+03,8.399999999999999689e-01
2.470444021247739329e+03,8.399999999999999689e-01
2.471206486211573065e+03,8.399999999999999689e-01
2.471968951175406801e+03,8.399999999999999689e-01
2.472731416139240537e+03,8.399999999999999689e-01
2.473493881103074273e+03,8.399999999999999689e-01
2.474256346066908009e+03,8.399999999999999689e-01
2.475018811030741745e+03,8.399999999999999689e-01
2.475781275994575026e+03,8.399999999999999689e-01
2.476543740958408762e+03,8.399999999999999689e-01
2.477306205922242043e+03,8.399999999999999689e-01
2.478068670886075779e+03,8.399999999999999689e-01
2.478831135849909515e+03,8.399999999999999689e-01
2.479593600813743251e+03,8.399999999999999689e-01
2.480356065777576987e+03,8.399999999999999689e-01
2.481118530741410723e+03,8.399999999999999689e-01
2.481880995705244459e+03,8.399999999999999689e-01
2.482643460669077740e+03,8.399999999999999689e-01
2.483405925632911476e+03,8.399999999999999689e-01
2.484168390596744757e+03,8.399999999999999689e-01
2.484930855560578493e+03,8.399999999999999689e-01
2.485693320524412229e+03,8.399999999999999689e-01
2.486455785488245965e+03,8.399999999999999689e-01
2.487218250452079701e+03,8.399999999999999689e-01
2.487980715415913437e+03,8.399999999999999689e-01
2.488743180379747173e+03,8.399999999999999689e-01
2.489505645343580454e+03,8.399999999999999689e-01
2.490268110307414190e+03,8.399999999999999689e-01
2.491030575271247471e+03,8.399999999999999689e-01
2.491793040235081207e+03,8.399999999999999689e-01
2.492555505198914943e+03,8.399999999999999689e-01
2.493317970162748679e+03,8.399999999999999689e-01
2.494080435126582415e+03,8.399999999999999689e-01
2.494842900090416151e+03,8.399999999999999689e-01
2.495605365054249887e+03,8.398999999999999799e-01
2.496367830018083168e+03,8.394000000000000350e-01
2.497130294981916904e+03,8.388999999999999790e-01
2.497892759945750186e+03,8.384000000000000341e-01
2.498655224909583922e+03,8.380999999999999561e-01
2.499417689873417658e+03,8.386000000000000121e-01
2.500180154837251393e+03,8.390999999999999570e-01
2.500942619801085129e+03,8.396000000000000130e-01
2.501705084764918865e+03,8.399999999999999689e-01
2.502467549728752147e+03,8.399999999999999689e-01
2.503230014692585883e+03,8.399999999999999689e-01
2.503992479656419619e+03,8.399999999999999689e-01
2.504754944620252900e+03,8.399999999999999689e-01
2.505517409584086636e+03,8.399999999999999689e-01
2.506279874547920372e+03,8.399999999999999689e-01
2.507042339511754108e+03,8.399999999999999689e-01
2.507804804475587844e+03,8.398999999999999799e-01
2.508567269439421580e+03,8.394000000000000350e-01
2.509329734403254861e+03,8.388999999999999790e-01
2.510092199367088597e+03,8.384000000000000341e-01
2.510854664330922333e+03,8.379999999999999671e-01
2.511617129294755614e+03,8.379999999999999671e-01
2.512379594258589350e+03,8.379999999999999671e-01
2.513142059222423086e+03,8.379999999999999671e-01
2.513904524186256822e+03,8.379999999999999671e-01
2.514666989150090558e+03,8.379999999999999671e-01
2.515429454113924294e+03,8.379999999999999671e-01
2.516191919077757575e+03,8.379999999999999671e-01
2.516954384041591311e+03,8.379999999999999671e-01
2.517716849005425047e+03,8.379999999999999671e-01
2.518479313969258328e+03,8.379999999999999671e-01
2.519241778933092064e+03,8.379999999999999671e-01
2.520004243896925800e+03,8.379999999999999671e-01
2.520766708860759536e+03,8.379999999999999671e-01
2.521529173824593272e+03,8.379999999999999671e-01
2.522291638788427008e+03,8.379999999999999671e-01
2.523054103752260289e+03,8.379999999999999671e-01
2.523816568716094025e+03,8.379999999999999671e-01
2.524579033679927761e+03,8.379999999999999671e-01
2.525341498643761042e+03,8.379999999999999671e-01
2.526103963607594778e+03,8.379999999999999671e-01
2.526866428571428514e+03,8.379999999999999671e-01
2.527628893535262250e+03,8.379999999999999671e-01
2.528391358499095986e+03,8.379999999999999671e-01
2.529153823462929722e+03,8.377999999999999892e-01
2.529916288426763003e+03,8.373000000000000442e-01
2.530678753390596739e+03,8.367999999999999883e-01
2.531441218354430475e+03,8.363000000000000433e-01
2.532203683318263757e+03,8.359999999999999654e-01
2.532966148282097492e+03,8.359999999999999654e-01
2.533728613245931228e+03,8.359999999999999654e-01
2.534491078209764964e+03,8.359999999999999654e-01
2.535253543173598700e+03,8.359999999999999654e-01
2.536016008137432436e+03,8.359999999999999654e-01
2.536778473101265718e+03,8.359999999999999654e-01
2.537540938065099454e+03,8.359999999999999654e-01
2.538303403028933189e+03,8.359999999999999654e-01
2.539065867992766471e+03,8.359999999999999654e-01
2.539828332956600207e+03,8.359999999999999654e-01
2.540590797920433943e+03,8.359999999999999654e-01
2.541353262884267679e+03,8.359999999999999654e-01
2.542115727848101415e+03,8.359999999999999654e-01
2.542878192811935151e+03,8.359999999999999654e-01
2.543640657775768432e+03,8.359999999999999654e-01
2.544403122739602168e+03,8.359999999999999654e-01
2.545165587703435904e+03,8.359999999999999654e-01
2.545928052667269185e+03,8.359999999999999654e-01
2.546690517631102921e+03,8.359999999999999654e-01
2.547452982594936657e+03,8.358999999999999764e-01
2.548215447558770393e+03,8.356000000000000094e-01
2.548977912522604129e+03,8.354000000000000314e-01
2.549740377486437865e+03,8.350999999999999535e-01
2.550502842450271146e+03,8.349999999999999645e-01
2.551265307414104882e+03,8.349999999999999645e-01
2.552027772377938618e+03,8.349999999999999645e-01
2.552790237341771899e+03,8.349999999999999645e-01
2.553552702305605635e+03,8.349999999999999645e-01
2.554315167269439371e+03,8.349999999999999645e-01
2.555077632233273107e+03,8.349999999999999645e-01
2.555840097197106843e+03,8.349999999999999645e-01
2.556602562160940579e+03,8.347999999999999865e-01
2.557365027124773860e+03,8.343000000000000416e-01
2.558127492088607596e+03,8.337999999999999856e-01
2.558889957052441332e+03,8.333000000000000407e-01
2.559652422016274613e+03,8.329999999999999627e-01
2.560414886980108349e+03,8.329999999999999627e-01
2.561177351943942085e+03,8.329999999999999627e-01
2.561939816907775821e+03,8.329999999999999627e-01
2.562702281871609557e+03,8.328999999999999737e-01
2.563464746835443293e+03,8.326000000000000068e-01
2.564227211799276574e+03,8.324000000000000288e-01
2.564989676763110310e+03,8.320999999999999508e-01
2.565752141726944046e+03,8.319999999999999618e-01
2.566514606690777327e+03,8.319999999999999618e-01
2.567277071654611063e+03,8.319999999999999618e-01
2.568039536618444799e+03,8.319999999999999618e-01
2.568802001582278535e+03,8.317999999999999838e-01
2.569564466546112271e+03,8.313000000000000389e-01
2.570326931509946007e+03,8.306999999999999940e-01
2.571089396473779288e+03,8.302000000000000490e-01
2.571851861437613024e+03,8.299999999999999600e-01
2.572614326401446760e+03,8.299999999999999600e-01
2.573376791365280042e+03,8.299999999999999600e-01
2.574139256329113778e+03,8.299999999999999600e-01
2.574901721292947514e+03,8.299999999999999600e-01
2.575664186256781250e+03,8.299999999999999600e-01
2.576426651220614986e+03,8.299999999999999600e-01
2.577189116184448721e+03,8.299999999999999600e-01
2.577951581148282003e+03,8.298999999999999710e-01
2.578714046112115739e+03,8.296000000000000041e-01
2.579476511075949475e+03,8.294000000000000261e-01
2.580238976039782756e+03,8.290999999999999481e-01
2.581001441003616492e+03,8.289999999999999591e-01
2.581763905967450228e+03,8.289999999999999591e-01
2.582526370931283964e+03,8.289999999999999591e-01
2.583288835895117700e+03,8.289999999999999591e-01
2.584051300858951436e+03,8.286999999999999922e-01
2.584813765822784717e+03,8.282000000000000473e-01
2.585576230786618453e+03,8.276999999999999913e-01
2.586338695750452189e+03,8.272000000000000464e-01
2.587101160714285470e+03,8.269999999999999574e-01
2.587863625678119206e+03,8.269999999999999574e-01
2.588626090641952942e+03,8.269999999999999574e-01
2.589388555605786678e+03,8.269999999999999574e-01
2.590151020569620414e+03,8.269999999999999574e-01
2.590913485533454150e+03,8.269999999999999574e-01
2.591675950497287431e+03,8.269999999999999574e-01
2.592438415461121167e+03,8.269999999999999574e-01
2.593200880424954903e+03,8.267999999999999794e-01
2.593963345388788184e+03,8.266000000000000014e-01
2.594725810352621920e+03,8.263000000000000345e-01
2.595488275316455656e+03,8.260999999999999455e-01
2.596250740280289392e+03,8.259999999999999565e-01
2.597013205244123128e+03,8.259999999999999565e-01
2.597775670207956864e+03,8.259999999999999565e-01
2.598538135171790145e+03,8.259999999999999565e-01
2.599300600135623881e+03,8.259999999999999565e-01
2.600063065099457617e+03,8.259999999999999565e-01
2.600825530063290898e+03,8.259999999999999565e-01
2.601587995027124634e+03,8.259999999999999565e-01
2.602350459990958370e+03,8.256999999999999895e-01
2.603112924954792106e+03,8.252000000000000446e-01
2.603875389918625842e+03,8.246999999999999886e-01
2.604637854882459578e+03,8.242000000000000437e-01
2.605400319846292859e+03,8.239999999999999547e-01
2.606162784810126595e+03,8.239999999999999547e-01
2.606925249773959877e+03,8.239999999999999547e-01
2.607687714737793613e+03,8.239999999999999547e-01
2.608450179701627349e+03,8.239999999999999547e-01
2.609212644665461085e+03,8.239999999999999547e-01
2.609975109629294820e+03,8.239999999999999547e-01
2.610737574593128556e+03,8.239999999999999547e-01
2.611500039556962292e+03,8.239999999999999547e-01
2.612262504520795574e+03,8.239999999999999547e-01
2.613024969484629310e+03,8.239999999999999547e-01
2.613787434448462591e+03,8.239999999999999547e-01
2.614549899412296327e+03,8.235000000000000098e-01
2.615312364376130063e+03,8.226999999999999869e-01
2.616074829339963799e+03,8.218999999999999639e-01
2.616837294303797535e+03,8.212000000000000410e-01
2.617599759267631271e+03,8.209999999999999520e-01
2.618362224231465007e+03,8.209999999999999520e-01
2.619124689195298288e+03,8.209999999999999520e-01
2.619887154159132024e+03,8.209999999999999520e-01
2.620649619122965305e+03,8.209999999999999520e-01
2.621412084086799041e+03,8.209999999999999520e-01
2.622174549050632777e+03,8.209999999999999520e-01
2.622937014014466513e+03,8.209999999999999520e-01
2.623699478978300249e+03,8.207999999999999741e-01
2.624461943942133985e+03,8.205999999999999961e-01
2.625224408905967721e+03,8.203000000000000291e-01
2.625986873869801002e+03,8.201000000000000512e-01
2.626749338833634738e+03,8.199999999999999512e-01
2.627511803797468019e+03,8.199999999999999512e-01
2.628274268761301755e+03,8.199999999999999512e-01
2.629036733725135491e+03,8.199999999999999512e-01
2.629799198688969227e+03,8.195999999999999952e-01
2.630561663652802963e+03,8.191000000000000503e-01
2.631324128616636699e+03,8.185999999999999943e-01
2.632086593580470435e+03,8.181000000000000494e-01
2.632849058544303716e+03,8.179999999999999494e-01
2.633611523508137452e+03,8.179999999999999494e-01
2.634373988471970733e+03,8.179999999999999494e-01
2.635136453435804469e+03,8.179999999999999494e-01
2.635898918399638205e+03,8.179999999999999494e-01
2.636661383363471941e+03,8.179999999999999494e-01
2.637423848327305677e+03,8.179999999999999494e-01
2.638186313291139413e+03,8.179999999999999494e-01
2.638948778254973149e+03,8.175999999999999934e-01
2.639711243218806430e+03,8.171000000000000485e-01
2.640473708182640166e+03,8.165999999999999925e-01
2.641236173146473448e+03,8.161000000000000476e-01
2.641998638110307184e+03,8.159999999999999476e-01
2.642761103074140919e+03,8.159999999999999476e-01
2.643523568037974655e+03,8.159999999999999476e-01
2.644286033001808391e+03,8.159999999999999476e-01
2.645048497965642127e+03,8.157999999999999696e-01
2.645810962929475863e+03,8.155000000000000027e-01
2.646573427893309145e+03,8.153000000000000247e-01
2.647335892857142881e+03,8.149999999999999467e-01
2.648098357820976616e+03,8.149999999999999467e-01
2.648860822784810352e+03,8.149999999999999467e-01
2.649623287748643634e+03,8.149999999999999467e-01
2.650385752712477370e+03,8.149999999999999467e-01
2.651148217676311106e+03,8.145999999999999908e-01
2.651910682640144842e+03,8.141000000000000458e-01
2.652673147603978123e+03,8.135999999999999899e-01
2.653435612567811859e+03,8.131000000000000449e-01
2.654198077531645595e+03,8.127999999999999670e-01
2.654960542495479331e+03,8.125000000000000000e-01
2.655723007459312612e+03,8.123000000000000220e-01
2.656485472423146348e+03,8.120000000000000551e-01
2.657247937386980084e+03,8.114999999999999991e-01
2.658010402350813820e+03,8.110000000000000542e-01
2.658772867314647556e+03,8.104999999999999982e-01
2.659535332278480837e+03,8.100000000000000533e-01
2.660297797242314573e+03,8.097999999999999643e-01
2.661060262206148309e+03,8.094999999999999973e-01
2.661822727169982045e+03,8.093000000000000194e-01
2.662585192133815326e+03,8.090000000000000524e-01
2.663347657097649062e+03,8.090000000000000524e-01
2.664110122061482798e+03,8.090000000000000524e-01
2.664872587025316534e+03,8.090000000000000524e-01
2.665635051989150270e+03,8.090000000000000524e-01
2.666397516952983551e+03,8.084999999999999964e-01
2.667159981916817287e+03,8.080000000000000515e-01
2.667922446880651023e+03,8.074999999999999956e-01
2.668684911844484759e+03,8.070000000000000506e-01
2.669447376808318040e+03,8.067999999999999616e-01
2.670209841772151776e+03,8.064999999999999947e-01
2.670972306735985512e+03,8.063000000000000167e-01
2.671734771699819248e+03,8.060000000000000497e-01
2.672497236663652984e+03,8.060000000000000497e-01
2.673259701627486265e+03,8.060000000000000497e-01
2.674022166591320001e+03,8.060000000000000497e-01
2.674784631555153737e+03,8.060000000000000497e-01
2.675547096518987473e+03,8.054999999999999938e-01
2.676309561482820754e+03,8.050000000000000488e-01
2.677072026446654490e+03,8.044999999999999929e-01
2.677834491410488226e+03,8.040000000000000480e-01
2.678596956374321962e+03,8.040000000000000480e-01
2.679359421338155698e+03,8.040000000000000480e-01
2.680121886301988980e+03,8.040000000000000480e-01
2.680884351265822716e+03,8.040000000000000480e-01
2.681646816229656451e+03,8.036999999999999700e-01
2.682409281193490187e+03,8.034999999999999920e-01
2.683171746157323469e+03,8.032000000000000250e-01
2.683934211121157205e+03,8.030000000000000471e-01
2.684696676084990941e+03,8.024999999999999911e-01
2.685459141048824677e+03,8.020000000000000462e-01
2.686221606012658413e+03,8.014999999999999902e-01
2.686984070976491694e+03,8.010000000000000453e-01
2.687746535940325430e+03,8.010000000000000453e-01
2.688509000904159166e+03,8.010000000000000453e-01
2.689271465867992902e+03,8.010000000000000453e-01
2.690033930831826183e+03,8.010000000000000453e-01
2.690796395795659919e+03,8.006999999999999673e-01
2.691558860759493655e+03,8.004999999999999893e-01
2.692321325723327391e+03,8.002000000000000224e-01
2.693083790687161127e+03,8.000000000000000444e-01
2.693846255650994408e+03,7.994999999999999885e-01
2.694608720614828144e+03,7.990000000000000435e-01
2.695371185578661880e+03,7.984999999999999876e-01
2.696133650542495616e+03,7.980000000000000426e-01
2.696896115506328897e+03,7.980000000000000426e-01
2.697658580470162633e+03,7.980000000000000426e-01
2.698421045433996369e+03,7.980000000000000426e-01
2.699183510397830105e+03,7.979000000000000536e-01
2.699945975361663841e+03,7.973999999999999977e-01
2.700708440325497122e+03,7.969000000000000528e-01
2.701470905289330858e+03,7.963999999999999968e-01
2.702233370253164594e+03,7.960000000000000409e-01
2.702995835216998330e+03,7.960000000000000409e-01
2.703758300180831611e+03,7.960000000000000409e-01
2.704520765144665347e+03,7.960000000000000409e-01
2.705283230108499083e+03,7.960000000000000409e-01
2.706045695072332819e+03,7.956999999999999629e-01
2.706808160036166555e+03,7.954999999999999849e-01
2.707570624999999836e+03,7.952000000000000179e-01
2.708333089963833572e+03,7.950000000000000400e-01
2.709095554927667308e+03,7.950000000000000400e-01
2.709858019891501044e+03,7.950000000000000400e-01
2.710620484855334325e+03,7.950000000000000400e-01
2.711382949819168061e+03,7.950000000000000400e-01
2.712145414783001797e+03,7.950000000000000400e-01
2.712907879746835533e+03,7.950000000000000400e-01
2.713670344710669269e+03,7.950000000000000400e-01
2.714432809674502550e+03,7.950000000000000400e-01
2.715195274638336286e+03,7.950000000000000400e-01
2.715957739602170022e+03,7.950000000000000400e-01
2.716720204566003758e+03,7.950000000000000400e-01
2.717482669529837040e+03,7.950000000000000400e-01
2.718245134493670776e+03,7.950000000000000400e-01
2.719007599457504512e+03,7.950000000000000400e-01
2.719770064421338247e+03,7.950000000000000400e-01
2.720532529385171983e+03,7.950000000000000400e-01
2.721294994349005265e+03,7.950000000000000400e-01
2.722057459312839001e+03,7.950000000000000400e-01
2.722819924276672737e+03,7.950000000000000400e-01
2.723582389240506473e+03,7.950000000000000400e-01
2.724344854204339754e+03,7.950000000000000400e-01
2.725107319168173490e+03,7.950000000000000400e-01
2.725869784132007226e+03,7.950000000000000400e-01
2.726632249095840962e+03,7.950000000000000400e-01
2.727394714059674698e+03,7.950000000000000400e-01
2.728157179023507979e+03,7.950000000000000400e-01
2.728919643987341715e+03,7.950000000000000400e-01
2.729682108951175451e+03,7.949000000000000510e-01
2.730444573915009187e+03,7.943999999999999950e-01
2.731207038878842468e+03,7.939000000000000501e-01
2.731969503842676204e+03,7.933999999999999941e-01
2.732731968806509940e+03,7.931000000000000272e-01
2.733494433770343676e+03,7.935999999999999721e-01
2.734256898734177412e+03,7.941000000000000281e-01
2.735019363698010693e+03,7.945999999999999730e-01
2.735781828661844429e+03,7.950000000000000400e-01
2.736544293625678165e+03,7.950000000000000400e-01
2.737306758589511901e+03,7.950000000000000400e-01
2.738069223553345182e+03,7.950000000000000400e-01
2.738831688517178918e+03,7.950000000000000400e-01
2.739594153481012654e+03,7.950000000000000400e-01
2.740356618444846390e+03,7.950000000000000400e-01
2.741119083408680126e+03,7.950000000000000400e-01
2.741881548372513407e+03,7.950000000000000400e-01
2.742644013336347143e+03,7.950000000000000400e-01
2.743406478300180879e+03,7.950000000000000400e-01
2.744168943264014615e+03,7.950000000000000400e-01
2.744931408227847896e+03,7.949000000000000510e-01
2.745693873191681632e+03,7.943999999999999950e-01
2.746456338155515368e+03,7.937999999999999501e-01
2.747218803119349104e+03,7.933000000000000052e-01
2.747981268083182840e+03,7.930000000000000382e-01
2.748743733047016121e+03,7.930000000000000382e-01
2.749506198010849857e+03,7.930000000000000382e-01
2.750268662974683593e+03,7.930000000000000382e-01
2.751031127938517329e+03,7.929000000000000492e-01
2.751793592902350611e+03,7.926999999999999602e-01
2.752556057866184346e+03,7.923999999999999932e-01
2.753318522830018082e+03,7.922000000000000153e-01
2.754080987793851818e+03,7.920000000000000373e-01
2.754843452757685554e+03,7.920000000000000373e-01
2.755605917721518836e+03,7.920000000000000373e-01
2.756368382685352572e+03,7.920000000000000373e-01
2.757130847649186308e+03,7.920000000000000373e-01
2.757893312613020044e+03,7.920000000000000373e-01
2.758655777576853325e+03,7.920000000000000373e-01
2.759418242540687061e+03,7.920000000000000373e-01
2.760180707504520797e+03,7.917999999999999483e-01
2.760943172468354533e+03,7.913000000000000034e-01
2.761705637432188269e+03,7.907999999999999474e-01
2.762468102396021550e+03,7.903000000000000025e-01
2.763230567359855286e+03,7.899000000000000465e-01
2.763993032323689022e+03,7.895999999999999686e-01
2.764755497287522758e+03,7.893999999999999906e-01
2.765517962251356039e+03,7.891000000000000236e-01
2.766280427215189775e+03,7.886999999999999567e-01
2.767042892179023511e+03,7.879000000000000448e-01
2.767805357142857247e+03,7.872000000000000108e-01
2.768567822106690983e+03,7.863999999999999879e-01
2.769330287070524264e+03,7.856999999999999540e-01
2.770092752034358000e+03,7.849000000000000421e-01
2.770855216998191736e+03,7.842000000000000082e-01
2.771617681962025472e+03,7.833999999999999853e-01
2.772380146925858753e+03,7.826999999999999513e-01
2.773142611889692489e+03,7.819000000000000394e-01
2.773905076853526225e+03,7.812000000000000055e-01
2.774667541817359961e+03,7.803999999999999826e-01
2.775430006781193697e+03,7.795999999999999597e-01
2.776192471745026978e+03,7.785999999999999588e-01
2.776954936708860714e+03,7.775999999999999579e-01
2.777717401672694450e+03,7.765999999999999570e-01
2.778479866636528186e+03,7.756999999999999451e-01
2.779242331600361467e+03,7.749000000000000332e-01
2.780004796564195203e+03,7.741999999999999993e-01
2.780767261528028939e+03,7.733999999999999764e-01
2.781529726491862675e+03,7.724999999999999645e-01
2.782292191455696411e+03,7.714999999999999636e-01
2.783054656419529692e+03,7.704999999999999627e-01
2.783817121383363428e+03,7.694999999999999618e-01
2.784579586347197164e+03,7.682999999999999829e-01
2.785342051311030900e+03,7.668000000000000371e-01
2.786104516274864181e+03,7.652999999999999803e-01
2.786866981238697917e+03,7.638000000000000345e-01
2.787629446202531653e+03,7.621999999999999886e-01
2.788391911166365389e+03,7.603999999999999648e-01
2.789154376130199125e+03,7.586000000000000520e-01
2.789916841094032407e+03,7.568000000000000282e-01
2.790679306057866143e+03,7.550999999999999934e-01
2.791441771021699878e+03,7.532999999999999696e-01
2.792204235985533614e+03,7.516000000000000458e-01
2.792966700949366896e+03,7.498000000000000220e-01
2.793729165913200632e+03,7.475000000000000533e-01
2.794491630877034368e+03,7.448000000000000176e-01
2.795254095840868104e+03,7.419999999999999929e-01
2.796016560804701840e+03,7.391999999999999682e-01
2.796779025768535121e+03,7.372999999999999554e-01
2.797541490732368857e+03,7.360999999999999766e-01
2.798303955696202593e+03,7.348000000000000087e-01
2.799066420660036329e+03,7.336000000000000298e-01
2.799828885623869610e+03,7.326000000000000290e-01
2.800591350587703346e+03,7.318000000000000060e-01
2.801353815551537082e+03,7.310999999999999721e-01
2.802116280515370818e+03,7.302999999999999492e-01
2.802878745479204554e+03,7.279999999999999805e-01
2.803641210443037835e+03,7.245000000000000329e-01
2.804403675406871571e+03,7.209999999999999742e-01
2.805166140370705307e+03,7.175000000000000266e-01
2.805928605334539043e+03,7.154000000000000359e-01
2.806691070298372324e+03,7.144000000000000350e-01
2.807453535262206060e+03,7.134000000000000341e-01
2.808216000226039796e+03,7.124000000000000332e-01
2.808978465189873532e+03,7.113000000000000433e-01
2.809740930153707268e+03,7.099999999999999645e-01
2.810503395117540549e+03,7.087999999999999856e-01
2.811265860081374285e+03,7.075000000000000178e-01
2.812028325045208021e+03,7.068999999999999728e-01
2.812790790009041757e+03,7.066000000000000059e-01
2.813553254972875038e+03,7.064000000000000279e-01
2.814315719936708774e+03,7.060999999999999499e-01
2.815078184900542510e+03,7.056000000000000050e-01
2.815840649864376246e+03,7.047999999999999821e-01
2.816603114828209982e+03,7.040999999999999481e-01
2.817365579792043263e+03,7.033000000000000362e-01
2.818128044755876999e+03,7.018999999999999684e-01
2.818890509719710735e+03,7.002000000000000446e-01
2.819652974683544471e+03,6.984000000000000208e-01
2.820415439647377752e+03,6.965999999999999970e-01
2.821177904611211488e+03,6.945000000000000062e-01
2.821940369575045224e+03,6.922000000000000375e-01
2.822702834538878960e+03,6.899999999999999467e-01
2.823465299502712696e+03,6.876999999999999780e-01
2.824227764466545977e+03,6.840000000000000524e-01
2.824990229430379713e+03,6.794000000000000039e-01
2.825752694394213449e+03,6.749000000000000554e-01
2.826515159358047185e+03,6.703999999999999959e-01
2.827277624321880467e+03,6.652000000000000135e-01
2.828040089285714203e+03,6.596999999999999531e-01
2.828802554249547939e+03,6.542000000000000037e-01
2.829565019213381674e+03,6.487000000000000544e-01
2.830327484177215410e+03,6.445999999999999508e-01
2.831089949141048692e+03,6.411000000000000032e-01
2.831852414104882428e+03,6.375999999999999446e-01
2.832614879068716164e+03,6.340999999999999970e-01
2.833377344032549900e+03,6.299000000000000155e-01
2.834139808996383181e+03,6.252999999999999670e-01
2.834902273960216917e+03,6.208000000000000185e-01
2.835664738924050653e+03,6.162999999999999590e-01
2.836427203887884389e+03,6.119999999999999885e-01
2.837189668851718125e+03,6.077000000000000179e-01
2.837952133815551406e+03,6.035000000000000364e-01
2.838714598779385142e+03,5.991999999999999549e-01
2.839477063743218878e+03,5.940999999999999615e-01
2.840239528707052614e+03,5.886000000000000121e-01
2.841001993670885895e+03,5.830999999999999517e-01
2.841764458634719631e+03,5.775000000000000133e-01
2.842526923598553367e+03,5.687999999999999723e-01
2.843289388562387103e+03,5.587999999999999634e-01
2.844051853526220384e+03,5.487999999999999545e-01
2.844814318490054120e+03,5.386999999999999567e-01
2.845576783453887856e+03,5.318000000000000504e-01
2.846339248417721592e+03,5.261000000000000121e-01
2.847101713381555328e+03,5.202999999999999847e-01
2.847864178345388609e+03,5.144999999999999574e-01
2.848626643309222345e+03,5.090999999999999970e-01
2.849389108273056081e+03,5.037000000000000366e-01
2.850151573236889817e+03,4.984000000000000097e-01
2.850914038200723098e+03,4.930999999999999828e-01
2.851676503164556834e+03,4.892000000000000237e-01
2.852438968128390570e+03,4.857000000000000206e-01
2.853201433092224306e+03,4.822000000000000175e-01
2.853963898056058042e+03,4.787000000000000144e-01
2.854726363019891323e+03,4.763999999999999901e-01
2.855488827983725059e+03,4.743999999999999884e-01
2.856251292947558795e+03,4.723999999999999866e-01
2.857013757911392531e+03,4.703999999999999848e-01
2.857776222875225812e+03,4.687999999999999945e-01
2.858538687839059548e+03,4.672999999999999932e-01
2.859301152802893284e+03,4.657999999999999918e-01
2.860063617766727020e+03,4.642999999999999905e-01
2.860826082730560756e+03,4.633999999999999786e-01
2.861588547694394038e+03,4.626000000000000112e-01
2.862351012658227773e+03,4.618999999999999773e-01
2.863113477622061509e+03,4.611000000000000099e-01
2.863875942585895245e+03,4.600000000000000200e-01
2.864638407549728527e+03,4.586999999999999966e-01
2.865400872513562263e+03,4.575000000000000178e-01
2.866163337477395999e+03,4.561999999999999944e-01
2.866925802441229735e+03,4.551999999999999935e-01
2.867688267405063471e+03,4.541999999999999926e-01
2.868450732368896752e+03,4.531999999999999917e-01
2.869213197332730488e+03,4.521999999999999909e-01
2.869975662296564224e+03,4.509000000000000230e-01
2.870738127260397960e+03,4.496999999999999886e-01
2.871500592224231241e+03,4.484000000000000208e-01
2.872263057188064977e+03,4.471999999999999864e-01
2.873025522151898713e+03,4.467999999999999750e-01
2.873787987115732449e+03,4.465000000000000080e-01
2.874550452079566185e+03,4.462999999999999745e-01
2.875312917043399466e+03,4.460000000000000075e-01
2.876075382007233202e+03,4.437999999999999723e-01
2.876837846971066938e+03,4.413000000000000256e-01
2.877600311934900674e+03,4.388000000000000234e-01
2.878362776898733955e+03,4.363000000000000211e-01
2.879125241862567691e+03,4.295999999999999819e-01
2.879887706826401427e+03,4.222000000000000197e-01
2.880650171790235163e+03,4.148000000000000020e-01
2.881412636754068899e+03,4.073999999999999844e-01
2.882175101717902180e+03,4.030000000000000249e-01
2.882937566681735916e+03,3.986999999999999988e-01
2.883700031645569652e+03,3.945000000000000173e-01
2.884462496609403388e+03,3.901999999999999913e-01
2.885224961573236669e+03,3.824000000000000177e-01
2.885987426537070405e+03,3.744000000000000106e-01
2.886749891500904141e+03,3.664000000000000035e-01
2.887512356464737877e+03,3.583999999999999964e-01
2.888274821428571613e+03,3.551000000000000267e-01
2.889037286392404894e+03,3.521000000000000241e-01
2.889799751356238630e+03,3.491000000000000214e-01
2.890562216320072366e+03,3.461000000000000187e-01
2.891324681283906102e+03,3.428999999999999826e-01
2.892087146247739383e+03,3.396000000000000130e-01
2.892849611211573119e+03,3.363999999999999768e-01
2.893612076175406855e+03,3.331000000000000072e-01
2.894374541139240591e+03,3.289000000000000257e-01
2.895137006103074327e+03,3.245999999999999996e-01
2.895899471066907608e+03,3.204000000000000181e-01
2.896661936030741344e+03,3.160999999999999921e-01
2.897424400994575080e+03,3.110999999999999877e-01
2.898186865958408816e+03,3.060999999999999832e-01
2.898949330922242098e+03,3.010999999999999788e-01
2.899711795886075834e+03,2.960999999999999743e-01
2.900474260849909570e+03,2.929999999999999827e-01
2.901236725813743305e+03,2.899999999999999800e-01
2.901999190777577041e+03,2.869999999999999774e-01
2.902761655741410323e+03,2.839999999999999747e-01
2.903524120705244059e+03,2.829999999999999738e-01
2.904286585669077795e+03,2.819999999999999729e-01
2.905049050632911531e+03,2.810000000000000275e-01
2.905811515596744812e+03,2.800000000000000266e-01
2.906573980560578548e+03,2.795000000000000262e-01
2.907336445524412284e+03,2.790000000000000258e-01
2.908098910488246020e+03,2.785000000000000253e-01
2.908861375452079756e+03,2.780000000000000249e-01
2.909623840415913037e+03,2.780000000000000249e-01
2.910386305379746773e+03,2.780000000000000249e-01
2.911148770343580509e+03,2.780000000000000249e-01
2.911911235307414245e+03,2.780000000000000249e-01
2.912673700271247526e+03,2.785000000000000253e-01
2.913436165235081262e+03,2.790000000000000258e-01
2.914198630198914998e+03,2.795000000000000262e-01
2.914961095162748734e+03,2.801000000000000156e-01
2.915723560126582470e+03,2.807999999999999940e-01
2.916486025090415751e+03,2.816000000000000170e-01
2.917248490054249487e+03,2.822999999999999954e-01
2.918010955018083223e+03,2.831000000000000183e-01
2.918773419981916959e+03,2.837999999999999967e-01
2.919535884945750240e+03,2.846000000000000196e-01
2.920298349909583976e+03,2.852999999999999980e-01
2.921060814873417712e+03,2.859999999999999765e-01
2.921823279837251448e+03,2.862999999999999989e-01
2.922585744801085184e+03,2.864999999999999769e-01
2.923348209764918465e+03,2.867999999999999994e-01
2.924110674728752201e+03,2.869999999999999774e-01
2.924873139692585937e+03,2.869999999999999774e-01
2.925635604656419673e+03,2.869999999999999774e-01
2.926398069620252954e+03,2.869999999999999774e-01
2.927160534584086690e+03,2.869999999999999774e-01
2.927922999547920426e+03,2.867000000000000104e-01
2.928685464511754162e+03,2.864999999999999769e-01
2.929447929475587898e+03,2.862000000000000099e-01
2.930210394439421179e+03,2.858999999999999875e-01
2.930972859403254915e+03,2.852000000000000091e-01
2.931735324367088651e+03,2.843999999999999861e-01
2.932497789330922387e+03,2.837000000000000077e-01
2.933260254294755669e+03,2.822000000000000064e-01
2.934022719258589404e+03,2.758999999999999786e-01
2.934785184222423140e+03,2.696999999999999953e-01
2.935547649186256876e+03,2.634000000000000230e-01
2.936310114150090612e+03,2.570999999999999952e-01
2.937072579113923894e+03,2.500000000000000000e-01
2.937835044077757630e+03,2.429999999999999938e-01
2.938597509041591366e+03,2.359999999999999876e-01
2.939359974005425101e+03,2.291999999999999871e-01
2.940122438969258383e+03,2.238999999999999879e-01
2.940884903933092119e+03,2.185999999999999888e-01
2.941647368896925855e+03,2.132000000000000006e-01
2.942409833860759591e+03,2.066999999999999948e-01
2.943172298824593327e+03,1.960000000000000075e-01
2.943934763788426608e+03,1.852000000000000035e-01
2.944697228752260344e+03,1.743999999999999995e-01
2.945459693716094080e+03,1.656999999999999862e-01
2.946222158679927816e+03,1.645000000000000073e-01
2.946984623643761097e+03,1.632000000000000117e-01
2.947747088607594833e+03,1.620000000000000051e-01
2.948509553571428569e+03,1.608999999999999875e-01
2.949272018535262305e+03,1.607000000000000095e-01
2.950034483499096041e+03,1.603999999999999870e-01
2.950796948462929322e+03,1.602000000000000091e-01
2.951559413426763058e+03,1.600000000000000033e-01
2.952321878390596794e+03,1.600000000000000033e-01
2.953084343354430530e+03,1.600000000000000033e-01
2.953846808318263811e+03,1.600000000000000033e-01
2.954609273282097547e+03,1.598999999999999866e-01
2.955371738245931283e+03,1.593999999999999861e-01
2.956134203209765019e+03,1.589000000000000135e-01
2.956896668173598755e+03,1.584000000000000130e-01
2.957659133137432036e+03,1.580000000000000016e-01
2.958421598101265772e+03,1.580000000000000016e-01
2.959184063065099508e+03,1.580000000000000016e-01
2.959946528028933244e+03,1.580000000000000016e-01
2.960708992992766525e+03,1.580999999999999905e-01
2.961471457956600261e+03,1.585999999999999910e-01
2.962233922920433997e+03,1.590999999999999914e-01
2.962996387884267733e+03,1.595999999999999919e-01
2.963758852848101469e+03,1.600999999999999923e-01
2.964521317811934750e+03,1.602999999999999980e-01
2.965283782775768486e+03,1.605999999999999928e-01
2.966046247739602222e+03,1.607999999999999985e-01
2.966808712703435958e+03,1.615000000000000047e-01
2.967571177667269239e+03,1.635000000000000064e-01
2.968333642631102975e+03,1.655000000000000082e-01
2.969096107594936711e+03,1.675999999999999990e-01
2.969858572558770447e+03,1.693999999999999950e-01
2.970621037522604183e+03,1.708999999999999964e-01
2.971383502486437465e+03,1.724999999999999867e-01
2.972145967450271201e+03,1.739999999999999880e-01
2.972908432414104936e+03,1.759999999999999898e-01
2.973670897377938672e+03,1.789999999999999925e-01
2.974433362341771954e+03,1.821000000000000119e-01
2.975195827305605690e+03,1.850999999999999868e-01
2.975958292269439426e+03,1.882000000000000062e-01
2.976720757233273162e+03,1.913999999999999868e-01
2.977483222197106898e+03,1.947000000000000119e-01
2.978245687160940179e+03,1.978999999999999926e-01
2.979008152124773915e+03,2.043999999999999984e-01
2.979770617088607651e+03,2.167000000000000037e-01
2.980533082052441387e+03,2.290000000000000091e-01
2.981295547016274668e+03,2.412999999999999867e-01
2.982058011980108404e+03,2.524000000000000132e-01
2.982820476943942140e+03,2.616999999999999882e-01
2.983582941907775876e+03,2.710000000000000187e-01
2.984345406871609612e+03,2.802000000000000046e-01
2.985107871835442893e+03,2.892000000000000126e-01
2.985870336799276629e+03,2.977000000000000202e-01
2.986632801763110365e+03,3.062000000000000277e-01
2.987395266726944101e+03,3.148000000000000242e-01
2.988157731690777382e+03,3.225999999999999979e-01
2.988920196654611118e+03,3.294000000000000261e-01
2.989682661618444854e+03,3.361000000000000099e-01
2.990445126582278590e+03,3.428999999999999826e-01
2.991207591546112326e+03,3.497000000000000108e-01
2.991970056509945607e+03,3.568000000000000060e-01
2.992732521473779343e+03,3.638000000000000123e-01
2.993494986437613079e+03,3.708000000000000185e-01
2.994257451401446815e+03,3.788000000000000256e-01
2.995019916365280096e+03,3.882999999999999785e-01
2.995782381329113832e+03,3.977999999999999869e-01
2.996544846292947568e+03,4.072999999999999954e-01
2.997307311256781304e+03,4.167000000000000148e-01
2.998069776220615040e+03,4.257000000000000228e-01
2.998832241184448321e+03,4.346999999999999753e-01
2.999594706148282057e+03,4.436999999999999833e-01
3.000357171112115793e+03,4.550000000000000155e-01
3.001119636075949529e+03,4.694999999999999729e-01
3.001882101039782810e+03,4.839999999999999858e-01
3.002644566003616546e+03,4.984999999999999987e-01
3.003407030967450282e+03,5.088000000000000300e-01
3.004169495931284018e+03,5.144999999999999574e-01
3.004931960895117754e+03,5.202999999999999847e-01
3.005694425858951035e+03,5.261000000000000121e-01
3.006456890822784771e+03,5.315999999999999615e-01
3.007219355786618507e+03,5.368000000000000549e-01
3.007981820750452243e+03,5.421000000000000263e-01
3.008744285714285525e+03,5.473999999999999977e-01
3.009506750678119261e+03,5.536999999999999700e-01
3.010269215641952997e+03,5.612000000000000322e-01
3.011031680605786732e+03,5.687999999999999723e-01
3.011794145569620468e+03,5.763000000000000345e-01
3.012556610533453750e+03,5.863000000000000433e-01
3.013319075497287486e+03,5.987999999999999989e-01
3.014081540461121222e+03,6.114000000000000545e-01
3.014844005424954958e+03,6.239000000000000101e-01
3.015606470388788239e+03,6.347000000000000419e-01
3.016368935352621975e+03,6.440000000000000169e-01
3.017131400316455711e+03,6.532999999999999918e-01
3.017893865280289447e+03,6.624999999999999778e-01
3.018656330244123183e+03,6.733999999999999986e-01
3.019418795207956464e+03,6.855999999999999872e-01
3.020181260171790200e+03,6.978999999999999648e-01
3.020943725135623936e+03,7.102000000000000535e-01
3.021706190099457672e+03,7.167000000000000037e-01
3.022468655063290953e+03,7.178999999999999826e-01
3.023231120027124689e+03,7.191999999999999504e-01
3.023993584990958425e+03,7.204000000000000403e-01
3.024756049954792161e+03,7.214000000000000412e-01
3.025518514918625897e+03,7.221999999999999531e-01
3.026280979882459178e+03,7.228999999999999870e-01
3.027043444846292914e+03,7.237000000000000099e-01
3.027805909810126650e+03,7.256000000000000227e-01
3.028568374773960386e+03,7.286000000000000254e-01
3.029330839737793667e+03,7.316000000000000281e-01
3.030093304701627403e+03,7.346000000000000307e-01
3.030855769665461139e+03,7.379999999999999893e-01
3.031618234629294875e+03,7.415000000000000480e-01
3.032380699593128611e+03,7.450999999999999845e-01
3.033143164556961892e+03,7.486000000000000432e-01
3.033905629520795628e+03,7.509000000000000119e-01
3.034668094484629364e+03,7.523999999999999577e-01
3.035430559448463100e+03,7.539000000000000146e-01
3.036193024412296381e+03,7.553999999999999604e-01
3.036955489376130117e+03,7.568000000000000282e-01
3.037717954339963853e+03,7.580000000000000071e-01
3.038480419303797589e+03,7.592999999999999750e-01
3.039242884267631325e+03,7.604999999999999538e-01
3.040005349231464606e+03,7.629000000000000226e-01
3.040767814195298342e+03,7.659000000000000252e-01
3.041530279159132078e+03,7.689000000000000279e-01
3.042292744122965814e+03,7.719000000000000306e-01
3.043055209086799096e+03,7.741000000000000103e-01
3.043817674050632831e+03,7.759000000000000341e-01
3.044580139014466567e+03,7.775999999999999579e-01
3.045342603978300303e+03,7.793999999999999817e-01
3.046105068942133585e+03,7.805999999999999606e-01
3.046867533905967321e+03,7.815999999999999615e-01
3.047629998869801057e+03,7.826999999999999513e-01
3.048392463833634793e+03,7.836999999999999522e-01
3.049154928797468529e+03,7.850000000000000311e-01
3.049917393761301810e+03,7.864999999999999769e-01
3.050679858725135546e+03,7.880000000000000338e-01
3.051442323688969282e+03,7.894999999999999796e-01
3.052204788652803018e+03,7.904999999999999805e-01
3.052967253616636299e+03,7.912000000000000144e-01
3.053729718580470035e+03,7.920000000000000373e-01
3.054492183544303771e+03,7.927999999999999492e-01
3.055254648508137507e+03,7.934999999999999831e-01
3.056017113471971243e+03,7.943000000000000060e-01
3.056779578435804524e+03,7.950000000000000400e-01
3.057542043399638260e+03,7.957999999999999519e-01
3.058304508363471996e+03,7.966999999999999638e-01
3.059066973327305732e+03,7.976999999999999647e-01
3.059829438291139013e+03,7.986999999999999655e-01
3.060591903254972749e+03,7.996999999999999664e-01
3.061354368218806485e+03,8.002000000000000224e-01
3.062116833182640221e+03,8.004000000000000004e-01
3.062879298146473957e+03,8.006999999999999673e-01
3.063641763110307238e+03,8.008999999999999453e-01
3.064404228074140974e+03,8.014000000000000012e-01
3.065166693037974710e+03,8.018999999999999462e-01
3.065929158001808446e+03,8.024000000000000021e-01
3.066691622965641727e+03,8.028999999999999471e-01
3.067454087929475463e+03,8.035999999999999810e-01
3.068216552893309199e+03,8.043000000000000149e-01
3.068979017857142935e+03,8.051000000000000378e-01
3.069741482820976671e+03,8.057999999999999607e-01
3.070503947784809952e+03,8.062000000000000277e-01
3.071266412748643688e+03,8.064000000000000057e-01
3.072028877712477424e+03,8.066999999999999726e-01
3.072791342676311160e+03,8.068999999999999506e-01
3.073553807640144441e+03,8.070000000000000506e-01
3.074316272603978177e+03,8.070000000000000506e-01
3.075078737567811913e+03,8.070000000000000506e-01
3.075841202531645649e+03,8.070000000000000506e-01
3.076603667495479385e+03,8.074000000000000066e-01
3.077366132459312666e+03,8.078999999999999515e-01
3.078128597423146402e+03,8.084000000000000075e-01
3.078891062386980138e+03,8.088999999999999524e-01
3.079653527350813874e+03,8.090000000000000524e-01
3.080415992314647156e+03,8.090000000000000524e-01
3.081178457278480892e+03,8.090000000000000524e-01
3.081940922242314628e+03,8.090000000000000524e-01
3.082703387206148363e+03,8.092000000000000304e-01
3.083465852169982099e+03,8.094999999999999973e-01
3.084228317133815381e+03,8.096999999999999753e-01
3.084990782097649117e+03,8.100000000000000533e-01
3.085753247061482853e+03,8.100000000000000533e-01
3.086515712025316589e+03,8.100000000000000533e-01
3.087278176989149870e+03,8.100000000000000533e-01
3.088040641952983606e+03,8.100000000000000533e-01
3.088803106916817342e+03,8.100000000000000533e-01
3.089565571880651078e+03,8.100000000000000533e-01
3.090328036844484814e+03,8.100000000000000533e-01
3.091090501808318095e+03,8.100000000000000533e-01
3.091852966772151831e+03,8.104000000000000092e-01
3.092615431735985567e+03,8.108999999999999542e-01
3.093377896699819303e+03,8.114000000000000101e-01
3.094140361663652584e+03,8.118999999999999551e-01
3.094902826627486320e+03,8.120000000000000551e-01
3.095665291591320056e+03,8.120000000000000551e-01
3.096427756555153792e+03,8.120000000000000551e-01
3.097190221518987528e+03,8.120000000000000551e-01
3.097952686482820809e+03,8.120000000000000551e-01
3.098715151446654545e+03,8.120000000000000551e-01
3.099477616410488281e+03,8.120000000000000551e-01
3.100240081374322017e+03,8.120000000000000551e-01
3.101002546338155298e+03,8.120000000000000551e-01
3.101765011301989034e+03,8.120000000000000551e-01
3.102527476265822770e+03,8.120000000000000551e-01
3.103289941229656506e+03,8.120000000000000551e-01
3.104052406193490242e+03,8.120000000000000551e-01
3.104814871157323523e+03,8.120000000000000551e-01
3.105577336121157259e+03,8.120000000000000551e-01
3.106339801084990995e+03,8.120000000000000551e-01
3.107102266048824731e+03,8.114999999999999991e-01
3.107864731012658012e+03,8.110000000000000542e-01
3.108627195976491748e+03,8.104999999999999982e-01
3.109389660940325484e+03,8.100000000000000533e-01
3.110152125904159220e+03,8.100000000000000533e-01
3.110914590867992956e+03,8.100000000000000533e-01
3.111677055831826237e+03,8.100000000000000533e-01
3.112439520795659973e+03,8.100000000000000533e-01
3.113201985759493709e+03,8.100000000000000533e-01
3.113964450723327445e+03,8.100000000000000533e-01
3.114726915687160727e+03,8.100000000000000533e-01
3.115489380650994462e+03,8.100000000000000533e-01
3.116251845614828198e+03,8.100000000000000533e-01
3.117014310578661934e+03,8.100000000000000533e-01
3.117776775542495670e+03,8.100000000000000533e-01
3.118539240506328952e+03,8.100000000000000533e-01
3.119301705470162688e+03,8.100000000000000533e-01
3.120064170433996424e+03,8.100000000000000533e-01
3.120826635397830159e+03,8.100000000000000533e-01
3.121589100361663441e+03,8.100000000000000533e-01
3.122351565325497177e+03,8.100000000000000533e-01
3.123114030289330913e+03,8.100000000000000533e-01
3.123876495253164649e+03,8.100000000000000533e-01
3.124638960216998385e+03,8.100000000000000533e-01
3.125401425180831666e+03,8.100000000000000533e-01
3.126163890144665402e+03,8.100000000000000533e-01
3.126926355108499138e+03,8.100000000000000533e-01
3.127688820072332874e+03,8.100000000000000533e-01
3.128451285036166155e+03,8.100000000000000533e-01
3.129213749999999891e+03,8.100000000000000533e-01
3.129976214963833627e+03,8.100000000000000533e-01
3.130738679927667363e+03,8.100000000000000533e-01
3.131501144891501099e+03,8.100000000000000533e-01
3.132263609855334380e+03,8.100000000000000533e-01
3.133026074819168116e+03,8.100000000000000533e-01
3.133788539783001852e+03,8.100000000000000533e-01
3.134551004746835588e+03,8.100000000000000533e-01
3.135313469710668869e+03,8.100000000000000533e-01
3.136075934674502605e+03,8.100000000000000533e-01
3.136838399638336341e+03,8.100000000000000533e-01
3.137600864602170077e+03,8.096999999999999753e-01
3.138363329566003813e+03,8.094999999999999973e-01
3.139125794529837094e+03,8.092000000000000304e-01
3.139888259493670830e+03,8.090000000000000524e-01
3.140650724457504566e+03,8.090000000000000524e-01
3.141413189421338302e+03,8.090000000000000524e-01
3.142175654385171583e+03,8.090000000000000524e-01
3.142938119349005319e+03,8.090000000000000524e-01
3.143700584312839055e+03,8.090000000000000524e-01
3.144463049276672791e+03,8.090000000000000524e-01
3.145225514240506527e+03,8.090000000000000524e-01
3.145987979204339808e+03,8.090000000000000524e-01
3.146750444168173544e+03,8.090000000000000524e-01
3.147512909132007280e+03,8.090000000000000524e-01
3.148275374095841016e+03,8.090000000000000524e-01
3.149037839059674297e+03,8.090000000000000524e-01
3.149800304023508033e+03,8.090000000000000524e-01
3.150562768987341769e+03,8.090000000000000524e-01
3.151325233951175505e+03,8.090000000000000524e-01
3.152087698915009241e+03,8.090000000000000524e-01
3.152850163878842523e+03,8.084000000000000075e-01
3.153612628842676259e+03,8.078999999999999515e-01
3.154375093806509994e+03,8.074000000000000066e-01
3.155137558770343730e+03,8.070000000000000506e-01
3.155900023734177012e+03,8.070000000000000506e-01
3.156662488698010748e+03,8.070000000000000506e-01
3.157424953661844484e+03,8.070000000000000506e-01
3.158187418625678220e+03,8.070000000000000506e-01
3.158949883589511956e+03,8.070000000000000506e-01
3.159712348553345237e+03,8.070000000000000506e-01
3.160474813517178973e+03,8.070000000000000506e-01
3.161237278481012709e+03,8.070000000000000506e-01
3.161999743444846445e+03,8.070000000000000506e-01
3.162762208408679726e+03,8.070000000000000506e-01
3.163524673372513462e+03,8.070000000000000506e-01
3.164287138336347198e+03,8.070000000000000506e-01
3.165049603300180934e+03,8.070000000000000506e-01
3.165812068264014670e+03,8.070000000000000506e-01
3.166574533227847951e+03,8.070000000000000506e-01
3.167336998191681687e+03,8.070000000000000506e-01
3.168099463155515423e+03,8.066999999999999726e-01
3.168861928119349159e+03,8.064999999999999947e-01
3.169624393083182440e+03,8.062000000000000277e-01
3.170386858047016176e+03,8.060000000000000497e-01
3.171149323010849912e+03,8.060000000000000497e-01
3.171911787974683648e+03,8.060000000000000497e-01
3.172674252938517384e+03,8.060000000000000497e-01
3.173436717902350665e+03,8.060000000000000497e-01
3.174199182866184401e+03,8.060000000000000497e-01
3.174961647830018137e+03,8.060000000000000497e-01
3.175724112793851873e+03,8.060000000000000497e-01
3.176486577757685154e+03,8.060000000000000497e-01
3.177249042721518890e+03,8.060000000000000497e-01
3.178011507685352626e+03,8.060000000000000497e-01
3.178773972649186362e+03,8.060000000000000497e-01
3.179536437613020098e+03,8.060000000000000497e-01
3.180298902576853379e+03,8.060000000000000497e-01
3.181061367540687115e+03,8.060000000000000497e-01
3.181823832504520851e+03,8.060000000000000497e-01
3.182586297468354587e+03,8.058999999999999497e-01
3.183348762432187868e+03,8.054000000000000048e-01
3.184111227396021604e+03,8.048999999999999488e-01
3.184873692359855340e+03,8.044000000000000039e-01
3.185636157323689076e+03,8.040000000000000480e-01
3.186398622287522812e+03,8.040000000000000480e-01
3.187161087251356093e+03,8.040000000000000480e-01
3.187923552215189829e+03,8.040000000000000480e-01
3.188686017179023565e+03,8.042000000000000259e-01
3.189448482142857301e+03,8.046999999999999709e-01
3.190210947106690583e+03,8.052000000000000268e-01
3.190973412070524319e+03,8.056999999999999718e-01
3.191735877034358055e+03,8.060000000000000497e-01
3.192498341998191790e+03,8.060000000000000497e-01
3.193260806962025526e+03,8.060000000000000497e-01
3.194023271925858808e+03,8.060000000000000497e-01
3.194785736889692544e+03,8.060000000000000497e-01
3.195548201853526280e+03,8.060000000000000497e-01
3.196310666817360016e+03,8.060000000000000497e-01
3.197073131781193297e+03,8.060000000000000497e-01
3.197835596745027033e+03,8.061000000000000387e-01
3.198598061708860769e+03,8.063000000000000167e-01
3.199360526672694505e+03,8.065999999999999837e-01
3.200122991636528241e+03,8.067999999999999616e-01
3.200885456600361522e+03,8.070000000000000506e-01
3.201647921564195258e+03,8.070000000000000506e-01
3.202410386528028994e+03,8.070000000000000506e-01
3.203172851491862730e+03,8.070000000000000506e-01
3.203935316455696011e+03,8.072000000000000286e-01
3.204697781419529747e+03,8.076999999999999735e-01
3.205460246383363483e+03,8.082000000000000295e-01
3.206222711347197219e+03,8.086999999999999744e-01
3.206985176311030955e+03,8.091000000000000414e-01
3.207747641274864236e+03,8.093000000000000194e-01
3.208510106238697972e+03,8.095999999999999863e-01
3.209272571202531708e+03,8.097999999999999643e-01
3.210035036166365444e+03,8.100000000000000533e-01
3.210797501130198725e+03,8.100000000000000533e-01
3.211559966094032461e+03,8.100000000000000533e-01
3.212322431057866197e+03,8.100000000000000533e-01
3.213084896021699933e+03,8.102000000000000313e-01
3.213847360985533669e+03,8.106999999999999762e-01
3.214609825949366950e+03,8.112000000000000322e-01
3.215372290913200686e+03,8.116999999999999771e-01
3.216134755877034422e+03,8.120000000000000551e-01
3.216897220840868158e+03,8.120000000000000551e-01
3.217659685804701439e+03,8.120000000000000551e-01
3.218422150768535175e+03,8.120000000000000551e-01
3.219184615732368911e+03,8.120000000000000551e-01
3.219947080696202647e+03,8.120000000000000551e-01
3.220709545660036383e+03,8.120000000000000551e-01
3.221472010623869664e+03,8.120000000000000551e-01
3.222234475587703400e+03,8.121000000000000441e-01
3.222996940551537136e+03,8.124000000000000110e-01
3.223759405515370872e+03,8.125999999999999890e-01
3.224521870479204154e+03,8.128999999999999559e-01
3.225284335443037889e+03,8.132000000000000339e-01
3.226046800406871625e+03,8.136999999999999789e-01
3.226809265370705361e+03,8.142000000000000348e-01
3.227571730334539097e+03,8.146999999999999797e-01
3.228334195298372379e+03,8.151000000000000467e-01
3.229096660262206115e+03,8.154000000000000137e-01
3.229859125226039851e+03,8.155999999999999917e-01
3.230621590189873586e+03,8.158999999999999586e-01
3.231384055153706868e+03,8.159999999999999476e-01
3.232146520117540604e+03,8.159999999999999476e-01
3.232908985081374340e+03,8.159999999999999476e-01
3.233671450045208076e+03,8.159999999999999476e-01
3.234433915009041357e+03,8.159999999999999476e-01
3.235196379972875093e+03,8.159999999999999476e-01
3.235958844936708829e+03,8.159999999999999476e-01
3.236721309900542565e+03,8.159999999999999476e-01
3.237483774864376301e+03,8.162000000000000366e-01
3.238246239828209582e+03,8.166999999999999815e-01
3.239008704792043318e+03,8.172000000000000375e-01
3.239771169755877054e+03,8.176999999999999824e-01
3.240533634719710790e+03,8.179999999999999494e-01
3.241296099683544071e+03,8.179999999999999494e-01
3.242058564647377807e+03,8.179999999999999494e-01
3.242821029611211543e+03,8.179999999999999494e-01
3.243583494575045279e+03,8.179999999999999494e-01
3.244345959538879015e+03,8.179999999999999494e-01
3.245108424502712296e+03,8.179999999999999494e-01
3.245870889466546032e+03,8.179999999999999494e-01
3.246633354430379768e+03,8.183000000000000274e-01
3.247395819394213504e+03,8.187999999999999723e-01
3.248158284358046785e+03,8.193000000000000282e-01
3.248920749321880521e+03,8.197999999999999732e-01
3.249683214285714257e+03,8.199999999999999512e-01
3.250445679249547993e+03,8.199999999999999512e-01
3.251208144213381729e+03,8.199999999999999512e-01
3.251970609177215010e+03,8.199999999999999512e-01
3.252733074141048746e+03,8.199999999999999512e-01
3.253495539104882482e+03,8.199999999999999512e-01
3.254258004068716218e+03,8.199999999999999512e-01
3.255020469032549499e+03,8.199999999999999512e-01
3.255782933996383235e+03,8.199999999999999512e-01
3.256545398960216971e+03,8.199999999999999512e-01
3.257307863924050707e+03,8.199999999999999512e-01
3.258070328887884443e+03,8.199999999999999512e-01
3.258832793851717724e+03,8.199999999999999512e-01
3.259595258815551460e+03,8.199999999999999512e-01
3.260357723779385196e+03,8.199999999999999512e-01
3.261120188743218932e+03,8.199999999999999512e-01
3.261882653707052214e+03,8.196999999999999842e-01
3.262645118670885950e+03,8.192000000000000393e-01
3.263407583634719686e+03,8.186999999999999833e-01
3.264170048598553421e+03,8.182000000000000384e-01
3.264932513562387157e+03,8.179999999999999494e-01
3.265694978526220439e+03,8.179999999999999494e-01
3.266457443490054175e+03,8.179999999999999494e-01
3.267219908453887911e+03,8.179999999999999494e-01
3.267982373417721647e+03,8.179999999999999494e-01
3.268744838381554928e+03,8.179999999999999494e-01
3.269507303345388664e+03,8.179999999999999494e-01
3.270269768309222400e+03,8.179999999999999494e-01
3.271032233273056136e+03,8.179999999999999494e-01
3.271794698236889872e+03,8.179999999999999494e-01
3.272557163200723153e+03,8.179999999999999494e-01
3.273319628164556889e+03,8.179999999999999494e-01
3.274082093128390625e+03,8.176999999999999824e-01
3.274844558092224361e+03,8.172000000000000375e-01
3.275607023056057642e+03,8.166999999999999815e-01
3.276369488019891378e+03,8.162000000000000366e-01
3.277131952983725114e+03,8.159999999999999476e-01
3.277894417947558850e+03,8.159999999999999476e-01
3.278656882911392586e+03,8.159999999999999476e-01
3.279419347875225867e+03,8.159999999999999476e-01
3.280181812839059603e+03,8.159999999999999476e-01
3.280944277802893339e+03,8.159999999999999476e-01
3.281706742766727075e+03,8.159999999999999476e-01
3.282469207730560356e+03,8.159999999999999476e-01
3.283231672694394092e+03,8.157999999999999696e-01
3.283994137658227828e+03,8.155999999999999917e-01
3.284756602622061564e+03,8.153000000000000247e-01
3.285519067585895300e+03,8.151000000000000467e-01
3.286281532549728581e+03,8.145999999999999908e-01
3.287043997513562317e+03,8.141000000000000458e-01
3.287806462477396053e+03,8.135999999999999899e-01
3.288568927441229789e+03,8.131000000000000449e-01
3.289331392405063070e+03,8.129999999999999449e-01
3.290093857368896806e+03,8.129999999999999449e-01
3.290856322332730542e+03,8.129999999999999449e-01
3.291618787296564278e+03,8.129999999999999449e-01
3.292381252260398014e+03,8.127999999999999670e-01
3.293143717224231295e+03,8.125999999999999890e-01
3.293906182188065031e+03,8.123000000000000220e-01
3.294668647151898767e+03,8.121000000000000441e-01
3.295431112115732503e+03,8.120000000000000551e-01
3.296193577079565785e+03,8.120000000000000551e-01
3.296956042043399520e+03,8.120000000000000551e-01
3.297718507007233256e+03,8.120000000000000551e-01
3.298480971971066992e+03,8.120000000000000551e-01
3.299243436934900728e+03,8.120000000000000551e-01
3.300005901898734010e+03,8.120000000000000551e-01
3.300768366862567746e+03,8.120000000000000551e-01
3.301530831826401482e+03,8.115999999999999881e-01
3.302293296790235217e+03,8.111000000000000432e-01
3.303055761754068499e+03,8.105999999999999872e-01
3.303818226717902235e+03,8.101000000000000423e-01
3.304580691681735971e+03,8.097999999999999643e-01
3.305343156645569707e+03,8.094999999999999973e-01
3.306105621609403443e+03,8.093000000000000194e-01
3.306868086573236724e+03,8.090000000000000524e-01
3.307630551537070460e+03,8.090000000000000524e-01
3.308393016500904196e+03,8.090000000000000524e-01
3.309155481464737932e+03,8.090000000000000524e-01
3.309917946428571213e+03,8.090000000000000524e-01
3.310680411392404949e+03,8.085999999999999854e-01
3.311442876356238685e+03,8.081000000000000405e-01
3.312205341320072421e+03,8.075999999999999845e-01
3.312967806283906157e+03,8.071000000000000396e-01
3.313730271247739438e+03,8.067999999999999616e-01
3.314492736211573174e+03,8.064999999999999947e-01
3.315255201175406910e+03,8.063000000000000167e-01
3.316017666139240646e+03,8.060000000000000497e-01
3.316780131103073927e+03,8.055999999999999828e-01
3.317542596066907663e+03,8.051000000000000378e-01
3.318305061030741399e+03,8.045999999999999819e-01
3.319067525994575135e+03,8.041000000000000369e-01
3.319829990958408871e+03,8.037999999999999590e-01
3.320592455922242152e+03,8.034999999999999920e-01
3.321354920886075888e+03,8.033000000000000140e-01
3.322117385849909624e+03,8.030000000000000471e-01
3.322879850813743360e+03,8.025999999999999801e-01
3.323642315777576641e+03,8.021000000000000352e-01
3.324404780741410377e+03,8.015999999999999792e-01
3.325167245705244113e+03,8.011000000000000343e-01
3.325929710669077849e+03,8.007999999999999563e-01
3.326692175632911585e+03,8.004999999999999893e-01
3.327454640596744866e+03,8.003000000000000114e-01
3.328217105560578602e+03,8.000000000000000444e-01
3.328979570524412338e+03,7.995999999999999774e-01
3.329742035488246074e+03,7.991000000000000325e-01
3.330504500452079355e+03,7.985999999999999766e-01
3.331266965415913091e+03,7.981000000000000316e-01
3.332029430379746827e+03,7.974999999999999867e-01
3.332791895343580563e+03,7.970000000000000417e-01
3.333554360307414299e+03,7.964999999999999858e-01
3.334316825271247581e+03,7.960000000000000409e-01
3.335079290235081316e+03,7.951000000000000290e-01
3.335841755198915052e+03,7.941000000000000281e-01
3.336604220162748788e+03,7.930000000000000382e-01
3.337366685126582070e+03,7.920000000000000373e-01
3.338129150090415806e+03,7.914999999999999813e-01
3.338891615054249542e+03,7.910000000000000364e-01
3.339654080018083278e+03,7.904999999999999805e-01
3.340416544981917014e+03,7.900000000000000355e-01
3.341179009945750295e+03,7.893000000000000016e-01
3.341941474909584031e+03,7.884999999999999787e-01
3.342703939873417767e+03,7.877999999999999448e-01
3.343466404837251503e+03,7.870000000000000329e-01
3.344228869801084784e+03,7.868000000000000549e-01
3.344991334764918520e+03,7.864999999999999769e-01
3.345753799728752256e+03,7.862999999999999989e-01
3.346516264692585992e+03,7.860000000000000320e-01
3.347278729656419728e+03,7.852999999999999980e-01
3.348041194620253009e+03,7.844999999999999751e-01
3.348803659584086745e+03,7.836999999999999522e-01
3.349566124547920481e+03,7.830000000000000293e-01
3.350328589511754217e+03,7.822000000000000064e-01
3.351091054475587498e+03,7.814999999999999725e-01
3.351853519439421234e+03,7.806999999999999496e-01
3.352615984403254970e+03,7.800000000000000266e-01
3.353378449367088706e+03,7.794999999999999707e-01
3.354140914330922442e+03,7.790000000000000258e-01
3.354903379294755723e+03,7.784999999999999698e-01
3.355665844258589459e+03,7.780000000000000249e-01
3.356428309222423195e+03,7.772000000000000020e-01
3.357190774186256931e+03,7.764999999999999680e-01
3.357953239150090212e+03,7.756999999999999451e-01
3.358715704113923948e+03,7.750000000000000222e-01
3.359478169077757684e+03,7.741999999999999993e-01
3.360240634041591420e+03,7.734999999999999654e-01
3.361003099005425156e+03,7.727000000000000535e-01
3.361765563969258437e+03,7.720000000000000195e-01
3.362528028933092173e+03,7.714999999999999636e-01
3.363290493896925909e+03,7.710000000000000187e-01
3.364052958860759645e+03,7.704999999999999627e-01
3.364815423824592926e+03,7.700000000000000178e-01
3.365577888788426662e+03,7.691999999999999948e-01
3.366340353752260398e+03,7.683999999999999719e-01
3.367102818716094134e+03,7.677000000000000490e-01
3.367865283679927870e+03,7.669000000000000261e-01
3.368627748643761151e+03,7.661999999999999922e-01
3.369390213607594887e+03,7.653999999999999693e-01
3.370152678571428623e+03,7.647000000000000464e-01
3.370915143535262359e+03,7.640000000000000124e-01
3.371677608499095641e+03,7.637000000000000455e-01
3.372440073462929377e+03,7.634999999999999565e-01
3.373202538426763113e+03,7.631999999999999895e-01
3.373965003390596848e+03,7.629000000000000226e-01
3.374727468354430584e+03,7.621999999999999886e-01
3.375489933318263866e+03,7.613999999999999657e-01
3.376252398282097602e+03,7.607000000000000428e-01
3.377014863245931338e+03,7.599000000000000199e-01
3.377777328209765074e+03,7.593999999999999639e-01
3.378539793173598355e+03,7.589000000000000190e-01
3.379302258137432091e+03,7.583999999999999631e-01
3.380064723101265827e+03,7.579000000000000181e-01
3.380827188065099563e+03,7.573999999999999622e-01
3.381589653028933299e+03,7.569000000000000172e-01
3.382352117992766580e+03,7.563999999999999613e-01
3.383114582956600316e+03,7.559000000000000163e-01
3.383877047920434052e+03,7.549000000000000155e-01
3.384639512884267788e+03,7.538000000000000256e-01
3.385401977848101069e+03,7.528000000000000247e-01
3.386164442811934805e+03,7.519000000000000128e-01
3.386926907775768541e+03,7.513999999999999568e-01
3.387689372739602277e+03,7.509000000000000119e-01
3.388451837703436013e+03,7.503999999999999559e-01
3.389214302667269294e+03,7.500000000000000000e-01
3.389976767631103030e+03,7.497000000000000330e-01
3.390739232594936766e+03,7.495000000000000551e-01
3.391501697558770502e+03,7.491999999999999771e-01
3.392264162522603783e+03,7.489000000000000101e-01
3.393026627486437519e+03,7.483999999999999542e-01
3.393789092450271255e+03,7.479000000000000092e-01
3.394551557414104991e+03,7.473999999999999533e-01
3.395314022377938727e+03,7.469999999999999973e-01
3.396076487341772008e+03,7.467000000000000304e-01
3.396838952305605744e+03,7.463999999999999524e-01
3.397601417269439480e+03,7.461999999999999744e-01
3.398363882233273216e+03,7.457000000000000295e-01
3.399126347197106497e+03,7.443999999999999506e-01
3.399888812160940233e+03,7.431999999999999718e-01
3.400651277124773969e+03,7.419000000000000039e-01
3.401413742088607705e+03,7.409000000000000030e-01
3.402176207052441441e+03,7.407000000000000250e-01
3.402938672016274722e+03,7.403999999999999471e-01
3.403701136980108458e+03,7.401999999999999691e-01
3.404463601943942194e+03,7.399000000000000021e-01
3.405226066907775930e+03,7.393999999999999462e-01
3.405988531871609212e+03,7.389000000000000012e-01
3.406750996835442947e+03,7.383999999999999453e-01
3.407513461799276683e+03,7.379000000000000004e-01
3.408275926763110419e+03,7.374000000000000554e-01
3.409038391726944155e+03,7.368999999999999995e-01
3.409800856690777437e+03,7.364000000000000545e-01
3.410563321654611173e+03,7.358999999999999986e-01
3.411325786618444909e+03,7.357000000000000206e-01
3.412088251582278644e+03,7.354000000000000536e-01
3.412850716546111926e+03,7.351999999999999647e-01
3.413613181509945662e+03,7.348000000000000087e-01
3.414375646473779398e+03,7.339999999999999858e-01
3.415138111437613134e+03,7.332999999999999519e-01
3.415900576401446870e+03,7.325000000000000400e-01
3.416663041365280151e+03,7.318999999999999950e-01
3.417425506329113887e+03,7.314000000000000501e-01
3.418187971292947623e+03,7.308999999999999941e-01
3.418950436256781359e+03,7.304000000000000492e-01
3.419712901220614640e+03,7.298999999999999932e-01
3.420475366184448376e+03,7.297000000000000153e-01
3.421237831148282112e+03,7.294000000000000483e-01
3.422000296112115848e+03,7.291999999999999593e-01
3.422762761075949584e+03,7.288000000000000034e-01
3.423525226039782865e+03,7.282999999999999474e-01
3.424287691003616601e+03,7.278000000000000025e-01
3.425050155967450337e+03,7.272999999999999465e-01
3.425812620931284073e+03,7.267000000000000126e-01
3.426575085895117354e+03,7.257000000000000117e-01
3.427337550858951090e+03,7.246000000000000218e-01
3.428100015822784826e+03,7.236000000000000210e-01
3.428862480786618562e+03,7.229999999999999760e-01
3.429624945750452298e+03,7.229999999999999760e-01
3.430387410714285579e+03,7.229999999999999760e-01
3.431149875678119315e+03,7.229999999999999760e-01
3.431912340641953051e+03,7.227999999999999980e-01
3.432674805605786787e+03,7.223000000000000531e-01
3.433437270569620068e+03,7.217999999999999972e-01
3.434199735533453804e+03,7.213000000000000522e-01
3.434962200497287540e+03,7.207000000000000073e-01
3.435724665461121276e+03,7.199999999999999734e-01
3.436487130424954557e+03,7.191999999999999504e-01
3.437249595388788293e+03,7.184000000000000385e-01
3.438012060352622029e+03,7.177999999999999936e-01
3.438774525316455765e+03,7.173000000000000487e-01
3.439536990280289501e+03,7.167999999999999927e-01
3.440299455244122782e+03,7.163000000000000478e-01
3.441061920207956518e+03,7.158999999999999808e-01
3.441824385171790254e+03,7.156000000000000139e-01
3.442586850135623990e+03,7.154000000000000359e-01
3.443349315099457272e+03,7.150999999999999579e-01
3.444111780063291008e+03,7.147999999999999909e-01
3.444874245027124744e+03,7.143000000000000460e-01
3.445636709990958479e+03,7.137999999999999901e-01
3.446399174954792215e+03,7.133000000000000451e-01
3.447161639918625497e+03,7.128999999999999782e-01
3.447924104882459233e+03,7.126000000000000112e-01
3.448686569846292969e+03,7.124000000000000332e-01
3.449449034810126705e+03,7.120999999999999552e-01
3.450211499773959986e+03,7.119999999999999662e-01
3.450973964737793722e+03,7.119999999999999662e-01
3.451736429701627458e+03,7.119999999999999662e-01
3.452498894665461194e+03,7.119999999999999662e-01
3.453261359629294930e+03,7.117999999999999883e-01
3.454023824593128211e+03,7.113000000000000433e-01
3.454786289556961947e+03,7.107999999999999874e-01
3.455548754520795683e+03,7.103000000000000425e-01
3.456311219484629419e+03,7.099999999999999645e-01
3.457073684448462700e+03,7.099999999999999645e-01
3.457836149412296436e+03,7.099999999999999645e-01
3.458598614376130172e+03,7.099999999999999645e-01
3.459361079339963908e+03,7.098999999999999755e-01
3.460123544303797644e+03,7.096000000000000085e-01
3.460886009267630925e+03,7.094000000000000306e-01
3.461648474231464661e+03,7.090999999999999526e-01
3.462410939195298397e+03,7.089999999999999636e-01
3.463173404159132133e+03,7.089999999999999636e-01
3.463935869122965414e+03,7.089999999999999636e-01
3.464698334086799150e+03,7.089999999999999636e-01
3.465460799050632886e+03,7.086999999999999966e-01
3.466223264014466622e+03,7.082000000000000517e-01
3.466985728978300358e+03,7.076999999999999957e-01
3.467748193942133639e+03,7.072000000000000508e-01
3.468510658905967375e+03,7.069999999999999618e-01
3.469273123869801111e+03,7.069999999999999618e-01
3.470035588833634847e+03,7.069999999999999618e-01
3.470798053797468128e+03,7.069999999999999618e-01
3.471560518761301864e+03,7.068999999999999728e-01
3.472322983725135600e+03,7.066000000000000059e-01
3.473085448688969336e+03,7.064000000000000279e-01
3.473847913652803072e+03,7.060999999999999499e-01
3.474610378616636353e+03,7.059999999999999609e-01
3.475372843580470089e+03,7.059999999999999609e-01
3.476135308544303825e+03,7.059999999999999609e-01
3.476897773508137561e+03,7.059999999999999609e-01
3.477660238471970843e+03,7.056999999999999940e-01
3.478422703435804578e+03,7.052000000000000490e-01
3.479185168399638314e+03,7.046999999999999931e-01
3.479947633363472050e+03,7.042000000000000481e-01
3.480710098327305786e+03,7.039999999999999591e-01
3.481472563291139068e+03,7.039999999999999591e-01
3.482235028254972804e+03,7.039999999999999591e-01
3.482997493218806540e+03,7.039999999999999591e-01
3.483759958182640275e+03,7.043000000000000371e-01
3.484522423146473557e+03,7.047999999999999821e-01
3.485284888110307293e+03,7.053000000000000380e-01
3.486047353074141029e+03,7.057999999999999829e-01
3.486809818037974765e+03,7.059999999999999609e-01
3.487572283001808501e+03,7.059999999999999609e-01
3.488334747965641782e+03,7.059999999999999609e-01
3.489097212929475518e+03,7.059999999999999609e-01
3.489859677893309254e+03,7.062000000000000499e-01
3.490622142857142990e+03,7.064000000000000279e-01
3.491384607820976271e+03,7.066999999999999948e-01
3.492147072784810007e+03,7.068999999999999728e-01
3.492909537748643743e+03,7.073000000000000398e-01
3.493672002712477479e+03,7.077999999999999847e-01
3.494434467676311215e+03,7.083000000000000407e-01
3.495196932640144496e+03,7.087999999999999856e-01
3.495959397603978232e+03,7.092000000000000526e-01
3.496721862567811968e+03,7.094000000000000306e-01
3.497484327531645704e+03,7.096999999999999975e-01
3.498246792495478985e+03,7.098999999999999755e-01
3.499009257459312721e+03,7.103000000000000425e-01
3.499771722423146457e+03,7.107999999999999874e-01
3.500534187386980193e+03,7.113000000000000433e-01
3.501296652350813929e+03,7.117999999999999883e-01
3.502059117314647210e+03,7.122000000000000552e-01
3.502821582278480946e+03,7.124000000000000332e-01
3.503584047242314682e+03,7.127000000000000002e-01
3.504346512206148418e+03,7.128999999999999782e-01
3.505108977169981699e+03,7.135000000000000231e-01
3.505871442133815435e+03,7.143000000000000460e-01
3.506633907097649171e+03,7.149999999999999689e-01
3.507396372061482907e+03,7.157999999999999918e-01
3.508158837025316643e+03,7.163000000000000478e-01
3.508921301989149924e+03,7.167999999999999927e-01
3.509683766952983660e+03,7.174000000000000377e-01
3.510446231916817396e+03,7.178999999999999826e-01
3.511208696880651132e+03,7.184000000000000385e-01
3.511971161844484413e+03,7.188999999999999835e-01
3.512733626808318149e+03,7.194000000000000394e-01
3.513496091772151885e+03,7.198999999999999844e-01
3.514258556735985621e+03,7.201999999999999513e-01
3.515021021699819357e+03,7.204000000000000403e-01
3.515783486663652639e+03,7.207000000000000073e-01
3.516545951627486374e+03,7.208999999999999853e-01
3.517308416591320110e+03,7.218999999999999861e-01
3.518070881555153846e+03,7.231999999999999540e-01
3.518833346518987128e+03,7.245000000000000329e-01
3.519595811482820864e+03,7.257000000000000117e-01
3.520358276446654600e+03,7.266000000000000236e-01
3.521120741410488336e+03,7.272999999999999465e-01
3.521883206374322071e+03,7.280999999999999694e-01
3.522645671338155353e+03,7.288000000000000034e-01
3.523408136301989089e+03,7.296000000000000263e-01
3.524170601265822825e+03,7.304000000000000492e-01
3.524933066229656561e+03,7.310999999999999721e-01
3.525695531193489842e+03,7.318999999999999950e-01
3.526457996157323578e+03,7.328000000000000069e-01
3.527220461121157314e+03,7.338000000000000078e-01
3.527982926084991050e+03,7.348000000000000087e-01
3.528745391048824786e+03,7.358000000000000096e-01
3.529507856012658067e+03,7.376000000000000334e-01
3.530270320976491803e+03,7.396000000000000352e-01
3.531032785940325539e+03,7.416000000000000369e-01
3.531795250904159275e+03,7.436000000000000387e-01
3.532557715867992556e+03,7.446000000000000396e-01
3.533320180831826292e+03,7.453999999999999515e-01
3.534082645795660028e+03,7.460999999999999854e-01
3.534845110759493764e+03,7.469000000000000083e-01
3.535607575723327500e+03,7.487000000000000322e-01
3.536370040687160781e+03,7.507000000000000339e-01
3.537132505650994517e+03,7.527000000000000357e-01
3.537894970614828253e+03,7.547000000000000375e-01
3.538657435578661989e+03,7.562999999999999723e-01
3.539419900542495270e+03,7.578000000000000291e-01
3.540182365506329006e+03,7.592999999999999750e-01
3.540944830470162742e+03,7.608000000000000318e-01
3.541707295433996478e+03,7.622999999999999776e-01
3.542469760397830214e+03,7.638000000000000345e-01
3.543232225361663495e+03,7.652999999999999803e-01
3.543994690325497231e+03,7.668000000000000371e-01
3.544757155289330967e+03,7.689000000000000279e-01
3.545519620253164703e+03,7.711999999999999966e-01
3.546282085216997984e+03,7.733999999999999764e-01
3.547044550180831720e+03,7.756999999999999451e-01
3.547807015144665456e+03,7.788000000000000478e-01
3.548569480108499192e+03,7.821000000000000174e-01
3.549331945072332928e+03,7.853999999999999870e-01
3.550094410036166209e+03,7.887999999999999456e-01
3.550856874999999945e+03,7.903999999999999915e-01
3.551619339963833681e+03,7.919000000000000483e-01
3.552381804927667417e+03,7.933999999999999941e-01
3.553144269891500699e+03,7.949000000000000510e-01
3.553906734855334435e+03,7.956999999999999629e-01
3.554669199819168171e+03,7.964999999999999858e-01
3.555431664783001906e+03,7.972000000000000197e-01
3.556194129746835642e+03,7.980000000000000426e-01
3.556956594710668924e+03,7.986999999999999655e-01
3.557719059674502660e+03,7.994999999999999885e-01
3.558481524638336396e+03,8.002000000000000224e-01
3.559243989602170132e+03,8.010000000000000453e-01
3.560006454566003413e+03,8.022000000000000242e-01
3.560768919529837149e+03,8.034000000000000030e-01
3.561531384493670885e+03,8.046999999999999709e-01
3.562293849457504621e+03,8.058999999999999497e-01
3.563056314421338357e+03,8.066999999999999726e-01
3.563818779385171638e+03,8.074999999999999956e-01
3.564581244349005374e+03,8.082000000000000295e-01
3.565343709312839110e+03,8.090000000000000524e-01
3.566106174276672846e+03,8.096999999999999753e-01
3.566868639240506127e+03,8.104999999999999982e-01
3.567631104204339863e+03,8.112000000000000322e-01
3.568393569168173599e+03,8.120000000000000551e-01
3.569156034132007335e+03,8.126999999999999780e-01
3.569918499095841071e+03,8.135000000000000009e-01
3.570680964059674352e+03,8.142000000000000348e-01
3.571443429023508088e+03,8.149999999999999467e-01
3.572205893987341824e+03,8.156999999999999806e-01
3.572968358951175560e+03,8.165000000000000036e-01
3.573730823915008841e+03,8.172000000000000375e-01
3.574493288878842577e+03,8.179999999999999494e-01
3.575255753842676313e+03,8.185000000000000053e-01
3.576018218806510049e+03,8.189999999999999503e-01
3.576780683770343785e+03,8.195000000000000062e-01
3.577543148734177066e+03,8.199999999999999512e-01
3.578305613698010802e+03,8.203000000000000291e-01
3.579068078661844538e+03,8.205000000000000071e-01
3.579830543625678274e+03,8.207999999999999741e-01
3.580593008589511555e+03,8.209999999999999520e-01
3.581355473553345291e+03,8.217999999999999750e-01
3.582117938517179027e+03,8.225000000000000089e-01
3.582880403481012763e+03,8.233000000000000318e-01
3.583642868444846499e+03,8.241000000000000547e-01
3.584405333408679780e+03,8.247999999999999776e-01
3.585167798372513516e+03,8.256000000000000005e-01
3.585930263336347252e+03,8.263000000000000345e-01
3.586692728300180988e+03,8.269999999999999574e-01
3.587455193264014270e+03,8.275000000000000133e-01
3.588217658227848005e+03,8.279999999999999583e-01
3.588980123191681741e+03,8.285000000000000142e-01
3.589742588155515477e+03,8.289999999999999591e-01
3.590505053119349213e+03,8.293000000000000371e-01
3.591267518083182495e+03,8.295000000000000151e-01
3.592029983047016231e+03,8.297999999999999821e-01
3.592792448010849967e+03,8.299999999999999600e-01
3.593554912974683702e+03,8.305000000000000160e-01
3.594317377938516984e+03,8.309999999999999609e-01
3.595079842902350720e+03,8.315000000000000169e-01
3.595842307866184456e+03,8.319999999999999618e-01
3.596604772830018192e+03,8.323000000000000398e-01
3.597367237793851928e+03,8.325000000000000178e-01
3.598129702757685209e+03,8.327999999999999847e-01
3.598892167721518945e+03,8.330999999999999517e-01
3.599654632685352681e+03,8.336000000000000076e-01
3.600417097649186417e+03,8.340999999999999526e-01
3.601179562613019698e+03,8.346000000000000085e-01
3.601942027576853434e+03,8.350999999999999535e-01
3.602704492540687170e+03,8.357999999999999874e-01
3.603466957504520906e+03,8.366000000000000103e-01
3.604229422468354642e+03,8.373000000000000442e-01
3.604991887432187923e+03,8.380999999999999561e-01
3.605754352396021659e+03,8.386000000000000121e-01
3.606516817359855395e+03,8.390999999999999570e-01
3.607279282323689131e+03,8.396000000000000130e-01
3.608041747287522412e+03,8.399999999999999689e-01
3.608804212251356148e+03,8.403000000000000469e-01
3.609566677215189884e+03,8.405000000000000249e-01
3.610329142179023620e+03,8.407999999999999918e-01
3.611091607142857356e+03,8.410999999999999588e-01
3.611854072106690637e+03,8.416000000000000147e-01
3.612616537070524373e+03,8.420999999999999597e-01
3.613379002034358109e+03,8.426000000000000156e-01
3.614141466998191845e+03,8.430999999999999606e-01
3.614903931962025126e+03,8.433000000000000496e-01
3.615666396925858862e+03,8.436000000000000165e-01
3.616428861889692598e+03,8.437999999999999945e-01
3.617191326853526334e+03,8.439999999999999725e-01
3.617953791817360070e+03,8.439999999999999725e-01
3.618716256781193351e+03,8.439999999999999725e-01
3.619478721745027087e+03,8.439999999999999725e-01
3.620241186708860823e+03,8.440999999999999615e-01
3.621003651672694559e+03,8.446000000000000174e-01
3.621766116636527840e+03,8.450999999999999623e-01
3.622528581600361576e+03,8.456000000000000183e-01
3.623291046564195312e+03,8.460999999999999632e-01
3.624053511528029048e+03,8.463000000000000522e-01
3.624815976491862330e+03,8.466000000000000192e-01
3.625578441455696066e+03,8.467999999999999972e-01
3.626340906419529801e+03,8.469999999999999751e-01
3.627103371383363537e+03,8.469999999999999751e-01
3.627865836347197273e+03,8.469999999999999751e-01
3.628628301311030555e+03,8.469999999999999751e-01
3.629390766274864291e+03,8.469999999999999751e-01
3.630153231238698027e+03,8.469999999999999751e-01
3.630915696202531763e+03,8.469999999999999751e-01
3.631678161166365044e+03,8.469999999999999751e-01
3.632440626130198780e+03,8.470999999999999641e-01
3.633203091094032516e+03,8.476000000000000201e-01
3.633965556057866252e+03,8.480999999999999650e-01
3.634728021021699988e+03,8.486000000000000210e-01
3.635490485985533269e+03,8.489999999999999769e-01
3.636252950949367005e+03,8.489999999999999769e-01
3.637015415913200741e+03,8.489999999999999769e-01
3.637777880877034477e+03,8.489999999999999769e-01
3.638540345840867758e+03,8.490999999999999659e-01
3.639302810804701494e+03,8.493000000000000549e-01
3.640065275768535230e+03,8.496000000000000218e-01
3.640827740732368966e+03,8.497999999999999998e-01
3.641590205696202702e+03,8.501999999999999558e-01
3.642352670660035983e+03,8.507000000000000117e-01
3.643115135623869719e+03,8.511999999999999567e-01
3.643877600587703455e+03,8.517000000000000126e-01
3.644640065551537191e+03,8.519999999999999796e-01
3.645402530515370472e+03,8.519999999999999796e-01
3.646164995479204208e+03,8.519999999999999796e-01
3.646927460443037944e+03,8.519999999999999796e-01
3.647689925406871680e+03,8.519999999999999796e-01
3.648452390370705416e+03,8.519999999999999796e-01
3.649214855334538697e+03,8.519999999999999796e-01
3.649977320298372433e+03,8.519999999999999796e-01
3.650739785262206169e+03,8.519999999999999796e-01
3.651502250226039905e+03,8.519999999999999796e-01
3.652264715189873186e+03,8.519999999999999796e-01
3.653027180153706922e+03,8.519999999999999796e-01
3.653789645117540658e+03,8.520999999999999686e-01
3.654552110081374394e+03,8.522999999999999465e-01
3.655314575045208130e+03,8.526000000000000245e-01
3.656077040009041411e+03,8.528000000000000025e-01
3.656839504972875147e+03,8.529999999999999805e-01
3.657601969936708883e+03,8.529999999999999805e-01
3.658364434900542619e+03,8.529999999999999805e-01
3.659126899864375901e+03,8.529999999999999805e-01
3.659889364828209636e+03,8.529999999999999805e-01
3.660651829792043372e+03,8.529999999999999805e-01
3.661414294755877108e+03,8.529999999999999805e-01
3.662176759719710844e+03,8.529999999999999805e-01
3.662939224683544126e+03,8.529999999999999805e-01
3.663701689647377862e+03,8.529999999999999805e-01
3.664464154611211598e+03,8.529999999999999805e-01
3.665226619575045333e+03,8.529999999999999805e-01
3.665989084538878615e+03,8.529999999999999805e-01
3.666751549502712351e+03,8.529999999999999805e-01
3.667514014466546087e+03,8.529999999999999805e-01
3.668276479430379823e+03,8.529999999999999805e-01
3.669038944394213559e+03,8.529999999999999805e-01
3.669801409358046840e+03,8.529999999999999805e-01
3.670563874321880576e+03,8.529999999999999805e-01
3.671326339285714312e+03,8.529999999999999805e-01
3.672088804249548048e+03,8.529999999999999805e-01
3.672851269213381329e+03,8.529999999999999805e-01
3.673613734177215065e+03,8.529999999999999805e-01
3.674376199141048801e+03,8.529999999999999805e-01
3.675138664104882537e+03,8.529999999999999805e-01
3.675901129068716273e+03,8.529999999999999805e-01
3.676663594032549554e+03,8.529999999999999805e-01
3.677426058996383290e+03,8.529999999999999805e-01
3.678188523960217026e+03,8.529999999999999805e-01
3.678950988924050762e+03,8.529999999999999805e-01
3.679713453887884043e+03,8.529999999999999805e-01
3.680475918851717779e+03,8.529999999999999805e-01
3.681238383815551515e+03,8.529999999999999805e-01
3.682000848779385251e+03,8.529999999999999805e-01
3.682763313743218987e+03,8.529999999999999805e-01
3.683525778707052268e+03,8.529999999999999805e-01
3.684288243670886004e+03,8.529999999999999805e-01
3.685050708634719740e+03,8.529999999999999805e-01
3.685813173598553476e+03,8.529999999999999805e-01
3.686575638562386757e+03,8.529999999999999805e-01
3.687338103526220493e+03,8.529999999999999805e-01
3.688100568490054229e+03,8.529999999999999805e-01
3.688863033453887965e+03,8.529999999999999805e-01
3.689625498417721701e+03,8.529999999999999805e-01
3.690387963381554982e+03,8.529999999999999805e-01
3.691150428345388718e+03,8.529999999999999805e-01
3.691912893309222454e+03,8.529999999999999805e-01
3.692675358273056190e+03,8.529999999999999805e-01
3.693437823236889471e+03,8.529999999999999805e-01
3.694200288200723207e+03,8.529999999999999805e-01
3.694962753164556943e+03,8.529999999999999805e-01
3.695725218128390679e+03,8.529999999999999805e-01
3.696487683092224415e+03,8.529999999999999805e-01
3.697250148056057697e+03,8.529999999999999805e-01
3.698012613019891432e+03,8.529999999999999805e-01
3.698775077983725168e+03,8.529999999999999805e-01
3.699537542947558904e+03,8.529999999999999805e-01
3.700300007911392186e+03,8.529999999999999805e-01
3.701062472875225922e+03,8.529999999999999805e-01
3.701824937839059658e+03,8.529999999999999805e-01
3.702587402802893394e+03,8.529999999999999805e-01
3.703349867766727129e+03,8.529999999999999805e-01
3.704112332730560411e+03,8.529999999999999805e-01
3.704874797694394147e+03,8.529999999999999805e-01
3.705637262658227883e+03,8.529999999999999805e-01
3.706399727622061619e+03,8.529999999999999805e-01
3.707162192585894900e+03,8.529999999999999805e-01
3.707924657549728636e+03,8.529999999999999805e-01
3.708687122513562372e+03,8.529999999999999805e-01
3.709449587477396108e+03,8.529999999999999805e-01
3.710212052441229844e+03,8.529999999999999805e-01
3.710974517405063125e+03,8.529999999999999805e-01
3.711736982368896861e+03,8.529999999999999805e-01
3.712499447332730597e+03,8.529999999999999805e-01
3.713261912296564333e+03,8.529999999999999805e-01
3.714024377260397614e+03,8.529999999999999805e-01
3.714786842224231350e+03,8.529999999999999805e-01
3.715549307188065086e+03,8.529999999999999805e-01
3.716311772151898822e+03,8.529999999999999805e-01
3.717074237115732558e+03,8.529999999999999805e-01
3.717836702079565839e+03,8.529999999999999805e-01
3.718599167043399575e+03,8.529999999999999805e-01
3.719361632007233311e+03,8.529999999999999805e-01
3.720124096971067047e+03,8.529999999999999805e-01
3.720886561934900328e+03,8.528000000000000025e-01
3.721649026898734064e+03,8.526000000000000245e-01
3.722411491862567800e+03,8.522999999999999465e-01
3.723173956826401536e+03,8.520999999999999686e-01
3.723936421790235272e+03,8.519999999999999796e-01
3.724698886754068553e+03,8.519999999999999796e-01
3.725461351717902289e+03,8.519999999999999796e-01
3.726223816681736025e+03,8.519999999999999796e-01
3.726986281645569761e+03,8.519999999999999796e-01
3.727748746609403042e+03,8.519999999999999796e-01
3.728511211573236778e+03,8.519999999999999796e-01
3.729273676537070514e+03,8.519999999999999796e-01
3.730036141500904250e+03,8.519999999999999796e-01
3.730798606464737986e+03,8.519999999999999796e-01
3.731561071428571267e+03,8.519999999999999796e-01
3.732323536392405003e+03,8.519999999999999796e-01
3.733086001356238739e+03,8.519999999999999796e-01
3.733848466320072475e+03,8.519999999999999796e-01
3.734610931283905757e+03,8.519999999999999796e-01
3.735373396247739493e+03,8.519999999999999796e-01
3.736135861211573229e+03,8.519999999999999796e-01
3.736898326175406964e+03,8.519999999999999796e-01
3.737660791139240700e+03,8.519999999999999796e-01
3.738423256103073982e+03,8.519999999999999796e-01
3.739185721066907718e+03,8.519999999999999796e-01
3.739948186030741454e+03,8.519999999999999796e-01
3.740710650994575190e+03,8.519999999999999796e-01
3.741473115958408471e+03,8.519999999999999796e-01
3.742235580922242207e+03,8.519999999999999796e-01
3.742998045886075943e+03,8.519999999999999796e-01
3.743760510849909679e+03,8.519999999999999796e-01
3.744522975813743415e+03,8.519999999999999796e-01
3.745285440777576696e+03,8.519999999999999796e-01
3.746047905741410432e+03,8.519999999999999796e-01
3.746810370705244168e+03,8.519999999999999796e-01
3.747572835669077904e+03,8.519999999999999796e-01
3.748335300632911185e+03,8.519999999999999796e-01
3.749097765596744921e+03,8.519999999999999796e-01
3.749860230560578657e+03,8.519999999999999796e-01
3.750622695524412393e+03,8.519999999999999796e-01
3.751385160488246129e+03,8.516000000000000236e-01
3.752147625452079410e+03,8.510999999999999677e-01
3.752910090415913146e+03,8.506000000000000227e-01
3.753672555379746882e+03,8.500999999999999668e-01
3.754435020343580618e+03,8.499999999999999778e-01
3.755197485307413899e+03,8.499999999999999778e-01
3.755959950271247635e+03,8.499999999999999778e-01
3.756722415235081371e+03,8.499999999999999778e-01
3.757484880198915107e+03,8.499999999999999778e-01
3.758247345162748843e+03,8.499999999999999778e-01
3.759009810126582124e+03,8.499999999999999778e-01
3.759772275090415860e+03,8.499999999999999778e-01
3.760534740054249596e+03,8.499999999999999778e-01
3.761297205018083332e+03,8.499999999999999778e-01
3.762059669981916613e+03,8.499999999999999778e-01
3.762822134945750349e+03,8.499999999999999778e-01
3.763584599909584085e+03,8.499999999999999778e-01
3.764347064873417821e+03,8.499999999999999778e-01
3.765109529837251557e+03,8.499999999999999778e-01
3.765871994801084838e+03,8.499999999999999778e-01
3.766634459764918574e+03,8.497999999999999998e-01
3.767396924728752310e+03,8.495000000000000329e-01
3.768159389692586046e+03,8.493000000000000549e-01
3.768921854656419328e+03,8.489999999999999769e-01
3.769684319620253063e+03,8.489999999999999769e-01
3.770446784584086799e+03,8.489999999999999769e-01
3.771209249547920535e+03,8.489999999999999769e-01
3.771971714511754271e+03,8.489999999999999769e-01
3.772734179475587553e+03,8.489999999999999769e-01
3.773496644439421289e+03,8.489999999999999769e-01
3.774259109403255025e+03,8.489999999999999769e-01
3.775021574367088760e+03,8.489999999999999769e-01
3.775784039330922042e+03,8.489999999999999769e-01
3.776546504294755778e+03,8.489999999999999769e-01
3.777308969258589514e+03,8.489999999999999769e-01
3.778071434222423250e+03,8.489999999999999769e-01
3.778833899186256986e+03,8.489999999999999769e-01
3.779596364150090267e+03,8.489999999999999769e-01
3.780358829113924003e+03,8.489999999999999769e-01
3.781121294077757739e+03,8.489999999999999769e-01
3.781883759041591475e+03,8.489999999999999769e-01
3.782646224005424756e+03,8.489999999999999769e-01
3.783408688969258492e+03,8.489999999999999769e-01
3.784171153933092228e+03,8.489999999999999769e-01
3.784933618896925964e+03,8.489999999999999769e-01
3.785696083860759700e+03,8.489999999999999769e-01
3.786458548824592981e+03,8.489999999999999769e-01
3.787221013788426717e+03,8.489999999999999769e-01
3.787983478752260453e+03,8.489999999999999769e-01
3.788745943716094189e+03,8.489999999999999769e-01
3.789508408679927470e+03,8.489999999999999769e-01
3.790270873643761206e+03,8.489999999999999769e-01
3.791033338607594942e+03,8.489999999999999769e-01
3.791795803571428678e+03,8.489999999999999769e-01
3.792558268535262414e+03,8.489999999999999769e-01
3.793320733499095695e+03,8.489999999999999769e-01
3.794083198462929431e+03,8.485000000000000320e-01
3.794845663426763167e+03,8.479999999999999760e-01
3.795608128390596903e+03,8.475000000000000311e-01
3.796370593354430184e+03,8.469999999999999751e-01
3.797133058318263920e+03,8.469999999999999751e-01
3.797895523282097656e+03,8.469999999999999751e-01
3.798657988245931392e+03,8.469999999999999751e-01
3.799420453209765128e+03,8.469999999999999751e-01
3.800182918173598409e+03,8.469999999999999751e-01
3.800945383137432145e+03,8.469999999999999751e-01
3.801707848101265881e+03,8.469999999999999751e-01
3.802470313065099617e+03,8.469999999999999751e-01
3.803232778028932898e+03,8.469999999999999751e-01
3.803995242992766634e+03,8.469999999999999751e-01
3.804757707956600370e+03,8.469999999999999751e-01
3.805520172920434106e+03,8.469999999999999751e-01
3.806282637884267842e+03,8.469999999999999751e-01
3.807045102848101124e+03,8.469999999999999751e-01
3.807807567811934859e+03,8.469999999999999751e-01
3.808570032775768595e+03,8.469999999999999751e-01
3.809332497739602331e+03,8.469999999999999751e-01
3.810094962703435613e+03,8.469999999999999751e-01
3.810857427667269349e+03,8.469999999999999751e-01
3.811619892631103085e+03,8.469999999999999751e-01
3.812382357594936821e+03,8.469999999999999751e-01
3.813144822558770556e+03,8.469999999999999751e-01
3.813907287522603838e+03,8.469999999999999751e-01
3.814669752486437574e+03,8.469999999999999751e-01
3.815432217450271310e+03,8.469999999999999751e-01
3.816194682414105046e+03,8.469999999999999751e-01
3.816957147377938327e+03,8.469999999999999751e-01
3.817719612341772063e+03,8.469999999999999751e-01
3.818482077305605799e+03,8.469999999999999751e-01
3.819244542269439535e+03,8.469999999999999751e-01
3.820007007233273271e+03,8.469999999999999751e-01
3.820769472197106552e+03,8.469999999999999751e-01
3.821531937160940288e+03,8.469999999999999751e-01
3.822294402124774024e+03,8.469999999999999751e-01
3.823056867088607760e+03,8.469999999999999751e-01
3.823819332052441041e+03,8.469999999999999751e-01
3.824581797016274777e+03,8.469999999999999751e-01
3.825344261980108513e+03,8.469999999999999751e-01
3.826106726943942249e+03,8.469999999999999751e-01
3.826869191907775530e+03,8.469999999999999751e-01
3.827631656871609266e+03,8.469999999999999751e-01
3.828394121835443002e+03,8.469999999999999751e-01
3.829156586799276738e+03,8.469999999999999751e-01
3.829919051763110474e+03,8.469999999999999751e-01
3.830681516726943755e+03,8.469999999999999751e-01
3.831443981690777491e+03,8.469999999999999751e-01
3.832206446654611227e+03,8.469999999999999751e-01
3.832968911618444963e+03,8.469999999999999751e-01
3.833731376582278244e+03,8.469999999999999751e-01
3.834493841546111980e+03,8.469999999999999751e-01
3.835256306509945716e+03,8.469999999999999751e-01
3.836018771473779452e+03,8.469999999999999751e-01
3.836781236437613188e+03,8.469999999999999751e-01
3.837543701401446469e+03,8.469999999999999751e-01
3.838306166365280205e+03,8.469999999999999751e-01
3.839068631329113941e+03,8.469999999999999751e-01
3.839831096292947677e+03,8.469999999999999751e-01
3.840593561256780959e+03,8.469999999999999751e-01
3.841356026220614694e+03,8.469999999999999751e-01
3.842118491184448430e+03,8.469999999999999751e-01
3.842880956148282166e+03,8.469999999999999751e-01
3.843643421112115902e+03,8.469999999999999751e-01
3.844405886075949184e+03,8.469999999999999751e-01
3.845168351039782920e+03,8.469999999999999751e-01
3.845930816003616656e+03,8.469999999999999751e-01
3.846693280967450391e+03,8.469999999999999751e-01
3.847455745931283673e+03,8.469999999999999751e-01
3.848218210895117409e+03,8.469999999999999751e-01
3.848980675858951145e+03,8.469999999999999751e-01
3.849743140822784881e+03,8.469999999999999751e-01
3.850505605786618617e+03,8.469999999999999751e-01
3.851268070750451898e+03,8.469999999999999751e-01
3.852030535714285634e+03,8.469999999999999751e-01
3.852793000678119370e+03,8.469999999999999751e-01
3.853555465641953106e+03,8.469999999999999751e-01
3.854317930605786387e+03,8.469999999999999751e-01
3.855080395569620123e+03,8.469999999999999751e-01
3.855842860533453859e+03,8.469999999999999751e-01
3.856605325497287595e+03,8.469999999999999751e-01
3.857367790461121331e+03,8.469999999999999751e-01
3.858130255424954612e+03,8.469999999999999751e-01
3.858892720388788348e+03,8.469999999999999751e-01
3.859655185352622084e+03,8.469999999999999751e-01
3.860417650316455820e+03,8.469999999999999751e-01
3.861180115280289101e+03,8.469999999999999751e-01
3.861942580244122837e+03,8.469999999999999751e-01
3.862705045207956573e+03,8.469999999999999751e-01
3.863467510171790309e+03,8.469999999999999751e-01
3.864229975135624045e+03,8.469999999999999751e-01
3.864992440099457326e+03,8.469999999999999751e-01
3.865754905063291062e+03,8.469999999999999751e-01
3.866517370027124798e+03,8.469999999999999751e-01
3.867279834990958534e+03,8.469999999999999751e-01
3.868042299954791815e+03,8.469999999999999751e-01
3.868804764918625551e+03,8.469999999999999751e-01
3.869567229882459287e+03,8.469999999999999751e-01
3.870329694846293023e+03,8.469999999999999751e-01
3.871092159810126759e+03,8.469999999999999751e-01
3.871854624773960040e+03,8.469999999999999751e-01
3.872617089737793776e+03,8.469999999999999751e-01
3.873379554701627512e+03,8.469999999999999751e-01
3.874142019665461248e+03,8.469999999999999751e-01
3.874904484629294529e+03,8.469999999999999751e-01
3.875666949593128265e+03,8.469999999999999751e-01
3.876429414556962001e+03,8.469999999999999751e-01
3.877191879520795737e+03,8.469999999999999751e-01
3.877954344484629473e+03,8.469999999999999751e-01
3.878716809448462755e+03,8.469999999999999751e-01
3.879479274412296490e+03,8.469999999999999751e-01
3.880241739376130226e+03,8.469999999999999751e-01
3.881004204339963962e+03,8.469999999999999751e-01
3.881766669303797244e+03,8.469999999999999751e-01
3.882529134267630980e+03,8.469999999999999751e-01
3.883291599231464716e+03,8.469999999999999751e-01
3.884054064195298452e+03,8.469999999999999751e-01
3.884816529159132187e+03,8.469999999999999751e-01
3.885578994122965469e+03,8.469999999999999751e-01
3.886341459086799205e+03,8.469999999999999751e-01
3.887103924050632941e+03,8.469999999999999751e-01
3.887866389014466677e+03,8.469999999999999751e-01
3.888628853978299958e+03,8.469999999999999751e-01
3.889391318942133694e+03,8.469999999999999751e-01
3.890153783905967430e+03,8.469999999999999751e-01
3.890916248869801166e+03,8.469999999999999751e-01
3.891678713833634902e+03,8.469999999999999751e-01
3.892441178797468183e+03,8.469999999999999751e-01
3.893203643761301919e+03,8.469999999999999751e-01
3.893966108725135655e+03,8.469999999999999751e-01
3.894728573688969391e+03,8.469999999999999751e-01
3.895491038652802672e+03,8.469999999999999751e-01
3.896253503616636408e+03,8.469999999999999751e-01
3.897015968580470144e+03,8.469999999999999751e-01
3.897778433544303880e+03,8.469999999999999751e-01
3.898540898508137616e+03,8.469999999999999751e-01
3.899303363471970897e+03,8.469999999999999751e-01
3.900065828435804633e+03,8.469999999999999751e-01
3.900828293399638369e+03,8.469999999999999751e-01
3.901590758363472105e+03,8.469999999999999751e-01
3.902353223327305386e+03,8.469999999999999751e-01
3.903115688291139122e+03,8.469999999999999751e-01
3.903878153254972858e+03,8.469999999999999751e-01
3.904640618218806594e+03,8.469999999999999751e-01
3.905403083182640330e+03,8.469999999999999751e-01
3.906165548146473611e+03,8.469999999999999751e-01
3.906928013110307347e+03,8.469999999999999751e-01
3.907690478074141083e+03,8.469999999999999751e-01
3.908452943037974819e+03,8.469999999999999751e-01
3.909215408001808100e+03,8.469999999999999751e-01
3.909977872965641836e+03,8.469999999999999751e-01
3.910740337929475572e+03,8.469999999999999751e-01
3.911502802893309308e+03,8.469999999999999751e-01
3.912265267857143044e+03,8.469999999999999751e-01
3.913027732820976325e+03,8.469999999999999751e-01
3.913790197784810061e+03,8.469999999999999751e-01
3.914552662748643797e+03,8.469999999999999751e-01
3.915315127712477533e+03,8.469999999999999751e-01
3.916077592676310815e+03,8.469999999999999751e-01
3.916840057640144551e+03,8.469999999999999751e-01
3.917602522603978286e+03,8.469999999999999751e-01
3.918364987567812022e+03,8.469999999999999751e-01
3.919127452531645758e+03,8.469999999999999751e-01
3.919889917495479040e+03,8.469999999999999751e-01
3.920652382459312776e+03,8.469999999999999751e-01
3.921414847423146512e+03,8.469999999999999751e-01
3.922177312386980248e+03,8.469999999999999751e-01
3.922939777350813529e+03,8.469999999999999751e-01
3.923702242314647265e+03,8.469999999999999751e-01
3.924464707278481001e+03,8.469999999999999751e-01
3.925227172242314737e+03,8.469999999999999751e-01
3.925989637206148473e+03,8.469999999999999751e-01
3.926752102169981754e+03,8.469999999999999751e-01
3.927514567133815490e+03,8.469999999999999751e-01
3.928277032097649226e+03,8.469999999999999751e-01
3.929039497061482962e+03,8.469999999999999751e-01
3.929801962025316243e+03,8.469999999999999751e-01
3.930564426989149979e+03,8.469999999999999751e-01
3.931326891952983715e+03,8.469999999999999751e-01
3.932089356916817451e+03,8.469999999999999751e-01
3.932851821880651187e+03,8.469999999999999751e-01
3.933614286844484468e+03,8.469999999999999751e-01
3.934376751808318204e+03,8.469999999999999751e-01
3.935139216772151940e+03,8.469999999999999751e-01
3.935901681735985676e+03,8.469999999999999751e-01
3.936664146699818957e+03,8.469999999999999751e-01
3.937426611663652693e+03,8.469999999999999751e-01
3.938189076627486429e+03,8.469999999999999751e-01
3.938951541591320165e+03,8.469999999999999751e-01
3.939714006555153901e+03,8.473000000000000531e-01
3.940476471518987182e+03,8.477999999999999980e-01
3.941238936482820918e+03,8.483000000000000540e-01
3.942001401446654654e+03,8.487999999999999989e-01
3.942763866410488390e+03,8.489999999999999769e-01
3.943526331374321671e+03,8.489999999999999769e-01
3.944288796338155407e+03,8.489999999999999769e-01
3.945051261301989143e+03,8.489999999999999769e-01
3.945813726265822879e+03,8.489999999999999769e-01
3.946576191229656615e+03,8.489999999999999769e-01
3.947338656193489896e+03,8.489999999999999769e-01
3.948101121157323632e+03,8.489999999999999769e-01
3.948863586121157368e+03,8.489999999999999769e-01
3.949626051084991104e+03,8.489999999999999769e-01
3.950388516048824386e+03,8.489999999999999769e-01
3.951150981012658121e+03,8.489999999999999769e-01
3.951913445976491857e+03,8.489999999999999769e-01
3.952675910940325593e+03,8.489999999999999769e-01
3.953438375904159329e+03,8.489999999999999769e-01
3.954200840867992611e+03,8.489999999999999769e-01
3.954963305831826347e+03,8.489999999999999769e-01
3.955725770795660083e+03,8.489999999999999769e-01
3.956488235759493818e+03,8.489999999999999769e-01
3.957250700723327100e+03,8.489999999999999769e-01
3.958013165687160836e+03,8.489999999999999769e-01
3.958775630650994572e+03,8.489999999999999769e-01
3.959538095614828308e+03,8.489999999999999769e-01
3.960300560578662044e+03,8.489999999999999769e-01
3.961063025542495325e+03,8.489999999999999769e-01
3.961825490506329061e+03,8.489999999999999769e-01
3.962587955470162797e+03,8.489999999999999769e-01
3.963350420433996533e+03,8.489999999999999769e-01
3.964112885397829814e+03,8.489999999999999769e-01
3.964875350361663550e+03,8.489999999999999769e-01
3.965637815325497286e+03,8.489999999999999769e-01
3.966400280289331022e+03,8.489999999999999769e-01
3.967162745253164758e+03,8.489999999999999769e-01
3.967925210216998039e+03,8.489999999999999769e-01
3.968687675180831775e+03,8.489999999999999769e-01
3.969450140144665511e+03,8.489999999999999769e-01
3.970212605108499247e+03,8.489999999999999769e-01
3.970975070072332528e+03,8.489999999999999769e-01
3.971737535036166264e+03,8.489999999999999769e-01
3.972500000000000000e+03,8.489999999999999769e-01
