5.746870000000000118e+02,2.578295011200000209e-07
5.756512393647192312e+02,-2.382008879399999917e-07
5.766154787294384505e+02,6.025735046000000304e-08
5.775797180941576698e+02,1.888101240000000077e-07
5.785439574588768892e+02,-1.926809134400000048e-07
5.795081968235961085e+02,6.247832504000000569e-08
5.804724361883153279e+02,-3.227307075199999873e-07
5.814366755530346609e+02,-1.176443504799999957e-07
5.824009149177538802e+02,-3.216902509600000085e-07
5.833651542824730996e+02,-2.942873172600000241e-07
5.843293936471923189e+02,3.804214772000000286e-08
5.852936330119115382e+02,-8.670168170000000383e-08
5.862578723766307576e+02,-3.415589695000000165e-07
5.872221117413499769e+02,-2.220628973799999888e-07
5.881863511060691962e+02,-3.238511991999999768e-07
5.891505904707884156e+02,3.854054823999999841e-08
5.901148298355076349e+02,6.065570708000000521e-08
5.910790692002268543e+02,3.846778903999999902e-08
5.920433085649460736e+02,2.543479733999999838e-08
5.930075479296654066e+02,-1.763246452799999971e-07
5.939717872943846260e+02,1.164310908199999977e-07
5.949360266591038453e+02,2.235308142399999881e-07
5.959002660238230646e+02,-2.369039552000000072e-08
5.968645053885422840e+02,-1.213259660000000063e-08
5.978287447532615033e+02,1.229830567800000054e-07
5.987929841179807227e+02,-4.099071429999999950e-08
5.997572234826999420e+02,-2.215590399200000063e-07
6.007214628474191613e+02,6.196173471999999871e-08
6.016857022121383807e+02,8.553025857999999565e-08
6.026499415768576000e+02,2.522379566000000145e-08
6.036141809415768194e+02,1.178080586799999993e-07
6.045784203062960387e+02,3.730000387999999973e-08
6.055426596710153717e+02,4.928708208000000157e-08
6.065068990357345911e+02,8.758388699999999571e-09
6.074711384004538104e+02,5.035300436000000302e-08
6.084353777651730297e+02,-5.821281694000000207e-08
6.093996171298922491e+02,8.817323651999999878e-08
6.103638564946114684e+02,2.427574328400000194e-07
6.113280958593306877e+02,-7.148773297999999922e-08
6.122923352240499071e+02,1.548952418999999944e-07
6.132565745887691264e+02,1.526124220000000124e-08
6.142208139534883458e+02,1.148704059800000029e-07
6.151850533182075651e+02,8.585039905999999829e-08
6.161492926829268981e+02,-2.888722138000000062e-08
6.171135320476461175e+02,4.790465727999999976e-08
6.180777714123653368e+02,5.922053186000000003e-08
6.190420107770845561e+02,7.448723100000000139e-08
6.200062501418037755e+02,4.969089563999999724e-08
6.209704895065229948e+02,-1.620893078000000052e-07
6.219347288712422142e+02,-9.233506275999999350e-08
6.228989682359614335e+02,2.311668922800000020e-07
6.238632076006806528e+02,9.265884120000000505e-08
6.248274469653998722e+02,2.113727519200000111e-07
6.257916863301190915e+02,2.021123247399999988e-07
6.267559256948383108e+02,6.324411561999999390e-08
6.277201650595575302e+02,4.653860329999999831e-08
6.286844044242768632e+02,1.078473242000000003e-07
6.296486437889960825e+02,5.643567348000000038e-08
6.306128831537153019e+02,9.427955237999999447e-08
6.315771225184345212e+02,6.378799063999999487e-08
6.325413618831537406e+02,3.409496111999999744e-08
6.335056012478729599e+02,1.988308848199999882e-07
6.344698406125921792e+02,5.558984778000000159e-08
6.354340799773113986e+02,9.879789870000000146e-08
6.363983193420306179e+02,1.378350284800000042e-07
6.373625587067498373e+02,9.664422637999999808e-08
6.383267980714690566e+02,9.611854116000000193e-08
6.392910374361882759e+02,8.727102244000000094e-08
6.402552768009074953e+02,9.480159963999999495e-08
6.412195161656268283e+02,6.995069488000000283e-08
6.421837555303460476e+02,5.236479623999999664e-08
6.431479948950652670e+02,6.179075060000000377e-08
6.441122342597844863e+02,4.067603075999999698e-08
6.450764736245037057e+02,1.545296269200000062e-07
6.460407129892229250e+02,1.165747902399999986e-07
6.470049523539421443e+02,1.690705530400000048e-07
6.479691917186613637e+02,7.477826780000000561e-09
6.489334310833805830e+02,7.649356593999999490e-08
6.498976704480998023e+02,1.482777926600000117e-07
6.508619098128190217e+02,5.084230998000000278e-08
6.518261491775383547e+02,1.253713775199999941e-07
6.527903885422575740e+02,1.613162412999999992e-07
6.537546279069767934e+02,2.959480460000000188e-09
6.547188672716960127e+02,9.358470202000000120e-08
6.556831066364152321e+02,7.568048187999999682e-08
6.566473460011344514e+02,9.984199322000000242e-08
6.576115853658536707e+02,4.714978057999999856e-08
6.585758247305728901e+02,1.737144089800000079e-07
6.595400640952921094e+02,1.003058331200000060e-07
6.605043034600113288e+02,1.424370478800000042e-07
6.614685428247305481e+02,6.483026617999999800e-08
6.624327821894497674e+02,8.437884424000000334e-08
6.633970215541689868e+02,9.683158132000000001e-08
6.643612609188883198e+02,1.260825986999999943e-07
6.653255002836075391e+02,1.669605362400000024e-07
6.662897396483267585e+02,1.019265442999999954e-07
6.672539790130459778e+02,6.569973861999999511e-08
6.682182183777651971e+02,1.670041917600000033e-07
6.691824577424844165e+02,1.238143306399999950e-07
6.701466971072036358e+02,1.366235877999999907e-07
6.711109364719228552e+02,6.337326319999999896e-08
6.720751758366420745e+02,2.364874087799999936e-07
6.730394152013612938e+02,2.239218949399999989e-07
6.740036545660805132e+02,3.694039153400000041e-07
6.749678939307997325e+02,3.578952288799999951e-07
6.759321332955189519e+02,2.663950779399999870e-07
6.768963726602382849e+02,4.835503672800000484e-07
6.778606120249575042e+02,3.767253098400000221e-07
6.788248513896767236e+02,3.963120864799999952e-07
6.797890907543959429e+02,4.150366665999999890e-07
6.807533301191151622e+02,4.388198300999999951e-07
6.817175694838343816e+02,4.560946831600000209e-07
6.826818088485536009e+02,5.276315285999999749e-07
6.836460482132728202e+02,5.000921714000000470e-07
6.846102875779920396e+02,4.898076584800000099e-07
6.855745269427112589e+02,3.919356206000000178e-07
6.865387663074304783e+02,6.633729111000000366e-07
6.875030056721498113e+02,5.035027589000000097e-07
6.884672450368690306e+02,5.953012225599999803e-07
6.894314844015882500e+02,6.224804217200000194e-07
6.903957237663074693e+02,6.245376881000000052e-07
6.913599631310266886e+02,6.815172366000000330e-07
6.923242024957459080e+02,6.728661677199999570e-07
6.932884418604651273e+02,7.764643546399999606e-07
6.942526812251843467e+02,8.077398967599999929e-07
6.952169205899035660e+02,9.750387632799999630e-07
6.961811599546227853e+02,1.070238719539999907e-06
6.971453993193420047e+02,1.317065210639999952e-06
6.981096386840612240e+02,1.423873897260000051e-06
6.990738780487804434e+02,1.679929892879999907e-06
7.000381174134997764e+02,2.066517712279999781e-06
7.010023567782189957e+02,2.434444615859999849e-06
7.019665961429382151e+02,3.041005324620000188e-06
7.029308355076574344e+02,3.647913458559999902e-06
7.038950748723766537e+02,4.486739723520000258e-06
7.048593142370958731e+02,5.444603677640000341e-06
7.058235536018150924e+02,6.582142838200000375e-06
7.067877929665343117e+02,7.826283321659999485e-06
7.077520323312535311e+02,9.258717338800000567e-06
7.087162716959727504e+02,1.091606277600000005e-05
7.096805110606919698e+02,1.278699284480000019e-05
7.106447504254113028e+02,1.458590040050000032e-05
7.116089897901304084e+02,1.655987568630000101e-05
7.125732291548497415e+02,1.833945657949999895e-05
7.135374685195689608e+02,2.013356202800000141e-05
7.145017078842881801e+02,2.161684926899999848e-05
7.154659472490073995e+02,2.289651988879999828e-05
7.164301866137266188e+02,2.371997213480000127e-05
7.173944259784458382e+02,2.435225867770000126e-05
7.183586653431650575e+02,2.460660665109999870e-05
7.193229047078842768e+02,2.495580533659999989e-05
7.202871440726034962e+02,2.527721000770000029e-05
7.212513834373227155e+02,2.702395831190000048e-05
7.222156228020419348e+02,3.028471642929999970e-05
7.231798621667612679e+02,3.661886862920000205e-05
7.241441015314803735e+02,4.546082127040000246e-05
7.251083408961997065e+02,5.298024812300000159e-05
7.260725802609189259e+02,4.598925315019999715e-05
7.270368196256381452e+02,3.394202128159999837e-05
7.280010589903573646e+02,2.834682970669999839e-05
7.289652983550765839e+02,2.511468414469999856e-05
7.299295377197958032e+02,2.447146553200000015e-05
7.308937770845150226e+02,2.471951073969999853e-05
7.318580164492342419e+02,2.604080871680000022e-05
7.328222558139534613e+02,2.682783588829999936e-05
7.337864951786726806e+02,2.733116584409999851e-05
7.347507345433918999e+02,2.668885672139999817e-05
7.357149739081112330e+02,2.549976221070000002e-05
7.366792132728303386e+02,2.345217280429999845e-05
7.376434526375496716e+02,2.116470541040000022e-05
7.386076920022688910e+02,1.852856683519999974e-05
7.395719313669881103e+02,1.596810692290000127e-05
7.405361707317073297e+02,1.331629783500000060e-05
7.415004100964265490e+02,1.124703528190000007e-05
7.424646494611457683e+02,9.056210295399999847e-06
7.434288888258649877e+02,7.429130866420000120e-06
7.443931281905842070e+02,6.008916756920000158e-06
7.453573675553034263e+02,4.868545444500000319e-06
7.463216069200227594e+02,3.869041400219999839e-06
7.472858462847418650e+02,3.201806794580000165e-06
7.482500856494611980e+02,2.628629825760000101e-06
7.492143250141804174e+02,2.341347400479999942e-06
7.501785643788996367e+02,1.858639220939999950e-06
7.511428037436188561e+02,1.725193391200000014e-06
7.521070431083380754e+02,1.474867182579999901e-06
7.530712824730572947e+02,1.404499941280000036e-06
7.540355218377765141e+02,1.295501202740000004e-06
7.549997612024957334e+02,1.249137221519999937e-06
7.559640005672149528e+02,1.125344718639999942e-06
7.569282399319341721e+02,1.174386238419999998e-06
7.578924792966533914e+02,1.057751421839999952e-06
7.588567186613727245e+02,1.205054241219999907e-06
7.598209580260918301e+02,1.100308277919999893e-06
7.607851973908111631e+02,1.149131520099999997e-06
7.617494367555303825e+02,1.084799654439999935e-06
7.627136761202496018e+02,1.161769793139999984e-06
7.636779154849688211e+02,1.152687625999999998e-06
7.646421548496880405e+02,1.164265433699999978e-06
7.656063942144072598e+02,1.126430649699999920e-06
7.665706335791264792e+02,1.062471674940000049e-06
7.675348729438456985e+02,1.136349547639999969e-06
7.684991123085649178e+02,1.117172041499999932e-06
7.694633516732841372e+02,1.154950437120000057e-06
7.704275910380033565e+02,1.195333612100000045e-06
7.713918304027226895e+02,1.147385299299999958e-06
7.723560697674417952e+02,1.236970064300000024e-06
7.733203091321611282e+02,1.094993218360000080e-06
7.742845484968803476e+02,1.185127315319999915e-06
7.752487878615995669e+02,1.141953825020000072e-06
7.762130272263187862e+02,1.127345596639999889e-06
7.771772665910380056e+02,1.120257031580000070e-06
7.781415059557572249e+02,1.163983491799999890e-06
7.791057453204764442e+02,1.071122743819999913e-06
7.800699846851956636e+02,1.030834155800000024e-06
7.810342240499148829e+02,1.033477133740000054e-06
7.819984634146342160e+02,1.086727773239999969e-06
7.829627027793533216e+02,1.058640903059999951e-06
7.839269421440726546e+02,1.052838356860000084e-06
7.848911815087918740e+02,9.899634941799999811e-07
7.858554208735110933e+02,1.021168096080000098e-06
7.868196602382303126e+02,9.892377211599999982e-07
7.877838996029495320e+02,1.076412337659999968e-06
7.887481389676687513e+02,9.787567583999999832e-07
7.897123783323879707e+02,1.049560554899999963e-06
7.906766176971071900e+02,9.667915079600000414e-07
7.916408570618264093e+02,1.016913501860000081e-06
7.926050964265456287e+02,1.081281747119999888e-06
7.935693357912648480e+02,1.071257348339999965e-06
7.945335751559841810e+02,9.781455811200000756e-07
7.954978145207032867e+02,1.065978668379999897e-06
7.964620538854226197e+02,9.906383357600000247e-07
7.974262932501418391e+02,1.033478952720000052e-06
7.983905326148610584e+02,1.129180947460000033e-06
7.993547719795802777e+02,1.076246810479999954e-06
8.003190113442994971e+02,1.110687377800000029e-06
8.012832507090187164e+02,1.100311915879999889e-06
8.022474900737379357e+02,1.163272270619999890e-06
8.032117294384571551e+02,1.201287133639999945e-06
8.041759688031763744e+02,1.199964735180000037e-06
8.051402081678955938e+02,1.304554266200000025e-06
8.061044475326148131e+02,1.232880997260000022e-06
8.070686868973341461e+02,1.391954436219999938e-06
8.080329262620532518e+02,1.326525725619999912e-06
8.089971656267725848e+02,1.399716023880000015e-06
8.099614049914918041e+02,1.408849122459999940e-06
8.109256443562110235e+02,1.482814306199999968e-06
8.118898837209302428e+02,1.537625630539999930e-06
8.128541230856494622e+02,1.606108408559999920e-06
8.138183624503686815e+02,1.636509021299999936e-06
8.147826018150879008e+02,1.634531790039999960e-06
8.157468411798071202e+02,1.730814039399999887e-06
8.167110805445263395e+02,1.825541060859999970e-06
8.176753199092456725e+02,1.859214018619999901e-06
8.186395592739647782e+02,1.990546193600000024e-06
8.196037986386841112e+02,2.141146823719999864e-06
8.205680380034033305e+02,2.241168895959999785e-06
8.215322773681225499e+02,2.508369782040000136e-06
8.224965167328417692e+02,2.752304094940000025e-06
8.234607560975609886e+02,3.048890602919999905e-06
8.244249954622802079e+02,3.457304363340000050e-06
8.253892348269994272e+02,3.866360223700000066e-06
8.263534741917186466e+02,4.476929964380000291e-06
8.273177135564378659e+02,5.241518198599999886e-06
8.282819529211570853e+02,6.074971196639999863e-06
8.292461922858763046e+02,7.096417596659999842e-06
8.302104316505956376e+02,8.516549852059999265e-06
8.311746710153147433e+02,1.004297056580000068e-05
8.321389103800340763e+02,1.203977405060000003e-05
8.331031497447531819e+02,1.431282602799999955e-05
8.340673891094725150e+02,1.717803784950000024e-05
8.350316284741917343e+02,2.032771085829999916e-05
8.359958678389109537e+02,2.394837235849999932e-05
8.369601072036301730e+02,2.818874215489999984e-05
8.379243465683493923e+02,3.291448857450000014e-05
8.388885859330686117e+02,3.810362014909999802e-05
8.398528252977878310e+02,4.362961772480000077e-05
8.408170646625071640e+02,4.930248884060000123e-05
8.417813040272262697e+02,5.497253144250000061e-05
8.427455433919456027e+02,6.073734290240000150e-05
8.437097827566647084e+02,6.609693109280000015e-05
8.446740221213840414e+02,7.078096830099999293e-05
8.456382614861032607e+02,7.471029251739999956e-05
8.466025008508224801e+02,7.789125198220000189e-05
8.475667402155416994e+02,8.036564685579999673e-05
8.485309795802609187e+02,8.246650509150000327e-05
8.494952189449801381e+02,8.420644131560000331e-05
8.504594583096993574e+02,8.771181586340000605e-05
8.514236976744186904e+02,9.400943384999999367e-05
8.523879370391377961e+02,1.046994883610000040e-04
8.533521764038571291e+02,1.189484681909999940e-04
8.543164157685762348e+02,1.354214239180000039e-04
8.552806551332955678e+02,1.507958066739999864e-04
8.562448944980146734e+02,1.549804611130000071e-04
8.572091338627340065e+02,1.291178396769999861e-04
8.581733732274532258e+02,9.757736312000000198e-05
8.591376125921724451e+02,8.574291553179999635e-05
8.601018519568916645e+02,8.047607713159999612e-05
8.610660913216108838e+02,8.044587296870000603e-05
8.620303306863301032e+02,8.291096375960000243e-05
8.629945700510493225e+02,8.623381275930000586e-05
8.639588094157686555e+02,8.749056423109999737e-05
8.649230487804877612e+02,8.672048085830000622e-05
8.658872881452070942e+02,8.271433202160000022e-05
8.668515275099261999e+02,7.643519487179999399e-05
8.678157668746455329e+02,6.853380950390000430e-05
8.687800062393646385e+02,5.997590877949999773e-05
8.697442456040839716e+02,5.090948491139999797e-05
8.707084849688031909e+02,4.237939639119999683e-05
8.716727243335224102e+02,3.440997207640000111e-05
8.726369636982416296e+02,2.764412135309999818e-05
8.736012030629608489e+02,2.173617435699999872e-05
8.745654424276800682e+02,1.705582967819999857e-05
8.755296817923992876e+02,1.306638817279999957e-05
8.764939211571186206e+02,1.018794327180000002e-05
8.774581605218377263e+02,7.759186606399999539e-06
8.784223998865570593e+02,6.097330098800000348e-06
8.793866392512761649e+02,4.650311500020000113e-06
8.803508786159954980e+02,3.808376598239999858e-06
8.813151179807147173e+02,2.899612371259999973e-06
8.822793573454339366e+02,2.486069087240000006e-06
8.832435967101531560e+02,1.997063598940000100e-06
8.842078360748723753e+02,1.858491883559999914e-06
8.851720754395915947e+02,1.525121962019999994e-06
8.861363148043108140e+02,1.494723168259999977e-06
8.871005541690301470e+02,1.296916369180000013e-06
8.880647935337492527e+02,1.322604004739999922e-06
8.890290328984685857e+02,1.129102731319999915e-06
8.899932722631876914e+02,1.260765960660000067e-06
8.909575116279070244e+02,1.132365981440000053e-06
8.919217509926261300e+02,1.258617745280000084e-06
8.928859903573454631e+02,1.117319378879999968e-06
8.938502297220646824e+02,1.221397776519999929e-06
8.948144690867839017e+02,1.182738994580000006e-06
8.957787084515031211e+02,1.225643275839999957e-06
8.967429478162223404e+02,1.185820346699999937e-06
8.977071871809415597e+02,1.223735165819999899e-06
8.986714265456607791e+02,1.133524671699999944e-06
8.996356659103801121e+02,1.220162689099999918e-06
9.005999052750992178e+02,1.176487160320000038e-06
9.015641446398185508e+02,1.378719537740000026e-06
9.025283840045376564e+02,1.320459427319999935e-06
9.034926233692569895e+02,1.561876271900000068e-06
9.044568627339760951e+02,1.540945269040000001e-06
9.054211020986954281e+02,1.779106139419999987e-06
9.063853414634146475e+02,1.717289923099999895e-06
9.073495808281338668e+02,1.716178526319999948e-06
9.083138201928530862e+02,1.494574011899999942e-06
9.092780595575723055e+02,1.462778241499999894e-06
9.102422989222915248e+02,1.262224782620000025e-06
9.112065382870107442e+02,1.317785526719999942e-06
9.121707776517300772e+02,1.283550504140000045e-06
9.131350170164491828e+02,1.349550374460000027e-06
9.140992563811685159e+02,1.284525477419999943e-06
9.150634957458876215e+02,1.406633604820000037e-06
9.160277351106069545e+02,1.353779502960000074e-06
9.169919744753261739e+02,1.427879291219999941e-06
9.179562138400453932e+02,1.358437910740000033e-06
9.189204532047646126e+02,1.430816943920000043e-06
9.198846925694838319e+02,1.333252313659999950e-06
9.208489319342030512e+02,1.375134328160000059e-06
9.218131712989222706e+02,1.212613922100000012e-06
9.227774106636416036e+02,1.288128876799999888e-06
9.237416500283607093e+02,1.169887900880000060e-06
9.247058893930800423e+02,1.211606207179999941e-06
9.256701287577991479e+02,1.094121926940000059e-06
9.266343681225184810e+02,1.167528683819999904e-06
9.275986074872375866e+02,1.067244678460000084e-06
9.285628468519569196e+02,1.125182829419999923e-06
9.295270862166761390e+02,1.041351498159999996e-06
9.304913255813953583e+02,1.129506544880000069e-06
9.314555649461145777e+02,1.034746781780000025e-06
9.324198043108337970e+02,1.083157115499999985e-06
9.333840436755530163e+02,1.020171295040000014e-06
9.343482830402722357e+02,1.104737494219999914e-06
9.353125224049915687e+02,9.828349115599999982e-07
9.362767617697106743e+02,1.071080907279999963e-06
9.372410011344300074e+02,9.762793076399999683e-07
9.382052404991491130e+02,1.030303013640000021e-06
9.391694798638684460e+02,9.958933689799999089e-07
9.401337192285875517e+02,1.050326345479999898e-06
9.410979585933068847e+02,9.622276871399999695e-07
9.420621979580261041e+02,1.046631997100000062e-06
9.430264373227453234e+02,1.010279681799999933e-06
9.439906766874645427e+02,1.140525925720000078e-06
9.449549160521837621e+02,1.013102738759999960e-06
9.459191554169029814e+02,1.149966431920000062e-06
9.468833947816222008e+02,1.029715483100000086e-06
9.478476341463415338e+02,1.113006577300000021e-06
9.488118735110606394e+02,1.031248883239999954e-06
9.497761128757799725e+02,1.128029533119999922e-06
9.507403522404990781e+02,1.016913501860000081e-06
9.517045916052184111e+02,1.155217827179999950e-06
9.526688309699376305e+02,1.069321953619999940e-06
9.536330703346568498e+02,1.156529311760000083e-06
9.545973096993760691e+02,1.067153729459999980e-06
9.555615490640952885e+02,1.219666107560000085e-06
9.565257884288145078e+02,1.124668058079999901e-06
9.574900277935337272e+02,1.223869770339999951e-06
9.584542671582530602e+02,1.138474116279999980e-06
9.594185065229721658e+02,1.238074185159999980e-06
9.603827458876914989e+02,1.213068667099999894e-06
9.613469852524106045e+02,1.313336301639999945e-06
9.623112246171299375e+02,1.243112759759999910e-06
9.632754639818490432e+02,1.362930791339999978e-06
9.642397033465683762e+02,1.321518073679999945e-06
9.652039427112875956e+02,1.434353041040000068e-06
9.661681820760068149e+02,1.371332659959999927e-06
9.671324214407260342e+02,1.554480299219999980e-06
9.680966608054452536e+02,1.527975941639999984e-06
9.690609001701644729e+02,1.620201865600000081e-06
9.700251395348836922e+02,1.562492906119999969e-06
9.709893788996030253e+02,1.748110720220000045e-06
9.719536182643221309e+02,1.764345116719999986e-06
9.729178576290414640e+02,1.882538799160000082e-06
9.738820969937605696e+02,1.863215774620000007e-06
9.748463363584799026e+02,2.047558483740000119e-06
9.758105757231990083e+02,2.037632309879999867e-06
9.767748150879183413e+02,2.255176860939999836e-06
9.777390544526375606e+02,2.220321566179999830e-06
9.787032938173567800e+02,2.372899427560000069e-06
9.796675331820759993e+02,2.384442674639999878e-06
9.806317725467952187e+02,2.614676430179999985e-06
9.815960119115144380e+02,2.649428043079999902e-06
9.825602512762336573e+02,2.782995744480000117e-06
9.835244906409529904e+02,2.792128843060000042e-06
9.844887300056720960e+02,2.925982124320000129e-06
9.854529693703914290e+02,3.009031294180000140e-06
9.864172087351105347e+02,3.167737299180000071e-06
9.873814480998298677e+02,3.208215061119999947e-06
9.883456874645490871e+02,3.404537572519999983e-06
9.893099268292683064e+02,3.456313019240000172e-06
9.902741661939875257e+02,3.686950588339999798e-06
9.912384055587067451e+02,3.777332066580000186e-06
9.922026449234259644e+02,4.035141558919999648e-06
9.931668842881451837e+02,4.143754673700000139e-06
9.941311236528645168e+02,4.451009499380000235e-06
9.950953630175836224e+02,4.591216477780000168e-06
9.960596023823029554e+02,5.011308089800000386e-06
9.970238417470220611e+02,5.321304118339999971e-06
9.979880811117413941e+02,5.830036444739999895e-06
9.989523204764604998e+02,6.239698025440000249e-06
9.999165598411798328e+02,6.933475187239999661e-06
1.000880799205899052e+03,7.588417126039999995e-06
1.001845038570618271e+03,8.434659372459999357e-06
1.002809277935337491e+03,9.270413380200000618e-06
1.003773517300056710e+03,1.043790750339999972e-05
1.004737756664775929e+03,1.160577451750000070e-05
1.005701996029495149e+03,1.298479782489999994e-05
1.006666235394214482e+03,1.443541618510000034e-05
1.007630474758933588e+03,1.622802097510000140e-05
1.008594714123652921e+03,1.809169331369999960e-05
1.009558953488372026e+03,2.008866050669999833e-05
1.010523192853091359e+03,2.220207879929999987e-05
1.011487432217810465e+03,2.428595685669999931e-05
1.012451671582529798e+03,2.630861714220000027e-05
1.013415910947249017e+03,2.832976767429999922e-05
1.014380150311968237e+03,3.017521383329999963e-05
1.015344389676687456e+03,3.179345120050000248e-05
1.016308629041406675e+03,3.319991382119999679e-05
1.017272868406125895e+03,3.412495610020000207e-05
1.018237107770845114e+03,3.473400517360000241e-05
1.019201347135564447e+03,3.438154141900000066e-05
1.020165586500283553e+03,3.381674812900000311e-05
1.021129825865002886e+03,3.359117641919999935e-05
1.022094065229721991e+03,3.572855067840000244e-05
1.023058304594441324e+03,3.844552472479999646e-05
1.024022543959160430e+03,4.691790610450000300e-05
1.024986783323879763e+03,4.248067719759999821e-05
1.025951022688599096e+03,3.226325735489999708e-05
1.026915262053318202e+03,3.032080499250000078e-05
1.027879501418037307e+03,2.884703101689999958e-05
1.028843740782756640e+03,2.980535153499999933e-05
1.029807980147475973e+03,2.956122622919999903e-05
1.030772219512195079e+03,3.010294575790000140e-05
1.031736458876914412e+03,2.913020982330000123e-05
1.032700698241633518e+03,2.838628338290000012e-05
1.033664937606352851e+03,2.622984621329999940e-05
1.034629176971071956e+03,2.449442105960000077e-05
1.035593416335791289e+03,2.181054335429999890e-05
1.036557655700510622e+03,1.972141753959999829e-05
1.037521895065229728e+03,1.703150082069999853e-05
1.038486134429948834e+03,1.515098472729999921e-05
1.039450373794668167e+03,1.288818270220000041e-05
1.040414613159387500e+03,1.156134593099999960e-05
1.041378852524106605e+03,9.900817278800000097e-06
1.042343091888825938e+03,9.209441170600000368e-06
1.043307331253545044e+03,8.119517449499999334e-06
1.044271570618264377e+03,7.962768666979999190e-06
1.045235809982983483e+03,7.229143110319999577e-06
1.046200049347702816e+03,7.384402148219999588e-06
1.047164288712421921e+03,6.930084608520000310e-06
1.048128528077141254e+03,7.326072916560000214e-06
1.049092767441860360e+03,7.096181129259999700e-06
1.050057006806579693e+03,7.647690408320000150e-06
1.051021246171299026e+03,7.691444153239999302e-06
1.051985485536018132e+03,8.425160658900000078e-06
1.052949724900737237e+03,8.542181099240000300e-06
1.053913964265456571e+03,9.462261200799999630e-06
1.054878203630175904e+03,9.762020009899999545e-06
1.055842442994895009e+03,1.080153979519999918e-05
1.056806682359614342e+03,1.129194589810000038e-05
1.057770921724333448e+03,1.263179747120000031e-05
1.058735161089052781e+03,1.329678927449999948e-05
1.059699400453771887e+03,1.510208144999999921e-05
1.060663639818491220e+03,1.619805327960000045e-05
1.061627879183210553e+03,1.864921977859999966e-05
1.062592118547929658e+03,2.055905782959999964e-05
1.063556357912648764e+03,2.348932547080000144e-05
1.064520597277368097e+03,2.599134155569999877e-05
1.065484836642087430e+03,2.984385934160000049e-05
1.066449076006806536e+03,3.329222705619999911e-05
1.067413315371525869e+03,3.867946374259999872e-05
1.068377554736244974e+03,4.447925418790000244e-05
1.069341794100964307e+03,5.129499043770000167e-05
1.070306033465683413e+03,5.879268047929999915e-05
1.071270272830402746e+03,6.873981808379999640e-05
1.072234512195122079e+03,7.899475438899999501e-05
1.073198751559841185e+03,9.226830619399999653e-05
1.074162990924560290e+03,1.059455806099999955e-04
1.075127230289279623e+03,1.228770102460000080e-04
1.076091469653998956e+03,1.407176570350000030e-04
1.077055709018718062e+03,1.634379905209999934e-04
1.078019948383437395e+03,1.868643610939999889e-04
1.078984187748156501e+03,2.110294194450000019e-04
1.079948427112875834e+03,2.374328236350000049e-04
1.080912666477594939e+03,2.651434378020000216e-04
1.081876905842314272e+03,2.947415165659999928e-04
1.082841145207033378e+03,3.233485240769999993e-04
1.083805384571752711e+03,3.458170197819999850e-04
1.084769623936471817e+03,3.742948797129999877e-04
1.085733863301191150e+03,3.973021572940000213e-04
1.086698102665910483e+03,4.254371394949999960e-04
1.087662342030629588e+03,4.440293888199999873e-04
1.088626581395348694e+03,4.727831880169999757e-04
1.089590820760068027e+03,4.901715454289999998e-04
1.090555060124787360e+03,4.953386309660000493e-04
1.091519299489506466e+03,5.086349200210000263e-04
1.092483538854225799e+03,5.167402949010000118e-04
1.093447778218945132e+03,5.317245064470000259e-04
1.094412017583664237e+03,5.541915469679999659e-04
1.095376256948383343e+03,5.763606385649999676e-04
1.096340496313102676e+03,6.015441438180000157e-04
1.097304735677822009e+03,6.108863341489999656e-04
1.098268975042541115e+03,5.870390516039999647e-04
1.099233214407260220e+03,5.610551951510000428e-04
1.100197453771979553e+03,5.278926431790000430e-04
1.101161693136698887e+03,4.910506584629999822e-04
1.102125932501417992e+03,4.607445417340000175e-04
1.103090171866137098e+03,4.615379808099999859e-04
1.104054411230856431e+03,4.519291280110000232e-04
1.105018650595575764e+03,4.282758396829999857e-04
1.105982889960294870e+03,4.098058258139999845e-04
1.106947129325014203e+03,3.812381992199999781e-04
1.107911368689733536e+03,3.468522012999999764e-04
1.108875608054452641e+03,3.083309342479999770e-04
1.109839847419171747e+03,2.686874474849999936e-04
1.110804086783891080e+03,2.268613666200000058e-04
1.111768326148610413e+03,1.879783953949999936e-04
1.112732565513329519e+03,1.545292631240000026e-04
1.113696804878048624e+03,1.251462787450000069e-04
1.114661044242767957e+03,1.017387346149999962e-04
1.115625283607487290e+03,8.303934736799999442e-05
1.116589522972206396e+03,6.799124414949999468e-05
1.117553762336925729e+03,5.641912076199999881e-05
1.118518001701645062e+03,4.817735876160000039e-05
1.119482241066364168e+03,4.133821223919999981e-05
1.120446480431083273e+03,3.676634243270000032e-05
1.121410719795802606e+03,3.257536703820000304e-05
1.122374959160521939e+03,2.954068085010000126e-05
1.123339198525241045e+03,2.699307203150000083e-05
1.124303437889960151e+03,2.513754872329999971e-05
1.125267677254679484e+03,2.345411911289999995e-05
1.126231916619398817e+03,2.226043167770000154e-05
1.127196155984117922e+03,2.099283908510000092e-05
1.128160395348837255e+03,2.026544717290000003e-05
1.129124634713556588e+03,1.935722136400000077e-05
1.130088874078275694e+03,1.880563386879999851e-05
1.131053113442994800e+03,1.811453970249999950e-05
1.132017352807714133e+03,1.785873654510000040e-05
1.132981592172433466e+03,1.749280324359999881e-05
1.133945831537152571e+03,1.745081209029999904e-05
1.134910070901871677e+03,1.739164976579999939e-05
1.135874310266591010e+03,1.728083750420000088e-05
1.136838549631310343e+03,1.721049754759999950e-05
1.137802788996029449e+03,1.738936694589999851e-05
1.138767028360748554e+03,1.753323007409999959e-05
1.139731267725467887e+03,1.791286029499999970e-05
1.140695507090187220e+03,1.821430166059999825e-05
1.141659746454906326e+03,1.861864272480000091e-05
1.142623985819625659e+03,1.907675283779999885e-05
1.143588225184344992e+03,1.958149250309999993e-05
1.144552464549064098e+03,1.990679888630000056e-05
1.145516703913783203e+03,2.031339548569999884e-05
1.146480943278502536e+03,2.062877023809999859e-05
1.147445182643221870e+03,2.101046500130000153e-05
1.148409422007940975e+03,2.152440870540000097e-05
1.149373661372660081e+03,2.211517702979999978e-05
1.150337900737379414e+03,2.260327302809999993e-05
1.151302140102098747e+03,2.336376128139999974e-05
1.152266379466817853e+03,2.444074295979999819e-05
1.153230618831537186e+03,2.559564974140000041e-05
1.154194858196256519e+03,2.686149611319999973e-05
1.155159097560975624e+03,2.816507722510000133e-05
1.156123336925694730e+03,2.901410432989999844e-05
1.157087576290414063e+03,2.897115821210000087e-05
1.158051815655133396e+03,2.894946687559999895e-05
1.159016055019852502e+03,2.898209937679999991e-05
1.159980294384571607e+03,2.927401838209999857e-05
1.160944533749290940e+03,2.967927803119999993e-05
1.161908773114010273e+03,3.032139616100000071e-05
1.162873012478729379e+03,3.084895493039999982e-05
1.163837251843448712e+03,3.156030343899999695e-05
1.164801491208168045e+03,3.254170681329999928e-05
1.165765730572887151e+03,3.332173091179999871e-05
1.166729969937606256e+03,3.405077809579999806e-05
1.167694209302325589e+03,3.489824087780000296e-05
1.168658448667044922e+03,3.573971921559999677e-05
1.169622688031764028e+03,3.612556125319999986e-05
1.170586927396483134e+03,3.648694710470000094e-05
1.171551166761202467e+03,3.735404577580000215e-05
1.172515406125921800e+03,3.821776114410000146e-05
1.173479645490640905e+03,3.971289903979999904e-05
1.174443884855360011e+03,4.100575726460000303e-05
1.175408124220079344e+03,4.261015219399999737e-05
1.176372363584798677e+03,4.446498428980000185e-05
1.177336602949517783e+03,4.687690629530000014e-05
1.178300842314237116e+03,4.943720249940000092e-05
1.179265081678956449e+03,5.256579352999999911e-05
1.180229321043675554e+03,5.534319409200000165e-05
1.181193560408394660e+03,5.831996395690000124e-05
1.182157799773113993e+03,6.073744294629999821e-05
1.183122039137833326e+03,6.372221632320000521e-05
1.184086278502552432e+03,6.722380739260000568e-05
1.185050517867271537e+03,7.237917869839999632e-05
1.186014757231990870e+03,7.880212440699999651e-05
1.186978996596710203e+03,8.740573609880000414e-05
1.187943235961429309e+03,9.725958731400000340e-05
1.188907475326148642e+03,1.093385240039999970e-04
1.189871714690867975e+03,1.226377234270000112e-04
1.190835954055587081e+03,1.383548929640000087e-04
1.191800193420306186e+03,1.553807276620000112e-04
1.192764432785025519e+03,1.748474516219999985e-04
1.193728672149744853e+03,1.957469861280000103e-04
1.194692911514463958e+03,2.183620006719999931e-04
1.195657150879183064e+03,2.404012170969999952e-04
1.196621390243902397e+03,2.617913305089999846e-04
1.197585629608621730e+03,2.827789945959999825e-04
1.198549868973340836e+03,3.045931122460000134e-04
1.199514108338060169e+03,3.240137250629999857e-04
1.200478347702779502e+03,3.423613215780000251e-04
1.201442587067498607e+03,3.578739468140000124e-04
1.202406826432217713e+03,3.727668455640000184e-04
1.203371065796937046e+03,3.857579097749999912e-04
1.204335305161656379e+03,4.007256595519999797e-04
1.205299544526375485e+03,4.205370802220000114e-04
1.206263783891094590e+03,4.505247845019999813e-04
1.207228023255813923e+03,4.909128707280000425e-04
1.208192262620533256e+03,5.458829010729999900e-04
1.209156501985252362e+03,5.920444298189999569e-04
1.210120741349971468e+03,6.283034314450000385e-04
1.211084980714690801e+03,5.680057905779999907e-04
1.212049220079410134e+03,4.579251227340000235e-04
1.213013459444129239e+03,4.460622808679999725e-04
1.213977698808848572e+03,4.604181257730000153e-04
1.214941938173567905e+03,4.782528608769999771e-04
1.215906177538287011e+03,4.967400641069999456e-04
1.216870416903006117e+03,5.132673163870000175e-04
1.217834656267725450e+03,5.179752004229999738e-04
1.218798895632444783e+03,5.136329313669999938e-04
1.219763134997163888e+03,4.984575450230000404e-04
1.220727374361882994e+03,4.544323173380000096e-04
1.221691613726602327e+03,4.124779983829999857e-04
1.222655853091321660e+03,3.690728609799999883e-04
1.223620092456040766e+03,3.213357317580000185e-04
1.224584331820760099e+03,2.829206931379999942e-04
1.225548571185479432e+03,2.497198516369999880e-04
1.226512810550198537e+03,2.249894543020000009e-04
1.227477049914917643e+03,2.052638894880000093e-04
1.228441289279636976e+03,1.904831308550000116e-04
1.229405528644356309e+03,1.783552636029999924e-04
1.230369768009075415e+03,1.708236859639999993e-04
1.231334007373794520e+03,1.647108217759999911e-04
1.232298246738513853e+03,1.622504694280000118e-04
1.233262486103233186e+03,1.610646763660000065e-04
1.234226725467952292e+03,1.628285412719999927e-04
1.235190964832671625e+03,1.641126502030000058e-04
1.236155204197390958e+03,1.618034550930000099e-04
1.237119443562110064e+03,1.569632402620000007e-04
1.238083682926829169e+03,1.515461359239999900e-04
1.239047922291548502e+03,1.439191527839999991e-04
1.240012161656267835e+03,1.357535696659999862e-04
1.240976401020986941e+03,1.274061794969999929e-04
1.241940640385706047e+03,1.216556561249999938e-04
1.242904879750425380e+03,1.171461318580000025e-04
1.243869119115144713e+03,1.152029155239999944e-04
1.244833358479863819e+03,1.120592633389999989e-04
1.245797597844582924e+03,1.104730218300000041e-04
1.246761837209302257e+03,1.094574852960000062e-04
1.247726076574021590e+03,1.089943729880000036e-04
1.248690315938740696e+03,1.085854662839999958e-04
1.249654555303460029e+03,1.090515799089999944e-04
1.250618794668179362e+03,1.081529128400000043e-04
1.251583034032898468e+03,1.078715166339999962e-04
1.252547273397617573e+03,1.074221376249999947e-04
1.253511512762336906e+03,1.072341460419999962e-04
1.254475752127056239e+03,1.064276103099999959e-04
1.255439991491775345e+03,1.050079873690000027e-04
1.256404230856494451e+03,1.031039700539999957e-04
1.257368470221213784e+03,1.009971364689999957e-04
1.258332709585933117e+03,9.841745903299999574e-05
1.259296948950652222e+03,9.631726472499999752e-05
1.260261188315371555e+03,9.452011248500000271e-05
1.261225427680090888e+03,9.398014827200000228e-05
1.262189667044809994e+03,9.455776537099999939e-05
1.263153906409529100e+03,9.615428411700000183e-05
1.264118145774248433e+03,9.784229755699999783e-05
1.265082385138967766e+03,9.860608725900000409e-05
1.266046624503686871e+03,9.720629120000000333e-05
1.267010863868405977e+03,9.229349906699999830e-05
1.267975103233125310e+03,8.506614583300000168e-05
1.268939342597844643e+03,7.529974208129999931e-05
1.269903581962563749e+03,6.733670238629999472e-05
1.270867821327283082e+03,6.221309956619999314e-05
1.271832060692002415e+03,5.783415987340000260e-05
1.272796300056721520e+03,5.471954770409999857e-05
1.273760539421440626e+03,5.115539281760000207e-05
1.274724778786159959e+03,4.851948161490000027e-05
1.275689018150879292e+03,4.537201866679999723e-05
1.276653257515598398e+03,4.271988216249999950e-05
1.277617496880317503e+03,3.942858337089999725e-05
1.278581736245036836e+03,3.546271584630000237e-05
1.279545975609756169e+03,3.198271606950000033e-05
1.280510214974475275e+03,2.894089038489999963e-05
1.281474454339194381e+03,2.614624589249999899e-05
1.282438693703913714e+03,2.365631692970000146e-05
1.283402933068633047e+03,2.114627914299999886e-05
1.284367172433352152e+03,1.917977077010000092e-05
1.285331411798071485e+03,1.717148042660000064e-05
1.286295651162790818e+03,1.540333182270000158e-05
1.287259890527509924e+03,1.373499065139999931e-05
1.288224129892229030e+03,1.242839003270000045e-05
1.289188369256948363e+03,1.111992495950000064e-05
1.290152608621667696e+03,1.009052779789999975e-05
1.291116847986386801e+03,9.106414143399999366e-06
1.292081087351105907e+03,8.374376556279999344e-06
1.293045326715825240e+03,7.585035642219999574e-06
1.294009566080544573e+03,7.076034106779999970e-06
1.294973805445263679e+03,6.445619294300000080e-06
1.295938044809983012e+03,6.079505913780000182e-06
1.296902284174702345e+03,5.591535425099999679e-06
1.297866523539421451e+03,5.276107922280000207e-06
1.298830762904140556e+03,4.879497523079999773e-06
1.299795002268859889e+03,4.652163221660000026e-06
1.300759241633579222e+03,4.333839902679999767e-06
1.301723480998298328e+03,4.203391751979999862e-06
1.302687720363017434e+03,3.952314304619999796e-06
1.303651959727736767e+03,3.868452050699999693e-06
1.304616199092456100e+03,3.637930896319999928e-06
1.305580438457175205e+03,3.575023291999999865e-06
1.306544677821894538e+03,3.379315595839999943e-06
1.307508917186613871e+03,3.372905510319999952e-06
1.308473156551332977e+03,3.221611848819999878e-06
1.309437395916052083e+03,3.221382657340000151e-06
1.310401635280771416e+03,3.102303131639999839e-06
1.311365874645490749e+03,3.098714284100000089e-06
1.312330114010209854e+03,2.996433038699999893e-06
1.313294353374928960e+03,3.030087806660000058e-06
1.314258592739648293e+03,2.903255788200000082e-06
1.315222832104367626e+03,2.963913314260000072e-06
1.316187071469086732e+03,2.847556801620000118e-06
1.317151310833805837e+03,2.846347179920000076e-06
1.318115550198525170e+03,2.770754009079999869e-06
1.319079789563244503e+03,2.789371269379999938e-06
1.320044028927963609e+03,2.709436193280000030e-06
1.321008268292682942e+03,2.775197777219999872e-06
1.321972507657402275e+03,2.694176770059999775e-06
1.322936747022121381e+03,2.740086006279999960e-06
1.323900986386840486e+03,2.721157700400000050e-06
1.324865225751559819e+03,2.798326107920000075e-06
1.325829465116279152e+03,2.762363054339999907e-06
1.326793704480998258e+03,2.815269906620000019e-06
1.327757943845717364e+03,2.771437945559999902e-06
1.328722183210436697e+03,2.854352510900000073e-06
1.329686422575156030e+03,2.902626421119999984e-06
1.330650661939875135e+03,3.002732166439999805e-06
1.331614901304594468e+03,3.075909731839999923e-06
1.332579140669313801e+03,3.246730143639999830e-06
1.333543380034032907e+03,3.394020230159999800e-06
1.334507619398752013e+03,3.649224943139999822e-06
1.335471858763471346e+03,3.935234082420000226e-06
1.336436098128190679e+03,4.347569563720000361e-06
1.337400337492909784e+03,4.842048362840000315e-06
1.338364576857628890e+03,5.507529471760000383e-06
1.339328816222348223e+03,6.340893339779999831e-06
1.340293055587067556e+03,7.400874831100000304e-06
1.341257294951786662e+03,8.713105192900000295e-06
1.342221534316505995e+03,1.041621616689999950e-05
1.343185773681225328e+03,1.263145186500000030e-05
1.344150013045944434e+03,1.535512885269999883e-05
1.345114252410663539e+03,1.888485954270000011e-05
1.346078491775382872e+03,2.316746605470000031e-05
1.347042731140102205e+03,2.858459767739999927e-05
1.348006970504821311e+03,3.501363696899999770e-05
1.348971209869540417e+03,4.281723397210000217e-05
1.349935449234259750e+03,5.181517324320000258e-05
1.350899688598979083e+03,6.237129625680000596e-05
1.351863927963698188e+03,7.409213035420000371e-05
1.352828167328417294e+03,8.707696455870000615e-05
1.353792406693136627e+03,1.007174682940000047e-04
1.354756646057855960e+03,1.151055091449999947e-04
1.355720885422575066e+03,1.289932395470000099e-04
1.356685124787294399e+03,1.422494200929999911e-04
1.357649364152013732e+03,1.533253712110000083e-04
1.358613603516732837e+03,1.623357795900000008e-04
1.359577842881451943e+03,1.679691606499999937e-04
1.360542082246171276e+03,1.712596045210000118e-04
1.361506321610890609e+03,1.726473043630000019e-04
1.362470560975609715e+03,1.764526105230000046e-04
1.363434800340328820e+03,1.861758771640000031e-04
1.364399039705048153e+03,2.103891384850000053e-04
1.365363279069767486e+03,2.525269925220000131e-04
1.366327518434486592e+03,3.029830420990000089e-04
1.367291757799205925e+03,3.364888355969999803e-04
1.368255997163925258e+03,3.604954607899999710e-04
1.369220236528644364e+03,3.425415824959999740e-04
1.370184475893363469e+03,3.025077426249999962e-04
1.371148715258082802e+03,2.640755146440000047e-04
1.372112954622802135e+03,2.139610695109999902e-04
1.373077193987521241e+03,1.959048735920000087e-04
1.374041433352240347e+03,1.931884998089999949e-04
1.375005672716959680e+03,2.012655895499999967e-04
1.375969912081679013e+03,2.086616531789999961e-04
1.376934151446398118e+03,2.162610787719999991e-04
1.377898390811117451e+03,2.171561078810000105e-04
1.378862630175836784e+03,2.148676491430000018e-04
1.379826869540555890e+03,2.057189073349999914e-04
1.380791108905274996e+03,1.943929374159999860e-04
1.381755348269994329e+03,1.779790075900000105e-04
1.382719587634713662e+03,1.616171005920000018e-04
1.383683826999432767e+03,1.422220444440000021e-04
1.384648066364151873e+03,1.249296382269999997e-04
1.385612305728871206e+03,1.067822204609999959e-04
1.386576545093590539e+03,9.498058727199999360e-05
1.387540784458309645e+03,8.875710181529999671e-05
1.388505023823028750e+03,1.001443076959999951e-04
1.389469263187748084e+03,1.220291836680000052e-04
1.390433502552467417e+03,1.597263618310000122e-04
1.391397741917186522e+03,1.281458677139999910e-04
1.392361981281905855e+03,6.661233907579999509e-05
1.393326220646625188e+03,4.889886627350000046e-05
1.394290460011344294e+03,4.571745206370000079e-05
1.395254699376063400e+03,5.126291272539999815e-05
1.396218938740782733e+03,5.696500575490000257e-05
1.397183178105502066e+03,6.352007307579999728e-05
1.398147417470221171e+03,6.670987278339999670e-05
1.399111656834940277e+03,6.796353198920000629e-05
1.400075896199659610e+03,6.503216386509999330e-05
1.401040135564378943e+03,6.031681291620000202e-05
1.402004374929098049e+03,5.326719221799999749e-05
1.402968614293817382e+03,4.583808681730000285e-05
1.403932853658536715e+03,3.792547834280000154e-05
1.404897093023255820e+03,3.118765810130000207e-05
1.405861332387974926e+03,2.484851280129999910e-05
1.406825571752694259e+03,2.002991654760000030e-05
1.407789811117413592e+03,1.604237587630000136e-05
1.408754050482132698e+03,1.337649697810000029e-05
1.409718289846851803e+03,1.126376080299999985e-05
1.410682529211571136e+03,9.921244424199999917e-06
1.411646768576290469e+03,8.929583821679999415e-06
1.412611007941009575e+03,8.374136450920000477e-06
1.413575247305728908e+03,7.971366985439999329e-06
1.414539486670448241e+03,7.843303517520000185e-06
1.415503726035167347e+03,7.805468733519999491e-06
1.416467965399886452e+03,7.877280244940000601e-06
1.417432204764605785e+03,8.014653252499999249e-06
1.418396444129325118e+03,8.159320369860000648e-06
1.419360683494044224e+03,8.760324094720000192e-06
1.420324922858763330e+03,8.577107334219999163e-06
1.421289162223482663e+03,8.643994866779999993e-06
1.422253401588201996e+03,8.929381914899999444e-06
1.423217640952921101e+03,9.088762761480000054e-06
1.424181880317640207e+03,9.368238124600000190e-06
1.425146119682359540e+03,9.472329255099999713e-06
1.426110359047078873e+03,9.739237285400000624e-06
1.427074598411797979e+03,9.895514952100000269e-06
1.428038837776517312e+03,1.014513357749999995e-05
1.429003077141236645e+03,1.031195223329999997e-05
1.429967316505955750e+03,1.067241949990000066e-05
1.430931555870674856e+03,1.084303982389999911e-05
1.431895795235394189e+03,1.114730970340000043e-05
1.432860034600113522e+03,1.138373162890000037e-05
1.433824273964832628e+03,1.167173073229999925e-05
1.434788513329551733e+03,1.206520339099999940e-05
1.435752752694271067e+03,1.259803720239999985e-05
1.436716992058990400e+03,1.361972188879999976e-05
1.437681231423709505e+03,1.387579789320000065e-05
1.438645470788428838e+03,1.448597473420000049e-05
1.439609710153148171e+03,1.563754368749999886e-05
1.440573949517867277e+03,1.667589023070000095e-05
1.441538188882586383e+03,1.726555807219999874e-05
1.442502428247305716e+03,1.848275582389999859e-05
1.443466667612025049e+03,2.009077052350000090e-05
1.444430906976744154e+03,2.185529935719999876e-05
1.445395146341463260e+03,2.375815252500000028e-05
1.446359385706182593e+03,2.576889849149999976e-05
1.447323625070901926e+03,2.787648695320000083e-05
1.448287864435621032e+03,2.998462110889999870e-05
1.449252103800340365e+03,3.184702925639999819e-05
1.450216343165059698e+03,3.402025561140000306e-05
1.451180582529778803e+03,3.603321163860000181e-05
1.452144821894497909e+03,3.818206366160000013e-05
1.453109061259217242e+03,4.020553339320000246e-05
1.454073300623936575e+03,4.248586129060000178e-05
1.455037539988655681e+03,4.462330830900000309e-05
1.456001779353374786e+03,4.716940737420000150e-05
1.456966018718094119e+03,5.029819849259999987e-05
1.457930258082813452e+03,5.308361166150000029e-05
1.458894497447532558e+03,5.746987274880000223e-05
1.459858736812251664e+03,6.260196111059999349e-05
1.460822976176970997e+03,6.847870350480000532e-05
1.461787215541690330e+03,7.432910706859999770e-05
1.462751454906409435e+03,7.942645291240000237e-05
1.463715694271128768e+03,8.278372610860000103e-05
1.464679933635848101e+03,8.489988196609999402e-05
1.465644173000567207e+03,8.536916061629999306e-05
1.466608412365286313e+03,8.517556657490000290e-05
1.467572651730005646e+03,8.476585042480000388e-05
1.468536891094724979e+03,8.469947584459999355e-05
1.469501130459444084e+03,8.542600374129999949e-05
1.470465369824163190e+03,8.741254817890000090e-05
1.471429609188882523e+03,9.114026574700000594e-05
1.472393848553601856e+03,9.537876199399999641e-05
1.473358087918320962e+03,9.781328482600000485e-05
1.474322327283040295e+03,9.883564253500000353e-05
1.475286566647759628e+03,9.696600394199999889e-05
1.476250806012478733e+03,9.468027367400000133e-05
1.477215045377197839e+03,9.399970230699999636e-05
1.478179284741917172e+03,9.049639230149999645e-05
1.479143524106636505e+03,8.764242177640000524e-05
1.480107763471355611e+03,8.503265841119999962e-05
1.481072002836074716e+03,8.266330963260000041e-05
1.482036242200794049e+03,8.046690037749999963e-05
1.483000481565513383e+03,7.864776576419999648e-05
1.483964720930232488e+03,7.713713925379999596e-05
1.484928960294951821e+03,7.608575062399999627e-05
1.485893199659671154e+03,7.504356603300000510e-05
1.486857439024390260e+03,7.382102957499999784e-05
1.487821678389109366e+03,6.848468794900000286e-05
1.488785917753828699e+03,5.965819663780000013e-05
1.489750157118548032e+03,5.285493859079999705e-05
1.490714396483267137e+03,4.784714113240000138e-05
1.491678635847986243e+03,4.423748446120000124e-05
1.492642875212705576e+03,4.124201548189999851e-05
1.493607114577424909e+03,3.892930064560000153e-05
1.494571353942144015e+03,3.647889811820000057e-05
1.495535593306863120e+03,3.439809413699999874e-05
1.496499832671582453e+03,3.217302685199999884e-05
1.497464072036301786e+03,2.913011887429999838e-05
1.498428311401020892e+03,2.674024290639999925e-05
1.499392550765740225e+03,2.405531928760000010e-05
1.500356790130459558e+03,2.132111040569999844e-05
1.501321029495178664e+03,1.902857715250000137e-05
1.502285268859897769e+03,1.669282493450000154e-05
1.503249508224617102e+03,1.477020854900000004e-05
1.504213747589336435e+03,1.286030683369999908e-05
1.505177986954055541e+03,1.180286100050000025e-05
1.506142226318774647e+03,1.055997925120000049e-05
1.507106465683493980e+03,9.535184109000000474e-06
1.508070705048213313e+03,8.197282482459999919e-06
1.509034944412932418e+03,7.394159156939999829e-06
1.509999183777651751e+03,6.824687450380000225e-06
1.510963423142371084e+03,6.186722051919999795e-06
1.511927662507090190e+03,5.940552212600000239e-06
1.512891901871809296e+03,5.586193080840000322e-06
1.513856141236528629e+03,5.179743818819999955e-06
1.514820380601247962e+03,5.119821160679999938e-06
1.515784619965967067e+03,4.861047608940000352e-06
1.516748859330686173e+03,4.906696731020000212e-06
1.517713098695405506e+03,4.764634393019999947e-06
1.518677338060124839e+03,4.493702778959999591e-06
1.519641577424843945e+03,4.438243897739999764e-06
1.520605816789563278e+03,4.717724717800000106e-06
1.521570056154282611e+03,4.780208499779999615e-06
1.522534295519001716e+03,4.352153393319999986e-06
1.523498534883720822e+03,4.325276144839999799e-06
1.524462774248440155e+03,4.118063400180000235e-06
1.525427013613159488e+03,4.469684967040000235e-06
1.526391252977878594e+03,4.129966805299999615e-06
1.527355492342597699e+03,4.239276589420000335e-06
1.528319731707317032e+03,4.154648544919999663e-06
1.529283971072036366e+03,4.153006005979999712e-06
1.530248210436755471e+03,4.094271141779999763e-06
1.531212449801474577e+03,4.228742876239999960e-06
1.532176689166193910e+03,4.159408815579999712e-06
1.533140928530913243e+03,4.398490089840000297e-06
1.534105167895632349e+03,4.448857646040000045e-06
1.535069407260351682e+03,4.230881996719999954e-06
1.536033646625071015e+03,4.306378761619999640e-06
1.536997885989790120e+03,4.292741868559999995e-06
1.537962125354509226e+03,4.396567427980000257e-06
1.538926364719228559e+03,5.026594797719999973e-06
1.539890604083947892e+03,4.993383860880000127e-06
1.540854843448666998e+03,4.660566909260000184e-06
1.541819082813386103e+03,4.817910498239999831e-06
1.542783322178105436e+03,4.756610872239999971e-06
1.543747561542824769e+03,4.389547984159999932e-06
1.544711800907543875e+03,4.716069445999999959e-06
1.545676040272263208e+03,4.579531350259999681e-06
1.546640279636982541e+03,4.489028000359999651e-06
1.547604519001701647e+03,4.534440655040000216e-06
1.548568758366420752e+03,4.621809902400000378e-06
1.549532997731140085e+03,4.632443659479999999e-06
1.550497237095859418e+03,4.723998379820000048e-06
1.551461476460578524e+03,4.606268537280000247e-06
1.552425715825297630e+03,4.704451620740000027e-06
1.553389955190016963e+03,4.693292178440000397e-06
1.554354194554736296e+03,5.168429763219999873e-06
1.555318433919455401e+03,4.765703953260000368e-06
1.556282673284174734e+03,4.883753936279999788e-06
1.557246912648894067e+03,5.077609910799999796e-06
1.558211152013613173e+03,5.824266640179999989e-06
1.559175391378332279e+03,5.517259195779999598e-06
1.560139630743051612e+03,6.028436231300000000e-06
1.561103870107770945e+03,5.491491525100000208e-06
1.562068109472490050e+03,5.530444981799999781e-06
1.563032348837209156e+03,5.727409593140000112e-06
1.563996588201928489e+03,5.898728405460000272e-06
1.564960827566647822e+03,6.183997219880000075e-06
1.565925066931366928e+03,6.285278026279999767e-06
1.566889306296086033e+03,6.485627759400000091e-06
1.567853545660805366e+03,6.660699127460000230e-06
1.568817785025524699e+03,6.882054441620000109e-06
1.569782024390243805e+03,7.284561973979999874e-06
1.570746263754963138e+03,7.010678155380000280e-06
1.571710503119682471e+03,7.150957892980000127e-06
1.572674742484401577e+03,7.110949427880000116e-06
1.573638981849120682e+03,7.278028197820000030e-06
1.574603221213840015e+03,7.195637498719999658e-06
1.575567460578559349e+03,7.847894623040000648e-06
1.576531699943278454e+03,8.327077619340000390e-06
1.577495939307997560e+03,7.863254090160000148e-06
1.578460178672716893e+03,8.321489712780000267e-06
1.579424418037436226e+03,8.296555134940000308e-06
1.580388657402155332e+03,8.209555140519999918e-06
1.581352896766874665e+03,7.283648846019999691e-06
1.582317136131593998e+03,6.519529908639999961e-06
1.583281375496313103e+03,6.206074180139999836e-06
1.584245614861032209e+03,6.206263354059999611e-06
1.585209854225751542e+03,6.204720859019999753e-06
1.586174093590470875e+03,6.260699968520000231e-06
1.587138332955189981e+03,6.220682408519999596e-06
1.588102572319909086e+03,6.104835210280000306e-06
1.589066811684628419e+03,5.836337391460000017e-06
1.590031051049347752e+03,5.503429490839999758e-06
1.590995290414066858e+03,5.025172355359999549e-06
1.591959529778786191e+03,4.492205758420000314e-06
1.592923769143505524e+03,3.945864201540000275e-06
1.593888008508224630e+03,3.508726927939999812e-06
1.594852247872943735e+03,3.107761890619999904e-06
1.595816487237663068e+03,2.729563206979999995e-06
1.596780726602382401e+03,2.479337042260000186e-06
1.597744965967101507e+03,2.241781892220000114e-06
1.598709205331820613e+03,2.096536339219999827e-06
1.599673444696540173e+03,1.960869534899999994e-06
1.600637684061259279e+03,1.893956536620000041e-06
1.601601923425978384e+03,1.800093530659999987e-06
1.602566162790697490e+03,1.773496405099999890e-06
1.603530402155417050e+03,1.743717883519999981e-06
1.604494641520136156e+03,1.703340165479999987e-06
1.605458880884855262e+03,1.692928323959999889e-06
1.606423120249574367e+03,1.679180473119999952e-06
1.607387359614293928e+03,1.650707979179999971e-06
1.608351598979013033e+03,1.652696124319999933e-06
1.609315838343732139e+03,1.673383383860000078e-06
1.610280077708451699e+03,1.673317900579999944e-06
1.611244317073170805e+03,1.659084382079999950e-06
1.612208556437889911e+03,1.774724216599999911e-06
1.613172795802609016e+03,1.711772956759999899e-06
1.614137035167328577e+03,1.844711291080000016e-06
1.615101274532047682e+03,1.738690222800000038e-06
1.616065513896766788e+03,2.205040315200000025e-06
1.617029753261485894e+03,2.551388659040000162e-06
1.617993992626205454e+03,1.799153118000000048e-06
1.618958231990924560e+03,2.069178880019999788e-06
1.619922471355643665e+03,1.964201906259999838e-06
1.620886710720362771e+03,2.125507233679999850e-06
1.621850950085082331e+03,2.073502595479999935e-06
1.622815189449801437e+03,2.246363902839999952e-06
1.623779428814520543e+03,2.438528225959999858e-06
1.624743668179240103e+03,2.238633237839999839e-06
1.625707907543959209e+03,2.298486774739999939e-06
1.626672146908678315e+03,2.378574645160000088e-06
1.627636386273397420e+03,2.561660439100000003e-06
1.628600625638116981e+03,2.574580654040000078e-06
1.629564865002836086e+03,2.576586988980000019e-06
1.630529104367555192e+03,2.562688162799999838e-06
1.631493343732274298e+03,2.530217550820000170e-06
1.632457583096993858e+03,2.452676252399999953e-06
1.633421822461712964e+03,2.447091983799999826e-06
1.634386061826432069e+03,2.418408488179999884e-06
1.635350301191151630e+03,2.990896063580000133e-06
1.636314540555870735e+03,2.552601918699999777e-06
1.637278779920589841e+03,2.374318231960000074e-06
1.638243019285308947e+03,2.452752649559999862e-06
1.639207258650028507e+03,2.264304502579999980e-06
1.640171498014747613e+03,2.377594214940000197e-06
1.641135737379466718e+03,2.248006441779999903e-06
1.642099976744185824e+03,2.337334730600000061e-06
1.643064216108905384e+03,2.175589210020000150e-06
1.644028455473624490e+03,2.184191166439999861e-06
1.644992694838343596e+03,2.086542863099999867e-06
1.645956934203063156e+03,2.515243707459999787e-06
1.646921173567782262e+03,2.033786986159999787e-06
1.647885412932501367e+03,2.060111264719999785e-06
1.648849652297220473e+03,1.834337648140000085e-06
1.649813891661940033e+03,1.766309615119999977e-06
1.650778131026659139e+03,1.654005789920000068e-06
1.651742370391378245e+03,1.909066803480000050e-06
1.652706609756097350e+03,2.730690974579999923e-06
1.653670849120816911e+03,2.229538337840000080e-06
1.654635088485536016e+03,1.737380557199999903e-06
1.655599327850255122e+03,1.543084389519999995e-06
1.656563567214974228e+03,1.423802957039999924e-06
1.657527806579693788e+03,1.471742174940000021e-06
1.658492045944412894e+03,1.371072545820000025e-06
1.659456285309131999e+03,1.398133511279999993e-06
1.660420524673851560e+03,1.330496558960000054e-06
1.661384764038570665e+03,1.318238452740000038e-06
1.662349003403289771e+03,1.431750080659999991e-06
1.663313242768008877e+03,1.478539703199999975e-06
1.664277482132728437e+03,1.181438423880000072e-06
1.665241721497447543e+03,1.319522652619999991e-06
1.666205960862166648e+03,1.183222843260000065e-06
1.667170200226885754e+03,1.328040935960000013e-06
1.668134439591605314e+03,1.201718231900000067e-06
1.669098678956324420e+03,1.631459532820000018e-06
1.670062918321043526e+03,1.335924395279999945e-06
1.671027157685763086e+03,1.375432640879999916e-06
1.671991397050482192e+03,1.336561038280000034e-06
1.672955636415201297e+03,1.310118526019999965e-06
1.673919875779920403e+03,1.226449083980000056e-06
1.674884115144639964e+03,1.658043925519999919e-06
1.675848354509359069e+03,1.603385395499999986e-06
1.676812593874078175e+03,1.318391247060000068e-06
1.677776833238797281e+03,1.416081386940000012e-06
1.678741072603516841e+03,1.416952678360000033e-06
1.679705311968235947e+03,1.499665336920000022e-06
1.680669551332955052e+03,1.612318406279999938e-06
1.681633790697674613e+03,1.499459792180000055e-06
1.682598030062393718e+03,1.818643488699999924e-06
1.683562269427112824e+03,1.888712417279999932e-06
1.684526508791831930e+03,2.626981829879999946e-06
1.685490748156551490e+03,2.347346396520000000e-06
1.686454987521270596e+03,1.883735687999999928e-06
1.687419226885989701e+03,2.245337998119999903e-06
1.688383466250708807e+03,2.223351986860000034e-06
1.689347705615428367e+03,2.486814869039999965e-06
1.690311944980147473e+03,2.528371286120000039e-06
1.691276184344866579e+03,2.784316323959999815e-06
1.692240423709585684e+03,2.837499661200000022e-06
1.693204663074305245e+03,3.153152717540000071e-06
1.694168902439024350e+03,3.158082153340000132e-06
1.695133141803743456e+03,3.781195580099999821e-06
1.696097381168463016e+03,4.480698890940000039e-06
1.697061620533182122e+03,3.679856566339999774e-06
1.698025859897901228e+03,4.045689823940000006e-06
1.698990099262620333e+03,4.045007706439999760e-06
1.699954338627339894e+03,4.978864762520000050e-06
1.700918577992058999e+03,4.765154621299999751e-06
1.701882817356778105e+03,4.394015399039999695e-06
1.702847056721497211e+03,4.499512601079999873e-06
1.703811296086216771e+03,4.656554239380000303e-06
1.704775535450935877e+03,4.830128586900000319e-06
1.705739774815654982e+03,4.889860252139999929e-06
1.706704014180374543e+03,5.141023191560000105e-06
1.707668253545093648e+03,5.057810313499999865e-06
1.708632492909812754e+03,5.155316736399999604e-06
1.709596732274531860e+03,5.018633122260000347e-06
1.710560971639251420e+03,4.761354772080000252e-06
1.711525211003970526e+03,4.280118147359999778e-06
1.712489450368689631e+03,3.979067862460000130e-06
1.713453689733408737e+03,3.964723386179999844e-06
1.714417929098128297e+03,4.111736987739999720e-06
1.715382168462847403e+03,4.206172972399999727e-06
1.716346407827566509e+03,3.954362476100000322e-06
1.717310647192286069e+03,4.507115937480000138e-06
1.718274886557005175e+03,3.985488861859999685e-06
1.719239125921724280e+03,3.524837633799999901e-06
1.720203365286443386e+03,3.147564810979999948e-06
1.721167604651162947e+03,2.867441890980000159e-06
1.722131844015882052e+03,2.538766756820000155e-06
1.723096083380601158e+03,2.303545358120000057e-06
1.724060322745320263e+03,2.033377715660000062e-06
1.725024562110039824e+03,1.789545265640000052e-06
1.725988801474758930e+03,1.643708544140000046e-06
1.726953040839478035e+03,1.548201180260000044e-06
1.727917280204197141e+03,1.443397009599999888e-06
1.728881519568916701e+03,1.391485139380000074e-06
1.729845758933635807e+03,1.431959263359999954e-06
1.730809998298354913e+03,1.367370921519999985e-06
1.731774237663074473e+03,1.295171967359999973e-06
1.732738477027793579e+03,1.467816816100000036e-06
1.733702716392512684e+03,1.796419191059999915e-06
1.734666955757231790e+03,1.763914018460000076e-06
1.735631195121951350e+03,1.312399526940000002e-06
1.736595434486670456e+03,1.240144184400000056e-06
1.737559673851389562e+03,1.358727128559999900e-06
1.738523913216108667e+03,1.245422864359999912e-06
1.739488152580828228e+03,1.555329762880000027e-06
1.740452391945547333e+03,1.429905634940000069e-06
1.741416631310266439e+03,1.264354808200000030e-06
1.742380870674985999e+03,1.330873087820000030e-06
1.743345110039705105e+03,1.384312901239999931e-06
1.744309349404424211e+03,1.350814565560000004e-06
1.745273588769143316e+03,1.324171965499999961e-06
1.746237828133862877e+03,1.317225280879999974e-06
1.747202067498581982e+03,1.364513303939999999e-06
1.748166306863301088e+03,1.363041749120000057e-06
1.749130546228020194e+03,1.459187574979999934e-06
1.750094785592739754e+03,1.268054613520000072e-06
1.751059024957458860e+03,1.603776476199999944e-06
1.752023264322177965e+03,1.377091550640000058e-06
1.752987503686897526e+03,1.194753357479999889e-06
1.753951743051616631e+03,1.267730835080000034e-06
1.754915982416335737e+03,1.181880436019999969e-06
1.755880221781054843e+03,1.235751347699999992e-06
1.756844461145774403e+03,1.363672935179999941e-06
1.757808700510493509e+03,1.214291021659999921e-06
1.758772939875212614e+03,1.190476935499999898e-06
1.759737179239931720e+03,1.193108999559999941e-06
1.760701418604651280e+03,1.115096585320000074e-06
1.761665657969370386e+03,1.342198057299999887e-06
1.762629897334089492e+03,1.161185900560000044e-06
1.763594136698808597e+03,1.054053435499999908e-06
1.764558376063528158e+03,1.050202654840000046e-06
1.765522615428247263e+03,9.986909602199999662e-07
1.766486854792966369e+03,1.003052874260000067e-06
1.767451094157685930e+03,1.040347421199999921e-06
1.768415333522405035e+03,1.174615429899999937e-06
1.769379572887124141e+03,8.847846136399999536e-07
1.770343812251843246e+03,1.043081348140000054e-06
1.771308051616562807e+03,1.050557355940000047e-06
1.772272290981281913e+03,1.289331222579999939e-06
1.773236530346001018e+03,1.224142617340000050e-06
1.774200769710720124e+03,8.625002896600000159e-07
1.775165009075439684e+03,1.017410083399999914e-06
1.776129248440158790e+03,9.040803534799999556e-07
1.777093487804877896e+03,8.986397842999999746e-07
1.778057727169597456e+03,8.387753335199999935e-07
1.779021966534316562e+03,8.841097720600000160e-07
1.779986205899035667e+03,8.714132916599999919e-07
1.780950445263754773e+03,9.417532482599999945e-07
1.781914684628474333e+03,8.544676739799999447e-07
1.782878923993193439e+03,9.222574206200000190e-07
1.783843163357912545e+03,8.848028034400000379e-07
1.784807402722631650e+03,1.058824620039999944e-06
1.785771642087351211e+03,9.476158208000000024e-07
1.786735881452070316e+03,1.010310604459999896e-06
1.787700120816789422e+03,1.012740761739999967e-06
1.788664360181508982e+03,1.102654762120000064e-06
1.789628599546228088e+03,1.108759258999999996e-06
1.790592838910947194e+03,1.288720045300000031e-06
1.791557078275666299e+03,1.301658450040000085e-06
1.792521317640385860e+03,1.634597273320000094e-06
1.793485557005104965e+03,1.494055602599999924e-06
1.794449796369824071e+03,1.486643259100000068e-06
1.795414035734543177e+03,1.645809466040000086e-06
1.796378275099262737e+03,1.708267782300000049e-06
1.797342514463981843e+03,1.866124323639999932e-06
1.798306753828700948e+03,1.980196197400000065e-06
1.799270993193420054e+03,2.240710512999999907e-06
1.800235232558139614e+03,2.357261656499999841e-06
1.801199471922858720e+03,2.486400141600000035e-06
1.802163711287577826e+03,2.685178276000000113e-06
1.803127950652297386e+03,2.782457326399999911e-06
1.804092190017016492e+03,2.912661733780000106e-06
1.805056429381735597e+03,3.050835092539999919e-06
1.806020668746454703e+03,3.214086728560000155e-06
1.806984908111174263e+03,3.364445434340000072e-06
1.807949147475893369e+03,3.524699391320000065e-06
1.808913386840612475e+03,3.639542512600000127e-06
1.809877626205331580e+03,3.818593808900000187e-06
1.810841865570051141e+03,4.012357015440000094e-06
1.811806104934770246e+03,4.094385737519999838e-06
1.812770344299489352e+03,4.200226726780000242e-06
1.813734583664208913e+03,4.290038864280000248e-06
1.814698823028928018e+03,4.322434898080000217e-06
1.815663062393647124e+03,4.301853139379999946e-06
1.816627301758366229e+03,4.332364709899999618e-06
1.817591541123085790e+03,4.376818762120000265e-06
1.818555780487804896e+03,4.379601801519999916e-06
1.819520019852524001e+03,4.374224896640000388e-06
1.820484259217243107e+03,4.412374364179999648e-06
1.821448498581962667e+03,4.410566298059999683e-06
1.822412737946681773e+03,4.357355676119999721e-06
1.823376977311400879e+03,4.266748644360000026e-06
1.824341216676120439e+03,4.163228673580000247e-06
1.825305456040839545e+03,4.007232948779999630e-06
1.826269695405558650e+03,3.641048628040000028e-06
1.827233934770277756e+03,3.512055661340000084e-06
1.828198174134997316e+03,3.389310890940000113e-06
1.829162413499716422e+03,3.326048585519999836e-06
1.830126652864435528e+03,3.287149698219999775e-06
1.831090892229154633e+03,2.968089692340000182e-06
1.832055131593874194e+03,2.767197903180000079e-06
1.833019370958593299e+03,2.605881661880000080e-06
1.833983610323312405e+03,2.376410058960000124e-06
1.834947849688031511e+03,2.160686306879999894e-06
1.835912089052751071e+03,1.933452049359999815e-06
1.836876328417470177e+03,1.742622857560000015e-06
1.837840567782189282e+03,1.571880661900000015e-06
1.838804807146908843e+03,1.422056736240000097e-06
1.839769046511627948e+03,1.346388987219999979e-06
1.840733285876347054e+03,1.198605957119999961e-06
1.841697525241066160e+03,1.190242287079999966e-06
1.842661764605785720e+03,1.055614120339999955e-06
1.843626003970504826e+03,1.219142241320000074e-06
1.844590243335223931e+03,1.295026448959999934e-06
1.845554482699943037e+03,9.585133299799999449e-07
1.846518722064662597e+03,1.039108695819999913e-06
1.847482961429381703e+03,9.607433994600000426e-07
1.848447200794100809e+03,1.015103616759999907e-06
1.849411440158820369e+03,9.216826229399999622e-07
1.850375679523539475e+03,9.711606979199999216e-07
1.851339918888258580e+03,9.158309642800000471e-07
1.852304158252977686e+03,9.391102703199999649e-07
1.853268397617697246e+03,8.836277423599999546e-07
1.854232636982416352e+03,9.035801339800000218e-07
1.855196876347135458e+03,8.574980946600000424e-07
1.856161115711854563e+03,8.869873984199999780e-07
1.857125355076574124e+03,8.825327163999999878e-07
1.858089594441293229e+03,8.801607664799999532e-07
1.859053833806012335e+03,8.909400419600000364e-07
1.860018073170731896e+03,8.849628736799999532e-07
1.860982312535451001e+03,8.662946819399999452e-07
1.861946551900170107e+03,8.867527500000000456e-07
1.862910791264889212e+03,9.023086669599999474e-07
1.863875030629608773e+03,9.083294907599999787e-07
1.864839269994327879e+03,9.272541586799999990e-07
1.865803509359046984e+03,9.155472033999999614e-07
1.866767748723766090e+03,9.661639598599999416e-07
1.867731988088485650e+03,9.870585831200000516e-07
1.868696227453204756e+03,1.024236715340000044e-06
1.869660466817923862e+03,1.077681985699999939e-06
1.870624706182642967e+03,9.415695312800000014e-07
1.871588945547362528e+03,9.970775249599999814e-07
1.872553184912081633e+03,9.348065636400000067e-07
1.873517424276800739e+03,9.907529315000001000e-07
1.874481663641520299e+03,9.618766239999999640e-07
1.875445903006239405e+03,1.003327540239999952e-06
1.876410142370958511e+03,9.858926169399999575e-07
1.877374381735677616e+03,1.050422751419999995e-06
1.878338621100397177e+03,1.063553968040000031e-06
1.879302860465116282e+03,1.125633936460000021e-06
1.880267099829835388e+03,1.059252080340000071e-06
1.881231339194554494e+03,1.027807373080000028e-06
1.882195578559274054e+03,9.849249195800000509e-07
1.883159817923993160e+03,1.033999181000000068e-06
1.884124057288712265e+03,1.050098972979999957e-06
1.885088296653431826e+03,1.112419046760000085e-06
1.886052536018150931e+03,1.088213879899999893e-06
1.887016775382870037e+03,1.133208169179999897e-06
1.887981014747589143e+03,1.126907222459999988e-06
1.888945254112308703e+03,1.187471980540000088e-06
1.889909493477027809e+03,1.163486910260000058e-06
1.890873732841746914e+03,1.114869212819999921e-06
1.891837972206466020e+03,1.120660845140000013e-06
1.892802211571185580e+03,1.117859615939999960e-06
1.893766450935904686e+03,1.130314171999999955e-06
1.894730690300623792e+03,1.184779890139999905e-06
1.895694929665343352e+03,1.210800399040000053e-06
1.896659169030062458e+03,1.181631235760000054e-06
1.897623408394781563e+03,1.177285692539999934e-06
1.898587647759500669e+03,1.146648612399999988e-06
1.899551887124220229e+03,1.177893231860000058e-06
1.900516126488939335e+03,1.183130075279999964e-06
1.901480365853658441e+03,1.207531691979999922e-06
1.902444605218377546e+03,1.236277032920000002e-06
1.903408844583097107e+03,1.246501519499999899e-06
1.904373083947816212e+03,1.324224715919999898e-06
1.905337323312535318e+03,1.342389050200000083e-06
1.906301562677254424e+03,1.431870133340000060e-06
1.907265802041973984e+03,1.443975445240000047e-06
1.908230041406693090e+03,1.436943268559999949e-06
1.909194280771412195e+03,1.447982658179999934e-06
1.910158520136131756e+03,1.494412122679999923e-06
1.911122759500850862e+03,1.525736777259999897e-06
1.912086998865569967e+03,1.597373666599999944e-06
1.913051238230289073e+03,1.668903236119999907e-06
1.914015477595008633e+03,1.796442837799999887e-06
1.914979716959727739e+03,1.838135678380000010e-06
1.915943956324446845e+03,2.012433979940000011e-06
1.916908195689165950e+03,2.102999175159999967e-06
1.917872435053885511e+03,2.353892905540000040e-06
1.918836674418604616e+03,2.411963842040000145e-06
1.919800913783323722e+03,2.552852937939999901e-06
1.920765153148043282e+03,2.725807013280000020e-06
1.921729392512762388e+03,2.919424701420000101e-06
1.922693631877481494e+03,3.157816582260000024e-06
1.923657871242200599e+03,3.361915233159999908e-06
1.924622110606920160e+03,3.561830230060000114e-06
1.925586349971639265e+03,3.797148034699999886e-06
1.926550589336358371e+03,4.048598372960000143e-06
1.927514828701077477e+03,4.322569502599999633e-06
1.928479068065797037e+03,4.605544583239999838e-06
1.929443307430516143e+03,4.908848584359999556e-06
1.930407546795235248e+03,5.224452528240000299e-06
1.931371786159954809e+03,5.592499484499999801e-06
1.932336025524673914e+03,5.942754997380000369e-06
1.933300264889393020e+03,6.335068965819999566e-06
1.934264504254112126e+03,6.511484560100000011e-06
1.935228743618831686e+03,6.648224562620000260e-06
1.936192982983550792e+03,6.848466975919999653e-06
1.937157222348269897e+03,7.128400722000000090e-06
1.938121461712989003e+03,7.401242265060000290e-06
1.939085701077708563e+03,7.638077099020000796e-06
1.940049940442427669e+03,7.896677847659999529e-06
1.941014179807146775e+03,8.130556839120000378e-06
1.941978419171865880e+03,8.343150126620000736e-06
1.942942658536585441e+03,8.466864413359999765e-06
1.943906897901304546e+03,8.449767820339999580e-06
1.944871137266023652e+03,8.464350583000000640e-06
1.945835376630743212e+03,8.298537823139999218e-06
1.946799615995462318e+03,8.238511483139999536e-06
1.947763855360181424e+03,8.137088796299999589e-06
1.948728094724900529e+03,8.110478937880000142e-06
1.949692334089620090e+03,8.038787479140000161e-06
1.950656573454339195e+03,8.003475620399999217e-06
1.951620812819058301e+03,7.793039643179999255e-06
1.952585052183777407e+03,7.530991927440000180e-06
1.953549291548496967e+03,7.308261464400000245e-06
1.954513530913216073e+03,6.775931510459999829e-06
1.955477770277935178e+03,6.303908019440000032e-06
1.956442009642654739e+03,6.037887651379999758e-06
1.957406249007373845e+03,5.748835358560000225e-06
1.958370488372092950e+03,5.496711997700000345e-06
1.959334727736812056e+03,5.080265621600000023e-06
1.960298967101531616e+03,4.743234093320000227e-06
1.961263206466250722e+03,4.277975388920000212e-06
1.962227445830969828e+03,3.861976481899999780e-06
1.963191685195688933e+03,3.377047327779999891e-06
1.964155924560408494e+03,2.954054442659999951e-06
1.965120163925127599e+03,2.490431001279999895e-06
1.966084403289846705e+03,2.131273400280000185e-06
1.967048642654566265e+03,1.804566402479999956e-06
1.968012882019285371e+03,1.559313329079999943e-06
1.968977121384004477e+03,1.355125548159999953e-06
1.969941360748723582e+03,1.187026330439999983e-06
1.970905600113443143e+03,1.046986698200000063e-06
1.971869839478162248e+03,9.473447927800000075e-07
1.972834078842881354e+03,8.480976060200000115e-07
1.973798318207600460e+03,8.115579357799999999e-07
1.974762557572320020e+03,7.463547787000000224e-07
1.975726796937039126e+03,7.426076799000000368e-07
1.976691036301758231e+03,7.081398278799999936e-07
1.977655275666477337e+03,6.817773507400000410e-07
1.978619515031196897e+03,6.254308072800000006e-07
1.979583754395916003e+03,6.389640184799999814e-07
1.980547993760635109e+03,6.264785397600000237e-07
1.981512233125354669e+03,6.277136271800000355e-07
1.982476472490073775e+03,5.736080670799999740e-07
1.983440711854792880e+03,5.984316871399999589e-07
1.984404951219511986e+03,5.599202425799999656e-07
1.985369190584231546e+03,5.785029422599999695e-07
1.986333429948950652e+03,5.541104204600000007e-07
1.987297669313669758e+03,5.728695612000000063e-07
1.988261908678388863e+03,5.717472505399999661e-07
1.989226148043108424e+03,5.718018199400000070e-07
1.990190387407827529e+03,5.587197157800000185e-07
1.991154626772546635e+03,5.775188740799999764e-07
1.992118866137266195e+03,6.003852716599999623e-07
1.993083105501985301e+03,5.717054140000000159e-07
1.994047344866704407e+03,5.373776234400000177e-07
1.995011584231423512e+03,5.477476284199999530e-07
1.995975823596143073e+03,5.466362316400000057e-07
1.996940062960862178e+03,5.750086816800000005e-07
1.997904302325581284e+03,5.236115827999999965e-07
1.998868541690300390e+03,5.557493214399999552e-07
1.999832781055019950e+03,5.715853613199999471e-07
2.000797020419739056e+03,5.577374665800000233e-07
2.001761259784458161e+03,5.737936030399999649e-07
2.002725499149177722e+03,5.701392722199999747e-07
2.003689738513896827e+03,5.557475024599999574e-07
2.004653977878615933e+03,5.660265584400000010e-07
2.005618217243335039e+03,5.574518867200000457e-07
2.006582456608054599e+03,5.784119932599999719e-07
2.007546695972773705e+03,5.578920798799999451e-07
2.008510935337492811e+03,5.884163832600000248e-07
2.009475174702211916e+03,5.775934522599999935e-07
2.010439414066931477e+03,6.196209851600000358e-07
2.011403653431650582e+03,5.802091454999999497e-07
2.012367892796369688e+03,5.973730407799999488e-07
2.013332132161088794e+03,6.069572463999999727e-07
2.014296371525808354e+03,6.239392436799999766e-07
2.015260610890527460e+03,6.074774746799999886e-07
2.016224850255246565e+03,6.384856267400000216e-07
2.017189089619966126e+03,6.427274880999999475e-07
2.018153328984685231e+03,6.602224377399999759e-07
2.019117568349404337e+03,6.334397762199999942e-07
2.020081807714123443e+03,6.613593002399999988e-07
2.021046047078843003e+03,6.913397285999999849e-07
2.022010286443562109e+03,7.403685155199999499e-07
2.022974525808281214e+03,7.281140472600000348e-07
2.023938765173000320e+03,7.578034388199999439e-07
2.024903004537719880e+03,7.673694546399999894e-07
2.025867243902438986e+03,8.283634920000000021e-07
2.026831483267158092e+03,8.070577792599999580e-07
2.027795722631877652e+03,8.438284599600000123e-07
2.028759961996596758e+03,8.886608600199999972e-07
2.029724201361315863e+03,8.860124251399999741e-07
2.030688440726034969e+03,9.310412750400000428e-07
2.031652680090754529e+03,1.021557357800000058e-06
2.032616919455473635e+03,1.053897003220000094e-06
2.033581158820192741e+03,1.128327845839999990e-06
2.034545398184911846e+03,1.197425439100000096e-06
2.035509637549631407e+03,1.309645591219999892e-06
2.036473876914350512e+03,1.375057930999999939e-06
2.037438116279069618e+03,1.520792789620000066e-06
2.038402355643789178e+03,1.553499869000000088e-06
2.039366595008508284e+03,1.685013941979999995e-06
2.040330834373227390e+03,1.790094597600000033e-06
2.041295073737946495e+03,1.957153358759999972e-06
2.042259313102666056e+03,2.083246871339999980e-06
2.043223552467385161e+03,2.253887204119999889e-06
2.044187791832104267e+03,2.418990561780000038e-06
2.045152031196823373e+03,2.618087017679999948e-06
2.046116270561542933e+03,2.726221740719999950e-06
2.047080509926262039e+03,2.927126262739999825e-06
2.048044749290981144e+03,3.056923218600000082e-06
2.049008988655700250e+03,3.225664536260000135e-06
2.049973228020419810e+03,3.414032648120000113e-06
2.050937467385138916e+03,3.579839951040000059e-06
2.051901706749858022e+03,3.672196841559999788e-06
2.052865946114577582e+03,3.820461901359999868e-06
2.053830185479296688e+03,3.935632439039999964e-06
2.054794424844015793e+03,4.069418418040000342e-06
2.055758664208734899e+03,4.195828433139999973e-06
2.056722903573454460e+03,4.350880107319999808e-06
2.057687142938173565e+03,4.504682142240000071e-06
2.058651382302892671e+03,4.646655350219999807e-06
2.059615621667611777e+03,4.751183035919999657e-06
2.060579861032331337e+03,4.854572040139999592e-06
2.061544100397050443e+03,4.800742965000000366e-06
2.062508339761769548e+03,4.604635093240000074e-06
2.063472579126489109e+03,4.183186522140000201e-06
2.064436818491208214e+03,4.019185466360000011e-06
2.065401057855927320e+03,3.958193247979999572e-06
2.066365297220646426e+03,4.005212062000000131e-06
2.067329536585365986e+03,4.009786796699999978e-06
2.068293775950085092e+03,4.043668937159999659e-06
2.069258015314804197e+03,3.926397477580000159e-06
2.070222254679523303e+03,3.704780230300000169e-06
2.071186494044242863e+03,3.455312580240000093e-06
2.072150733408961969e+03,3.175011400200000092e-06
2.073114972773681075e+03,2.889615257180000017e-06
2.074079212138400635e+03,2.566322484840000170e-06
2.075043451503119741e+03,2.314137278659999940e-06
2.076007690867838846e+03,2.159640393380000080e-06
2.076971930232557952e+03,2.042490805459999800e-06
2.077936169597277512e+03,1.995795769880000127e-06
2.078900408961996618e+03,1.854400997539999914e-06
2.079864648326715724e+03,1.888865211599999962e-06
2.080828887691434829e+03,1.851694355299999960e-06
2.081793127056154390e+03,1.984716362699999977e-06
2.082757366420873495e+03,1.918878381599999803e-06
2.083721605785592601e+03,1.960969578800000087e-06
2.084685845150311707e+03,1.952782349819999882e-06
2.085650084515031267e+03,2.063891105159999943e-06
2.086614323879750373e+03,2.154561801220000198e-06
2.087578563244469478e+03,2.146061707679999942e-06
2.088542802609189039e+03,2.314748455940000060e-06
2.089507041973908144e+03,2.464928901680000188e-06
2.090471281338627250e+03,2.750119499959999873e-06
2.091435520703346356e+03,2.751583778860000035e-06
2.092399760068065916e+03,2.717190505019999903e-06
2.093363999432785022e+03,2.617986973779999855e-06
2.094328238797504127e+03,2.563544902379999877e-06
2.095292478162223233e+03,2.500127983659999996e-06
2.096256717526942793e+03,2.272973761259999822e-06
2.097220956891661899e+03,2.324732837159999819e-06
2.098185196256381005e+03,2.304531245280000154e-06
2.099149435621100565e+03,2.571590250919999827e-06
2.100113674985819671e+03,2.387309387119999853e-06
2.101077914350538776e+03,2.510710809300000101e-06
2.102042153715257882e+03,2.468070280140000048e-06
2.103006393079977443e+03,2.681804068100000107e-06
2.103970632444696548e+03,2.508626258220000042e-06
2.104934871809415654e+03,2.419432573920000147e-06
2.105899111174134759e+03,2.356665031060000128e-06
2.106863350538854320e+03,2.441103901640000179e-06
2.107827589903573426e+03,2.431526971939999935e-06
2.108791829268292531e+03,2.195012278459999894e-06
2.109756068633012092e+03,2.250642143799999941e-06
2.110720307997731197e+03,2.248954130359999833e-06
2.111684547362450303e+03,2.493028504720000190e-06
2.112648786727169409e+03,2.268571829659999981e-06
2.113613026091888969e+03,2.336567121040000128e-06
2.114577265456608075e+03,2.223786723080000151e-06
2.115541504821327180e+03,2.389453964540000053e-06
2.116505744186046286e+03,2.106753549880000156e-06
2.117469983550765846e+03,2.091752421820000017e-06
2.118434222915484952e+03,2.030641969739999931e-06
2.119398462280204058e+03,2.358429441660000145e-06
2.120362701644923163e+03,2.208607334979999801e-06
2.121326941009642724e+03,2.113820287180000001e-06
2.122291180374361829e+03,2.048571655599999972e-06
2.123255419739080935e+03,2.182825112460000005e-06
2.124219659103800495e+03,2.079377900880000139e-06
2.125183898468519601e+03,1.801375911559999943e-06
2.126148137833238707e+03,1.772925245379999935e-06
2.127112377197957812e+03,1.774656914339999991e-06
2.128076616562677373e+03,1.807982446919999912e-06
2.129040855927396478e+03,1.553578085139999995e-06
2.130005095292115584e+03,1.580375298500000065e-06
2.130969334656834690e+03,1.506188199200000090e-06
2.131933574021554250e+03,1.556166493680000090e-06
2.132897813386273356e+03,1.310222207880000053e-06
2.133862052750992461e+03,1.346772791999999946e-06
2.134826292115712022e+03,1.282140794640000029e-06
2.135790531480431127e+03,1.360215054200000035e-06
2.136754770845150233e+03,1.185389248440000027e-06
2.137719010209869339e+03,1.232400786539999958e-06
2.138683249574588899e+03,1.188630670799999979e-06
2.139647488939308005e+03,1.266868638560000001e-06
2.140611728304027110e+03,1.194453225780000035e-06
2.141575967668746216e+03,1.261280732000000090e-06
2.142540207033465776e+03,1.254255831239999983e-06
2.143504446398184882e+03,1.357384721320000016e-06
2.144468685762903988e+03,1.360877162920000093e-06
2.145432925127623548e+03,1.487714638320000063e-06
2.146397164492342654e+03,1.598432312959999954e-06
2.147361403857061759e+03,1.735739837239999951e-06
2.148325643221780865e+03,1.780579513219999927e-06
2.149289882586500426e+03,1.914574674919999845e-06
2.150254121951219531e+03,2.059390948639999795e-06
2.151218361315938637e+03,2.263324072360000088e-06
2.152182600680657742e+03,2.360168386540000192e-06
2.153146840045377303e+03,2.574657051199999987e-06
2.154111079410096409e+03,2.850650886600000034e-06
2.155075318774815514e+03,3.163928355059999947e-06
2.156039558139534620e+03,3.296599299320000171e-06
2.157003797504254180e+03,3.635566222319999779e-06
2.157968036868973286e+03,4.025257221599999981e-06
2.158932276233692392e+03,4.363372861960000180e-06
2.159896515598411952e+03,4.524419894219999653e-06
2.160860754963131058e+03,4.999180950140000213e-06
2.161824994327850163e+03,5.506187064519999863e-06
2.162789233692569269e+03,5.861035501899999833e-06
2.163753473057288829e+03,6.081568637099999843e-06
2.164717712422007935e+03,6.659615015379999827e-06
2.165681951786727041e+03,7.122101594259999755e-06
2.166646191151446146e+03,7.422080499940000044e-06
2.167610430516165707e+03,7.681161459300000745e-06
2.168574669880884812e+03,8.317306058779999319e-06
2.169538909245603918e+03,8.669240490200000641e-06
2.170503148610323478e+03,8.897396970580000256e-06
2.171467387975042584e+03,9.104895295100000116e-06
2.172431627339761690e+03,9.651626113699999268e-06
2.173395866704480795e+03,9.771060340500000216e-06
2.174360106069200356e+03,9.802683307799999623e-06
2.175324345433919461e+03,1.021186285880000076e-05
2.176288584798638567e+03,1.071532923809999912e-05
2.177252824163357673e+03,1.070313297720000030e-05
2.178217063528077233e+03,1.069035464270000048e-05
2.179181302892796339e+03,1.081770143249999921e-05
2.180145542257515444e+03,1.086744144060000076e-05
2.181109781622235005e+03,1.039314240559999923e-05
2.182074020986954110e+03,1.034918675390000010e-05
2.183038260351673216e+03,1.001589504850000009e-05
2.184002499716392322e+03,9.320308001599999235e-06
2.184966739081111882e+03,8.856384428520000594e-06
2.185930978445830988e+03,8.753535661360000651e-06
2.186895217810550093e+03,8.467175458940000453e-06
2.187859457175269199e+03,7.974037248080000385e-06
2.188823696539988759e+03,7.485652031960000376e-06
2.189787935904707865e+03,7.013623084000000374e-06
2.190752175269426971e+03,6.293055984759999824e-06
2.191716414634146076e+03,5.572397936519999806e-06
2.192680653998865637e+03,4.956342152160000184e-06
2.193644893363584742e+03,4.361046386540000197e-06
2.194609132728303848e+03,3.641745297379999834e-06
2.195573372093023409e+03,3.224420353939999922e-06
2.196537611457742514e+03,2.944779463640000195e-06
2.197501850822461620e+03,2.587897406620000105e-06
2.198466090187180725e+03,2.196141865040000032e-06
2.199430329551900286e+03,2.111162757399999989e-06
2.200394568916619392e+03,1.861736943880000074e-06
2.201358808281338497e+03,1.627057601219999965e-06
2.202323047646057603e+03,1.516056165699999988e-06
2.203287287010777163e+03,1.432343068139999920e-06
2.204251526375496269e+03,1.233557657820000063e-06
2.205215765740215375e+03,1.180736297600000061e-06
2.206180005104934935e+03,1.147043331059999942e-06
2.207144244469654041e+03,1.082665990899999934e-06
2.208108483834373146e+03,9.739910307999999399e-07
2.209072723199092252e+03,1.059255718300000066e-06
2.210036962563811812e+03,9.863018874399998937e-07
2.211001201928530918e+03,9.463370778600000426e-07
2.211965441293250024e+03,9.592190942199999517e-07
2.212929680657969129e+03,1.006929120639999899e-06
2.213893920022688690e+03,9.316197106799999894e-07
2.214858159387407795e+03,1.014690708299999975e-06
2.215822398752126901e+03,1.004937337539999941e-06
2.216786638116846461e+03,1.050955712559999996e-06
2.217750877481565567e+03,1.042881260340000080e-06
2.218715116846284673e+03,1.123771300939999910e-06
2.219679356211003778e+03,1.136695153839999981e-06
2.220643595575723339e+03,1.202725946819999926e-06
2.221607834940442444e+03,1.221261353020000092e-06
2.222572074305161550e+03,1.228560919760000083e-06
2.223536313669880656e+03,1.163674265200000046e-06
2.224500553034600216e+03,1.214087295899999951e-06
2.225464792399319322e+03,1.230321692399999892e-06
2.226429031764038427e+03,1.253204460799999965e-06
2.227393271128757533e+03,1.162370056539999905e-06
2.228357510493477093e+03,1.110789240679999908e-06
2.229321749858196199e+03,1.099182329299999963e-06
2.230285989222915305e+03,1.138041199040000072e-06
2.231250228587634865e+03,1.163184959579999994e-06
2.232214467952353971e+03,1.205228863299999910e-06
2.233178707317073076e+03,1.164156294899999896e-06
2.234142946681792182e+03,1.179483020380000071e-06
2.235107186046511742e+03,1.110254460559999909e-06
2.236071425411230848e+03,1.095820854259999942e-06
2.237035664775949954e+03,1.034615815219999969e-06
2.237999904140669059e+03,1.023058016299999965e-06
2.238964143505388620e+03,9.496894579999999687e-07
2.239928382870107725e+03,9.416732131399999839e-07
2.240892622234826831e+03,9.073326897200000009e-07
2.241856861599546392e+03,9.342226710599999608e-07
2.242821100964265497e+03,9.441306551200000226e-07
2.243785340328984603e+03,9.804156681599999139e-07
2.244749579693703708e+03,9.663112972399999779e-07
2.245713819058423269e+03,1.030976036240000067e-06
2.246678058423142375e+03,1.009268328920000078e-06
2.247642297787861480e+03,1.003694974199999938e-06
2.248606537152580586e+03,1.008584392440000045e-06
2.249570776517300146e+03,1.074340519439999894e-06
2.250535015882019252e+03,1.048967567420000034e-06
2.251499255246738358e+03,1.143028842200000063e-06
2.252463494611457918e+03,1.180385234460000055e-06
2.253427733976177024e+03,1.256082087159999927e-06
2.254391973340896129e+03,1.270683039619999907e-06
2.255356212705615235e+03,1.405345766980000088e-06
2.256320452070334795e+03,1.397347711920000082e-06
2.257284691435053901e+03,1.496429371500000063e-06
2.258248930799773007e+03,1.494155646500000017e-06
2.259213170164492112e+03,1.570570996300000092e-06
2.260177409529211673e+03,1.612665831459999948e-06
2.261141648893930778e+03,1.708671595859999992e-06
2.262105888258649884e+03,1.696908252200000021e-06
2.263070127623368990e+03,1.800073521880000011e-06
2.264034366988088550e+03,1.849591614419999923e-06
2.264998606352807656e+03,1.971476007279999860e-06
2.265962845717526761e+03,2.090862940600000017e-06
2.266927085082246322e+03,2.278976395259999875e-06
2.267891324446965427e+03,2.325176668280000137e-06
2.268855563811684533e+03,2.443628645880000138e-06
2.269819803176403639e+03,2.407871137039999936e-06
2.270784042541123199e+03,2.373970806779999852e-06
2.271748281905842305e+03,2.280900876100000125e-06
2.272712521270561410e+03,2.357176164440000155e-06
2.273676760635280516e+03,2.368382900220000153e-06
2.274641000000000076e+03,2.514659814879999847e-06
2.275605239364719182e+03,2.565271114400000151e-06
2.276569478729438288e+03,2.634879841039999859e-06
2.277533718094157848e+03,2.595991867619999785e-06
2.278497957458876954e+03,2.597563466340000031e-06
2.279462196823596059e+03,2.524214916820000117e-06
2.280426436188315165e+03,2.536956871719999981e-06
2.281390675553034725e+03,2.490832995860000051e-06
2.282354914917753831e+03,2.510721723180000088e-06
2.283319154282472937e+03,2.473345322140000120e-06
2.284283393647192042e+03,2.476655865739999990e-06
2.285247633011911603e+03,2.373354172559999951e-06
2.286211872376630708e+03,2.347653804139999845e-06
2.287176111741349814e+03,2.231881184079999831e-06
2.288140351106069375e+03,2.180300368220000046e-06
2.289104590470788480e+03,2.088512818439999851e-06
2.290068829835507586e+03,2.092925663920000103e-06
2.291033069200226691e+03,2.012204788459999860e-06
2.291997308564946252e+03,2.019095084700000127e-06
2.292961547929665358e+03,1.970475568279999780e-06
2.293925787294384463e+03,1.995906727659999783e-06
2.294890026659103569e+03,1.931878631659999783e-06
2.295854266023823129e+03,1.914052627659999831e-06
2.296818505388542235e+03,1.793974481940000073e-06
2.297782744753261341e+03,1.760825390419999942e-06
2.298746984117980446e+03,1.655841140740000000e-06
2.299711223482700007e+03,1.650400571559999913e-06
2.300675462847419112e+03,1.549778235920000072e-06
2.301639702212138218e+03,1.580231599080000025e-06
2.302603941576857778e+03,1.493686349659999941e-06
2.303568180941576884e+03,1.510961202719999913e-06
2.304532420306295990e+03,1.400952930280000024e-06
2.305496659671015095e+03,1.412667161480000053e-06
2.306460899035734656e+03,1.288469026059999906e-06
2.307425138400453761e+03,1.256767842619999957e-06
2.308389377765172867e+03,1.185965865099999975e-06
2.309353617129891973e+03,1.119482146099999934e-06
2.310317856494611533e+03,1.092188351200000032e-06
2.311282095859330639e+03,1.056450851140000018e-06
2.312246335224049744e+03,1.075251828420000080e-06
2.313210574588769305e+03,9.480250913000000445e-07
2.314174813953488410e+03,1.042863070539999890e-06
2.315139053318207516e+03,8.757715677399999909e-07
2.316103292682926622e+03,9.435140209000000156e-07
2.317067532047646182e+03,7.712238732599999531e-07
2.318031771412365288e+03,8.468861653399999716e-07
2.318996010777084393e+03,7.180368980599999626e-07
2.319960250141803499e+03,7.811264003800000215e-07
2.320924489506523059e+03,6.379708553999999992e-07
2.321888728871242165e+03,7.043872721400000146e-07
2.322852968235961271e+03,5.729004838599999695e-07
2.323817207600680831e+03,6.630836932799999574e-07
2.324781446965399937e+03,5.491809846600000464e-07
2.325745686330119042e+03,6.321955938999999932e-07
2.326709925694838148e+03,5.582504189400000479e-07
2.327674165059557708e+03,5.636418756599999815e-07
2.328638404424276814e+03,5.280153333800000473e-07
2.329602643788995920e+03,5.860426143599999924e-07
2.330566883153715025e+03,5.528098497599999610e-07
2.331531122518434586e+03,5.923417421000000099e-07
2.332495361883153691e+03,6.079122109000000003e-07
2.333459601247872797e+03,6.171398964400000252e-07
2.334423840612591903e+03,6.662523564399999964e-07
2.335388079977311463e+03,6.985647171599999589e-07
2.336352319342030569e+03,7.105954508800000345e-07
2.337316558706749674e+03,7.708109648000000212e-07
2.338280798071469235e+03,8.151104037200000054e-07
2.339245037436188341e+03,8.492817619999999781e-07
2.340209276800907446e+03,9.084222587399999742e-07
2.341173516165626552e+03,9.822237342800000906e-07
2.342137755530346112e+03,1.100546564300000033e-06
2.343101994895065218e+03,1.153466149439999918e-06
2.344066234259784324e+03,1.226412704379999888e-06
2.345030473624503429e+03,1.302957201760000021e-06
2.345994712989222990e+03,1.389447881779999958e-06
2.346958952353942095e+03,1.484966159539999947e-06
2.347923191718661201e+03,1.624585607399999944e-06
2.348887431083380761e+03,1.689967024520000027e-06
2.349851670448099867e+03,1.754375287339999998e-06
2.350815909812818973e+03,1.757867728940000075e-06
2.351780149177538078e+03,1.789179650660000064e-06
2.352744388542257639e+03,1.753216597079999895e-06
2.353708627906976744e+03,1.832596884280000040e-06
2.354672867271695850e+03,1.821892186980000079e-06
2.355637106636414956e+03,1.876961806479999946e-06
2.356601346001134516e+03,1.830932517579999904e-06
2.357565585365853622e+03,1.868989217139999909e-06
2.358529824730572727e+03,1.870004207979999971e-06
2.359494064095292288e+03,1.918592801739999931e-06
2.360458303460011393e+03,1.931118298019999841e-06
2.361422542824730499e+03,1.978599132959999849e-06
2.362386782189449605e+03,1.947039829960000155e-06
2.363351021554169165e+03,1.993176438679999857e-06
2.364315260918888271e+03,1.915827952139999835e-06
2.365279500283607376e+03,1.949137113899999987e-06
2.366243739648326482e+03,1.911404192780000020e-06
2.367207979013046042e+03,1.970510128899999951e-06
2.368172218377765148e+03,1.923343977499999780e-06
2.369136457742484254e+03,1.966743021319999989e-06
2.370100697107203359e+03,1.954574045120000078e-06
2.371064936471922920e+03,1.977254906739999967e-06
2.372029175836642025e+03,1.900410277659999980e-06
2.372993415201361131e+03,1.947296306140000061e-06
2.373957654566080691e+03,1.861507752399999923e-06
2.374921893930799797e+03,1.871492133619999894e-06
2.375886133295518903e+03,1.822763478399999889e-06
2.376850372660238008e+03,1.829677421379999916e-06
2.377814612024957569e+03,1.729306104979999988e-06
2.378778851389676674e+03,1.776685077039999905e-06
2.379743090754395780e+03,1.735718009479999977e-06
2.380707330119114886e+03,1.722645000220000084e-06
2.381671569483834446e+03,1.660768757560000062e-06
2.382635808848553552e+03,1.686867482599999906e-06
2.383600048213272657e+03,1.654104014839999951e-06
2.384564287577992218e+03,1.683194961980000043e-06
2.385528526942711323e+03,1.641454827919999976e-06
2.386492766307430429e+03,1.699483927879999919e-06
2.387457005672149535e+03,1.626910263839999929e-06
2.388421245036869095e+03,1.628167179019999915e-06
2.389385484401588201e+03,1.534551554339999990e-06
2.390349723766307307e+03,1.533416510820000071e-06
2.391313963131026412e+03,1.445316033499999933e-06
2.392278202495745973e+03,1.458401775620000023e-06
2.393242441860465078e+03,1.364855272180000016e-06
2.394206681225184184e+03,1.394601052119999964e-06
2.395170920589903744e+03,1.334867567899999932e-06
2.396135159954622850e+03,1.338594657919999942e-06
2.397099399319341956e+03,1.285886074460000017e-06
2.398063638684061061e+03,1.308397770939999896e-06
2.399027878048780622e+03,1.264942338739999965e-06
2.399992117413499727e+03,1.285422234559999934e-06
2.400956356778218833e+03,1.232360768980000006e-06
2.401920596142937939e+03,1.255118027760000016e-06
2.402884835507657499e+03,1.206098335739999934e-06
2.403849074872376605e+03,1.236018737760000097e-06
2.404813314237095710e+03,1.198183953760000040e-06
2.405777553601814816e+03,1.247381905819999909e-06
2.406741792966534376e+03,1.235260223099999942e-06
2.407706032331253482e+03,1.256331287420000053e-06
2.408670271695972588e+03,1.207882755119999927e-06
2.409634511060692148e+03,1.293624015379999910e-06
2.410598750425411254e+03,1.234425311280000089e-06
2.411562989790130359e+03,1.333999914439999907e-06
2.412527229154849465e+03,1.274255516339999888e-06
2.413491468519569025e+03,1.346228916979999958e-06
2.414455707884288131e+03,1.304536076400000047e-06
2.415419947249007237e+03,1.358969052900000036e-06
2.416384186613726342e+03,1.271023188879999925e-06
2.417348425978445903e+03,1.389689806120000094e-06
2.418312665343165008e+03,1.317599990759999951e-06
2.419276904707884114e+03,1.321270692400000027e-06
2.420241144072603674e+03,1.227007510840000027e-06
2.421205383437322780e+03,1.281756989860000063e-06
2.422169622802041886e+03,1.223142178339999970e-06
2.423133862166760991e+03,1.233943281580000027e-06
2.424098101531480552e+03,1.190524228980000054e-06
2.425062340896199657e+03,1.207529872999999924e-06
2.426026580260918763e+03,1.121761328039999974e-06
2.426990819625637869e+03,1.097454298299999903e-06
2.427955058990357429e+03,1.011862194399999954e-06
2.428919298355076535e+03,9.471519809000000253e-07
2.429883537719795640e+03,8.411454644600000303e-07
2.430847777084515201e+03,8.358322238800000036e-07
2.431812016449234306e+03,6.761676164199999437e-07
2.432776255813953412e+03,7.158995965599999662e-07
2.433740495178672518e+03,5.946427518000000232e-07
2.434704734543392078e+03,6.086270700399999963e-07
2.435668973908111184e+03,5.246465824200000348e-07
2.436633213272830289e+03,5.587451814999999882e-07
2.437597452637549395e+03,4.989898695199999830e-07
2.438561692002268956e+03,4.989171103199999637e-07
2.439525931366988061e+03,4.696842827399999875e-07
2.440490170731707167e+03,5.032153600600000343e-07
2.441454410096426273e+03,4.403786959599999920e-07
2.442418649461145833e+03,4.672341166799999930e-07
2.443382888825864939e+03,4.031860119000000167e-07
2.444347128190584044e+03,4.314565990599999739e-07
2.445311367555303605e+03,3.936490997599999895e-07
2.446275606920022710e+03,4.211720861399999898e-07
2.447239846284741816e+03,3.826024342200000128e-07
2.448204085649460922e+03,4.370299537800000086e-07
2.449168325014180482e+03,3.809853609999999793e-07
2.450132564378899588e+03,4.357566677799999893e-07
2.451096803743618693e+03,3.619460973399999896e-07
2.452061043108337799e+03,4.398657436000000204e-07
2.453025282473057359e+03,4.010232446799999977e-07
2.453989521837776465e+03,4.688511898999999735e-07
2.454953761202495571e+03,4.231183947400000018e-07
2.455918000567215131e+03,5.241609147599999778e-07
2.456882239931934237e+03,4.782898771199999589e-07
2.457846479296653342e+03,5.474347638600000079e-07
2.458810718661372448e+03,5.288356933600000235e-07
2.459774958026092008e+03,5.954139993199999519e-07
2.460739197390811114e+03,5.618683701599999754e-07
2.461703436755530220e+03,6.369213039399999783e-07
2.462667676120249325e+03,5.916705384799999620e-07
2.463631915484968886e+03,6.681222678799999935e-07
2.464596154849687991e+03,6.475805267399999927e-07
2.465560394214407097e+03,6.958016865399999664e-07
2.466524633579126657e+03,6.648280950999999981e-07
2.467488872943845763e+03,7.651375661799999998e-07
2.468453112308564869e+03,6.934206417200000485e-07
2.469417351673283974e+03,7.699178456200000258e-07
2.470381591038003535e+03,7.588329814999999887e-07
2.471345830402722640e+03,8.161126616999999768e-07
2.472310069767441746e+03,7.522464549199999957e-07
2.473274309132160852e+03,8.438448307799999928e-07
2.474238548496880412e+03,7.834546947800000022e-07
2.475202787861599518e+03,8.899177751999999830e-07
2.476167027226318623e+03,8.449762363400000221e-07
2.477131266591037729e+03,8.821507306000000191e-07
2.478095505955757289e+03,7.885478387799999734e-07
2.479059745320476395e+03,8.753131847800000073e-07
2.480023984685195501e+03,7.862941225600000097e-07
2.480988224049915061e+03,8.409581095200000416e-07
2.481952463414634167e+03,7.765025532200000210e-07
2.482916702779353272e+03,8.419731003599999978e-07
2.483880942144072378e+03,7.698523623399999979e-07
2.484845181508791939e+03,8.013407251199999886e-07
2.485809420873511044e+03,7.153502645999999850e-07
2.486773660238230150e+03,7.422675306400000183e-07
2.487737899602949255e+03,6.677002645199999666e-07
2.488702138967668816e+03,7.195411945199999715e-07
2.489666378332387922e+03,6.749088822599999601e-07
2.490630617697107027e+03,6.970276790599999890e-07
2.491594857061826588e+03,5.764129342400000226e-07
2.492559096426545693e+03,6.299746193199999905e-07
2.493523335791264799e+03,5.591853746599999935e-07
2.494487575155983905e+03,6.145915054599999888e-07
2.495451814520703465e+03,5.059965804800000051e-07
2.496416053885422571e+03,5.807821242000000087e-07
2.497380293250141676e+03,4.798978554399999502e-07
2.498344532614860782e+03,5.443916103200000312e-07
2.499308771979580342e+03,4.910209181400000477e-07
2.500273011344299448e+03,5.193788163399999539e-07
2.501237250709018554e+03,4.580882852399999766e-07
2.502201490073738114e+03,5.070788735799999871e-07
2.503165729438457220e+03,4.357166502199999840e-07
2.504129968803176325e+03,4.866353573599999753e-07
2.505094208167895431e+03,3.748826830999999925e-07
2.506058447532614991e+03,4.560473896799999713e-07
2.507022686897334097e+03,3.722633518999999877e-07
2.507986926262053203e+03,4.319877412199999768e-07
2.508951165626772308e+03,3.892562630599999786e-07
2.509915404991491869e+03,4.179215688799999953e-07
2.510879644356210974e+03,3.368059747600000110e-07
2.511843883720930080e+03,3.958882641400000234e-07
2.512808123085649186e+03,3.518453013999999985e-07
2.513772362450368746e+03,3.747935530799999928e-07
2.514736601815087852e+03,2.910531708200000101e-07
2.515700841179806957e+03,3.717722272999999901e-07
2.516665080544526518e+03,3.335645524000000057e-07
2.517629319909245623e+03,3.540571810800000120e-07
2.518593559273964729e+03,3.356145428600000001e-07
2.519557798638683835e+03,3.988168219399999777e-07
2.520522038003403395e+03,3.378555262199999790e-07
2.521486277368122501e+03,4.069513004999999806e-07
2.522450516732841606e+03,3.285987369999999888e-07
2.523414756097560712e+03,3.956390638800000025e-07
2.524378995462280272e+03,3.455134320200000199e-07
2.525343234826999378e+03,3.937382297799999892e-07
2.526307474191718484e+03,3.692311122399999981e-07
2.527271713556438044e+03,3.955117352799999952e-07
2.528235952921157150e+03,4.064401671200000068e-07
2.529200192285876255e+03,4.477819445600000185e-07
2.530164431650595361e+03,3.767926120999999949e-07
2.531128671015314922e+03,4.582847350800000074e-07
2.532092910380034027e+03,4.519073911999999771e-07
2.533057149744753133e+03,4.587249282400000127e-07
2.534021389109472238e+03,4.477510219000000023e-07
2.534985628474191799e+03,5.126067537999999700e-07
2.535949867838910905e+03,4.974964869399999611e-07
2.536914107203630010e+03,5.991574601600000477e-07
2.537878346568349571e+03,5.496630143600000019e-07
2.538842585933068676e+03,6.926111956199999534e-07
2.539806825297787782e+03,6.203922326799999645e-07
2.540771064662506888e+03,7.050984933200000148e-07
2.541735304027226448e+03,6.938299122199999847e-07
2.542699543391945554e+03,7.886315118599999796e-07
2.543663782756664659e+03,7.604500547199999692e-07
2.544628022121383765e+03,8.340969169599999521e-07
2.545592261486103325e+03,8.427188821599999569e-07
2.546556500850822431e+03,9.051881123000000131e-07
2.547520740215541537e+03,8.933356386200000429e-07
2.548484979580260642e+03,9.902236083200000949e-07
2.549449218944980203e+03,9.420115434200000046e-07
2.550413458309699308e+03,1.015458317859999908e-06
2.551377697674418414e+03,1.007436616059999930e-06
2.552341937039137974e+03,1.092210178960000006e-06
2.553306176403857080e+03,1.052676467640000065e-06
2.554270415768576186e+03,1.182593476179999967e-06
2.555234655133295291e+03,1.156038187160000032e-06
2.556198894498014852e+03,1.261233438519999934e-06
2.557163133862733957e+03,1.239914992919999905e-06
2.558127373227453063e+03,1.362594280039999955e-06
2.559091612592172169e+03,1.348220700079999916e-06
2.560055851956891729e+03,1.465919619959999966e-06
2.561020091321610835e+03,1.429087093939999985e-06
2.561984330686329940e+03,1.565714319699999945e-06
2.562948570051049501e+03,1.583982335840000006e-06
2.563912809415768606e+03,1.688275373119999923e-06
2.564877048780487712e+03,1.679051325539999894e-06
2.565841288145206818e+03,1.831399995439999983e-06
2.566805527509926378e+03,1.832307666459999961e-06
2.567769766874645484e+03,1.976098035460000074e-06
2.568734006239364589e+03,2.016573978420000164e-06
2.569698245604083695e+03,2.140331920679999988e-06
2.570662484968803255e+03,2.170059510819999957e-06
2.571626724333522361e+03,2.350042124880000178e-06
2.572590963698241467e+03,2.301873715500000142e-06
2.573555203062961027e+03,2.478833184800000151e-06
2.574519442427680133e+03,2.472695946279999834e-06
2.575483681792399238e+03,2.651845467499999777e-06
2.576447921157118344e+03,2.641177149799999985e-06
2.577412160521837905e+03,2.840233588139999943e-06
2.578376399886557010e+03,2.880916894819999786e-06
2.579340639251276116e+03,3.075060268179999876e-06
2.580304878615995221e+03,3.078965618240000096e-06
2.581269117980714782e+03,3.214694267879999856e-06
2.582233357345433888e+03,3.283418970240000193e-06
2.583197596710152993e+03,3.509650969779999983e-06
2.584161836074872099e+03,3.623331762839999946e-06
2.585126075439591659e+03,3.807618083580000125e-06
2.586090314804310765e+03,3.823234026879999956e-06
2.587054554169029871e+03,3.963622903279999672e-06
2.588018793533749431e+03,3.885705076000000116e-06
2.588983032898468537e+03,3.945398542659999983e-06
2.589947272263187642e+03,3.850580572200000007e-06
2.590911511627906748e+03,3.882094400700000391e-06
2.591875750992626308e+03,3.793348185479999963e-06
2.592839990357345414e+03,3.919123376560000138e-06
2.593804229722064520e+03,3.912409521380000297e-06
2.594768469086783625e+03,4.064856416199999844e-06
2.595732708451503186e+03,4.059439493759999941e-06
2.596696947816222291e+03,4.170570076859999976e-06
2.597661187180941397e+03,4.167978030359999886e-06
2.598625426545660957e+03,4.307708435999999963e-06
2.599589665910380063e+03,4.232855590019999934e-06
2.600553905275099169e+03,4.313558275679999774e-06
2.601518144639818274e+03,4.245761253120000026e-06
2.602482384004537835e+03,4.349861478520000173e-06
2.603446623369256940e+03,4.288174409780000139e-06
2.604410862733976046e+03,4.404607319580000002e-06
2.605375102098695152e+03,4.343636928960000385e-06
2.606339341463414712e+03,4.462063440839999568e-06
2.607303580828133818e+03,4.448006363400000211e-06
2.608267820192852923e+03,4.562089151040000331e-06
2.609232059557572484e+03,4.539149994260000326e-06
2.610196298922291589e+03,4.615125150899999654e-06
2.611160538287010695e+03,4.626373723219999814e-06
2.612124777651729801e+03,4.688379113459999682e-06
2.613089017016449361e+03,4.660408658000000161e-06
2.614053256381168467e+03,4.772787061379999981e-06
2.615017495745887572e+03,4.758437128160000337e-06
2.615981735110606678e+03,4.852043657939999638e-06
2.616945974475326238e+03,4.825672085900000119e-06
2.617910213840045344e+03,4.955398101540000249e-06
2.618874453204764450e+03,4.927376714639999942e-06
2.619838692569483555e+03,5.020701302520000214e-06
2.620802931934203116e+03,4.874733614460000151e-06
2.621767171298922221e+03,4.992123307740000146e-06
2.622731410663641327e+03,4.919811576820000267e-06
2.623695650028360433e+03,5.027393329940000081e-06
2.624659889393079993e+03,4.927174807859999971e-06
2.625624128757799099e+03,4.966979547200000224e-06
2.626588368122518204e+03,4.814499910740000292e-06
2.627552607487237310e+03,4.829662928020000027e-06
2.628516846851956871e+03,4.648619848620000009e-06
2.629481086216675976e+03,4.693959744099999813e-06
2.630445325581395082e+03,4.514017147599999968e-06
2.631409564946114187e+03,4.554873257380000240e-06
2.632373804310833748e+03,4.447600730859999635e-06
2.633338043675552854e+03,4.479185499580000146e-06
2.634302283040271959e+03,4.409360314320000060e-06
2.635266522404991520e+03,4.439722728480000333e-06
2.636230761769710625e+03,4.298046014239999609e-06
2.637195001134429731e+03,4.309842099539999752e-06
2.638159240499148837e+03,4.159323323519999602e-06
2.639123479863868397e+03,4.243831315339999995e-06
2.640087719228587503e+03,4.126456173899999983e-06
2.641051958593306608e+03,4.284414578120000168e-06
2.642016197958025714e+03,4.168429137400000196e-06
2.642980437322745274e+03,4.267650858439999799e-06
2.643944676687464380e+03,4.187613919459999589e-06
2.644908916052183486e+03,4.227353175519999920e-06
2.645873155416903046e+03,4.096297485500000315e-06
2.646837394781622152e+03,4.146215753640000385e-06
2.647801634146341257e+03,3.982722193279999802e-06
2.648765873511060363e+03,4.013586645920000324e-06
2.649730112875779923e+03,3.883933389480000108e-06
2.650694352240499029e+03,4.004766411900000026e-06
2.651658591605218135e+03,3.921518973219999615e-06
2.652622830969937240e+03,3.995822487239999875e-06
2.653587070334656801e+03,3.895913191759999820e-06
2.654551309699375906e+03,3.978269330240000022e-06
2.655515549064095012e+03,3.894574422479999720e-06
2.656479788428814118e+03,3.912338581160000169e-06
2.657444027793533678e+03,3.778608990539999936e-06
2.658408267158252784e+03,3.802994236420000125e-06
2.659372506522971889e+03,3.684180281799999920e-06
2.660336745887691450e+03,3.780753567960000135e-06
2.661300985252410555e+03,3.680627813860000127e-06
2.662265224617129661e+03,3.715888741159999861e-06
2.663229463981848767e+03,3.623533669619999918e-06
2.664193703346568327e+03,3.650905680659999939e-06
2.665157942711287433e+03,3.518876836340000010e-06
2.666122182076006538e+03,3.558205002919999984e-06
2.667086421440725644e+03,3.398560404239999900e-06
2.668050660805445204e+03,3.420551872439999975e-06
2.669014900170164310e+03,3.300806600060000032e-06
2.669979139534883416e+03,3.384852570960000127e-06
2.670943378899602976e+03,3.236853082240000155e-06
2.671907618264322082e+03,3.319647594900000046e-06
2.672871857629041187e+03,3.192439047579999883e-06
2.673836096993760293e+03,3.292208281599999893e-06
2.674800336358479854e+03,3.163700982560000006e-06
2.675764575723198959e+03,3.188177177440000087e-06
2.676728815087918065e+03,3.144621701340000064e-06
2.677693054452637170e+03,3.180029966019999835e-06
2.678657293817356731e+03,3.092409699419999972e-06
2.679621533182075837e+03,3.131266750179999871e-06
2.680585772546794942e+03,3.035582945240000079e-06
2.681550011911514503e+03,3.085368427840000096e-06
2.682514251276233608e+03,2.965832338160000116e-06
2.683478490640952714e+03,3.077172103960000114e-06
2.684442730005671820e+03,2.910850029700000146e-06
2.685406969370391380e+03,3.056694027119999932e-06
2.686371208735110486e+03,2.910320706520000141e-06
2.687335448099829591e+03,2.968879129660000089e-06
2.688299687464548697e+03,2.863243685140000075e-06
2.689263926829268257e+03,2.978226867880000182e-06
2.690228166193987363e+03,2.862825319740000150e-06
2.691192405558706469e+03,2.919990404200000063e-06
2.692156644923425574e+03,2.808526947759999789e-06
2.693120884288145135e+03,2.940461205119999830e-06
2.694085123652864240e+03,2.833801674859999978e-06
2.695049363017583346e+03,2.931606410479999785e-06
2.696013602382302906e+03,2.855305656419999786e-06
2.696977841747022012e+03,2.940739509060000134e-06
2.697942081111741118e+03,2.835253220899999943e-06
2.698906320476460223e+03,2.992278488380000181e-06
2.699870559841179784e+03,2.916590730580000087e-06
2.700834799205898889e+03,3.070585577380000121e-06
2.701799038570617995e+03,3.025305708240000034e-06
2.702763277935337101e+03,3.190188969319999809e-06
2.703727517300056661e+03,3.171930048079999949e-06
2.704691756664775767e+03,3.354801202380000119e-06
2.705655996029494872e+03,3.372217935879999923e-06
2.706620235394214433e+03,3.578379310099999892e-06
2.707584474758933538e+03,3.592621923499999876e-06
2.708548714123652644e+03,3.769870610620000175e-06
2.709512953488371750e+03,3.807923672220000185e-06
2.710477192853091310e+03,4.021923031259999928e-06
2.711441432217810416e+03,4.100752167519999881e-06
2.712405671582529521e+03,4.351876908360000315e-06
2.713369910947248627e+03,4.391632535239999568e-06
2.714334150311968187e+03,4.731528957019999552e-06
2.715298389676687293e+03,4.836551405279999660e-06
2.716262629041406399e+03,5.230698905560000062e-06
2.717226868406125959e+03,5.344212352460000225e-06
2.718191107770845065e+03,5.656351139440000223e-06
2.719155347135564170e+03,5.708310303139999982e-06
2.720119586500283276e+03,6.005755369680000111e-06
2.721083825865002837e+03,6.029645853000000042e-06
2.722048065229721942e+03,6.280093933279999587e-06
2.723012304594441048e+03,6.256612720459999803e-06
2.723976543959160153e+03,6.439678505619999954e-06
2.724940783323879714e+03,6.537670596180000173e-06
2.725905022688598820e+03,6.822073576120000160e-06
2.726869262053317925e+03,6.906450601379999861e-06
2.727833501418037031e+03,7.025548316879999728e-06
2.728797740782756591e+03,6.924764092020000080e-06
2.729761980147475697e+03,7.036664103660000258e-06
2.730726219512194803e+03,6.910876179720000310e-06
2.731690458876914363e+03,7.066015164940000040e-06
2.732654698241633469e+03,6.984630361779999953e-06
2.733618937606352574e+03,7.072476181899999971e-06
2.734583176971071680e+03,6.955046471059999601e-06
2.735547416335791240e+03,7.054892102240000366e-06
2.736511655700510346e+03,6.987009587619999661e-06
2.737475895065229452e+03,7.080934438899999641e-06
2.738440134429948557e+03,6.960581627199999999e-06
2.739404373794668118e+03,6.931154168759999883e-06
2.740368613159387223e+03,6.727795842720000177e-06
2.741332852524106329e+03,6.737927561319999549e-06
2.742297091888825889e+03,6.540684646039999761e-06
2.743261331253544995e+03,6.528968595860000370e-06
2.744225570618264101e+03,6.346324814059999717e-06
2.745189809982983206e+03,6.348420279019999763e-06
2.746154049347702767e+03,6.263015530059999804e-06
2.747118288712421872e+03,6.325190085440000105e-06
2.748082528077140978e+03,6.193768780440000299e-06
2.749046767441860084e+03,6.235909090100000313e-06
2.750011006806579644e+03,6.020070742279999584e-06
2.750975246171298750e+03,5.984944419499999689e-06
2.751939485536017855e+03,5.670277250319999736e-06
2.752903724900737416e+03,5.642059413579999663e-06
2.753867964265456521e+03,5.469572816099999623e-06
2.754832203630175627e+03,5.576088646940000282e-06
2.755796442994894733e+03,5.404504263540000015e-06
2.756760682359614293e+03,5.514759917259999609e-06
2.757724921724333399e+03,5.416533178279999881e-06
2.758689161089052504e+03,5.582427792240000146e-06
2.759653400453771610e+03,5.502336283859999578e-06
2.760617639818491170e+03,5.622574499819999992e-06
2.761581879183210276e+03,5.528860650219999761e-06
2.762546118547929382e+03,5.643978437480000131e-06
2.763510357912648487e+03,5.554799305020000218e-06
2.764474597277368048e+03,5.681242061760000234e-06
2.765438836642087153e+03,5.506810974660000179e-06
2.766403076006806259e+03,5.677855120999999608e-06
2.767367315371525820e+03,5.532238496079999763e-06
2.768331554736244925e+03,5.720626616719999929e-06
2.769295794100964031e+03,5.673569604119999628e-06
2.770260033465683136e+03,5.825312553679999802e-06
2.771224272830402697e+03,5.811602901420000243e-06
2.772188512195121803e+03,5.977774000340000180e-06
2.773152751559840908e+03,5.985713848039999832e-06
2.774116990924560014e+03,6.212959019439999897e-06
2.775081230289279574e+03,6.122004562499999557e-06
2.776045469653998680e+03,6.317301169179999545e-06
2.777009709018717786e+03,6.159568318479999938e-06
2.777973948383437346e+03,6.369018408539999803e-06
2.778938187748156452e+03,6.248378198000000079e-06
2.779902427112875557e+03,6.508406845940000287e-06
2.780866666477594663e+03,6.472230971700000160e-06
2.781830905842314223e+03,6.796629683879999961e-06
2.782795145207033329e+03,6.902494319880000125e-06
2.783759384571752435e+03,7.278195543979999831e-06
2.784723623936471540e+03,7.401029444399999908e-06
2.785687863301191101e+03,7.725102559159999885e-06
2.786652102665910206e+03,7.798714860779999274e-06
2.787616342030629312e+03,8.147800769520000176e-06
2.788580581395348872e+03,8.259879041200000565e-06
2.789544820760067978e+03,8.669822563799999948e-06
2.790509060124787084e+03,8.786244559719999400e-06
2.791473299489506189e+03,9.215216432100000480e-06
2.792437538854225750e+03,9.397369089299999599e-06
2.793401778218944855e+03,9.890076201899999545e-06
2.794366017583663961e+03,1.013582039989999918e-05
2.795330256948383067e+03,1.063222913679999917e-05
2.796294496313102627e+03,1.093580780390000047e-05
2.797258735677821733e+03,1.157262360699999972e-05
2.798222975042540838e+03,1.199871057709999958e-05
2.799187214407259944e+03,1.279699723479999929e-05
2.800151453771979504e+03,1.326125550019999922e-05
2.801115693136698610e+03,1.427903847450000060e-05
2.802079932501417716e+03,1.497961862150000038e-05
2.803044171866137276e+03,1.620327375219999974e-05
2.804008411230856382e+03,1.712459621710000034e-05
2.804972650595575487e+03,1.850220981499999936e-05
2.805936889960294593e+03,1.966322836940000108e-05
2.806901129325014153e+03,2.142502873310000135e-05
2.807865368689733259e+03,2.334497121800000052e-05
2.808829608054452365e+03,2.616650023480000050e-05
2.809793847419171470e+03,2.916975444849999904e-05
2.810758086783891031e+03,3.304079854569999883e-05
2.811722326148610136e+03,3.680778789199999650e-05
2.812686565513329242e+03,4.143153500810000029e-05
2.813650804878048802e+03,4.636612761640000117e-05
2.814615044242767908e+03,5.233896672399999727e-05
2.815579283607487014e+03,5.854540833810000303e-05
2.816543522972206119e+03,6.544422649939999758e-05
2.817507762336925680e+03,7.228521928649999956e-05
2.818472001701644785e+03,7.939965024209999511e-05
2.819436241066363891e+03,8.570577196019999399e-05
2.820400480431082997e+03,9.202701849699999794e-05
2.821364719795802557e+03,9.740237724399999518e-05
2.822328959160521663e+03,1.033352533609999986e-04
2.823293198525240769e+03,1.091066040539999979e-04
2.824257437889960329e+03,1.173776880120000037e-04
2.825221677254679435e+03,1.293250214989999944e-04
2.826185916619398540e+03,1.482603304520000126e-04
2.827150155984117646e+03,1.600291310519999901e-04
2.828114395348837206e+03,1.568333650900000011e-04
2.829078634713556312e+03,1.452292731289999957e-04
2.830042874078275418e+03,1.359388327790000007e-04
2.831007113442994523e+03,1.329366972380000044e-04
2.831971352807714084e+03,1.365626519699999987e-04
2.832935592172433189e+03,1.483179011689999877e-04
2.833899831537152295e+03,1.673589838089999972e-04
2.834864070901871401e+03,1.847314251459999924e-04
2.835828310266590961e+03,1.902206520410000014e-04
2.836792549631310067e+03,1.762567973259999976e-04
2.837756788996029172e+03,1.552225673510000009e-04
2.838721028360748733e+03,1.373387197870000009e-04
2.839685267725467838e+03,1.262587669130000071e-04
2.840649507090186944e+03,1.208609437630000057e-04
2.841613746454906050e+03,1.191361869269999942e-04
2.842577985819625610e+03,1.185156419000000041e-04
2.843542225184344716e+03,1.180018709989999996e-04
2.844506464549063821e+03,1.155131425629999964e-04
2.845470703913782927e+03,1.112795575620000043e-04
2.846434943278502487e+03,1.048420054439999974e-04
2.847399182643221593e+03,9.726895506100000284e-05
2.848363422007940699e+03,8.857324841179999432e-05
2.849327661372660259e+03,8.031996317309999416e-05
2.850291900737379365e+03,7.199161772470000057e-05
2.851256140102098470e+03,6.484921995159999915e-05
2.852220379466817576e+03,5.842109924489999941e-05
2.853184618831537136e+03,5.356057550220000182e-05
2.854148858196256242e+03,4.943782095260000273e-05
2.855113097560975348e+03,4.686353679229999700e-05
2.856077336925694453e+03,4.487027122359999831e-05
2.857041576290414014e+03,4.408168882419999742e-05
2.858005815655133119e+03,4.352081543610000135e-05
2.858970055019852225e+03,4.418940881980000046e-05
2.859934294384571785e+03,4.476047759080000198e-05
2.860898533749290891e+03,4.633851550000000271e-05
2.861862773114009997e+03,4.774800672239999828e-05
2.862827012478729102e+03,4.991149243950000183e-05
2.863791251843448663e+03,5.183192604900000084e-05
2.864755491208167768e+03,5.446367178750000126e-05
2.865719730572886874e+03,5.693596573919999755e-05
2.866683969937605980e+03,6.005136916479999831e-05
2.867648209302325540e+03,6.301690682819999581e-05
2.868612448667044646e+03,6.674801679399999322e-05
2.869576688031763751e+03,7.023989451020000441e-05
2.870540927396482857e+03,7.462779267950000355e-05
2.871505166761202418e+03,7.882363384549999949e-05
2.872469406125921523e+03,8.359834720670000416e-05
2.873433645490640629e+03,8.814084048619999924e-05
2.874397884855360189e+03,9.346810540200000122e-05
2.875362124220079295e+03,9.822410145900000149e-05
2.876326363584798401e+03,1.035883644279999958e-04
2.877290602949517506e+03,1.081046189210000020e-04
2.878254842314237067e+03,1.131995819009999990e-04
2.879219081678956172e+03,1.177991456780000059e-04
2.880183321043675278e+03,1.228673696520000101e-04
2.881147560408394384e+03,1.273238706519999998e-04
2.882111799773113944e+03,1.322530336050000040e-04
2.883076039137833050e+03,1.366175851660000027e-04
2.884040278502552155e+03,1.412090544819999893e-04
2.885004517867271716e+03,1.454233582949999992e-04
2.885968757231990821e+03,1.504299188469999981e-04
2.886932996596709927e+03,1.551275256460000009e-04
2.887897235961429033e+03,1.610137449260000062e-04
2.888861475326148593e+03,1.667454418550000069e-04
2.889825714690867699e+03,1.739284119769999920e-04
2.890789954055586804e+03,1.812489879359999992e-04
2.891754193420305910e+03,1.895246193439999920e-04
2.892718432785025470e+03,1.961768111019999907e-04
2.893682672149744576e+03,2.028996702329999963e-04
2.894646911514463682e+03,2.082575667719999872e-04
2.895611150879183242e+03,2.134836782100000034e-04
2.896575390243902348e+03,2.185650897890000117e-04
2.897539629608621453e+03,2.243050630770000047e-04
2.898503868973340559e+03,2.290678803089999922e-04
2.899468108338060119e+03,2.345559248669999946e-04
2.900432347702779225e+03,2.390538076619999998e-04
2.901396587067498331e+03,2.441209402479999969e-04
2.902360826432217436e+03,2.481051430910000241e-04
2.903325065796936997e+03,2.526257631360000048e-04
2.904289305161656102e+03,2.567733103830000256e-04
2.905253544526375208e+03,2.616471763440000008e-04
2.906217783891094314e+03,2.653219706889999941e-04
2.907182023255813874e+03,2.676468999759999928e-04
2.908146262620532980e+03,2.682257903609999825e-04
2.909110501985252085e+03,2.686989070590000079e-04
2.910074741349971646e+03,2.690815295019999796e-04
2.911038980714690751e+03,2.715162342319999735e-04
2.912003220079409857e+03,2.750765237859999993e-04
2.912967459444128963e+03,2.798950018060000137e-04
2.913931698808848523e+03,2.847707776959999913e-04
2.914895938173567629e+03,2.898348180159999793e-04
2.915860177538286734e+03,2.928968889480000181e-04
2.916824416903005840e+03,2.943238787579999954e-04
2.917788656267725401e+03,2.925639246589999999e-04
2.918752895632444506e+03,2.903411310989999867e-04
2.919717134997163612e+03,2.856600770180000226e-04
2.920681374361883172e+03,2.813833821909999980e-04
2.921645613726602278e+03,2.769073271560000007e-04
2.922609853091321384e+03,2.747941271410000107e-04
2.923574092456040489e+03,2.735474891979999953e-04
2.924538331820760050e+03,2.745095477199999807e-04
2.925502571185479155e+03,2.749362804279999791e-04
2.926466810550198261e+03,2.755551883730000058e-04
2.927431049914917367e+03,2.747798481479999722e-04
2.928395289279636927e+03,2.745151865579999748e-04
2.929359528644356033e+03,2.735093815670000148e-04
2.930323768009075138e+03,2.743152806559999782e-04
2.931288007373794699e+03,2.746836241060000199e-04
2.932252246738513804e+03,2.768837713649999893e-04
2.933216486103232910e+03,2.786599143859999714e-04
2.934180725467952016e+03,2.815561852910000175e-04
2.935144964832671576e+03,2.834778467120000161e-04
2.936109204197390682e+03,2.867822967290000065e-04
2.937073443562109787e+03,2.887963623340000069e-04
2.938037682926828893e+03,2.920444239710000018e-04
2.939001922291548453e+03,2.941083296279999818e-04
2.939966161656267559e+03,2.970699928640000115e-04
2.940930401020986665e+03,2.994901457539999820e-04
2.941894640385705770e+03,3.028148773980000028e-04
2.942858879750425331e+03,3.050320321200000219e-04
2.943823119115144436e+03,3.075105742680000033e-04
2.944787358479863542e+03,3.081142027810000110e-04
2.945751597844583102e+03,3.102672384580000119e-04
2.946715837209302208e+03,3.110812320079999957e-04
2.947680076574021314e+03,3.141579457290000167e-04
2.948644315938740419e+03,3.154893481400000243e-04
2.949608555303459980e+03,3.173502556289999987e-04
2.950572794668179085e+03,3.153537431810000177e-04
2.951537034032898191e+03,3.127492366680000003e-04
2.952501273397617297e+03,3.065963549199999822e-04
2.953465512762336857e+03,3.016359964599999843e-04
2.954429752127055963e+03,2.953735211669999972e-04
2.955393991491775068e+03,2.927874773010000209e-04
2.956358230856494629e+03,2.906187074469999900e-04
2.957322470221213734e+03,2.930050273089999957e-04
2.958286709585932840e+03,2.956591919760000208e-04
2.959250948950651946e+03,3.030585297689999741e-04
2.960215188315371506e+03,3.109637258999999780e-04
2.961179427680090612e+03,3.244089894169999784e-04
2.962143667044809717e+03,3.401755442609999988e-04
2.963107906409528823e+03,3.621338160760000134e-04
2.964072145774248384e+03,3.853054384999999942e-04
2.965036385138967489e+03,4.147135248029999786e-04
2.966000624503686595e+03,4.419152793149999756e-04
2.966964863868406155e+03,4.741134080909999767e-04
2.967929103233125261e+03,5.062132209979999971e-04
2.968893342597844367e+03,5.442118041470000306e-04
2.969857581962563472e+03,5.798065142769999849e-04
2.970821821327283033e+03,6.215516505320000393e-04
2.971786060692002138e+03,6.585539783350000164e-04
2.972750300056721244e+03,7.050750284780000088e-04
2.973714539421440350e+03,7.480165988279999928e-04
2.974678778786159910e+03,8.038090809799999965e-04
2.975643018150879016e+03,8.718598512499999616e-04
2.976607257515598121e+03,9.655791577899999712e-04
2.977571496880317227e+03,9.556566218900000402e-04
2.978535736245036787e+03,8.563915181769999729e-04
2.979499975609755893e+03,8.443517805060000211e-04
2.980464214974474999e+03,9.282773349299999971e-04
2.981428454339194559e+03,9.595783427699999856e-04
2.982392693703913665e+03,9.233042436100000194e-04
2.983356933068632770e+03,9.712998498899999686e-04
2.984321172433351876e+03,1.097754430000000064e-03
2.985285411798071436e+03,1.173825992580000048e-03
2.986249651162790542e+03,1.188272331740000036e-03
2.987213890527509648e+03,1.109818814850000021e-03
2.988178129892228753e+03,9.387373794200000107e-04
2.989142369256948314e+03,8.250968767670000285e-04
2.990106608621667419e+03,7.401385054989999658e-04
2.991070847986386525e+03,6.958269703620000371e-04
2.992035087351106085e+03,6.609876826260000296e-04
2.992999326715825191e+03,6.386626134939999777e-04
2.993963566080544297e+03,6.088135154900000106e-04
2.994927805445263402e+03,5.779370575819999791e-04
2.995892044809982963e+03,5.360400364969999725e-04
2.996856284174702068e+03,4.928649091149999448e-04
2.997820523539421174e+03,4.425323682800000129e-04
2.998784762904140280e+03,3.946549047510000100e-04
2.999749002268859840e+03,3.434784481449999847e-04
3.000713241633578946e+03,2.981775697860000133e-04
3.001677480998298051e+03,2.531663639919999880e-04
3.002641720363017612e+03,2.154319876879999952e-04
3.003605959727736717e+03,1.798141765119999863e-04
3.004570199092455823e+03,1.518787364170000103e-04
3.005534438457174929e+03,1.259559067429999891e-04
3.006498677821894489e+03,1.067107345469999938e-04
3.007462917186613595e+03,8.902297302699999928e-05
3.008427156551332700e+03,7.652275147409999837e-05
3.009391395916051806e+03,6.466585767269999660e-05
3.010355635280771367e+03,5.706599552449999753e-05
3.011319874645490472e+03,4.918511915610000311e-05
3.012284114010209578e+03,4.458603740879999876e-05
3.013248353374928683e+03,3.934531956140000300e-05
3.014212592739648244e+03,3.667349259859999843e-05
3.015176832104367350e+03,3.299954407929999882e-05
3.016141071469086455e+03,3.139043799169999950e-05
3.017105310833806016e+03,2.861033624440000123e-05
3.018069550198525121e+03,2.765733624280000086e-05
3.019033789563244227e+03,2.543477005529999990e-05
3.019998028927963333e+03,2.484178257530000118e-05
3.020962268292682893e+03,2.300738671980000053e-05
3.021926507657401999e+03,2.262460966350000120e-05
3.022890747022121104e+03,2.108160530910000027e-05
3.023854986386840210e+03,2.086833899900000113e-05
3.024819225751559770e+03,1.949904723460000089e-05
3.025783465116278876e+03,1.944968921230000016e-05
3.026747704480997982e+03,1.809910565720000030e-05
3.027711943845717542e+03,1.807401282809999863e-05
3.028676183210436648e+03,1.695297545410000097e-05
3.029640422575155753e+03,1.696877329540000143e-05
3.030604661939874859e+03,1.594194999050000107e-05
3.031568901304594419e+03,1.599176275779999915e-05
3.032533140669313525e+03,1.502884931519999915e-05
3.033497380034032631e+03,1.515833340650000063e-05
3.034461619398751736e+03,1.430449509960000015e-05
3.035425858763471297e+03,1.447246880769999984e-05
3.036390098128190402e+03,1.363332785920000050e-05
3.037354337492909508e+03,1.377396229790000013e-05
3.038318576857629068e+03,1.299636653769999972e-05
3.039282816222348174e+03,1.320354835969999953e-05
3.040247055587067280e+03,1.244286911350000015e-05
3.041211294951786385e+03,1.273160490380000049e-05
3.042175534316505946e+03,1.200390376500000038e-05
3.043139773681225051e+03,1.215832607209999970e-05
3.044104013045944157e+03,1.158835778399999920e-05
3.045068252410663263e+03,1.174580869279999978e-05
3.046032491775382823e+03,1.114177090929999961e-05
3.046996731140101929e+03,1.138880658309999983e-05
3.047960970504821034e+03,1.081565507999999932e-05
3.048925209869540140e+03,1.104689291250000077e-05
3.049889449234259700e+03,1.057099317509999945e-05
3.050853688598978806e+03,1.077180856709999922e-05
3.051817927963697912e+03,1.031663610679999968e-05
3.052782167328417472e+03,1.063993251709999953e-05
3.053746406693136578e+03,1.007011884229999948e-05
3.054710646057855683e+03,1.036622150160000079e-05
3.055674885422574789e+03,9.944572842700000729e-06
3.056639124787294350e+03,1.019904814470000014e-05
3.057603364152013455e+03,9.828249071699999889e-06
3.058567603516732561e+03,1.009977731119999953e-05
3.059531842881451666e+03,9.681857561299999696e-06
3.060496082246171227e+03,9.997868956699999107e-06
3.061460321610890333e+03,9.638283895399999695e-06
3.062424560975609438e+03,9.906201459600000463e-06
3.063388800340328999e+03,9.633991102599999724e-06
3.064353039705048104e+03,9.921208044599999113e-06
3.065317279069767210e+03,9.570417751600000453e-06
3.066281518434486316e+03,9.879071372899999519e-06
3.067245757799205876e+03,9.579230709700000760e-06
3.068209997163924982e+03,9.792969954600000177e-06
3.069174236528644087e+03,9.437477598300000550e-06
3.070138475893363193e+03,9.691898330899999600e-06
3.071102715258082753e+03,9.401116188099999373e-06
3.072066954622801859e+03,9.588116426999999286e-06
3.073031193987520965e+03,9.250668352300000198e-06
3.073995433352240525e+03,9.468509397100000025e-06
3.074959672716959631e+03,9.141329464499999512e-06
3.075923912081678736e+03,9.339898416199999203e-06
3.076888151446397842e+03,8.996658709180000235e-06
3.077852390811117402e+03,9.161556522099999146e-06
3.078816630175836508e+03,8.806044157020000179e-06
3.079780869540555614e+03,8.933661974839999219e-06
3.080745108905274719e+03,8.547270605279999747e-06
3.081709348269994280e+03,8.706154870319999465e-06
3.082673587634713385e+03,8.305477231839999638e-06
3.083637826999432491e+03,8.408931719339999495e-06
3.084602066364151597e+03,8.039218577400000283e-06
3.085566305728871157e+03,8.132446759340000034e-06
3.086530545093590263e+03,7.703665879860000209e-06
3.087494784458309368e+03,7.861391454640000672e-06
3.088459023823028929e+03,7.431459160819999889e-06
3.089423263187748034e+03,7.512438331440000247e-06
3.090387502552467140e+03,7.134732591379999963e-06
3.091351741917186246e+03,7.207619119980000004e-06
3.092315981281905806e+03,6.880446463300000329e-06
3.093280220646624912e+03,6.962980861819999895e-06
3.094244460011344017e+03,6.580238366139999890e-06
3.095208699376063123e+03,6.698581204939999597e-06
3.096172938740782683e+03,6.353778994099999736e-06
3.097137178105501789e+03,6.483990677400000346e-06
3.098101417470220895e+03,6.086408942879999798e-06
3.099065656834940455e+03,6.164135777259999794e-06
3.100029896199659561e+03,5.881650002239999642e-06
3.100994135564378666e+03,5.984706133119999761e-06
3.101958374929097772e+03,5.691861266999999873e-06
3.102922614293817333e+03,5.813707461280000067e-06
3.103886853658536438e+03,5.562715505980000111e-06
3.104851093023255544e+03,5.683122887080000112e-06
3.105815332387974649e+03,5.355342691079999890e-06
3.106779571752694210e+03,5.507134753100000217e-06
3.107743811117413316e+03,5.281515749820000333e-06
3.108708050482132421e+03,5.444881981579999798e-06
3.109672289846851982e+03,5.211572330859999753e-06
3.110636529211571087e+03,5.350595153280000037e-06
3.111600768576290193e+03,5.055291026199999688e-06
3.112565007941009299e+03,5.226220576799999888e-06
3.113529247305728859e+03,5.000545185139999859e-06
3.114493486670447965e+03,5.244030209980000071e-06
3.115457726035167070e+03,5.045641337300000377e-06
3.116421965399886176e+03,5.147764331440000126e-06
3.117386204764605736e+03,4.966006392900000324e-06
3.118350444129324842e+03,5.138838596580000377e-06
3.119314683494043948e+03,4.979583259620000253e-06
3.120278922858763053e+03,5.134751348519999949e-06
3.121243162223482614e+03,4.941357394919999814e-06
3.122207401588201719e+03,5.172504278420000104e-06
3.123171640952920825e+03,4.926212567439999634e-06
3.124135880317640385e+03,5.118114957439999851e-06
3.125100119682359491e+03,4.993533017240000373e-06
3.126064359047078597e+03,5.136217446400000321e-06
3.127028598411797702e+03,5.004894366319999975e-06
3.127992837776517263e+03,5.273279408379999975e-06
3.128957077141236368e+03,5.111661216399999912e-06
3.129921316505955474e+03,5.294095815499999755e-06
3.130885555870674580e+03,5.170912670920000094e-06
3.131849795235394140e+03,5.359435396079999676e-06
3.132814034600113246e+03,5.259769843919999754e-06
3.133778273964832351e+03,5.491591569000000300e-06
3.134742513329551912e+03,5.327208527420000141e-06
3.135706752694271017e+03,5.567266593940000198e-06
3.136670992058990123e+03,5.518881725940000207e-06
3.137635231423709229e+03,5.705694609900000131e-06
3.138599470788428789e+03,5.663212331999999678e-06
3.139563710153147895e+03,5.864007715220000106e-06
3.140527949517867000e+03,5.784099923819999954e-06
3.141492188882586106e+03,5.980344219080000296e-06
3.142456428247305666e+03,5.925893052779999693e-06
3.143420667612024772e+03,6.149849508340000286e-06
3.144384906976743878e+03,6.025871469500000089e-06
3.145349146341463438e+03,6.239023183859999994e-06
3.146313385706182544e+03,6.158102220599999566e-06
3.147277625070901649e+03,6.283742807159999901e-06
3.148241864435620755e+03,6.183569759580000372e-06
3.149206103800340316e+03,6.331783887939999666e-06
3.150170343165059421e+03,6.253751464920000034e-06
3.151134582529778527e+03,6.406973245219999929e-06
3.152098821894497632e+03,6.260545355219999780e-06
3.153063061259217193e+03,6.381383834579999903e-06
3.154027300623936299e+03,6.140750970379999684e-06
3.154991539988655404e+03,6.318461678420000281e-06
3.155955779353374510e+03,6.170420353160000146e-06
3.156920018718094070e+03,6.320129683079999777e-06
3.157884258082813176e+03,6.104098523379999701e-06
3.158848497447532282e+03,6.216375063879999642e-06
3.159812736812251842e+03,6.083225727879999776e-06
3.160776976176970948e+03,6.095029089099999911e-06
3.161741215541690053e+03,5.930718806719999665e-06
3.162705454906409159e+03,6.037738495020000359e-06
3.163669694271128719e+03,5.801993230079999614e-06
3.164633933635847825e+03,5.957807056879999600e-06
3.165598173000566931e+03,5.696807073620000125e-06
3.166562412365286036e+03,5.828199274939999965e-06
3.167526651730005597e+03,5.633635717200000164e-06
3.168490891094724702e+03,5.804372455920000170e-06
3.169455130459443808e+03,5.607298705779999969e-06
3.170419369824163368e+03,5.726245445939999804e-06
3.171383609188882474e+03,5.592397621619999923e-06
3.172347848553601580e+03,5.773120560540000321e-06
3.173312087918320685e+03,5.577640236879999917e-06
3.174276327283040246e+03,5.714296566319999842e-06
3.175240566647759351e+03,5.582535112060000230e-06
3.176204806012478457e+03,5.752335076080000293e-06
3.177169045377197563e+03,5.571655792679999842e-06
3.178133284741917123e+03,5.746654401540000068e-06
3.179097524106636229e+03,5.673284024260000180e-06
3.180061763471355334e+03,5.805556611899999819e-06
3.181026002836074895e+03,5.719078664739999866e-06
3.181990242200794000e+03,5.831946373739999739e-06
3.182954481565513106e+03,5.731467737519999727e-06
3.183918720930232212e+03,5.876575048040000178e-06
3.184882960294951772e+03,5.809143640459999783e-06
3.185847199659670878e+03,5.961326783179999857e-06
3.186811439024389983e+03,5.841559683039999940e-06
3.187775678389109089e+03,5.984928048679999920e-06
3.188739917753828649e+03,5.890357459499999650e-06
3.189704157118547755e+03,5.998703184220000248e-06
3.190668396483266861e+03,5.902675592060000231e-06
3.191632635847985966e+03,6.068859423840000364e-06
3.192596875212705527e+03,5.972524424060000077e-06
3.193561114577424632e+03,6.070969440639999546e-06
3.194525353942143738e+03,5.921014548419999996e-06
3.195489593306863298e+03,6.118222903079999613e-06
3.196453832671582404e+03,6.009678909540000310e-06
3.197418072036301510e+03,6.094999985419999946e-06
3.198382311401020615e+03,5.972813641879999944e-06
3.199346550765740176e+03,6.009884454279999853e-06
3.200310790130459281e+03,5.938351246799999895e-06
3.201275029495178387e+03,6.030669938739999881e-06
3.202239268859897493e+03,5.932425009959999751e-06
3.203203508224617053e+03,6.001257032139999749e-06
3.204167747589336159e+03,5.909362162539999893e-06
3.205131986954055265e+03,5.962927485579999645e-06
3.206096226318774825e+03,5.858723578319999833e-06
3.207060465683493931e+03,5.955238657120000117e-06
3.208024705048213036e+03,5.843907986219999897e-06
3.208988944412932142e+03,5.965263055900000252e-06
3.209953183777651702e+03,5.882113842140000148e-06
3.210917423142370808e+03,5.983925790700000055e-06
3.211881662507089914e+03,5.822356711180000145e-06
3.212845901871809019e+03,5.985752046619999575e-06
3.213810141236528580e+03,5.921154609879999617e-06
3.214774380601247685e+03,6.006115527720000105e-06
3.215738619965966791e+03,5.975691268240000330e-06
3.216702859330686351e+03,6.164734221679999716e-06
3.217667098695405457e+03,6.093592094900000351e-06
3.218631338060124563e+03,6.233397078720000128e-06
3.219595577424843668e+03,6.209106419799999826e-06
3.220559816789563229e+03,6.384372418719999945e-06
3.221524056154282334e+03,6.366128049320000068e-06
3.222488295519001440e+03,6.547529467780000294e-06
3.223452534883720546e+03,6.481966152659999580e-06
3.224416774248440106e+03,6.683127150860000209e-06
3.225381013613159212e+03,6.677028110920000059e-06
3.226345252977878317e+03,6.864566767900000178e-06
3.227309492342597423e+03,6.871462521079999802e-06
3.228273731707316983e+03,6.923172484520000069e-06
3.229237971072036089e+03,6.908127700939999982e-06
3.230202210436755195e+03,7.011041951379999847e-06
3.231166449801474755e+03,6.937969886819999604e-06
3.232130689166193861e+03,7.062402670659999683e-06
3.233094928530912966e+03,6.952890979759999838e-06
3.234059167895632072e+03,7.127822286360000356e-06
3.235023407260351632e+03,6.985161503940000168e-06
3.235987646625070738e+03,6.996079021900000298e-06
3.236951885989789844e+03,6.883462332139999703e-06
3.237916125354508949e+03,6.936620203659999940e-06
3.238880364719228510e+03,6.784464345640000046e-06
3.239844604083947615e+03,6.827852475579999844e-06
3.240808843448666721e+03,6.633829154900000035e-06
3.241773082813386281e+03,6.621418254360000200e-06
3.242737322178105387e+03,6.404206576640000047e-06
3.243701561542824493e+03,6.338634166619999556e-06
3.244665800907543598e+03,6.134791991900000002e-06
3.245630040272263159e+03,6.096375134300000002e-06
3.246594279636982264e+03,5.856222480820000058e-06
3.247558519001701370e+03,5.800447097080000185e-06
3.248522758366420476e+03,5.539468941579999836e-06
3.249486997731140036e+03,5.438144479660000196e-06
3.250451237095859142e+03,5.136593975260000085e-06
3.251415476460578247e+03,5.066861557980000100e-06
3.252379715825297808e+03,4.791269717159999787e-06
3.253343955190016914e+03,4.693512275019999923e-06
3.254308194554736019e+03,4.430111238159999918e-06
3.255272433919455125e+03,4.410158846540000168e-06
3.256236673284174685e+03,4.059157551860000065e-06
3.257200912648893791e+03,3.938826567920000396e-06
3.258165152013612897e+03,3.698708475059999775e-06
3.259129391378332002e+03,3.611919482319999981e-06
3.260093630743051563e+03,3.373927777080000005e-06
3.261057870107770668e+03,3.356165437380000189e-06
3.262022109472489774e+03,3.051191612619999919e-06
3.262986348837208880e+03,3.022200709380000131e-06
3.263950588201928440e+03,2.772798542599999976e-06
3.264914827566647546e+03,2.781984391600000050e-06
3.265879066931366651e+03,2.536012821100000046e-06
3.266843306296086212e+03,2.481332463320000140e-06
3.267807545660805317e+03,2.340745318100000024e-06
3.268771785025524423e+03,2.308631226199999931e-06
3.269736024390243529e+03,2.084454674059999812e-06
3.270700263754963089e+03,2.085045842560000167e-06
3.271664503119682195e+03,1.898480339879999949e-06
3.272628742484401300e+03,1.888388638839999894e-06
3.273592981849120406e+03,1.762573430199999978e-06
3.274557221213839966e+03,1.786714932760000034e-06
3.275521460578559072e+03,1.652014006819999898e-06
3.276485699943278178e+03,1.680715692240000030e-06
3.277449939307997738e+03,1.524199739160000033e-06
3.278414178672716844e+03,1.557001405499999943e-06
3.279378418037435949e+03,1.461126607659999955e-06
3.280342657402155055e+03,1.494564916999999953e-06
3.281306896766874615e+03,1.384489342299999933e-06
3.282271136131593721e+03,1.384080071799999996e-06
3.283235375496312827e+03,1.291021055000000044e-06
3.284199614861031932e+03,1.346878292840000032e-06
3.285163854225751493e+03,1.257437227260000007e-06
3.286128093590470598e+03,1.349419407899999971e-06
3.287092332955189704e+03,1.208675830400000042e-06
3.288056572319909264e+03,1.210665794520000002e-06
3.289020811684628370e+03,1.149347978719999951e-06
3.289985051049347476e+03,1.134184961440000005e-06
3.290949290414066581e+03,1.132462387379999938e-06
3.291913529778786142e+03,1.164254519819999991e-06
3.292877769143505247e+03,1.132647923339999929e-06
3.293842008508224353e+03,1.151190605460000086e-06
3.294806247872943459e+03,1.122498014939999943e-06
3.295770487237663019e+03,1.138983430680000009e-06
3.296734726602382125e+03,1.118438051579999907e-06
3.297698965967101230e+03,1.178147889059999966e-06
3.298663205331820336e+03,1.140438614679999971e-06
3.299627444696539897e+03,1.193332734100000098e-06
3.300591684061259002e+03,1.192128569340000049e-06
3.301555923425978108e+03,1.272256457319999939e-06
3.302520162790697668e+03,1.278511929539999903e-06
3.303484402155416774e+03,1.403781444180000045e-06
3.304448641520135880e+03,1.402962903179999961e-06
3.305412880884854985e+03,1.482712443320000089e-06
3.306377120249574546e+03,1.450805715139999961e-06
3.307341359614293651e+03,1.592262332799999889e-06
3.308305598979012757e+03,1.565496042099999993e-06
3.309269838343731863e+03,1.687615083380000074e-06
3.310234077708451423e+03,1.717962945699999941e-06
3.311198317073170529e+03,1.800966641060000006e-06
3.312162556437889634e+03,1.757636718479999927e-06
3.313126795802609195e+03,1.896723205199999923e-06
3.314091035167328300e+03,1.904939537860000093e-06
3.315055274532047406e+03,2.092068924340000064e-06
3.316019513896766512e+03,2.035947934400000178e-06
3.316983753261486072e+03,2.216101532580000196e-06
3.317947992626205178e+03,2.174072180699999838e-06
3.318912231990924283e+03,2.249972759159999891e-06
3.319876471355643389e+03,2.271442180099999952e-06
3.320840710720362949e+03,2.228579735380000162e-06
3.321804950085082055e+03,2.235690128199999955e-06
3.322769189449801161e+03,2.253365156859999875e-06
3.323733428814520721e+03,2.134238337680000043e-06
3.324697668179239827e+03,2.182626843640000029e-06
3.325661907543958932e+03,2.139456991299999971e-06
3.326626146908678038e+03,2.227748461520000093e-06
3.327590386273397598e+03,2.167640267419999873e-06
3.328554625638116704e+03,2.283303748680000017e-06
3.329518865002835810e+03,2.270680027479999800e-06
3.330483104367554915e+03,2.275678584519999778e-06
3.331447343732274476e+03,2.121221716799999871e-06
3.332411583096993581e+03,2.163649425299999966e-06
3.333375822461712687e+03,2.081315114580000162e-06
3.334340061826431793e+03,2.095581374719999905e-06
3.335304301191151353e+03,1.994222352180000094e-06
3.336268540555870459e+03,2.002256786840000058e-06
3.337232779920589564e+03,1.909303270880000192e-06
3.338197019285309125e+03,1.939894876520000191e-06
3.339161258650028230e+03,1.877691217459999925e-06
3.340125498014747336e+03,1.939507433780000017e-06
3.341089737379466442e+03,1.836282137759999887e-06
3.342053976744186002e+03,1.822132292340000005e-06
3.343018216108905108e+03,1.731468872199999954e-06
3.343982455473624213e+03,1.914993040320000194e-06
3.344946694838343319e+03,1.857227692459999937e-06
3.345910934203062880e+03,1.884930757859999987e-06
3.346875173567781985e+03,1.816602593140000025e-06
3.347839412932501091e+03,1.863113911739999916e-06
3.348803652297220651e+03,1.709462852159999897e-06
3.349767891661939757e+03,1.657480041719999955e-06
3.350732131026658863e+03,1.613427984079999888e-06
3.351696370391377968e+03,1.567627886659999996e-06
3.352660609756097529e+03,1.528348832539999964e-06
3.353624849120816634e+03,1.599192646599999896e-06
3.354589088485535740e+03,1.432206644640000083e-06
3.355553327850254846e+03,1.506868497719999916e-06
3.356517567214974406e+03,1.426411374359999994e-06
3.357481806579693512e+03,1.397837017539999922e-06
3.358446045944412617e+03,1.306684291780000030e-06
3.359410285309132178e+03,1.301703924540000031e-06
3.360374524673851283e+03,1.247923961859999899e-06
3.361338764038570389e+03,1.314726002359999985e-06
3.362303003403289495e+03,1.170351740779999931e-06
3.363267242768009055e+03,1.233626779059999981e-06
3.364231482132728161e+03,1.119305705039999933e-06
3.365195721497447266e+03,1.165311347200000003e-06
3.366159960862166372e+03,1.078795201460000096e-06
3.367124200226885932e+03,1.081607344539999924e-06
3.368088439591605038e+03,1.069438368340000013e-06
3.369052678956324144e+03,1.090494880819999930e-06
3.370016918321043249e+03,1.069087305200000008e-06
3.370981157685762810e+03,1.187490170340000066e-06
3.371945397050481915e+03,1.147861872060000026e-06
3.372909636415201021e+03,1.261993772160000088e-06
3.373873875779920581e+03,1.155348793740000006e-06
3.374838115144639687e+03,1.277944407779999943e-06
3.375802354509358793e+03,1.303759371939999913e-06
3.376766593874077898e+03,1.384647593559999956e-06
3.377730833238797459e+03,1.407868692240000049e-06
3.378695072603516564e+03,1.561405156079999993e-06
3.379659311968235670e+03,1.492454900199999924e-06
3.380623551332954776e+03,1.663017016839999927e-06
3.381587790697674336e+03,1.650429675240000090e-06
3.382552030062393442e+03,1.796350069819999997e-06
3.383516269427112547e+03,1.835510890239999958e-06
3.384480508791832108e+03,1.953517217739999854e-06
3.385444748156551213e+03,2.046237904259999997e-06
3.386408987521270319e+03,2.181328091919999881e-06
3.387373226885989425e+03,2.142329160720000151e-06
3.388337466250708985e+03,2.186046526040000193e-06
3.389301705615428091e+03,2.124041135799999902e-06
3.390265944980147196e+03,2.193582560179999902e-06
3.391230184344866302e+03,2.115018995000000056e-06
3.392194423709585863e+03,2.176120352179999941e-06
3.393158663074304968e+03,2.045768607420000133e-06
3.394122902439024074e+03,2.115535585319999864e-06
3.395087141803743634e+03,2.041266631920000199e-06
3.396051381168462740e+03,2.154048848859999961e-06
3.397015620533181846e+03,2.036546378820000101e-06
3.397979859897900951e+03,2.009088875719999970e-06
3.398944099262620512e+03,1.827605603160000053e-06
3.399908338627339617e+03,1.861214896620000060e-06
3.400872577992058723e+03,1.764416056939999902e-06
3.401836817356777829e+03,1.732058221719999887e-06
3.402801056721497389e+03,1.568082631660000090e-06
3.403765296086216495e+03,1.665931022800000057e-06
3.404729535450935600e+03,1.450360065040000068e-06
3.405693774815654706e+03,1.427961145320000055e-06
3.406658014180374266e+03,1.389364208700000058e-06
3.407622253545093372e+03,1.355280161459999981e-06
3.408586492909812478e+03,1.297029145940000091e-06
3.409550732274532038e+03,1.255487280700000000e-06
3.410514971639251144e+03,1.101292346099999992e-06
3.411479211003970249e+03,1.121721310480000021e-06
3.412443450368689355e+03,9.923918324800000545e-07
3.413407689733408915e+03,1.047988956179999928e-06
3.414371929098128021e+03,9.504061361199999625e-07
3.415336168462847127e+03,9.843555788400000935e-07
3.416300407827566232e+03,9.127441552200000165e-07
3.417264647192285793e+03,1.026916072880000031e-06
3.418228886557004898e+03,9.635409907000000999e-07
3.419193125921724004e+03,1.027465404840000012e-06
3.420157365286443564e+03,1.005148339219999901e-06
3.421121604651162670e+03,1.015896692040000021e-06
3.422085844015881776e+03,1.021484598599999933e-06
3.423050083380600881e+03,1.135461885399999967e-06
3.424014322745320442e+03,1.070646171060000057e-06
3.424978562110039547e+03,1.186014977559999917e-06
3.425942801474758653e+03,1.140911549480000043e-06
3.426907040839477759e+03,1.243016353820000025e-06
3.427871280204197319e+03,1.213734413779999948e-06
3.428835519568916425e+03,1.334099958339999999e-06
3.429799758933635530e+03,1.327125989020000044e-06
3.430763998298355091e+03,1.482570562880000046e-06
3.431728237663074196e+03,1.402848307440000097e-06
3.432692477027793302e+03,1.497964590619999929e-06
3.433656716392512408e+03,1.437003294900000089e-06
3.434620955757231968e+03,1.443942703600000086e-06
3.435585195121951074e+03,1.497453457239999902e-06
3.436549434486670179e+03,1.534691615800000035e-06
3.437513673851389285e+03,1.532403338960000007e-06
3.438477913216108846e+03,1.604562275560000067e-06
3.439442152580827951e+03,1.509173145379999925e-06
3.440406391945547057e+03,1.551977382739999995e-06
3.441370631310266162e+03,1.562323740979999959e-06
3.442334870674985723e+03,1.496482121920000000e-06
3.443299110039704829e+03,1.488422221540000067e-06
3.444263349404423934e+03,1.489511790560000040e-06
3.445227588769143495e+03,1.334330968799999936e-06
3.446191828133862600e+03,1.419060876180000064e-06
3.447156067498581706e+03,1.311539149399999967e-06
3.448120306863300812e+03,1.303893976459999964e-06
3.449084546228020372e+03,1.170741002499999891e-06
3.450048785592739478e+03,1.190316865260000089e-06
3.451013024957458583e+03,1.049011222939999982e-06
3.451977264322177689e+03,1.061824118059999973e-06
3.452941503686897249e+03,1.003493067419999966e-06
3.453905743051616355e+03,1.038261051140000076e-06
3.454869982416335461e+03,9.402671415999999639e-07
3.455834221781055021e+03,9.240964093999999470e-07
3.456798461145774127e+03,8.417602797000000394e-07
3.457762700510493232e+03,8.052333423200000126e-07
3.458726939875212338e+03,7.795420688000000020e-07
3.459691179239931898e+03,7.837693783199999452e-07
3.460655418604651004e+03,6.842493445599999565e-07
3.461619657969370110e+03,7.748254536600000061e-07
3.462583897334089215e+03,7.278066396399999773e-07
3.463548136698808776e+03,8.035071302999999503e-07
3.464512376063527881e+03,7.189172843799999732e-07
3.465476615428246987e+03,7.608484113400000243e-07
3.466440854792966547e+03,6.812280187799999539e-07
3.467405094157685653e+03,7.321667346999999742e-07
3.468369333522404759e+03,7.535979570599999747e-07
3.469333572887123864e+03,7.673021523799999637e-07
3.470297812251843425e+03,8.285926834800000469e-07
3.471262051616562530e+03,8.377094112399999920e-07
3.472226290981281636e+03,8.294148624400000209e-07
3.473190530346000742e+03,8.706183973999999854e-07
3.474154769710720302e+03,9.185266926400000139e-07
3.475119009075439408e+03,9.127514311400000079e-07
3.476083248440158513e+03,9.298043686400000332e-07
3.477047487804877619e+03,1.034252019219999978e-06
3.478011727169597179e+03,1.084472238039999901e-06
3.478975966534316285e+03,1.150046467039999966e-06
3.479940205899035391e+03,1.113705065620000036e-06
3.480904445263754951e+03,1.148598558959999996e-06
3.481868684628474057e+03,1.099189605219999954e-06
3.482832923993193162e+03,1.183044583220000065e-06
3.483797163357912268e+03,1.072476064939999996e-06
3.484761402722631829e+03,1.130697976779999921e-06
3.485725642087350934e+03,1.072768920720000071e-06
3.486689881452070040e+03,1.066096902079999968e-06
3.487654120816789145e+03,9.977814702199999903e-07
3.488618360181508706e+03,1.071759386820000002e-06
3.489582599546227812e+03,9.691016125600000439e-07
3.490546838910946917e+03,9.582113793000000927e-07
3.491511078275666478e+03,9.213006371399999934e-07
3.492475317640385583e+03,9.374877401599999908e-07
3.493439557005104689e+03,9.110124862599999607e-07
3.494403796369823795e+03,8.843298686399999657e-07
3.495368035734543355e+03,7.576215408199999488e-07
3.496332275099262461e+03,8.055880434200000138e-07
3.497296514463981566e+03,6.585871747200000171e-07
3.498260753828700672e+03,6.985538032799999719e-07
3.499224993193420232e+03,5.948392016400000010e-07
3.500189232558139338e+03,6.212507912400000011e-07
3.501153471922858444e+03,5.264164499600000451e-07
3.502117711287578004e+03,5.289339182800000124e-07
3.503081950652297110e+03,4.385178794199999840e-07
3.504046190017016215e+03,4.321969239199999924e-07
3.505010429381735321e+03,4.153495311599999871e-07
3.505974668746454881e+03,4.027712844599999811e-07
3.506938908111173987e+03,2.674755520600000240e-07
3.507903147475893093e+03,3.367059308600000242e-07
3.508867386840612198e+03,2.714973168400000002e-07
3.509831626205331759e+03,3.064763022400000171e-07
3.510795865570050864e+03,2.295152584400000097e-07
3.511760104934769970e+03,2.615966086999999826e-07
3.512724344299489076e+03,2.086842994800000092e-07
3.513688583664208636e+03,2.145632428399999977e-07
3.514652823028927742e+03,1.326272887400000107e-07
3.515617062393646847e+03,1.359505651999999979e-07
3.516581301758366408e+03,1.673770826600000093e-07
3.517545541123085513e+03,2.122058447599999986e-07
3.518509780487804619e+03,9.127095946000000312e-08
3.519474019852523725e+03,1.882589730600000022e-07
3.520438259217243285e+03,7.115304066000000066e-08
3.521402498581962391e+03,1.654707916200000026e-07
3.522366737946681496e+03,9.897070179999999424e-08
3.523330977311400602e+03,1.786820433599999961e-07
3.524295216676120162e+03,1.425771093399999963e-07
3.525259456040839268e+03,1.114489046000000003e-07
3.526223695405558374e+03,4.357184691999999686e-08
3.527187934770277934e+03,1.398850189399999987e-07
3.528152174134997040e+03,5.132797764000000025e-08
3.529116413499716145e+03,1.576964710999999944e-07
3.530080652864435251e+03,3.922812268000000034e-08
3.531044892229154812e+03,1.539148116799999970e-07
3.532009131593873917e+03,4.069058259999999950e-08
3.532973370958593023e+03,6.111227106000000425e-08
3.533937610323312128e+03,6.135419539999999414e-08
3.534901849688031689e+03,9.148741807999999686e-08
3.535866089052750795e+03,8.213058495999999347e-08
3.536830328417469900e+03,1.351756797199999941e-07
3.537794567782189461e+03,6.364792918000000281e-08
3.538758807146908566e+03,1.482323181599999864e-07
3.539723046511627672e+03,6.341873769999999776e-08
3.540687285876346778e+03,1.038401112599999935e-07
3.541651525241066338e+03,6.672928130000000017e-08
3.542615764605785444e+03,1.075344596400000022e-07
3.543580003970504549e+03,1.794787565999999872e-08
3.544544243335223655e+03,1.488125727800000102e-07
3.545508482699943215e+03,4.773003520000000253e-08
3.546472722064662321e+03,1.421132694399999927e-07
3.547436961429381427e+03,1.430973376200000122e-07
3.548401200794100532e+03,9.106359573999999855e-08
3.549365440158820093e+03,5.643931144000000267e-08
3.550329679523539198e+03,7.616796851999999875e-08
3.551293918888258304e+03,1.266755861800000030e-07
3.552258158252977864e+03,1.218280044800000042e-07
3.553222397617696970e+03,3.605764053999999660e-08
3.554186636982416076e+03,9.078165384000000336e-08
3.555150876347135181e+03,7.731210693999999972e-08
3.556115115711854742e+03,8.220516313999999732e-08
3.557079355076573847e+03,7.881640339999999539e-08
3.558043594441292953e+03,9.815761773999999616e-08
3.559007833806012059e+03,8.918458939999999902e-08
3.559972073170731619e+03,6.622360485999999343e-08
3.560936312535450725e+03,4.972545626000000241e-08
3.561900551900169830e+03,1.009388381599999935e-07
3.562864791264889391e+03,2.946747600000000128e-08
3.563829030629608496e+03,1.089787297600000032e-07
3.564793269994327602e+03,4.886144075999999880e-08
3.565757509359046708e+03,1.647850361599999985e-07
3.566721748723766268e+03,1.336713832600000117e-07
3.567685988088485374e+03,1.707694803599999937e-07
3.568650227453204479e+03,1.273977212399999902e-07
3.569614466817923585e+03,6.057385297999999679e-08
3.570578706182643145e+03,1.332402849999999988e-08
3.571542945547362251e+03,6.125597048000000521e-08
3.572507184912081357e+03,3.472432820000000249e-08
3.573471424276800917e+03,2.154581809999999975e-08
3.574435663641520023e+03,5.667941680000000135e-08
3.575399903006239128e+03,7.008893735999999705e-08
3.576364142370958234e+03,5.304509476000000062e-08
3.577328381735677794e+03,1.663639107999999848e-08
3.578292621100396900e+03,8.625239363999999613e-08
3.579256860465116006e+03,1.228120726599999972e-07
3.580221099829835111e+03,3.475525085999999877e-08
3.581185339194554672e+03,4.079062649999999950e-08
3.582149578559273778e+03,5.807275547999999678e-08
3.583113817923992883e+03,3.824951144000000082e-08
3.584078057288711989e+03,3.208316923999999719e-08
3.585042296653431549e+03,1.033926421799999969e-07
3.586006536018150655e+03,1.519939688000000076e-07
3.586970775382869761e+03,1.499457973200000110e-07
3.587935014747589321e+03,1.040474749799999981e-07
3.588899254112308427e+03,2.588590438000000127e-07
3.589863493477027532e+03,4.626757527999999675e-08
3.590827732841746638e+03,7.572959434000000452e-08
3.591791972206466198e+03,3.858420375999999938e-08
3.592756211571185304e+03,1.391992634799999946e-07
3.593720450935904410e+03,5.144439236000000061e-08
3.594684690300623515e+03,8.266718406000000310e-08
3.595648929665343076e+03,1.185884010999999967e-07
3.596613169030062181e+03,4.599290929999999952e-08
3.597577408394781287e+03,5.127340823999999905e-08
3.598541647759500847e+03,1.037928177799999969e-07
3.599505887124219953e+03,8.403141905999999348e-08
3.600470126488939059e+03,1.293494867799999958e-07
3.601434365853658164e+03,1.354685354999999895e-07
3.602398605218377725e+03,9.121639006000000192e-08
3.603362844583096830e+03,9.911622019999999303e-08
3.604327083947815936e+03,6.605443971999999632e-08
3.605291323312535042e+03,4.993827692000000049e-08
3.606255562677254602e+03,1.587241947999999884e-07
3.607219802041973708e+03,2.100903710200000027e-07
3.608184041406692813e+03,8.380768451999999516e-08
3.609148280771412374e+03,3.362730136200000102e-07
3.610112520136131479e+03,1.911693410600000046e-07
3.611076759500850585e+03,1.758044169999999944e-08
3.612040998865569691e+03,2.621750443399999821e-07
3.613005238230289251e+03,2.059703813200000111e-07
3.613969477595008357e+03,1.643048254399999879e-07
3.614933716959727462e+03,2.017267009800000080e-07
3.615897956324446568e+03,1.027123436599999995e-07
3.616862195689166128e+03,1.411073734999999992e-07
3.617826435053885234e+03,1.835077972999999945e-07
3.618790674418604340e+03,1.368127617200000037e-07
3.619754913783323445e+03,3.931179575999999866e-07
3.620719153148043006e+03,5.374540206000000062e-08
3.621683392512762111e+03,1.565723414600000093e-07
3.622647631877481217e+03,6.508128542000000353e-08
3.623611871242200777e+03,1.195215378399999974e-07
3.624576110606919883e+03,5.061311849999999772e-08
3.625540349971638989e+03,1.302680716799999873e-07
3.626504589336358094e+03,7.516571054000000091e-08
3.627468828701077655e+03,1.975485039200000063e-07
3.628433068065796760e+03,3.500354162999999828e-07
3.629397307430515866e+03,5.309166064799999811e-07
3.630361546795234972e+03,2.149015731199999919e-07
3.631325786159954532e+03,1.006023268599999971e-07
3.632290025524673638e+03,1.025195317800000041e-07
3.633254264889392743e+03,1.300388801999999955e-07
3.634218504254112304e+03,1.820053198200000098e-07
3.635182743618831410e+03,5.229567499999999953e-08
3.636146982983550515e+03,7.043272457999999801e-08
3.637111222348269621e+03,7.818339835999999466e-08
3.638075461712989181e+03,8.577400189999999661e-08
3.639039701077708287e+03,1.376986049800000078e-07
3.640003940442427393e+03,4.609477217999999735e-08
3.640968179807146498e+03,1.272940393800000078e-07
3.641932419171866059e+03,4.017944921999999926e-08
3.642896658536585164e+03,1.281089424199999905e-07
3.643860897901304270e+03,4.881050931999999988e-08
3.644825137266023830e+03,1.566669284200000026e-07
3.645789376630742936e+03,3.955008214000000082e-08
3.646753615995462042e+03,3.042480517400000232e-07
3.647717855360181147e+03,2.114891666400000049e-07
3.648682094724900708e+03,3.118604830400000123e-07
3.649646334089619813e+03,5.041193931200000167e-07
3.650610573454338919e+03,2.044169724000000077e-07
3.651574812819058025e+03,2.668498229399999749e-07
3.652539052183777585e+03,3.538461793999999720e-08
3.653503291548496691e+03,1.118745459199999964e-07
3.654467530913215796e+03,2.565671289999999886e-08
3.655431770277934902e+03,1.934066864599999877e-07
3.656396009642654462e+03,3.834700876799999856e-07
3.657360249007373568e+03,1.033326158400000022e-07
3.658324488372092674e+03,9.236052848000000288e-08
3.659288727736812234e+03,9.844137862000000242e-08
3.660252967101531340e+03,5.638656101999999930e-08
3.661217206466250445e+03,1.056918328999999991e-07
3.662181445830969551e+03,8.626694548000000527e-08
3.663145685195689111e+03,1.226683732400000095e-07
3.664109924560408217e+03,1.513991623400000011e-07
3.665074163925127323e+03,1.133715664600000008e-07
3.666038403289846428e+03,1.578092478599999925e-07
3.667002642654565989e+03,1.227847879600000032e-07
3.667966882019285094e+03,1.887282698999999993e-07
3.668931121384004200e+03,3.546610824399999812e-07
3.669895360748723760e+03,2.489692495399999821e-07
3.670859600113442866e+03,7.202978902000000235e-07
3.671823839478161972e+03,1.664439459200000086e-07
3.672788078842881077e+03,1.887428217400000084e-07
3.673752318207600638e+03,2.119093510200000075e-07
3.674716557572319743e+03,4.358203320800000194e-07
3.675680796937038849e+03,6.750980561799999466e-07
3.676645036301757955e+03,3.922812267999999769e-07
3.677609275666477515e+03,1.813614009000000089e-07
3.678573515031196621e+03,2.579350019600000011e-07
3.679537754395915726e+03,3.019834216400000195e-07
3.680501993760635287e+03,2.464008497800000225e-07
3.681466233125354393e+03,1.767557435399999867e-07
3.682430472490073498e+03,2.412076618800000117e-07
3.683394711854792604e+03,1.988017811399999964e-07
3.684358951219512164e+03,2.792225249000000139e-07
3.685323190584231270e+03,2.000368685600000082e-07
3.686287429948950376e+03,3.747426216400000005e-07
3.687251669313669481e+03,1.828820681799999983e-07
3.688215908678389042e+03,9.043513814999999506e-07
3.689180148043108147e+03,5.280880925799999607e-07
3.690144387407827253e+03,2.659003153799999937e-07
3.691108626772546359e+03,5.710433052799999572e-07
3.692072866137265919e+03,3.290680338400000124e-07
3.693037105501985025e+03,3.136212556799999806e-07
3.694001344866704130e+03,3.132738305000000237e-07
3.694965584231423691e+03,3.796138500800000241e-07
3.695929823596142796e+03,3.568875139599999773e-07
3.696894062960861902e+03,3.582699387599999725e-07
3.697858302325581008e+03,3.614968092799999951e-07
3.698822541690300568e+03,4.042974086800000169e-07
3.699786781055019674e+03,3.901366493799999892e-07
3.700751020419738779e+03,4.182435283399999825e-07
3.701715259784457885e+03,5.941370753599999900e-07
3.702679499149177445e+03,4.799742525999999651e-07
3.703643738513896551e+03,4.575116685799999749e-07
3.704607977878615657e+03,4.236622697599999895e-07
3.705572217243335217e+03,4.755941487599999921e-07
3.706536456608054323e+03,4.338722045000000095e-07
3.707500695972773428e+03,4.603674671800000159e-07
3.708464935337492534e+03,5.069260792599999573e-07
3.709429174702212094e+03,7.444139270400000038e-07
3.710393414066931200e+03,5.248630410399999888e-07
3.711357653431650306e+03,6.013820727000000461e-07
3.712321892796369411e+03,9.616346996600000402e-07
3.713286132161088972e+03,4.498483058399999934e-07
3.714250371525808077e+03,4.911973592000000494e-07
3.715214610890527183e+03,4.763326546400000128e-07
3.716178850255246743e+03,4.292028828400000102e-07
3.717143089619965849e+03,3.297574272599999857e-07
3.718107328984684955e+03,4.274020926399999838e-07
3.719071568349404060e+03,4.206282111200000020e-07
3.720035807714123621e+03,3.530094485999999889e-07
3.721000047078842726e+03,3.072675585399999750e-07
3.721964286443561832e+03,5.032790243599999585e-07
3.722928525808280938e+03,3.977181580200000152e-07
3.723892765173000498e+03,3.167026078000000177e-07
3.724857004537719604e+03,3.744061103399999776e-07
3.725821243902438709e+03,3.762942115800000060e-07
3.726785483267157815e+03,4.194258653400000042e-07
3.727749722631877376e+03,3.364148940600000001e-07
3.728713961996596481e+03,2.951058582600000024e-07
3.729678201361315587e+03,2.777891686599999735e-07
3.730642440726035147e+03,2.878954215400000111e-07
3.731606680090754253e+03,4.958193873799999462e-07
3.732570919455473359e+03,6.736774327999999440e-07
3.733535158820192464e+03,1.746530026600000021e-07
3.734499398184912025e+03,5.640729739199999976e-07
3.735463637549631130e+03,3.611202804200000199e-07
3.736427876914350236e+03,6.178984110999999691e-07
3.737392116279069342e+03,4.615043296799999858e-07
3.738356355643788902e+03,3.696331068199999959e-07
3.739320595008508008e+03,3.086354314999999876e-07
3.740284834373227113e+03,3.358400963799999963e-07
3.741249073737946674e+03,2.914624413199999993e-07
3.742213313102665779e+03,3.457680892199999814e-07
3.743177552467384885e+03,2.500806463199999823e-07
3.744141791832103991e+03,1.085403555800000063e-06
3.745106031196823551e+03,1.054859243640000007e-06
3.746070270561542657e+03,1.458567302800000090e-07
3.747034509926261762e+03,4.453936238200000033e-07
3.747998749290980868e+03,2.647798237000000043e-07
3.748962988655700428e+03,7.734848654000000140e-07
3.749927228020419534e+03,8.022538530799999602e-07
3.750891467385138640e+03,1.438576712600000069e-07
3.751855706749858200e+03,9.195926149200000153e-07
3.752819946114577306e+03,6.664779099600000455e-07
3.753784185479296411e+03,1.913112214999999945e-07
3.754748424844015517e+03,3.534987542199999886e-07
3.755712664208735077e+03,2.778219102999999875e-07
3.756676903573454183e+03,4.191875789600000232e-07
3.757641142938173289e+03,2.836881207999999911e-07
3.758605382302892394e+03,3.168717729399999751e-07
3.759569621667611955e+03,5.073771862999999496e-07
3.760533861032331060e+03,3.998681923799999964e-07
3.761498100397050166e+03,2.880027413599999892e-07
3.762462339761769272e+03,3.752501170599999786e-07
3.763426579126488832e+03,3.486366206800000071e-07
3.764390818491207938e+03,3.476525525000000141e-07
3.765355057855927043e+03,4.193640200199999720e-07
3.766319297220646604e+03,4.278859413199999900e-07
3.767283536585365709e+03,3.604909133399999752e-07
3.768247775950084815e+03,4.044047284999999950e-07
3.769212015314803921e+03,4.109494185399999849e-07
3.770176254679523481e+03,6.475059485599999757e-07
3.771140494044242587e+03,3.315982350200000174e-07
3.772104733408961692e+03,4.310473285599999847e-07
3.773068972773680798e+03,3.637796291799999771e-07
3.774033212138400359e+03,4.519765124400000007e-07
3.774997451503119464e+03,4.062746399399999921e-07
3.775961690867838570e+03,4.587558508999999759e-07
3.776925930232558130e+03,4.602437765400000043e-07
3.777890169597277236e+03,4.470961890999999879e-07
3.778854408961996342e+03,4.900641346600000222e-07
3.779818648326715447e+03,6.178729453799999994e-07
3.780782887691435008e+03,4.647439330599999932e-07
3.781747127056154113e+03,5.257234185800000232e-07
3.782711366420873219e+03,5.408755219799999824e-07
3.783675605785592325e+03,5.579375543799999969e-07
3.784639845150311885e+03,4.997465652000000350e-07
3.785604084515030991e+03,5.533991992800000004e-07
3.786568323879750096e+03,5.450300723000000122e-07
3.787532563244469657e+03,6.194590959400000167e-07
3.788496802609188762e+03,5.294941641199999807e-07
3.789461041973907868e+03,5.911048357000000003e-07
3.790425281338626974e+03,5.763656407599999731e-07
3.791389520703346534e+03,5.488481113200000192e-07
3.792353760068065640e+03,4.959703627199999782e-07
3.793317999432784745e+03,6.215491039599999636e-07
3.794282238797503851e+03,5.101056562999999833e-07
3.795246478162223411e+03,5.873249952599999478e-07
3.796210717526942517e+03,6.871451607200000027e-07
3.797174956891661623e+03,6.710199030200000376e-07
3.798139196256380728e+03,5.523823894600000464e-07
3.799103435621100289e+03,6.830160761200000484e-07
3.800067674985819394e+03,5.331321241199999903e-07
3.801031914350538500e+03,1.161735232520000026e-06
3.801996153715258060e+03,9.494348007999999543e-07
3.802960393079977166e+03,6.062078266400000179e-07
3.803924632444696272e+03,6.672273297200000003e-07
3.804888871809415377e+03,5.634836243999999581e-07
3.805853111174134938e+03,6.172381213600000141e-07
3.806817350538854043e+03,1.004104244700000086e-06
3.807781589903573149e+03,7.464693744399999918e-07
3.808745829268292255e+03,5.483697195799999535e-07
3.809710068633011815e+03,7.540345122599999844e-07
3.810674307997730921e+03,5.720510202000000279e-07
3.811638547362450026e+03,6.860010222999999885e-07
3.812602786727169587e+03,6.082396273000000340e-07
3.813567026091888692e+03,7.417800439999999634e-07
3.814531265456607798e+03,5.884709526599999599e-07
3.815495504821326904e+03,1.075411898659999889e-06
3.816459744186046464e+03,1.239054615380000083e-06
3.817423983550765570e+03,6.103114455200000025e-07
3.818388222915484675e+03,8.363851937999999805e-07
3.819352462280203781e+03,7.509113235999999971e-07
3.820316701644923342e+03,9.443980451800000219e-07
3.821280941009642447e+03,1.102385553079999961e-06
3.822245180374361553e+03,9.930066477199999578e-07
3.823209419739081113e+03,7.322849684000000452e-07
3.824173659103800219e+03,8.529306358799999747e-07
3.825137898468519325e+03,8.497383259799999639e-07
3.826102137833238430e+03,9.167331783600000317e-07
3.827066377197957991e+03,9.439396622200000383e-07
3.828030616562677096e+03,8.869783035199999888e-07
3.828994855927396202e+03,9.233797312799999533e-07
3.829959095292115308e+03,8.918749976799999821e-07
3.830923334656834868e+03,9.504097740799999581e-07
3.831887574021553974e+03,1.121133779940000085e-06
3.832851813386273079e+03,9.345991999200000418e-07
3.833816052750992185e+03,9.751187984000000795e-07
3.834780292115711745e+03,1.125803101600000032e-06
3.835744531480430851e+03,1.068175996220000034e-06
3.836708770845149957e+03,8.555190444199999634e-07
3.837673010209869517e+03,1.649834868779999952e-06
3.838637249574588623e+03,1.150417538959999948e-06
3.839601488939307728e+03,9.637228887000000951e-07
3.840565728304026834e+03,1.118277981340000097e-06
3.841529967668746394e+03,1.062931876879999925e-06
3.842494207033465500e+03,9.268921816600000065e-07
3.843458446398184606e+03,1.066320636619999913e-06
3.844422685762903711e+03,1.011449285940000023e-06
3.845386925127623272e+03,8.957421491600000365e-07
3.846351164492342377e+03,9.403417197799999810e-07
3.847315403857061483e+03,8.755205484999999722e-07
3.848279643221781043e+03,9.218918056400000307e-07
3.849243882586500149e+03,9.019703366800000326e-07
3.850208121951219255e+03,8.792003450400000379e-07
3.851172361315938360e+03,9.811505360800000978e-07
3.852136600680657921e+03,1.531981335600000086e-06
3.853100840045377026e+03,9.844210621200000155e-07
3.854065079410096132e+03,1.972629240600000181e-06
3.855029318774815238e+03,1.127627538539999977e-06
3.855993558139534798e+03,7.829799410000000381e-07
3.856957797504253904e+03,1.019461892840000012e-06
3.857922036868973009e+03,8.589914772399999584e-07
3.858886276233692570e+03,8.499656984800000108e-07
3.859850515598411675e+03,8.704201285800000097e-07
3.860814754963130781e+03,9.220737036400000259e-07
3.861778994327849887e+03,1.002341653080000067e-06
3.862743233692569447e+03,9.436031509200000154e-07
3.863707473057288553e+03,9.602686456799999726e-07
3.864671712422007658e+03,1.143014290360000080e-06
3.865635951786726764e+03,1.187764836319999951e-06
3.866600191151446325e+03,8.772649503200000128e-07
3.867564430516165430e+03,1.059057449480000091e-06
3.868528669880884536e+03,1.024826064859999978e-06
3.869492909245603641e+03,1.283757867860000010e-06
3.870457148610323202e+03,1.401314907300000017e-06
3.871421387975042308e+03,9.976468656999999388e-07
3.872385627339761413e+03,1.087067922499999987e-06
3.873349866704480974e+03,1.211504344300000062e-06
3.874314106069200079e+03,1.381913666620000035e-06
3.875278345433919185e+03,1.197523664019999979e-06
3.876242584798638291e+03,1.265353428219999900e-06
3.877206824163357851e+03,1.270610280419999993e-06
3.878171063528076957e+03,1.295059190599999895e-06
3.879135302892796062e+03,1.411946845400000064e-06
3.880099542257515168e+03,1.551682707979999922e-06
3.881063781622234728e+03,1.468033274719999990e-06
3.882028020986953834e+03,1.425958448339999898e-06
3.882992260351672940e+03,1.514429997580000019e-06
3.883956499716392500e+03,1.519019284120000060e-06
3.884920739081111606e+03,1.624987601979999889e-06
3.885884978445830711e+03,1.937219156940000201e-06
3.886849217810549817e+03,1.598401390299999991e-06
3.887813457175269377e+03,1.678538373180000082e-06
3.888777696539988483e+03,1.753185674419999932e-06
3.889741935904707589e+03,1.750653654259999982e-06
3.890706175269426694e+03,1.906576619860000050e-06
3.891670414634146255e+03,2.047751295619999889e-06
3.892634653998865360e+03,1.783540812660000001e-06
3.893598893363584466e+03,1.963470676299999862e-06
3.894563132728304026e+03,1.946495954940000167e-06
3.895527372093023132e+03,1.953193439299999816e-06
3.896491611457742238e+03,1.899346174359999976e-06
3.897455850822461343e+03,2.004827005580000174e-06
3.898420090187180904e+03,2.029395968439999933e-06
3.899384329551900009e+03,2.286710698219999984e-06
3.900348568916619115e+03,2.056215009560000189e-06
3.901312808281338221e+03,2.255291456679999911e-06
3.902277047646057781e+03,2.375798881680000005e-06
3.903241287010776887e+03,2.181924717360000018e-06
3.904205526375495992e+03,2.508211530780000113e-06
3.905169765740215098e+03,2.336101462159999836e-06
3.906134005104934658e+03,2.307447070219999859e-06
3.907098244469653764e+03,2.311950864700000002e-06
3.908062483834372870e+03,2.349872959740000168e-06
3.909026723199092430e+03,2.397013645419999946e-06
3.909990962563811536e+03,2.427121402380000098e-06
3.910955201928530641e+03,2.460543340900000116e-06
3.911919441293249747e+03,2.532585862779999891e-06
3.912883680657969308e+03,2.566347950560000139e-06
3.913847920022688413e+03,2.616697316959999908e-06
3.914812159387407519e+03,2.624169686799999906e-06
3.915776398752126624e+03,2.731871492600000000e-06
3.916740638116846185e+03,2.832086376720000114e-06
3.917704877481565291e+03,2.769948200940000193e-06
3.918669116846284396e+03,2.702953348560000125e-06
3.919633356211003957e+03,2.805649321399999827e-06
3.920597595575723062e+03,2.856764478380000166e-06
3.921561834940442168e+03,2.773962689799999860e-06
3.922526074305161274e+03,2.767094221319999991e-06
3.923490313669880834e+03,2.855263819880000047e-06
3.924454553034599940e+03,2.905438564200000024e-06
3.925418792399319045e+03,2.922507872520000030e-06
3.926383031764038151e+03,2.814234907000000192e-06
3.927347271128757711e+03,2.857584838359999825e-06
3.928311510493476817e+03,2.771932708120000160e-06
3.929275749858195923e+03,2.811988466700000114e-06
3.930239989222915483e+03,2.660634778859999900e-06
3.931204228587634589e+03,2.599364256540000005e-06
3.932168467952353694e+03,2.643441779900000042e-06
3.933132707317072800e+03,2.529686408659999955e-06
3.934096946681792360e+03,2.479126040580000014e-06
3.935061186046511466e+03,2.534966907599999809e-06
3.936025425411230572e+03,2.368699402739999776e-06
3.936989664775949677e+03,2.396628021659999981e-06
3.937953904140669238e+03,2.312070917379999859e-06
3.938918143505388343e+03,2.177277223459999834e-06
3.939882382870107449e+03,2.166587078000000068e-06
3.940846622234826555e+03,2.115442817340000187e-06
3.941810861599546115e+03,2.026738438659999920e-06
3.942775100964265221e+03,2.046949125439999786e-06
3.943739340328984326e+03,1.953266198500000153e-06
3.944703579693703887e+03,1.866535413120000078e-06
3.945667819058422992e+03,1.874848151719999922e-06
3.946632058423142098e+03,1.897276175119999900e-06
3.947596297787861204e+03,1.866533594140000080e-06
3.948560537152580764e+03,1.878504301520000015e-06
3.949524776517299870e+03,1.806068879960000072e-06
3.950489015882018975e+03,1.804575497379999945e-06
3.951453255246738081e+03,1.840307540499999965e-06
3.952417494611457641e+03,1.855801612139999940e-06
3.953381733976176747e+03,1.896763222760000087e-06
3.954345973340895853e+03,1.863641415939999924e-06
3.955310212705615413e+03,1.878755320759999928e-06
3.956274452070334519e+03,1.910594746679999925e-06
3.957238691435053624e+03,1.965457002460000038e-06
3.958202930799772730e+03,1.994002255600000145e-06
3.959167170164492290e+03,1.990689893020000065e-06
3.960131409529211396e+03,1.977820609519999929e-06
3.961095648893930502e+03,2.020264688839999793e-06
3.962059888258649607e+03,2.060047600420000072e-06
3.963024127623369168e+03,2.023748035540000093e-06
3.963988366988088274e+03,2.091121235760000133e-06
3.964952606352807379e+03,2.047978668119999831e-06
3.965916845717526940e+03,2.075685371479999877e-06
3.966881085082246045e+03,2.109411079660000168e-06
3.967845324446965151e+03,2.173366416459999832e-06
3.968809563811684257e+03,2.160675392999999907e-06
3.969773803176403817e+03,2.221209228420000044e-06
3.970738042541122923e+03,2.229196369600000063e-06
3.971702281905842028e+03,2.264568254679999877e-06
3.972666521270561134e+03,2.236985241960000107e-06
3.973630760635280694e+03,2.293873841459999926e-06
3.974594999999999800e+03,2.285590206540000047e-06
