4.576770000000000209e+02,8.910000000000000142e-01
4.586123120290259862e+02,8.900000000000000133e-01
4.595476240580519516e+02,8.900000000000000133e-01
4.604829360870778601e+02,8.880000000000000115e-01
4.614182481161038254e+02,8.870000000000000107e-01
4.623535601451297907e+02,8.870000000000000107e-01
4.632888721741557561e+02,8.850000000000000089e-01
4.642241842031817214e+02,8.850000000000000089e-01
4.651594962322076867e+02,8.840000000000000080e-01
4.660948082612336520e+02,8.840000000000000080e-01
4.670301202902595605e+02,8.820000000000000062e-01
4.679654323192855259e+02,8.790000000000000036e-01
4.689007443483114912e+02,8.780000000000000027e-01
4.698360563773374565e+02,8.770000000000000018e-01
4.707713684063634219e+02,8.750000000000000000e-01
4.717066804353893303e+02,8.739999999999999991e-01
4.726419924644152957e+02,8.719999999999999973e-01
4.735773044934412610e+02,8.719999999999999973e-01
4.745126165224672263e+02,8.709999999999999964e-01
4.754479285514931917e+02,8.709999999999999964e-01
4.763832405805191570e+02,8.689999999999999947e-01
4.773185526095451223e+02,8.679999999999999938e-01
4.782538646385710308e+02,8.679999999999999938e-01
4.791891766675969961e+02,8.659999999999999920e-01
4.801244886966229615e+02,8.659999999999999920e-01
4.810598007256489268e+02,8.659999999999999920e-01
4.819951127546748921e+02,8.659999999999999920e-01
4.829304247837008006e+02,8.679999999999999938e-01
4.838657368127267659e+02,8.719999999999999973e-01
4.848010488417527313e+02,8.739999999999999991e-01
4.857363608707786966e+02,8.750000000000000000e-01
4.866716728998046619e+02,8.780000000000000027e-01
4.876069849288306273e+02,8.790000000000000036e-01
4.885422969578565926e+02,8.820000000000000062e-01
4.894776089868825011e+02,8.850000000000000089e-01
4.904129210159084664e+02,8.880000000000000115e-01
4.913482330449344317e+02,8.910000000000000142e-01
4.922835450739603971e+02,8.940000000000000169e-01
4.932188571029863624e+02,9.000000000000000222e-01
4.941541691320122709e+02,9.010000000000000231e-01
4.950894811610382362e+02,9.010000000000000231e-01
4.960247931900642016e+02,9.030000000000000249e-01
4.969601052190901669e+02,9.040000000000000258e-01
4.978954172481161322e+02,9.060000000000000275e-01
4.988307292771420975e+02,9.100000000000000311e-01
4.997660413061680629e+02,9.130000000000000338e-01
5.007013533351939714e+02,9.160000000000000364e-01
5.016366653642199367e+02,9.190000000000000391e-01
5.025719773932459020e+02,9.200000000000000400e-01
5.035072894222718674e+02,9.230000000000000426e-01
5.044426014512978327e+02,9.260000000000000453e-01
5.053779134803237412e+02,9.310000000000000497e-01
5.063132255093497065e+02,9.320000000000000506e-01
5.072485375383756718e+02,9.320000000000000506e-01
5.081838495674016372e+02,9.340000000000000524e-01
5.091191615964276025e+02,9.350000000000000533e-01
5.100544736254535678e+02,9.389999999999999458e-01
5.109897856544795332e+02,9.439999999999999503e-01
5.119250976835054416e+02,9.449999999999999512e-01
5.128604097125314638e+02,9.469999999999999529e-01
5.137957217415573723e+02,9.479999999999999538e-01
5.147310337705832808e+02,9.499999999999999556e-01
5.156663457996093030e+02,9.509999999999999565e-01
5.166016578286352114e+02,9.529999999999999583e-01
5.175369698576612336e+02,9.539999999999999591e-01
5.184722818866871421e+02,9.559999999999999609e-01
5.194075939157130506e+02,9.569999999999999618e-01
5.203429059447390728e+02,9.589999999999999636e-01
5.212782179737649813e+02,9.599999999999999645e-01
5.222135300027910034e+02,9.609999999999999654e-01
5.231488420318169119e+02,9.629999999999999671e-01
5.240841540608429341e+02,9.639999999999999680e-01
5.250194660898688426e+02,9.659999999999999698e-01
5.259547781188948647e+02,9.669999999999999707e-01
5.268900901479207732e+02,9.669999999999999707e-01
5.278254021769466817e+02,9.689999999999999725e-01
5.287607142059727039e+02,9.699999999999999734e-01
5.296960262349986124e+02,9.719999999999999751e-01
5.306313382640246346e+02,9.719999999999999751e-01
5.315666502930505430e+02,9.729999999999999760e-01
5.325019623220764515e+02,9.749999999999999778e-01
5.334372743511024737e+02,9.759999999999999787e-01
5.343725863801283822e+02,9.759999999999999787e-01
5.353078984091544044e+02,9.759999999999999787e-01
5.362432104381803128e+02,9.759999999999999787e-01
5.371785224672062213e+02,9.779999999999999805e-01
5.381138344962322435e+02,9.779999999999999805e-01
5.390491465252581520e+02,9.779999999999999805e-01
5.399844585542841742e+02,9.789999999999999813e-01
5.409197705833100827e+02,9.789999999999999813e-01
5.418550826123359911e+02,9.789999999999999813e-01
5.427903946413620133e+02,9.789999999999999813e-01
5.437257066703879218e+02,9.789999999999999813e-01
5.446610186994139440e+02,9.789999999999999813e-01
5.455963307284398525e+02,9.789999999999999813e-01
5.465316427574658746e+02,9.789999999999999813e-01
5.474669547864917831e+02,9.789999999999999813e-01
5.484022668155178053e+02,9.789999999999999813e-01
5.493375788445437138e+02,9.789999999999999813e-01
5.502728908735696223e+02,9.789999999999999813e-01
5.512082029025956444e+02,9.799999999999999822e-01
5.521435149316215529e+02,9.819999999999999840e-01
5.530788269606475751e+02,9.819999999999999840e-01
5.540141389896734836e+02,9.829999999999999849e-01
5.549494510186993921e+02,9.829999999999999849e-01
5.558847630477254143e+02,9.849999999999999867e-01
5.568200750767513227e+02,9.849999999999999867e-01
5.577553871057773449e+02,9.859999999999999876e-01
5.586906991348032534e+02,9.859999999999999876e-01
5.596260111638291619e+02,9.859999999999999876e-01
5.605613231928551841e+02,9.879999999999999893e-01
5.614966352218810925e+02,9.879999999999999893e-01
5.624319472509071147e+02,9.889999999999999902e-01
5.633672592799330232e+02,9.889999999999999902e-01
5.643025713089589317e+02,9.889999999999999902e-01
5.652378833379849539e+02,9.889999999999999902e-01
5.661731953670108624e+02,9.889999999999999902e-01
5.671085073960368845e+02,9.889999999999999902e-01
5.680438194250627930e+02,9.889999999999999902e-01
5.689791314540888152e+02,9.889999999999999902e-01
5.699144434831147237e+02,9.889999999999999902e-01
5.708497555121407459e+02,9.889999999999999902e-01
5.717850675411666543e+02,9.889999999999999902e-01
5.727203795701925628e+02,9.889999999999999902e-01
5.736556915992185850e+02,9.889999999999999902e-01
5.745910036282444935e+02,9.889999999999999902e-01
5.755263156572705157e+02,9.879999999999999893e-01
5.764616276862964241e+02,9.889999999999999902e-01
5.773969397153223326e+02,9.889999999999999902e-01
5.783322517443483548e+02,9.889999999999999902e-01
5.792675637733742633e+02,9.889999999999999902e-01
5.802028758024002855e+02,9.889999999999999902e-01
5.811381878314261940e+02,9.909999999999999920e-01
5.820734998604521024e+02,9.909999999999999920e-01
5.830088118894781246e+02,9.909999999999999920e-01
5.839441239185040331e+02,9.909999999999999920e-01
5.848794359475300553e+02,9.909999999999999920e-01
5.858147479765559638e+02,9.919999999999999929e-01
5.867500600055818722e+02,9.919999999999999929e-01
5.876853720346078944e+02,9.919999999999999929e-01
5.886206840636339166e+02,9.919999999999999929e-01
5.895559960926598251e+02,9.919999999999999929e-01
5.904913081216857336e+02,9.919999999999999929e-01
5.914266201507117557e+02,9.919999999999999929e-01
5.923619321797376642e+02,9.919999999999999929e-01
5.932972442087636864e+02,9.919999999999999929e-01
5.942325562377895949e+02,9.919999999999999929e-01
5.951678682668155034e+02,9.919999999999999929e-01
5.961031802958415255e+02,9.919999999999999929e-01
5.970384923248674340e+02,9.919999999999999929e-01
5.979738043538934562e+02,9.919999999999999929e-01
5.989091163829193647e+02,9.919999999999999929e-01
5.998444284119452732e+02,9.919999999999999929e-01
6.007797404409712954e+02,9.919999999999999929e-01
6.017150524699972038e+02,9.919999999999999929e-01
6.026503644990232260e+02,9.919999999999999929e-01
6.035856765280491345e+02,9.919999999999999929e-01
6.045209885570750430e+02,9.939999999999999947e-01
6.054563005861010652e+02,9.939999999999999947e-01
6.063916126151269737e+02,9.939999999999999947e-01
6.073269246441529958e+02,9.939999999999999947e-01
6.082622366731789043e+02,9.939999999999999947e-01
6.091975487022048128e+02,9.939999999999999947e-01
6.101328607312308350e+02,9.939999999999999947e-01
6.110681727602568571e+02,9.939999999999999947e-01
6.120034847892827656e+02,9.939999999999999947e-01
6.129387968183086741e+02,9.919999999999999929e-01
6.138741088473346963e+02,9.919999999999999929e-01
6.148094208763606048e+02,9.919999999999999929e-01
6.157447329053866270e+02,9.919999999999999929e-01
6.166800449344125354e+02,9.919999999999999929e-01
6.176153569634384439e+02,9.919999999999999929e-01
6.185506689924644661e+02,9.939999999999999947e-01
6.194859810214903746e+02,9.919999999999999929e-01
6.204212930505163968e+02,9.919999999999999929e-01
6.213566050795423052e+02,9.919999999999999929e-01
6.222919171085682137e+02,9.919999999999999929e-01
6.232272291375942359e+02,9.919999999999999929e-01
6.241625411666201444e+02,9.919999999999999929e-01
6.250978531956461666e+02,9.919999999999999929e-01
6.260331652246720751e+02,9.919999999999999929e-01
6.269684772536979835e+02,9.919999999999999929e-01
6.279037892827240057e+02,9.919999999999999929e-01
6.288391013117499142e+02,9.939999999999999947e-01
6.297744133407759364e+02,9.949999999999999956e-01
6.307097253698018449e+02,9.949999999999999956e-01
6.316450373988277533e+02,9.949999999999999956e-01
6.325803494278537755e+02,9.969999999999999973e-01
6.335156614568797977e+02,9.969999999999999973e-01
6.344509734859057062e+02,9.969999999999999973e-01
6.353862855149316147e+02,9.969999999999999973e-01
6.363215975439576368e+02,9.979999999999999982e-01
6.372569095729835453e+02,9.979999999999999982e-01
6.381922216020095675e+02,9.979999999999999982e-01
6.391275336310354760e+02,1.000000000000000000e+00
6.400628456600613845e+02,1.000000000000000000e+00
6.409981576890874067e+02,1.000000000000000000e+00
6.419334697181133151e+02,1.000000000000000000e+00
6.428687817471393373e+02,1.000000000000000000e+00
6.438040937761652458e+02,1.000000000000000000e+00
6.447394058051911543e+02,1.000000000000000000e+00
6.456747178342171765e+02,1.000000000000000000e+00
6.466100298632430849e+02,1.000000000000000000e+00
6.475453418922691071e+02,1.000000000000000000e+00
6.484806539212950156e+02,1.000000000000000000e+00
6.494159659503209241e+02,1.000000000000000000e+00
6.503512779793469463e+02,9.979999999999999982e-01
6.512865900083728548e+02,9.979999999999999982e-01
6.522219020373988769e+02,9.979999999999999982e-01
6.531572140664247854e+02,9.979999999999999982e-01
6.540925260954506939e+02,9.979999999999999982e-01
6.550278381244767161e+02,9.979999999999999982e-01
6.559631501535027382e+02,9.979999999999999982e-01
6.568984621825286467e+02,9.979999999999999982e-01
6.578337742115545552e+02,9.979999999999999982e-01
6.587690862405805774e+02,9.979999999999999982e-01
6.597043982696064859e+02,9.979999999999999982e-01
6.606397102986325081e+02,9.979999999999999982e-01
6.615750223276584165e+02,9.969999999999999973e-01
6.625103343566843250e+02,9.969999999999999973e-01
6.634456463857103472e+02,9.969999999999999973e-01
6.643809584147362557e+02,9.969999999999999973e-01
6.653162704437622779e+02,9.969999999999999973e-01
6.662515824727881864e+02,9.969999999999999973e-01
6.671868945018140948e+02,9.979999999999999982e-01
6.681222065308401170e+02,9.979999999999999982e-01
6.690575185598660255e+02,1.000000000000000000e+00
6.699928305888920477e+02,1.000000000000000000e+00
6.709281426179179562e+02,1.000000000000000000e+00
6.718634546469438646e+02,1.000999999999999890e+00
6.727987666759698868e+02,1.000999999999999890e+00
6.737340787049957953e+02,1.000999999999999890e+00
6.746693907340218175e+02,1.000999999999999890e+00
6.756047027630477260e+02,1.000999999999999890e+00
6.765400147920736345e+02,1.000999999999999890e+00
6.774753268210996566e+02,1.002000000000000002e+00
6.784106388501256788e+02,1.002000000000000002e+00
6.793459508791515873e+02,1.002000000000000002e+00
6.802812629081774958e+02,1.002000000000000002e+00
6.812165749372035179e+02,1.002000000000000002e+00
6.821518869662294264e+02,1.002000000000000002e+00
6.830871989952554486e+02,1.002000000000000002e+00
6.840225110242813571e+02,1.000999999999999890e+00
6.849578230533072656e+02,1.000999999999999890e+00
6.858931350823332878e+02,1.000999999999999890e+00
6.868284471113591962e+02,1.000000000000000000e+00
6.877637591403852184e+02,1.000000000000000000e+00
6.886990711694111269e+02,1.000000000000000000e+00
6.896343831984370354e+02,1.000000000000000000e+00
6.905696952274630576e+02,9.979999999999999982e-01
6.915050072564889660e+02,9.979999999999999982e-01
6.924403192855149882e+02,9.979999999999999982e-01
6.933756313145408967e+02,9.979999999999999982e-01
6.943109433435668052e+02,9.969999999999999973e-01
6.952462553725928274e+02,9.969999999999999973e-01
6.961815674016187359e+02,9.969999999999999973e-01
6.971168794306447580e+02,9.949999999999999956e-01
6.980521914596706665e+02,9.949999999999999956e-01
6.989875034886965750e+02,9.939999999999999947e-01
6.999228155177225972e+02,9.939999999999999947e-01
7.008581275467486194e+02,9.939999999999999947e-01
7.017934395757745278e+02,9.919999999999999929e-01
7.027287516048004363e+02,9.909999999999999920e-01
7.036640636338264585e+02,9.909999999999999920e-01
7.045993756628523670e+02,9.909999999999999920e-01
7.055346876918783892e+02,9.889999999999999902e-01
7.064699997209042976e+02,9.889999999999999902e-01
7.074053117499302061e+02,9.879999999999999893e-01
7.083406237789562283e+02,9.879999999999999893e-01
7.092759358079821368e+02,9.859999999999999876e-01
7.102112478370081590e+02,9.859999999999999876e-01
7.111465598660340675e+02,9.849999999999999867e-01
7.120818718950599759e+02,9.849999999999999867e-01
7.130171839240859981e+02,9.819999999999999840e-01
7.139524959531120203e+02,9.799999999999999822e-01
7.148878079821379288e+02,9.789999999999999813e-01
7.158231200111638373e+02,9.779999999999999805e-01
7.167584320401897457e+02,9.749999999999999778e-01
7.176937440692157679e+02,9.729999999999999760e-01
7.186290560982417901e+02,9.719999999999999751e-01
7.195643681272676986e+02,9.689999999999999725e-01
7.204996801562936071e+02,9.599999999999999645e-01
7.214349921853195156e+02,9.439999999999999503e-01
7.223703042143455377e+02,9.409999999999999476e-01
7.233056162433715599e+02,9.409999999999999476e-01
7.242409282723974684e+02,9.389999999999999458e-01
7.251762403014233769e+02,9.389999999999999458e-01
7.261115523304492854e+02,9.370000000000000551e-01
7.270468643594753075e+02,9.370000000000000551e-01
7.279821763885013297e+02,9.350000000000000533e-01
7.289174884175272382e+02,9.340000000000000524e-01
7.298528004465531467e+02,9.340000000000000524e-01
7.307881124755791689e+02,9.320000000000000506e-01
7.317234245046050773e+02,9.180000000000000382e-01
7.326587365336310995e+02,9.150000000000000355e-01
7.335940485626570080e+02,9.150000000000000355e-01
7.345293605916829165e+02,9.130000000000000338e-01
7.354646726207089387e+02,9.100000000000000311e-01
7.363999846497349608e+02,9.070000000000000284e-01
7.373352966787608693e+02,9.030000000000000249e-01
7.382706087077867778e+02,8.940000000000000169e-01
7.392059207368126863e+02,8.820000000000000062e-01
7.401412327658387085e+02,8.750000000000000000e-01
7.410765447948647306e+02,8.679999999999999938e-01
7.420118568238906391e+02,8.549999999999999822e-01
7.429471688529165476e+02,8.429999999999999716e-01
7.438824808819424561e+02,8.339999999999999636e-01
7.448177929109684783e+02,8.279999999999999583e-01
7.457531049399945005e+02,8.121000000000000441e-01
7.466884169690204089e+02,7.971000000000000307e-01
7.476237289980463174e+02,7.860000000000000320e-01
7.485590410270722259e+02,7.800000000000000266e-01
7.494943530560982481e+02,7.830000000000000293e-01
7.504296650851242703e+02,7.870000000000000329e-01
7.513649771141501787e+02,7.950000000000000400e-01
7.523002891431760872e+02,8.000000000000000444e-01
7.532356011722021094e+02,8.050000000000000488e-01
7.541709132012280179e+02,8.080000000000000515e-01
7.551062252302540401e+02,8.179999999999999494e-01
7.560415372592799486e+02,8.249999999999999556e-01
7.569768492883058570e+02,8.279999999999999583e-01
7.579121613173318792e+02,8.279999999999999583e-01
7.588474733463579014e+02,8.299999999999999600e-01
7.597827853753838099e+02,8.309999999999999609e-01
7.607180974044097184e+02,8.379999999999999671e-01
7.616534094334356269e+02,8.529999999999999805e-01
7.625887214624616490e+02,8.241000000000000547e-01
7.635240334914876712e+02,8.209999999999999520e-01
7.644593455205135797e+02,8.219999999999999529e-01
7.653946575495394882e+02,8.249999999999999556e-01
7.663299695785653967e+02,8.309999999999999609e-01
7.672652816075914188e+02,8.339999999999999636e-01
7.682005936366174410e+02,8.409999999999999698e-01
7.691359056656433495e+02,8.559999999999999831e-01
7.700712176946692580e+02,8.969000000000000306e-01
7.710065297236951665e+02,9.130000000000000338e-01
7.719418417527211886e+02,9.280000000000000471e-01
7.728771537817472108e+02,9.409999999999999476e-01
7.738124658107731193e+02,9.529999999999999583e-01
7.747477778397990278e+02,9.589999999999999636e-01
7.756830898688250500e+02,9.669999999999999707e-01
7.766184018978509584e+02,9.669999999999999707e-01
7.775537139268769806e+02,9.749999999999999778e-01
7.784890259559028891e+02,9.749999999999999778e-01
7.794243379849287976e+02,9.759999999999999787e-01
7.803596500139548198e+02,9.779999999999999805e-01
7.812949620429808419e+02,9.779999999999999805e-01
7.822302740720067504e+02,9.779999999999999805e-01
7.831655861010326589e+02,9.789999999999999813e-01
7.841008981300585674e+02,9.789999999999999813e-01
7.850362101590845896e+02,9.789999999999999813e-01
7.859715221881106118e+02,9.779999999999999805e-01
7.869068342171365202e+02,9.779999999999999805e-01
7.878421462461624287e+02,9.779999999999999805e-01
7.887774582751883372e+02,9.779999999999999805e-01
7.897127703042143594e+02,9.749999999999999778e-01
7.906480823332403816e+02,9.719999999999999751e-01
7.915833943622662900e+02,9.699999999999999734e-01
7.925187063912921985e+02,9.669999999999999707e-01
7.934540184203181070e+02,9.639999999999999680e-01
7.943893304493441292e+02,9.599999999999999645e-01
7.953246424783701514e+02,9.559999999999999609e-01
7.962599545073960599e+02,9.469999999999999529e-01
7.971952665364219683e+02,9.389999999999999458e-01
7.981305785654479905e+02,9.370000000000000551e-01
7.990658905944738990e+02,9.310000000000000497e-01
8.000012026234999212e+02,9.250000000000000444e-01
8.009365146525258297e+02,9.150000000000000355e-01
8.018718266815517381e+02,9.090000000000000302e-01
8.028071387105777603e+02,9.070000000000000284e-01
8.037424507396037825e+02,9.060000000000000275e-01
8.046777627686296910e+02,9.040000000000000258e-01
8.056130747976555995e+02,9.030000000000000249e-01
8.065483868266815080e+02,9.010000000000000231e-01
8.074836988557075301e+02,9.000000000000000222e-01
8.084190108847335523e+02,8.980000000000000204e-01
8.093543229137594608e+02,8.970000000000000195e-01
8.102896349427853693e+02,8.960000000000000187e-01
8.112249469718112778e+02,8.940000000000000169e-01
8.121602590008372999e+02,8.930000000000000160e-01
8.130955710298633221e+02,8.910000000000000142e-01
8.140308830588892306e+02,8.910000000000000142e-01
8.149661950879151391e+02,8.930000000000000160e-01
8.159015071169410476e+02,8.930000000000000160e-01
8.168368191459670697e+02,8.960000000000000187e-01
8.177721311749930919e+02,8.980000000000000204e-01
8.187074432040190004e+02,9.010000000000000231e-01
8.196427552330449089e+02,9.040000000000000258e-01
8.205780672620709311e+02,9.070000000000000284e-01
8.215133792910968396e+02,9.100000000000000311e-01
8.224486913201228617e+02,9.070000000000000284e-01
8.233840033491487702e+02,9.070000000000000284e-01
8.243193153781746787e+02,9.070000000000000284e-01
8.252546274072007009e+02,9.070000000000000284e-01
8.261899394362267230e+02,9.090000000000000302e-01
8.271252514652526315e+02,9.090000000000000302e-01
8.280605634942785400e+02,9.100000000000000311e-01
8.289958755233044485e+02,9.150000000000000355e-01
8.299311875523304707e+02,9.180000000000000382e-01
8.308664995813564929e+02,9.200000000000000400e-01
8.318018116103824013e+02,9.250000000000000444e-01
8.327371236394083098e+02,9.389999999999999458e-01
8.336724356684342183e+02,9.439999999999999503e-01
8.346077476974602405e+02,9.479999999999999538e-01
8.355430597264862627e+02,9.569999999999999618e-01
8.364783717555121711e+02,9.659999999999999698e-01
8.374136837845380796e+02,9.699999999999999734e-01
8.383489958135639881e+02,9.789999999999999813e-01
8.392843078425900103e+02,9.799999999999999822e-01
8.402196198716160325e+02,9.889999999999999902e-01
8.411549319006419410e+02,1.000999999999999890e+00
8.420902439296678494e+02,1.002000000000000002e+00
8.430255559586938716e+02,1.004000000000000004e+00
8.439608679877197801e+02,1.004999999999999893e+00
8.448961800167458023e+02,1.008000000000000007e+00
8.458314920457717108e+02,1.010000000000000009e+00
8.467668040747976193e+02,1.010999999999999899e+00
8.477021161038236414e+02,1.012999999999999901e+00
8.486374281328496636e+02,1.012999999999999901e+00
8.495727401618755721e+02,1.014000000000000012e+00
8.505080521909014806e+02,1.016999999999999904e+00
8.514433642199273891e+02,1.016999999999999904e+00
8.523786762489534112e+02,1.016999999999999904e+00
8.533139882779794334e+02,1.018999999999999906e+00
8.542493003070053419e+02,1.018999999999999906e+00
8.551846123360312504e+02,1.020000000000000018e+00
8.561199243650571589e+02,1.020000000000000018e+00
8.570552363940831810e+02,1.020000000000000018e+00
8.579905484231092032e+02,1.020000000000000018e+00
8.589258604521351117e+02,1.020000000000000018e+00
8.598611724811610202e+02,1.020000000000000018e+00
8.607964845101869287e+02,1.020000000000000018e+00
8.617317965392129508e+02,1.020999999999999908e+00
8.626671085682389730e+02,1.020999999999999908e+00
8.636024205972648815e+02,1.020999999999999908e+00
8.645377326262907900e+02,1.020999999999999908e+00
8.654730446553168122e+02,1.020999999999999908e+00
8.664083566843427207e+02,1.020999999999999908e+00
8.673436687133687428e+02,1.022999999999999909e+00
8.682789807423946513e+02,1.022999999999999909e+00
8.692142927714205598e+02,1.022999999999999909e+00
8.701496048004465820e+02,1.022999999999999909e+00
8.710849168294726041e+02,1.022999999999999909e+00
8.720202288584985126e+02,1.022999999999999909e+00
8.729555408875244211e+02,1.022999999999999909e+00
8.738908529165503296e+02,1.022999999999999909e+00
8.748261649455763518e+02,1.022999999999999909e+00
8.757614769746023740e+02,1.022999999999999909e+00
8.766967890036282824e+02,1.022999999999999909e+00
8.776321010326541909e+02,1.022999999999999909e+00
8.785674130616800994e+02,1.022999999999999909e+00
8.795027250907061216e+02,1.020999999999999908e+00
8.804380371197321438e+02,1.020999999999999908e+00
8.813733491487580523e+02,1.020999999999999908e+00
8.823086611777839607e+02,1.020000000000000018e+00
8.832439732068098692e+02,1.020000000000000018e+00
8.841792852358358914e+02,1.018999999999999906e+00
8.851145972648619136e+02,1.018999999999999906e+00
8.860499092938878221e+02,1.016999999999999904e+00
8.869852213229137305e+02,1.016999999999999904e+00
8.879205333519397527e+02,1.016000000000000014e+00
8.888558453809656612e+02,1.016999999999999904e+00
8.897911574099916834e+02,1.014000000000000012e+00
8.907264694390175919e+02,1.014000000000000012e+00
8.916617814680435004e+02,1.012999999999999901e+00
8.925970934970695225e+02,1.010999999999999899e+00
8.935324055260955447e+02,1.010999999999999899e+00
8.944677175551214532e+02,1.010000000000000009e+00
8.954030295841473617e+02,1.008000000000000007e+00
8.963383416131732702e+02,1.008000000000000007e+00
8.972736536421992923e+02,1.006999999999999895e+00
8.982089656712253145e+02,1.004999999999999893e+00
8.991442777002512230e+02,1.004000000000000004e+00
9.000795897292771315e+02,1.000999999999999890e+00
9.010149017583030400e+02,9.969999999999999973e-01
9.019502137873290621e+02,9.919999999999999929e-01
9.028855258163550843e+02,9.849999999999999867e-01
9.038208378453809928e+02,9.799999999999999822e-01
9.047561498744069013e+02,9.779999999999999805e-01
9.056914619034328098e+02,9.699999999999999734e-01
9.066267739324588320e+02,9.639999999999999680e-01
9.075620859614848541e+02,9.559999999999999609e-01
9.084973979905107626e+02,9.409999999999999476e-01
9.094327100195366711e+02,9.310000000000000497e-01
9.103680220485626933e+02,9.190000000000000391e-01
9.113033340775886018e+02,9.070000000000000284e-01
9.122386461066146239e+02,9.000000000000000222e-01
9.131739581356405324e+02,8.960000000000000187e-01
9.141092701646664409e+02,8.910000000000000142e-01
9.150445821936924631e+02,8.880000000000000115e-01
9.159798942227184853e+02,8.840000000000000080e-01
9.169152062517443937e+02,8.780000000000000027e-01
9.178505182807703022e+02,8.739999999999999991e-01
9.187858303097962107e+02,8.719999999999999973e-01
9.197211423388222329e+02,8.649999999999999911e-01
9.206564543678482551e+02,8.569999999999999840e-01
9.215917663968741635e+02,8.499999999999999778e-01
9.225270784259000720e+02,8.459999999999999742e-01
9.234623904549259805e+02,8.359999999999999654e-01
9.243977024839520027e+02,8.329999999999999627e-01
9.253330145129780249e+02,8.299999999999999600e-01
9.262683265420039334e+02,8.159999999999999476e-01
9.272036385710298418e+02,8.050000000000000488e-01
9.281389506000557503e+02,7.920000000000000373e-01
9.290742626290817725e+02,7.550000000000000044e-01
9.300095746581077947e+02,7.369999999999999885e-01
9.309448866871337032e+02,7.179999999999999716e-01
9.318801987161596116e+02,7.149999999999999689e-01
9.328155107451856338e+02,6.821000000000000396e-01
9.337508227742115423e+02,6.581000000000000183e-01
9.346861348032375645e+02,6.379000000000000226e-01
9.356214468322634730e+02,5.938999999999999835e-01
9.365567588612893815e+02,5.490000000000000435e-01
9.374920708903154036e+02,5.410000000000000364e-01
9.384273829193414258e+02,5.320000000000000284e-01
9.393626949483673343e+02,5.240000000000000213e-01
9.402980069773932428e+02,5.190000000000000169e-01
9.412333190064191513e+02,5.160000000000000142e-01
9.421686310354451734e+02,5.130000000000000115e-01
9.431039430644711956e+02,5.120000000000000107e-01
9.440392550934971041e+02,5.060000000000000053e-01
9.449745671225230126e+02,5.030000000000000027e-01
9.459098791515489211e+02,4.959999999999999964e-01
9.468451911805749432e+02,4.909999999999999920e-01
9.477805032096009654e+02,4.889999999999999902e-01
9.487158152386268739e+02,4.839999999999999858e-01
9.496511272676527824e+02,4.769999999999999796e-01
9.505864392966788046e+02,4.689999999999999725e-01
9.515217513257047131e+02,4.620000000000000218e-01
9.524570633547307352e+02,4.490000000000000102e-01
9.533923753837566437e+02,4.460000000000000075e-01
9.543276874127825522e+02,4.460000000000000075e-01
9.552629994418085744e+02,4.480000000000000093e-01
9.561983114708345965e+02,4.500000000000000111e-01
9.571336234998605050e+02,4.580000000000000182e-01
9.580689355288864135e+02,4.670000000000000262e-01
9.590042475579123220e+02,4.709999999999999742e-01
9.599395595869383442e+02,5.119000000000000217e-01
9.608748716159643664e+02,5.130000000000000115e-01
9.618101836449902748e+02,5.090000000000000080e-01
9.627454956740161833e+02,5.060000000000000053e-01
9.636808077030420918e+02,5.030000000000000027e-01
9.646161197320681140e+02,5.030000000000000027e-01
9.655514317610941362e+02,5.050000000000000044e-01
9.664867437901200447e+02,5.080000000000000071e-01
9.674220558191459531e+02,5.210000000000000187e-01
9.683573678481718616e+02,5.370000000000000329e-01
9.692926798771978838e+02,5.440000000000000391e-01
9.702279919062239060e+02,6.157000000000000250e-01
9.711633039352498145e+02,6.319000000000000172e-01
9.720986159642757229e+02,6.510000000000000231e-01
9.730339279933017451e+02,6.790000000000000480e-01
9.739692400223276536e+02,7.169999999999999707e-01
9.749045520513536758e+02,7.510000000000000009e-01
9.758398640803795843e+02,7.840000000000000302e-01
9.767751761094054928e+02,8.208999999999999631e-01
9.777104881384315149e+02,8.269999999999999574e-01
9.786458001674574234e+02,8.808000000000000274e-01
9.795811121964834456e+02,9.099000000000000421e-01
9.805164242255093541e+02,9.278999999999999471e-01
9.814517362545353762e+02,9.379999999999999449e-01
9.823870482835612847e+02,9.559999999999999609e-01
9.833223603125871932e+02,9.719999999999999751e-01
9.842576723416132154e+02,9.759999999999999787e-01
9.851929843706391239e+02,9.799999999999999822e-01
9.861282963996651461e+02,9.829999999999999849e-01
9.870636084286910545e+02,9.859999999999999876e-01
9.879989204577169630e+02,9.909999999999999920e-01
9.889342324867429852e+02,9.919999999999999929e-01
9.898695445157688937e+02,9.949999999999999956e-01
9.908048565447949159e+02,1.000999999999999890e+00
9.917401685738208243e+02,1.000999999999999890e+00
9.926754806028468465e+02,1.002000000000000002e+00
9.936107926318727550e+02,1.004000000000000004e+00
9.945461046608986635e+02,1.004999999999999893e+00
9.954814166899246857e+02,1.006999999999999895e+00
9.964167287189505942e+02,1.006999999999999895e+00
9.973520407479766163e+02,1.008000000000000007e+00
9.982873527770025248e+02,1.008000000000000007e+00
9.992226648060284333e+02,1.010000000000000009e+00
1.000157976835054455e+03,1.010000000000000009e+00
1.001093288864080364e+03,1.010000000000000009e+00
1.002028600893106386e+03,1.010000000000000009e+00
1.002963912922132295e+03,1.010000000000000009e+00
1.003899224951158317e+03,1.008000000000000007e+00
1.004834536980184225e+03,1.008000000000000007e+00
1.005769849009210134e+03,1.008000000000000007e+00
1.006705161038236156e+03,1.008000000000000007e+00
1.007640473067262064e+03,1.006999999999999895e+00
1.008575785096288087e+03,1.006999999999999895e+00
1.009511097125313995e+03,1.006999999999999895e+00
1.010446409154339904e+03,1.008000000000000007e+00
1.011381721183365926e+03,1.008000000000000007e+00
1.012317033212391834e+03,1.008000000000000007e+00
1.013252345241417856e+03,1.006999999999999895e+00
1.014187657270443765e+03,1.006999999999999895e+00
1.015122969299469787e+03,1.006999999999999895e+00
1.016058281328495696e+03,1.004000000000000004e+00
1.016993593357521604e+03,1.004000000000000004e+00
1.017928905386547626e+03,1.004000000000000004e+00
1.018864217415573535e+03,1.002000000000000002e+00
1.019799529444599557e+03,1.000999999999999890e+00
1.020734841473625465e+03,1.000999999999999890e+00
1.021670153502651374e+03,1.000000000000000000e+00
1.022605465531677396e+03,1.000000000000000000e+00
1.023540777560703305e+03,9.979999999999999982e-01
1.024476089589729327e+03,9.979999999999999982e-01
1.025411401618755235e+03,9.969999999999999973e-01
1.026346713647781144e+03,9.949999999999999956e-01
1.027282025676807280e+03,9.949999999999999956e-01
1.028217337705832961e+03,9.939999999999999947e-01
1.029152649734859096e+03,9.919999999999999929e-01
1.030087961763885005e+03,9.909999999999999920e-01
1.031023273792910913e+03,9.859999999999999876e-01
1.031958585821937049e+03,9.799999999999999822e-01
1.032893897850962730e+03,9.779999999999999805e-01
1.033829209879988866e+03,9.759999999999999787e-01
1.034764521909014775e+03,9.719999999999999751e-01
1.035699833938040683e+03,9.669999999999999707e-01
1.036635145967066819e+03,9.629999999999999671e-01
1.037570457996092728e+03,9.589999999999999636e-01
1.038505770025118636e+03,9.559999999999999609e-01
1.039441082054144545e+03,9.529999999999999583e-01
1.040376394083170453e+03,9.350000000000000533e-01
1.041311706112196589e+03,9.280000000000000471e-01
1.042247018141222497e+03,9.220000000000000417e-01
1.043182330170248406e+03,9.100000000000000311e-01
1.044117642199274314e+03,8.930000000000000160e-01
1.045052954228300223e+03,8.780000000000000027e-01
1.045988266257326359e+03,8.739999999999999991e-01
1.046923578286352267e+03,8.679999999999999938e-01
1.047858890315378176e+03,8.519999999999999796e-01
1.048794202344404312e+03,8.409999999999999698e-01
1.049729514373429993e+03,8.299999999999999600e-01
1.050664826402456129e+03,8.050000000000000488e-01
1.051600138431482037e+03,7.890000000000000346e-01
1.052535450460507946e+03,7.640000000000000124e-01
1.053470762489534081e+03,7.459999999999999964e-01
1.054406074518559763e+03,7.419999999999999929e-01
1.055341386547585898e+03,7.369999999999999885e-01
1.056276698576611807e+03,7.149999999999999689e-01
1.057212010605637715e+03,7.039999999999999591e-01
1.058147322634663851e+03,6.850000000000000533e-01
1.059082634663689532e+03,6.720000000000000417e-01
1.060017946692715668e+03,6.580000000000000293e-01
1.060953258721741577e+03,6.470000000000000195e-01
1.061888570750767485e+03,6.250000000000000000e-01
1.062823882779793621e+03,6.250000000000000000e-01
1.063759194808819302e+03,6.169999999999999929e-01
1.064694506837845438e+03,6.059999999999999831e-01
1.065629818866871346e+03,5.939999999999999725e-01
1.066565130895897255e+03,5.839999999999999636e-01
1.067500442924923391e+03,5.729999999999999538e-01
1.068435754953949072e+03,5.649999999999999467e-01
1.069371066982975208e+03,5.500000000000000444e-01
1.070306379012001116e+03,5.370000000000000329e-01
1.071241691041027025e+03,5.340000000000000302e-01
1.072177003070053161e+03,5.350000000000000311e-01
1.073112315099078842e+03,5.430000000000000382e-01
1.074047627128104978e+03,5.440000000000000391e-01
1.074982939157130886e+03,5.460000000000000409e-01
1.075918251186156795e+03,5.470000000000000417e-01
1.076853563215182930e+03,5.490000000000000435e-01
1.077788875244208612e+03,5.500000000000000444e-01
1.078724187273234747e+03,5.510000000000000453e-01
1.079659499302260656e+03,5.570000000000000506e-01
1.080594811331286564e+03,5.620000000000000551e-01
1.081530123360312700e+03,5.629999999999999449e-01
1.082465435389338609e+03,5.659999999999999476e-01
1.083400747418364517e+03,5.709999999999999520e-01
1.084336059447390426e+03,5.729999999999999538e-01
1.085271371476416334e+03,5.759999999999999565e-01
1.086206683505442470e+03,5.779999999999999583e-01
1.087141995534468379e+03,5.789999999999999591e-01
1.088077307563494287e+03,5.839999999999999636e-01
1.089012619592520196e+03,5.879999999999999671e-01
1.089947931621546104e+03,5.919999999999999707e-01
1.090883243650572240e+03,6.169000000000000039e-01
1.091818555679598148e+03,6.310000000000000053e-01
1.092753867708624057e+03,6.439000000000000279e-01
1.093689179737650193e+03,6.580000000000000293e-01
1.094624491766675874e+03,6.690000000000000391e-01
1.095559803795702010e+03,6.850000000000000533e-01
1.096495115824727918e+03,7.009999999999999565e-01
1.097430427853753827e+03,7.079999999999999627e-01
1.098365739882779962e+03,7.139999999999999680e-01
1.099301051911805644e+03,7.169999999999999707e-01
1.100236363940831779e+03,7.289999999999999813e-01
1.101171675969857688e+03,7.459000000000000075e-01
1.102106987998883596e+03,7.520000000000000018e-01
1.103042300027909732e+03,7.520000000000000018e-01
1.103977612056935413e+03,7.520000000000000018e-01
1.104912924085961549e+03,7.510000000000000009e-01
1.105848236114987458e+03,7.489999999999999991e-01
1.106783548144013366e+03,7.479999999999999982e-01
1.107718860173039502e+03,7.459999999999999964e-01
1.108654172202065183e+03,7.429999999999999938e-01
1.109589484231091319e+03,7.389999999999999902e-01
1.110524796260117228e+03,7.389999999999999902e-01
1.111460108289143136e+03,7.339999999999999858e-01
1.112395420318169272e+03,7.319999999999999840e-01
1.113330732347194953e+03,7.269999999999999796e-01
1.114266044376221089e+03,7.229999999999999760e-01
1.115201356405246997e+03,7.199999999999999734e-01
1.116136668434272906e+03,7.109999999999999654e-01
1.117071980463299042e+03,6.989999999999999547e-01
1.118007292492324723e+03,6.909999999999999476e-01
1.118942604521350859e+03,6.850000000000000533e-01
1.119877916550376767e+03,6.800000000000000488e-01
1.120813228579402676e+03,6.760000000000000453e-01
1.121748540608428812e+03,6.480000000000000204e-01
1.122683852637454493e+03,6.420000000000000151e-01
1.123619164666480629e+03,6.320000000000000062e-01
1.124554476695506537e+03,6.310000000000000053e-01
1.125489788724532445e+03,6.159999999999999920e-01
1.126425100753558581e+03,6.099999999999999867e-01
1.127360412782584490e+03,6.029999999999999805e-01
1.128295724811610398e+03,5.949999999999999734e-01
1.129231036840636307e+03,5.939999999999999725e-01
1.130166348869662215e+03,5.819999999999999618e-01
1.131101660898688351e+03,5.749999999999999556e-01
1.132036972927714260e+03,5.689999999999999503e-01
1.132972284956740168e+03,5.629999999999999449e-01
1.133907596985766077e+03,5.600000000000000533e-01
1.134842909014791985e+03,5.490000000000000435e-01
1.135778221043818121e+03,5.370000000000000329e-01
1.136713533072844029e+03,5.270000000000000240e-01
1.137648845101869938e+03,5.190000000000000169e-01
1.138584157130896074e+03,5.150000000000000133e-01
1.139519469159921755e+03,5.080000000000000071e-01
1.140454781188947891e+03,4.989999999999999991e-01
1.141390093217973799e+03,4.909999999999999920e-01
1.142325405246999708e+03,4.839999999999999858e-01
1.143260717276025844e+03,4.739999999999999769e-01
1.144196029305051525e+03,4.719999999999999751e-01
1.145131341334077661e+03,4.610000000000000209e-01
1.146066653363103569e+03,4.480000000000000093e-01
1.147001965392129478e+03,4.460000000000000075e-01
1.147937277421155613e+03,4.420000000000000040e-01
1.148872589450181295e+03,4.369999999999999996e-01
1.149807901479207430e+03,4.309999999999999942e-01
1.150743213508233339e+03,4.269999999999999907e-01
1.151678525537259247e+03,4.209999999999999853e-01
1.152613837566285383e+03,4.179999999999999827e-01
1.153549149595311064e+03,4.199999999999999845e-01
1.154484461624337200e+03,4.229999999999999871e-01
1.155419773653363109e+03,4.269999999999999907e-01
1.156355085682389017e+03,4.279999999999999916e-01
1.157290397711415153e+03,4.339999999999999969e-01
1.158225709740440834e+03,4.369999999999999996e-01
1.159161021769466970e+03,4.460000000000000075e-01
1.160096333798492878e+03,4.480000000000000093e-01
1.161031645827518787e+03,4.560000000000000164e-01
1.161966957856544923e+03,4.610000000000000209e-01
1.162902269885570604e+03,4.640000000000000235e-01
1.163837581914596740e+03,4.689999999999999725e-01
1.164772893943622648e+03,4.859999999999999876e-01
1.165708205972648557e+03,5.020000000000000018e-01
1.166643518001674693e+03,5.120000000000000107e-01
1.167578830030700374e+03,5.220000000000000195e-01
1.168514142059726510e+03,5.300000000000000266e-01
1.169449454088752418e+03,5.310000000000000275e-01
1.170384766117778327e+03,5.370000000000000329e-01
1.171320078146804462e+03,5.490000000000000435e-01
1.172255390175830371e+03,5.719999999999999529e-01
1.173190702204856279e+03,5.779999999999999583e-01
1.174126014233882188e+03,6.009999999999999787e-01
1.175061326262908096e+03,6.189999999999999947e-01
1.175996638291934232e+03,6.310000000000000053e-01
1.176931950320960141e+03,6.360000000000000098e-01
1.177867262349986049e+03,6.470000000000000195e-01
1.178802574379012185e+03,6.540000000000000258e-01
1.179737886408037866e+03,6.640000000000000346e-01
1.180673198437064002e+03,6.770000000000000462e-01
1.181608510466089911e+03,6.929999999999999494e-01
1.182543822495115819e+03,7.039999999999999591e-01
1.183479134524141955e+03,7.209999999999999742e-01
1.184414446553167636e+03,7.579000000000000181e-01
1.185349758582193772e+03,7.750000000000000222e-01
1.186285070611219680e+03,7.840000000000000302e-01
1.187220382640245589e+03,8.000000000000000444e-01
1.188155694669271725e+03,8.149999999999999467e-01
1.189091006698297406e+03,8.299999999999999600e-01
1.190026318727323542e+03,8.359999999999999654e-01
1.190961630756349450e+03,8.489999999999999769e-01
1.191896942785375359e+03,8.850000000000000089e-01
1.192832254814401495e+03,8.910000000000000142e-01
1.193767566843427176e+03,9.000000000000000222e-01
1.194702878872453311e+03,9.120000000000000329e-01
1.195638190901479220e+03,9.180000000000000382e-01
1.196573502930505128e+03,9.190000000000000391e-01
1.197508814959531264e+03,9.230000000000000426e-01
1.198444126988556945e+03,9.290000000000000480e-01
1.199379439017583081e+03,9.340000000000000524e-01
1.200314751046608990e+03,9.370000000000000551e-01
1.201250063075634898e+03,9.409999999999999476e-01
1.202185375104661034e+03,9.409999999999999476e-01
1.203120687133686715e+03,9.439999999999999503e-01
1.204055999162712851e+03,9.469999999999999529e-01
1.204991311191738760e+03,9.469999999999999529e-01
1.205926623220764668e+03,9.479999999999999538e-01
1.206861935249790804e+03,9.479999999999999538e-01
1.207797247278816485e+03,9.479999999999999538e-01
1.208732559307842621e+03,9.479999999999999538e-01
1.209667871336868529e+03,9.469999999999999529e-01
1.210603183365894438e+03,9.469999999999999529e-01
1.211538495394920574e+03,9.439999999999999503e-01
1.212473807423946482e+03,9.409999999999999476e-01
1.213409119452972391e+03,9.350000000000000533e-01
1.214344431481998299e+03,9.340000000000000524e-01
1.215279743511024208e+03,9.310000000000000497e-01
1.216215055540050344e+03,9.200000000000000400e-01
1.217150367569076252e+03,9.150000000000000355e-01
1.218085679598102161e+03,9.120000000000000329e-01
1.219020991627128069e+03,9.090000000000000302e-01
1.219956303656153977e+03,8.970000000000000195e-01
1.220891615685180113e+03,8.930000000000000160e-01
1.221826927714206022e+03,8.810000000000000053e-01
1.222762239743231930e+03,8.750000000000000000e-01
1.223697551772258066e+03,8.689999999999999947e-01
1.224632863801283747e+03,8.679999999999999938e-01
1.225568175830309883e+03,8.519999999999999796e-01
1.226503487859335792e+03,8.399999999999999689e-01
1.227438799888361700e+03,8.279999999999999583e-01
1.228374111917387836e+03,8.080000000000000515e-01
1.229309423946413517e+03,7.970000000000000417e-01
1.230244735975439653e+03,7.840000000000000302e-01
1.231180048004465561e+03,7.680000000000000160e-01
1.232115360033491470e+03,7.430999999999999828e-01
1.233050672062517606e+03,7.319999999999999840e-01
1.233985984091543287e+03,7.199999999999999734e-01
1.234921296120569423e+03,7.169999999999999707e-01
1.235856608149595331e+03,7.069999999999999618e-01
1.236791920178621240e+03,6.919999999999999485e-01
1.237727232207647376e+03,6.770000000000000462e-01
1.238662544236673057e+03,6.700000000000000400e-01
1.239597856265699193e+03,6.630000000000000338e-01
1.240533168294725101e+03,6.550000000000000266e-01
1.241468480323751010e+03,6.450000000000000178e-01
1.242403792352777145e+03,6.440000000000000169e-01
1.243339104381802827e+03,6.410000000000000142e-01
1.244274416410828962e+03,6.390000000000000124e-01
1.245209728439854871e+03,6.360000000000000098e-01
1.246145040468880779e+03,6.320000000000000062e-01
1.247080352497906915e+03,6.280000000000000027e-01
1.248015664526932596e+03,6.219999999999999973e-01
1.248950976555958732e+03,6.159999999999999920e-01
1.249886288584984641e+03,5.919999999999999707e-01
1.250821600614010549e+03,5.691000000000000503e-01
1.251756912643036685e+03,5.649999999999999467e-01
1.252692224672062366e+03,5.679999999999999494e-01
1.253627536701088502e+03,5.709999999999999520e-01
1.254562848730114411e+03,5.749999999999999556e-01
1.255498160759140319e+03,5.809999999999999609e-01
1.256433472788166455e+03,5.879999999999999671e-01
1.257368784817192363e+03,5.919999999999999707e-01
1.258304096846218272e+03,5.999999999999999778e-01
1.259239408875244180e+03,6.009999999999999787e-01
1.260174720904270089e+03,6.029999999999999805e-01
1.261110032933296225e+03,6.039999999999999813e-01
1.262045344962322133e+03,6.069999999999999840e-01
1.262980656991348042e+03,6.159999999999999920e-01
1.263915969020373950e+03,6.159999999999999920e-01
1.264851281049399859e+03,6.219999999999999973e-01
1.265786593078425994e+03,6.290000000000000036e-01
1.266721905107451903e+03,6.320000000000000062e-01
1.267657217136477811e+03,6.380000000000000115e-01
1.268592529165503947e+03,6.450000000000000178e-01
1.269527841194529628e+03,6.530000000000000249e-01
1.270463153223555764e+03,6.758999999999999453e-01
1.271398465252581673e+03,7.099999999999999645e-01
1.272333777281607581e+03,7.099999999999999645e-01
1.273269089310633717e+03,7.259999999999999787e-01
1.274204401339659398e+03,7.429999999999999938e-01
1.275139713368685534e+03,7.520000000000000018e-01
1.276075025397711443e+03,7.590000000000000080e-01
1.277010337426737351e+03,7.680000000000000160e-01
1.277945649455763487e+03,7.780000000000000249e-01
1.278880961484789168e+03,7.860000000000000320e-01
1.279816273513815304e+03,7.970000000000000417e-01
1.280751585542841212e+03,8.051000000000000378e-01
1.281686897571867121e+03,8.239999999999999547e-01
1.282622209600893257e+03,8.429999999999999716e-01
1.283557521629918938e+03,8.569999999999999840e-01
1.284492833658945074e+03,8.750000000000000000e-01
1.285428145687970982e+03,8.910000000000000142e-01
1.286363457716996891e+03,8.960000000000000187e-01
1.287298769746023027e+03,9.060000000000000275e-01
1.288234081775048708e+03,9.090000000000000302e-01
1.289169393804074844e+03,9.100000000000000311e-01
1.290104705833100752e+03,9.120000000000000329e-01
1.291040017862126660e+03,9.180000000000000382e-01
1.291975329891152796e+03,9.220000000000000417e-01
1.292910641920178477e+03,9.310000000000000497e-01
1.293845953949204613e+03,9.320000000000000506e-01
1.294781265978230522e+03,9.350000000000000533e-01
1.295716578007256430e+03,9.370000000000000551e-01
1.296651890036282566e+03,9.379999999999999449e-01
1.297587202065308247e+03,9.379999999999999449e-01
1.298522514094334383e+03,9.389999999999999458e-01
1.299457826123360292e+03,9.409999999999999476e-01
1.300393138152386200e+03,9.409999999999999476e-01
1.301328450181412336e+03,9.419999999999999485e-01
1.302263762210438244e+03,9.419999999999999485e-01
1.303199074239464153e+03,9.419999999999999485e-01
1.304134386268490061e+03,9.419999999999999485e-01
1.305069698297515970e+03,9.419999999999999485e-01
1.306005010326542106e+03,9.409999999999999476e-01
1.306940322355568014e+03,9.409999999999999476e-01
1.307875634384593923e+03,9.389999999999999458e-01
1.308810946413619831e+03,9.389999999999999458e-01
1.309746258442645740e+03,9.379999999999999449e-01
1.310681570471671876e+03,9.379999999999999449e-01
1.311616882500697784e+03,9.370000000000000551e-01
1.312552194529723693e+03,9.370000000000000551e-01
1.313487506558749828e+03,9.340000000000000524e-01
1.314422818587775510e+03,9.320000000000000506e-01
1.315358130616801645e+03,9.320000000000000506e-01
1.316293442645827554e+03,9.260000000000000453e-01
1.317228754674853462e+03,9.250000000000000444e-01
1.318164066703879598e+03,9.220000000000000417e-01
1.319099378732905279e+03,9.200000000000000400e-01
1.320034690761931415e+03,9.120000000000000329e-01
1.320970002790957324e+03,9.100000000000000311e-01
1.321905314819983232e+03,9.070000000000000284e-01
1.322840626849009368e+03,9.040000000000000258e-01
1.323775938878035049e+03,9.010000000000000231e-01
1.324711250907061185e+03,8.980000000000000204e-01
1.325646562936087093e+03,8.960000000000000187e-01
1.326581874965113002e+03,8.910000000000000142e-01
1.327517186994139138e+03,8.810000000000000053e-01
1.328452499023164819e+03,8.750000000000000000e-01
1.329387811052190955e+03,8.719999999999999973e-01
1.330323123081216863e+03,8.689999999999999947e-01
1.331258435110242772e+03,8.659999999999999920e-01
1.332193747139268908e+03,8.589999999999999858e-01
1.333129059168294589e+03,8.529999999999999805e-01
1.334064371197320725e+03,8.489999999999999769e-01
1.334999683226346633e+03,8.409999999999999698e-01
1.335934995255372542e+03,8.359999999999999654e-01
1.336870307284398677e+03,8.329999999999999627e-01
1.337805619313424359e+03,8.309999999999999609e-01
1.338740931342450494e+03,8.219999999999999529e-01
1.339676243371476403e+03,8.179999999999999494e-01
1.340611555400502311e+03,8.139999999999999458e-01
1.341546867429528447e+03,8.090000000000000524e-01
1.342482179458554128e+03,8.050000000000000488e-01
1.343417491487580264e+03,8.000000000000000444e-01
1.344352803516606173e+03,7.950000000000000400e-01
1.345288115545632081e+03,7.930000000000000382e-01
1.346223427574658217e+03,7.920000000000000373e-01
1.347158739603684126e+03,7.840000000000000302e-01
1.348094051632710034e+03,7.810000000000000275e-01
1.349029363661735943e+03,7.780000000000000249e-01
1.349964675690761851e+03,7.740000000000000213e-01
1.350899987719787987e+03,7.710000000000000187e-01
1.351835299748813895e+03,7.670000000000000151e-01
1.352770611777839804e+03,7.640000000000000124e-01
1.353705923806865712e+03,7.590000000000000080e-01
1.354641235835891621e+03,7.550000000000000044e-01
1.355576547864917757e+03,7.489999999999999991e-01
1.356511859893943665e+03,7.419999999999999929e-01
1.357447171922969574e+03,7.369999999999999885e-01
1.358382483951995710e+03,7.269999999999999796e-01
1.359317795981021391e+03,7.239999999999999769e-01
1.360253108010047526e+03,7.149999999999999689e-01
1.361188420039073435e+03,7.049999999999999600e-01
1.362123732068099343e+03,6.929999999999999494e-01
1.363059044097125479e+03,6.860000000000000542e-01
1.363994356126151160e+03,6.740000000000000435e-01
1.364929668155177296e+03,6.630000000000000338e-01
1.365864980184203205e+03,6.570000000000000284e-01
1.366800292213229113e+03,6.470000000000000195e-01
1.367735604242255249e+03,6.290000000000000036e-01
1.368670916271280930e+03,6.189999999999999947e-01
1.369606228300307066e+03,6.099999999999999867e-01
1.370541540329332975e+03,6.009999999999999787e-01
1.371476852358358883e+03,5.749999999999999556e-01
1.372412164387385019e+03,5.500000000000000444e-01
1.373347476416410700e+03,5.370000000000000329e-01
1.374282788445436836e+03,4.899999999999999911e-01
1.375218100474462744e+03,4.839999999999999858e-01
1.376153412503488653e+03,4.779999999999999805e-01
1.377088724532514789e+03,4.580000000000000182e-01
1.378024036561540470e+03,4.490000000000000102e-01
1.378959348590566606e+03,4.420000000000000040e-01
1.379894660619592514e+03,4.269999999999999907e-01
1.380829972648618423e+03,4.169999999999999818e-01
1.381765284677644559e+03,4.050000000000000266e-01
1.382700596706670240e+03,3.820999999999999952e-01
1.383635908735696376e+03,3.790000000000000036e-01
1.384571220764722284e+03,3.800000000000000044e-01
1.385506532793748192e+03,3.820000000000000062e-01
1.386441844822774328e+03,3.900000000000000133e-01
1.387377156851800009e+03,3.950000000000000178e-01
1.388312468880826145e+03,3.980000000000000204e-01
1.389247780909852054e+03,3.990000000000000213e-01
1.390183092938877962e+03,4.020000000000000240e-01
1.391118404967904098e+03,4.040000000000000258e-01
1.392053716996930007e+03,4.040000000000000258e-01
1.392989029025955915e+03,4.040000000000000258e-01
1.393924341054981824e+03,4.040000000000000258e-01
1.394859653084007732e+03,4.050000000000000266e-01
1.395794965113033868e+03,4.079999999999999738e-01
1.396730277142059776e+03,4.109999999999999765e-01
1.397665589171085685e+03,4.209999999999999853e-01
1.398600901200111593e+03,4.359999999999999987e-01
1.399536213229137502e+03,4.420000000000000040e-01
1.400471525258163638e+03,4.580000000000000182e-01
1.401406837287189546e+03,4.929000000000000048e-01
1.402342149316215455e+03,5.380000000000000338e-01
1.403277461345241591e+03,5.431000000000000272e-01
1.404212773374267272e+03,5.651000000000000467e-01
1.405148085403293408e+03,5.920999999999999597e-01
1.406083397432319316e+03,6.310000000000000053e-01
1.407018709461345225e+03,6.450000000000000178e-01
1.407954021490371360e+03,6.630000000000000338e-01
1.408889333519397042e+03,6.790000000000000480e-01
1.409824645548423177e+03,6.929999999999999494e-01
1.410759957577449086e+03,7.099999999999999645e-01
1.411695269606474994e+03,7.430999999999999828e-01
1.412630581635501130e+03,7.590000000000000080e-01
1.413565893664526811e+03,7.740000000000000213e-01
1.414501205693552947e+03,7.800000000000000266e-01
1.415436517722578856e+03,7.950000000000000400e-01
1.416371829751604764e+03,8.060000000000000497e-01
1.417307141780630900e+03,8.159999999999999476e-01
1.418242453809656581e+03,8.309999999999999609e-01
1.419177765838682717e+03,8.359999999999999654e-01
1.420113077867708625e+03,8.459999999999999742e-01
1.421048389896734534e+03,8.519999999999999796e-01
1.421983701925760670e+03,8.569999999999999840e-01
1.422919013954786351e+03,8.719999999999999973e-01
1.423854325983812487e+03,8.739999999999999991e-01
1.424789638012838395e+03,8.820000000000000062e-01
1.425724950041864304e+03,8.850000000000000089e-01
1.426660262070890440e+03,8.870000000000000107e-01
1.427595574099916121e+03,8.880000000000000115e-01
1.428530886128942257e+03,8.900000000000000133e-01
1.429466198157968165e+03,8.900000000000000133e-01
1.430401510186994074e+03,8.910000000000000142e-01
1.431336822216020209e+03,8.910000000000000142e-01
1.432272134245046118e+03,8.930000000000000160e-01
1.433207446274072026e+03,8.930000000000000160e-01
1.434142758303097935e+03,8.930000000000000160e-01
1.435078070332123843e+03,8.910000000000000142e-01
1.436013382361149979e+03,8.910000000000000142e-01
1.436948694390175888e+03,8.900000000000000133e-01
1.437884006419201796e+03,8.880000000000000115e-01
1.438819318448227705e+03,8.880000000000000115e-01
1.439754630477253613e+03,8.850000000000000089e-01
1.440689942506279749e+03,8.820000000000000062e-01
1.441625254535305658e+03,8.780000000000000027e-01
1.442560566564331566e+03,8.750000000000000000e-01
1.443495878593357702e+03,8.719999999999999973e-01
1.444431190622383383e+03,8.709999999999999964e-01
1.445366502651409519e+03,8.689999999999999947e-01
1.446301814680435427e+03,8.659999999999999920e-01
1.447237126709461336e+03,8.629999999999999893e-01
1.448172438738487472e+03,8.599999999999999867e-01
1.449107750767513153e+03,8.589999999999999858e-01
1.450043062796539289e+03,8.559999999999999831e-01
1.450978374825565197e+03,8.529999999999999805e-01
1.451913686854591106e+03,8.489999999999999769e-01
1.452848998883617242e+03,8.429999999999999716e-01
1.453784310912642923e+03,8.369999999999999662e-01
1.454719622941669058e+03,8.329999999999999627e-01
1.455654934970694967e+03,8.269999999999999574e-01
1.456590246999720875e+03,8.139999999999999458e-01
1.457525559028747011e+03,8.030000000000000471e-01
1.458460871057772692e+03,7.960000000000000409e-01
1.459396183086798828e+03,7.950000000000000400e-01
1.460331495115824737e+03,7.900000000000000355e-01
1.461266807144850645e+03,7.650000000000000133e-01
1.462202119173876781e+03,7.610000000000000098e-01
1.463137431202902462e+03,7.489999999999999991e-01
1.464072743231928598e+03,7.449999999999999956e-01
1.465008055260954507e+03,7.389999999999999902e-01
1.465943367289980415e+03,7.269999999999999796e-01
1.466878679319006551e+03,7.649000000000000243e-01
1.467813991348032232e+03,7.961000000000000298e-01
1.468749303377058368e+03,8.369999999999999662e-01
1.469684615406084276e+03,8.429999999999999716e-01
1.470619927435110185e+03,8.429999999999999716e-01
1.471555239464136321e+03,8.329999999999999627e-01
1.472490551493162002e+03,8.149999999999999467e-01
1.473425863522188138e+03,7.710000000000000187e-01
1.474361175551214046e+03,7.489999999999999991e-01
1.475296487580239955e+03,7.269999999999999796e-01
1.476231799609266091e+03,7.199999999999999734e-01
1.477167111638291999e+03,7.270999999999999686e-01
1.478102423667317908e+03,7.641000000000000014e-01
1.479037735696343816e+03,8.189999999999999503e-01
1.479973047725369725e+03,8.409999999999999698e-01
1.480908359754395860e+03,8.529999999999999805e-01
1.481843671783421541e+03,8.559999999999999831e-01
1.482778983812447677e+03,8.589999999999999858e-01
1.483714295841473813e+03,8.599999999999999867e-01
1.484649607870499494e+03,8.619999999999999885e-01
1.485584919899525630e+03,8.629999999999999893e-01
1.486520231928551311e+03,8.659999999999999920e-01
1.487455543957577447e+03,8.679999999999999938e-01
1.488390855986603583e+03,8.719999999999999973e-01
1.489326168015629264e+03,8.739999999999999991e-01
1.490261480044655400e+03,8.780000000000000027e-01
1.491196792073681081e+03,8.820000000000000062e-01
1.492132104102707217e+03,8.870000000000000107e-01
1.493067416131733353e+03,8.960000000000000187e-01
1.494002728160759034e+03,8.960000000000000187e-01
1.494938040189785170e+03,9.030000000000000249e-01
1.495873352218810851e+03,9.090000000000000302e-01
1.496808664247836987e+03,9.150000000000000355e-01
1.497743976276863123e+03,9.200000000000000400e-01
1.498679288305888804e+03,9.310000000000000497e-01
1.499614600334914940e+03,9.320000000000000506e-01
1.500549912363940621e+03,9.350000000000000533e-01
1.501485224392966757e+03,9.370000000000000551e-01
1.502420536421992892e+03,9.419999999999999485e-01
1.503355848451018574e+03,9.479999999999999538e-01
1.504291160480044709e+03,9.569999999999999618e-01
1.505226472509070845e+03,9.589999999999999636e-01
1.506161784538096526e+03,9.629999999999999671e-01
1.507097096567122662e+03,9.659999999999999698e-01
1.508032408596148343e+03,9.729999999999999760e-01
1.508967720625174479e+03,9.729999999999999760e-01
1.509903032654200615e+03,9.749999999999999778e-01
1.510838344683226296e+03,9.759999999999999787e-01
1.511773656712252432e+03,9.759999999999999787e-01
1.512708968741278113e+03,9.779999999999999805e-01
1.513644280770304249e+03,9.789999999999999813e-01
1.514579592799330385e+03,9.799999999999999822e-01
1.515514904828356066e+03,9.799999999999999822e-01
1.516450216857382202e+03,9.819999999999999840e-01
1.517385528886407883e+03,9.829999999999999849e-01
1.518320840915434019e+03,9.829999999999999849e-01
1.519256152944460155e+03,9.849999999999999867e-01
1.520191464973485836e+03,9.859999999999999876e-01
1.521126777002511972e+03,9.859999999999999876e-01
1.522062089031537653e+03,9.879999999999999893e-01
1.522997401060563789e+03,9.879999999999999893e-01
1.523932713089589924e+03,9.879999999999999893e-01
1.524868025118615606e+03,9.879999999999999893e-01
1.525803337147641741e+03,9.889999999999999902e-01
1.526738649176667423e+03,9.889999999999999902e-01
1.527673961205693558e+03,9.889999999999999902e-01
1.528609273234719694e+03,9.889999999999999902e-01
1.529544585263745375e+03,9.889999999999999902e-01
1.530479897292771511e+03,9.909999999999999920e-01
1.531415209321797192e+03,9.909999999999999920e-01
1.532350521350823328e+03,9.909999999999999920e-01
1.533285833379849464e+03,9.909999999999999920e-01
1.534221145408875145e+03,9.909999999999999920e-01
1.535156457437901281e+03,9.889999999999999902e-01
1.536091769466926962e+03,9.889999999999999902e-01
1.537027081495953098e+03,9.889999999999999902e-01
1.537962393524979234e+03,9.889999999999999902e-01
1.538897705554004915e+03,9.889999999999999902e-01
1.539833017583031051e+03,9.889999999999999902e-01
1.540768329612056732e+03,9.909999999999999920e-01
1.541703641641082868e+03,9.909999999999999920e-01
1.542638953670109004e+03,9.909999999999999920e-01
1.543574265699134685e+03,9.909999999999999920e-01
1.544509577728160821e+03,9.919999999999999929e-01
1.545444889757186502e+03,9.919999999999999929e-01
1.546380201786212638e+03,9.919999999999999929e-01
1.547315513815238774e+03,9.919999999999999929e-01
1.548250825844264455e+03,9.939999999999999947e-01
1.549186137873290591e+03,9.939999999999999947e-01
1.550121449902316726e+03,9.939999999999999947e-01
1.551056761931342407e+03,9.939999999999999947e-01
1.551992073960368543e+03,9.939999999999999947e-01
1.552927385989394224e+03,9.949999999999999956e-01
1.553862698018420360e+03,9.949999999999999956e-01
1.554798010047446496e+03,9.969999999999999973e-01
1.555733322076472177e+03,9.969999999999999973e-01
1.556668634105498313e+03,9.969999999999999973e-01
1.557603946134523994e+03,9.969999999999999973e-01
1.558539258163550130e+03,9.969999999999999973e-01
1.559474570192576266e+03,9.969999999999999973e-01
1.560409882221601947e+03,9.969999999999999973e-01
1.561345194250628083e+03,9.969999999999999973e-01
1.562280506279653764e+03,9.969999999999999973e-01
1.563215818308679900e+03,9.969999999999999973e-01
1.564151130337706036e+03,9.969999999999999973e-01
1.565086442366731717e+03,9.949999999999999956e-01
1.566021754395757853e+03,9.949999999999999956e-01
1.566957066424783534e+03,9.949999999999999956e-01
1.567892378453809670e+03,9.939999999999999947e-01
1.568827690482835806e+03,9.939999999999999947e-01
1.569763002511861487e+03,9.939999999999999947e-01
1.570698314540887623e+03,9.949999999999999956e-01
1.571633626569913304e+03,9.949999999999999956e-01
1.572568938598939440e+03,9.949999999999999956e-01
1.573504250627965575e+03,9.949999999999999956e-01
1.574439562656991257e+03,9.949999999999999956e-01
1.575374874686017392e+03,9.949999999999999956e-01
1.576310186715043073e+03,9.949999999999999956e-01
1.577245498744069209e+03,9.949999999999999956e-01
1.578180810773095345e+03,9.949999999999999956e-01
1.579116122802121026e+03,9.949999999999999956e-01
1.580051434831147162e+03,9.949999999999999956e-01
1.580986746860172843e+03,9.949999999999999956e-01
1.581922058889198979e+03,9.949999999999999956e-01
1.582857370918225115e+03,9.949999999999999956e-01
1.583792682947250796e+03,9.949999999999999956e-01
1.584727994976276932e+03,9.939999999999999947e-01
1.585663307005302613e+03,9.939999999999999947e-01
1.586598619034328749e+03,9.939999999999999947e-01
1.587533931063354885e+03,9.919999999999999929e-01
1.588469243092380566e+03,9.919999999999999929e-01
1.589404555121406702e+03,9.919999999999999929e-01
1.590339867150432383e+03,9.919999999999999929e-01
1.591275179179458519e+03,9.919999999999999929e-01
1.592210491208484655e+03,9.919999999999999929e-01
1.593145803237510336e+03,9.919999999999999929e-01
1.594081115266536472e+03,9.919999999999999929e-01
1.595016427295562607e+03,9.919999999999999929e-01
1.595951739324588289e+03,9.919999999999999929e-01
1.596887051353614424e+03,9.919999999999999929e-01
1.597822363382640106e+03,9.919999999999999929e-01
1.598757675411666241e+03,9.919999999999999929e-01
1.599692987440692377e+03,9.919999999999999929e-01
1.600628299469718058e+03,9.919999999999999929e-01
1.601563611498744194e+03,9.919999999999999929e-01
1.602498923527769875e+03,9.919999999999999929e-01
1.603434235556796011e+03,9.919999999999999929e-01
1.604369547585822147e+03,9.919999999999999929e-01
1.605304859614847828e+03,9.919999999999999929e-01
1.606240171643873964e+03,9.909999999999999920e-01
1.607175483672899645e+03,9.909999999999999920e-01
1.608110795701925781e+03,9.909999999999999920e-01
1.609046107730951917e+03,9.889999999999999902e-01
1.609981419759977598e+03,9.909999999999999920e-01
1.610916731789003734e+03,9.909999999999999920e-01
1.611852043818029415e+03,9.909999999999999920e-01
1.612787355847055551e+03,9.909999999999999920e-01
1.613722667876081687e+03,9.909999999999999920e-01
1.614657979905107368e+03,9.909999999999999920e-01
1.615593291934133504e+03,9.909999999999999920e-01
1.616528603963159185e+03,9.909999999999999920e-01
1.617463915992185321e+03,9.909999999999999920e-01
1.618399228021211457e+03,9.909999999999999920e-01
1.619334540050237138e+03,9.909999999999999920e-01
1.620269852079263273e+03,9.909999999999999920e-01
1.621205164108288955e+03,9.889999999999999902e-01
1.622140476137315090e+03,9.889999999999999902e-01
1.623075788166341226e+03,9.889999999999999902e-01
1.624011100195366907e+03,9.889999999999999902e-01
1.624946412224393043e+03,9.879999999999999893e-01
1.625881724253418724e+03,9.879999999999999893e-01
1.626817036282444860e+03,9.879999999999999893e-01
1.627752348311470996e+03,9.859999999999999876e-01
1.628687660340496677e+03,9.859999999999999876e-01
1.629622972369522813e+03,9.849999999999999867e-01
1.630558284398548494e+03,9.849999999999999867e-01
1.631493596427574630e+03,9.849999999999999867e-01
1.632428908456600766e+03,9.849999999999999867e-01
1.633364220485626447e+03,9.829999999999999849e-01
1.634299532514652583e+03,9.829999999999999849e-01
1.635234844543678264e+03,9.829999999999999849e-01
1.636170156572704400e+03,9.829999999999999849e-01
1.637105468601730536e+03,9.829999999999999849e-01
1.638040780630756217e+03,9.819999999999999840e-01
1.638976092659782353e+03,9.779999999999999805e-01
1.639911404688808489e+03,9.779999999999999805e-01
1.640846716717834170e+03,9.779999999999999805e-01
1.641782028746860306e+03,9.759999999999999787e-01
1.642717340775885987e+03,9.759999999999999787e-01
1.643652652804912123e+03,9.749999999999999778e-01
1.644587964833938258e+03,9.759999999999999787e-01
1.645523276862963939e+03,9.759999999999999787e-01
1.646458588891990075e+03,9.779999999999999805e-01
1.647393900921015756e+03,9.819999999999999840e-01
1.648329212950041892e+03,9.819999999999999840e-01
1.649264524979068028e+03,9.779999999999999805e-01
1.650199837008093709e+03,9.789999999999999813e-01
1.651135149037119845e+03,9.799999999999999822e-01
1.652070461066145526e+03,9.819999999999999840e-01
1.653005773095171662e+03,9.829999999999999849e-01
1.653941085124197798e+03,9.859999999999999876e-01
1.654876397153223479e+03,9.859999999999999876e-01
1.655811709182249615e+03,9.829999999999999849e-01
1.656747021211275296e+03,9.799999999999999822e-01
1.657682333240301432e+03,9.789999999999999813e-01
1.658617645269327568e+03,9.789999999999999813e-01
1.659552957298353249e+03,9.789999999999999813e-01
1.660488269327379385e+03,9.789999999999999813e-01
1.661423581356405066e+03,9.799999999999999822e-01
1.662358893385431202e+03,9.819999999999999840e-01
1.663294205414457338e+03,9.829999999999999849e-01
1.664229517443483019e+03,9.829999999999999849e-01
1.665164829472509155e+03,9.819999999999999840e-01
1.666100141501534836e+03,9.829999999999999849e-01
1.667035453530560972e+03,9.829999999999999849e-01
1.667970765559587107e+03,9.829999999999999849e-01
1.668906077588612789e+03,9.849999999999999867e-01
1.669841389617638924e+03,9.859999999999999876e-01
1.670776701646664606e+03,9.859999999999999876e-01
1.671712013675690741e+03,9.859999999999999876e-01
1.672647325704716877e+03,9.859999999999999876e-01
1.673582637733742558e+03,9.859999999999999876e-01
1.674517949762768694e+03,9.879999999999999893e-01
1.675453261791794375e+03,9.879999999999999893e-01
1.676388573820820511e+03,9.889999999999999902e-01
1.677323885849846647e+03,9.889999999999999902e-01
1.678259197878872328e+03,9.879999999999999893e-01
1.679194509907898464e+03,9.879999999999999893e-01
1.680129821936924600e+03,9.879999999999999893e-01
1.681065133965950281e+03,9.889999999999999902e-01
1.682000445994976417e+03,9.919999999999999929e-01
1.682935758024002098e+03,9.939999999999999947e-01
1.683871070053028234e+03,9.949999999999999956e-01
1.684806382082054370e+03,1.000000000000000000e+00
1.685741694111080051e+03,1.000000000000000000e+00
1.686677006140106187e+03,9.969999999999999973e-01
1.687612318169131868e+03,9.939999999999999947e-01
1.688547630198158004e+03,9.919999999999999929e-01
1.689482942227184139e+03,9.909999999999999920e-01
1.690418254256209821e+03,9.909999999999999920e-01
1.691353566285235956e+03,9.889999999999999902e-01
1.692288878314261638e+03,9.889999999999999902e-01
1.693224190343287773e+03,9.889999999999999902e-01
1.694159502372313909e+03,9.909999999999999920e-01
1.695094814401339590e+03,9.919999999999999929e-01
1.696030126430365726e+03,9.949999999999999956e-01
1.696965438459391407e+03,9.969999999999999973e-01
1.697900750488417543e+03,9.979999999999999982e-01
1.698836062517443679e+03,9.979999999999999982e-01
1.699771374546469360e+03,9.979999999999999982e-01
1.700706686575495496e+03,9.979999999999999982e-01
1.701641998604521177e+03,9.969999999999999973e-01
1.702577310633547313e+03,9.949999999999999956e-01
1.703512622662573449e+03,9.939999999999999947e-01
1.704447934691599130e+03,9.919999999999999929e-01
1.705383246720625266e+03,9.919999999999999929e-01
1.706318558749650947e+03,9.919999999999999929e-01
1.707253870778677083e+03,9.919999999999999929e-01
1.708189182807703219e+03,9.909999999999999920e-01
1.709124494836728900e+03,9.909999999999999920e-01
1.710059806865755036e+03,9.909999999999999920e-01
1.710995118894780717e+03,9.889999999999999902e-01
1.711930430923806853e+03,9.889999999999999902e-01
1.712865742952832989e+03,9.889999999999999902e-01
1.713801054981858670e+03,9.909999999999999920e-01
1.714736367010884805e+03,9.909999999999999920e-01
1.715671679039910487e+03,9.919999999999999929e-01
1.716606991068936622e+03,9.919999999999999929e-01
1.717542303097962758e+03,9.939999999999999947e-01
1.718477615126988439e+03,9.939999999999999947e-01
1.719412927156014575e+03,9.919999999999999929e-01
1.720348239185040256e+03,9.909999999999999920e-01
1.721283551214066392e+03,9.909999999999999920e-01
1.722218863243092528e+03,9.889999999999999902e-01
1.723154175272118209e+03,9.859999999999999876e-01
1.724089487301144345e+03,9.859999999999999876e-01
1.725024799330170481e+03,9.859999999999999876e-01
1.725960111359196162e+03,9.859999999999999876e-01
1.726895423388222298e+03,9.859999999999999876e-01
1.727830735417247979e+03,9.859999999999999876e-01
1.728766047446274115e+03,9.859999999999999876e-01
1.729701359475300251e+03,9.879999999999999893e-01
1.730636671504325932e+03,9.879999999999999893e-01
1.731571983533352068e+03,9.879999999999999893e-01
1.732507295562377749e+03,9.879999999999999893e-01
1.733442607591403885e+03,9.889999999999999902e-01
1.734377919620430021e+03,9.909999999999999920e-01
1.735313231649455702e+03,9.909999999999999920e-01
1.736248543678481838e+03,9.889999999999999902e-01
1.737183855707507519e+03,9.879999999999999893e-01
1.738119167736533655e+03,9.879999999999999893e-01
1.739054479765559790e+03,9.879999999999999893e-01
1.739989791794585472e+03,9.879999999999999893e-01
1.740925103823611607e+03,9.879999999999999893e-01
1.741860415852637288e+03,9.859999999999999876e-01
1.742795727881663424e+03,9.849999999999999867e-01
1.743731039910689560e+03,9.849999999999999867e-01
1.744666351939715241e+03,9.859999999999999876e-01
1.745601663968741377e+03,9.859999999999999876e-01
1.746536975997767058e+03,9.859999999999999876e-01
1.747472288026793194e+03,9.849999999999999867e-01
1.748407600055819330e+03,9.849999999999999867e-01
1.749342912084845011e+03,9.849999999999999867e-01
1.750278224113871147e+03,9.849999999999999867e-01
1.751213536142896828e+03,9.819999999999999840e-01
1.752148848171922964e+03,9.799999999999999822e-01
1.753084160200949100e+03,9.789999999999999813e-01
1.754019472229974781e+03,9.789999999999999813e-01
1.754954784259000917e+03,9.789999999999999813e-01
1.755890096288026598e+03,9.789999999999999813e-01
1.756825408317052734e+03,9.789999999999999813e-01
1.757760720346078870e+03,9.779999999999999805e-01
1.758696032375104551e+03,9.779999999999999805e-01
1.759631344404130687e+03,9.779999999999999805e-01
1.760566656433156368e+03,9.779999999999999805e-01
1.761501968462182504e+03,9.789999999999999813e-01
1.762437280491208639e+03,9.789999999999999813e-01
1.763372592520234321e+03,9.789999999999999813e-01
1.764307904549260456e+03,9.779999999999999805e-01
1.765243216578286138e+03,9.759999999999999787e-01
1.766178528607312273e+03,9.759999999999999787e-01
1.767113840636338409e+03,9.759999999999999787e-01
1.768049152665364090e+03,9.759999999999999787e-01
1.768984464694390226e+03,9.759999999999999787e-01
1.769919776723416362e+03,9.779999999999999805e-01
1.770855088752442043e+03,9.779999999999999805e-01
1.771790400781468179e+03,9.779999999999999805e-01
1.772725712810493860e+03,9.779999999999999805e-01
1.773661024839519996e+03,9.779999999999999805e-01
1.774596336868546132e+03,9.779999999999999805e-01
1.775531648897571813e+03,9.779999999999999805e-01
1.776466960926597949e+03,9.779999999999999805e-01
1.777402272955623630e+03,9.779999999999999805e-01
1.778337584984649766e+03,9.779999999999999805e-01
1.779272897013675902e+03,9.779999999999999805e-01
1.780208209042701583e+03,9.779999999999999805e-01
1.781143521071727719e+03,9.789999999999999813e-01
1.782078833100753400e+03,9.789999999999999813e-01
1.783014145129779536e+03,9.789999999999999813e-01
1.783949457158805671e+03,9.799999999999999822e-01
1.784884769187831353e+03,9.789999999999999813e-01
1.785820081216857488e+03,9.789999999999999813e-01
1.786755393245883170e+03,9.799999999999999822e-01
1.787690705274909305e+03,9.829999999999999849e-01
1.788626017303935441e+03,9.849999999999999867e-01
1.789561329332961122e+03,9.849999999999999867e-01
1.790496641361987258e+03,9.859999999999999876e-01
1.791431953391012939e+03,9.879999999999999893e-01
1.792367265420039075e+03,9.879999999999999893e-01
1.793302577449065211e+03,9.879999999999999893e-01
1.794237889478090892e+03,9.889999999999999902e-01
1.795173201507117028e+03,9.889999999999999902e-01
1.796108513536142709e+03,9.889999999999999902e-01
1.797043825565168845e+03,9.889999999999999902e-01
1.797979137594194981e+03,9.889999999999999902e-01
1.798914449623220662e+03,9.889999999999999902e-01
1.799849761652246798e+03,9.889999999999999902e-01
1.800785073681272479e+03,9.879999999999999893e-01
1.801720385710298615e+03,9.879999999999999893e-01
1.802655697739324751e+03,9.879999999999999893e-01
1.803591009768350432e+03,9.879999999999999893e-01
1.804526321797376568e+03,9.879999999999999893e-01
1.805461633826402249e+03,9.879999999999999893e-01
1.806396945855428385e+03,9.879999999999999893e-01
1.807332257884454521e+03,9.879999999999999893e-01
1.808267569913480202e+03,9.879999999999999893e-01
1.809202881942506338e+03,9.889999999999999902e-01
1.810138193971532019e+03,9.889999999999999902e-01
1.811073506000558154e+03,9.889999999999999902e-01
1.812008818029584290e+03,9.889999999999999902e-01
1.812944130058609971e+03,9.889999999999999902e-01
1.813879442087636107e+03,9.889999999999999902e-01
1.814814754116662243e+03,9.889999999999999902e-01
1.815750066145687924e+03,9.889999999999999902e-01
1.816685378174714060e+03,9.889999999999999902e-01
1.817620690203739741e+03,9.889999999999999902e-01
1.818556002232765877e+03,9.889999999999999902e-01
1.819491314261792013e+03,9.889999999999999902e-01
1.820426626290817694e+03,9.889999999999999902e-01
1.821361938319843830e+03,9.879999999999999893e-01
1.822297250348869511e+03,9.879999999999999893e-01
1.823232562377895647e+03,9.879999999999999893e-01
1.824167874406921783e+03,9.879999999999999893e-01
1.825103186435947464e+03,9.879999999999999893e-01
1.826038498464973600e+03,9.879999999999999893e-01
1.826973810493999281e+03,9.879999999999999893e-01
1.827909122523025417e+03,9.859999999999999876e-01
1.828844434552051553e+03,9.879999999999999893e-01
1.829779746581077234e+03,9.879999999999999893e-01
1.830715058610103370e+03,9.859999999999999876e-01
1.831650370639129051e+03,9.859999999999999876e-01
1.832585682668155187e+03,9.859999999999999876e-01
1.833520994697181322e+03,9.859999999999999876e-01
1.834456306726207004e+03,9.859999999999999876e-01
1.835391618755233139e+03,9.859999999999999876e-01
1.836326930784258820e+03,9.859999999999999876e-01
1.837262242813284956e+03,9.849999999999999867e-01
1.838197554842311092e+03,9.849999999999999867e-01
1.839132866871336773e+03,9.849999999999999867e-01
1.840068178900362909e+03,9.849999999999999867e-01
1.841003490929388590e+03,9.849999999999999867e-01
1.841938802958414726e+03,9.849999999999999867e-01
1.842874114987440862e+03,9.879999999999999893e-01
1.843809427016466543e+03,9.889999999999999902e-01
1.844744739045492679e+03,9.909999999999999920e-01
1.845680051074518360e+03,9.909999999999999920e-01
1.846615363103544496e+03,9.889999999999999902e-01
1.847550675132570632e+03,9.889999999999999902e-01
1.848485987161596313e+03,9.879999999999999893e-01
1.849421299190622449e+03,9.879999999999999893e-01
1.850356611219648130e+03,9.859999999999999876e-01
1.851291923248674266e+03,9.859999999999999876e-01
1.852227235277700402e+03,9.849999999999999867e-01
1.853162547306726083e+03,9.849999999999999867e-01
1.854097859335752219e+03,9.849999999999999867e-01
1.855033171364777900e+03,9.849999999999999867e-01
1.855968483393804036e+03,9.849999999999999867e-01
1.856903795422830171e+03,9.849999999999999867e-01
1.857839107451855853e+03,9.849999999999999867e-01
1.858774419480881988e+03,9.849999999999999867e-01
1.859709731509908124e+03,9.849999999999999867e-01
1.860645043538933805e+03,9.849999999999999867e-01
1.861580355567959941e+03,9.849999999999999867e-01
1.862515667596985622e+03,9.849999999999999867e-01
1.863450979626011758e+03,9.849999999999999867e-01
1.864386291655037894e+03,9.849999999999999867e-01
1.865321603684063575e+03,9.849999999999999867e-01
1.866256915713089711e+03,9.859999999999999876e-01
1.867192227742115392e+03,9.879999999999999893e-01
1.868127539771141528e+03,9.879999999999999893e-01
1.869062851800167664e+03,9.879999999999999893e-01
1.869998163829193345e+03,9.859999999999999876e-01
1.870933475858219481e+03,9.849999999999999867e-01
1.871868787887245162e+03,9.849999999999999867e-01
1.872804099916271298e+03,9.819999999999999840e-01
1.873739411945297434e+03,9.819999999999999840e-01
1.874674723974323115e+03,9.819999999999999840e-01
1.875610036003349251e+03,9.819999999999999840e-01
1.876545348032374932e+03,9.819999999999999840e-01
1.877480660061401068e+03,9.819999999999999840e-01
1.878415972090427204e+03,9.819999999999999840e-01
1.879351284119452885e+03,9.829999999999999849e-01
1.880286596148479020e+03,9.829999999999999849e-01
1.881221908177504702e+03,9.819999999999999840e-01
1.882157220206530837e+03,9.799999999999999822e-01
1.883092532235556973e+03,9.789999999999999813e-01
1.884027844264582654e+03,9.779999999999999805e-01
1.884963156293608790e+03,9.779999999999999805e-01
1.885898468322634471e+03,9.779999999999999805e-01
1.886833780351660607e+03,9.779999999999999805e-01
1.887769092380686743e+03,9.779999999999999805e-01
1.888704404409712424e+03,9.779999999999999805e-01
1.889639716438738560e+03,9.779999999999999805e-01
1.890575028467764241e+03,9.779999999999999805e-01
1.891510340496790377e+03,9.779999999999999805e-01
1.892445652525816513e+03,9.779999999999999805e-01
1.893380964554842194e+03,9.779999999999999805e-01
1.894316276583868330e+03,9.779999999999999805e-01
1.895251588612894011e+03,9.779999999999999805e-01
1.896186900641920147e+03,9.779999999999999805e-01
1.897122212670946283e+03,9.779999999999999805e-01
1.898057524699971964e+03,9.779999999999999805e-01
1.898992836728998100e+03,9.779999999999999805e-01
1.899928148758024236e+03,9.789999999999999813e-01
1.900863460787049917e+03,9.789999999999999813e-01
1.901798772816076053e+03,9.789999999999999813e-01
1.902734084845101734e+03,9.789999999999999813e-01
1.903669396874127870e+03,9.789999999999999813e-01
1.904604708903154005e+03,9.789999999999999813e-01
1.905540020932179686e+03,9.789999999999999813e-01
1.906475332961205822e+03,9.789999999999999813e-01
1.907410644990231503e+03,9.789999999999999813e-01
1.908345957019257639e+03,9.789999999999999813e-01
1.909281269048283775e+03,9.789999999999999813e-01
1.910216581077309456e+03,9.789999999999999813e-01
1.911151893106335592e+03,9.789999999999999813e-01
1.912087205135361273e+03,9.789999999999999813e-01
1.913022517164387409e+03,9.789999999999999813e-01
1.913957829193413545e+03,9.789999999999999813e-01
1.914893141222439226e+03,9.789999999999999813e-01
1.915828453251465362e+03,9.789999999999999813e-01
1.916763765280491043e+03,9.789999999999999813e-01
1.917699077309517179e+03,9.789999999999999813e-01
1.918634389338543315e+03,9.789999999999999813e-01
1.919569701367568996e+03,9.789999999999999813e-01
1.920505013396595132e+03,9.789999999999999813e-01
1.921440325425620813e+03,9.789999999999999813e-01
1.922375637454646949e+03,9.789999999999999813e-01
1.923310949483673085e+03,9.789999999999999813e-01
1.924246261512698766e+03,9.789999999999999813e-01
1.925181573541724902e+03,9.789999999999999813e-01
1.926116885570750583e+03,9.819999999999999840e-01
1.927052197599776719e+03,9.819999999999999840e-01
1.927987509628802854e+03,9.829999999999999849e-01
1.928922821657828536e+03,9.829999999999999849e-01
1.929858133686854671e+03,9.849999999999999867e-01
1.930793445715880353e+03,9.849999999999999867e-01
1.931728757744906488e+03,9.849999999999999867e-01
1.932664069773932624e+03,9.849999999999999867e-01
1.933599381802958305e+03,9.849999999999999867e-01
1.934534693831984441e+03,9.849999999999999867e-01
1.935470005861010122e+03,9.859999999999999876e-01
1.936405317890036258e+03,9.859999999999999876e-01
1.937340629919062394e+03,9.859999999999999876e-01
1.938275941948088075e+03,9.859999999999999876e-01
1.939211253977114211e+03,9.859999999999999876e-01
1.940146566006139892e+03,9.859999999999999876e-01
1.941081878035166028e+03,9.859999999999999876e-01
1.942017190064192164e+03,9.859999999999999876e-01
1.942952502093217845e+03,9.859999999999999876e-01
1.943887814122243981e+03,9.859999999999999876e-01
1.944823126151270117e+03,9.859999999999999876e-01
1.945758438180295798e+03,9.859999999999999876e-01
1.946693750209321934e+03,9.859999999999999876e-01
1.947629062238347615e+03,9.859999999999999876e-01
1.948564374267373751e+03,9.859999999999999876e-01
1.949499686296399886e+03,9.849999999999999867e-01
1.950434998325425568e+03,9.849999999999999867e-01
1.951370310354451703e+03,9.849999999999999867e-01
1.952305622383477385e+03,9.849999999999999867e-01
1.953240934412503520e+03,9.849999999999999867e-01
1.954176246441529656e+03,9.849999999999999867e-01
1.955111558470555337e+03,9.859999999999999876e-01
1.956046870499581473e+03,9.859999999999999876e-01
1.956982182528607154e+03,9.859999999999999876e-01
1.957917494557633290e+03,9.859999999999999876e-01
1.958852806586659426e+03,9.859999999999999876e-01
1.959788118615685107e+03,9.859999999999999876e-01
1.960723430644711243e+03,9.859999999999999876e-01
1.961658742673736924e+03,9.859999999999999876e-01
1.962594054702763060e+03,9.859999999999999876e-01
1.963529366731789196e+03,9.879999999999999893e-01
1.964464678760814877e+03,9.879999999999999893e-01
1.965399990789841013e+03,9.859999999999999876e-01
1.966335302818866694e+03,9.859999999999999876e-01
1.967270614847892830e+03,9.859999999999999876e-01
1.968205926876918966e+03,9.859999999999999876e-01
1.969141238905944647e+03,9.859999999999999876e-01
1.970076550934970783e+03,9.849999999999999867e-01
1.971011862963996464e+03,9.849999999999999867e-01
1.971947174993022600e+03,9.849999999999999867e-01
1.972882487022048736e+03,9.849999999999999867e-01
1.973817799051074417e+03,9.849999999999999867e-01
1.974753111080100552e+03,9.849999999999999867e-01
1.975688423109126234e+03,9.849999999999999867e-01
1.976623735138152369e+03,9.849999999999999867e-01
1.977559047167178505e+03,9.849999999999999867e-01
1.978494359196204186e+03,9.849999999999999867e-01
1.979429671225230322e+03,9.849999999999999867e-01
1.980364983254256003e+03,9.849999999999999867e-01
1.981300295283282139e+03,9.829999999999999849e-01
1.982235607312308275e+03,9.829999999999999849e-01
1.983170919341333956e+03,9.829999999999999849e-01
1.984106231370360092e+03,9.829999999999999849e-01
1.985041543399385773e+03,9.829999999999999849e-01
1.985976855428411909e+03,9.829999999999999849e-01
1.986912167457438045e+03,9.849999999999999867e-01
1.987847479486463726e+03,9.849999999999999867e-01
1.988782791515489862e+03,9.849999999999999867e-01
1.989718103544515998e+03,9.859999999999999876e-01
1.990653415573541679e+03,9.859999999999999876e-01
1.991588727602567815e+03,9.859999999999999876e-01
1.992524039631593496e+03,9.859999999999999876e-01
1.993459351660619632e+03,9.859999999999999876e-01
1.994394663689645768e+03,9.859999999999999876e-01
1.995329975718671449e+03,9.859999999999999876e-01
1.996265287747697585e+03,9.859999999999999876e-01
1.997200599776723266e+03,9.859999999999999876e-01
1.998135911805749402e+03,9.859999999999999876e-01
1.999071223834775537e+03,9.859999999999999876e-01
2.000006535863801219e+03,9.849999999999999867e-01
2.000941847892827354e+03,9.835000000000000409e-01
2.001877159921853035e+03,9.819999999999999840e-01
2.002812471950879171e+03,9.809999999999999831e-01
2.003747783979905307e+03,9.799999999999999822e-01
2.004683096008930988e+03,9.815000000000000391e-01
2.005618408037957124e+03,9.829999999999999849e-01
2.006553720066982805e+03,9.839999999999999858e-01
2.007489032096008941e+03,9.849999999999999867e-01
2.008424344125035077e+03,9.849999999999999867e-01
2.009359656154060758e+03,9.849999999999999867e-01
2.010294968183086894e+03,9.849999999999999867e-01
2.011230280212112575e+03,9.849999999999999867e-01
2.012165592241138711e+03,9.855000000000000426e-01
2.013100904270164847e+03,9.859999999999999876e-01
2.014036216299190528e+03,9.859999999999999876e-01
2.014971528328216664e+03,9.859999999999999876e-01
2.015906840357242345e+03,9.859999999999999876e-01
2.016842152386268481e+03,9.859999999999999876e-01
2.017777464415294617e+03,9.869999999999999885e-01
2.018712776444320298e+03,9.879999999999999893e-01
2.019648088473346434e+03,9.879999999999999893e-01
2.020583400502372115e+03,9.879999999999999893e-01
2.021518712531398251e+03,9.869999999999999885e-01
2.022454024560424386e+03,9.859999999999999876e-01
2.023389336589450068e+03,9.859999999999999876e-01
2.024324648618476203e+03,9.859999999999999876e-01
2.025259960647501885e+03,9.869999999999999885e-01
2.026195272676528020e+03,9.879999999999999893e-01
2.027130584705554156e+03,9.879999999999999893e-01
2.028065896734579837e+03,9.879999999999999893e-01
2.029001208763605973e+03,9.879999999999999893e-01
2.029936520792631654e+03,9.879999999999999893e-01
2.030871832821657790e+03,9.879999999999999893e-01
2.031807144850683926e+03,9.879999999999999893e-01
2.032742456879709607e+03,9.879999999999999893e-01
2.033677768908735743e+03,9.879999999999999893e-01
2.034613080937761879e+03,9.885000000000000453e-01
2.035548392966787560e+03,9.889999999999999902e-01
2.036483704995813696e+03,9.889999999999999902e-01
2.037419017024839377e+03,9.889999999999999902e-01
2.038354329053865513e+03,9.889999999999999902e-01
2.039289641082891649e+03,9.889999999999999902e-01
2.040224953111917330e+03,9.885000000000000453e-01
2.041160265140943466e+03,9.879999999999999893e-01
2.042095577169969147e+03,9.879999999999999893e-01
2.043030889198995283e+03,9.879999999999999893e-01
2.043966201228021419e+03,9.879999999999999893e-01
2.044901513257047100e+03,9.879999999999999893e-01
2.045836825286073235e+03,9.879999999999999893e-01
2.046772137315098917e+03,9.879999999999999893e-01
2.047707449344125052e+03,9.879999999999999893e-01
2.048642761373151188e+03,9.879999999999999893e-01
2.049578073402176869e+03,9.879999999999999893e-01
2.050513385431203005e+03,9.879999999999999893e-01
2.051448697460228686e+03,9.879999999999999893e-01
2.052384009489254822e+03,9.879999999999999893e-01
2.053319321518280958e+03,9.879999999999999893e-01
2.054254633547306639e+03,9.879999999999999893e-01
2.055189945576332775e+03,9.879999999999999893e-01
2.056125257605358456e+03,9.879000000000000004e-01
2.057060569634384592e+03,9.868999999999999995e-01
2.057995881663410728e+03,9.860999999999999766e-01
2.058931193692436409e+03,9.870999999999999774e-01
2.059866505721462545e+03,9.879999999999999893e-01
2.060801817750488226e+03,9.885000000000000453e-01
2.061737129779514362e+03,9.889999999999999902e-01
2.062672441808540498e+03,9.889999999999999902e-01
2.063607753837566179e+03,9.889999999999999902e-01
2.064543065866592315e+03,9.889999999999999902e-01
2.065478377895617996e+03,9.889999999999999902e-01
2.066413689924644132e+03,9.889999999999999902e-01
2.067349001953670268e+03,9.889999999999999902e-01
2.068284313982695949e+03,9.889999999999999902e-01
2.069219626011722085e+03,9.889999999999999902e-01
2.070154938040747766e+03,9.885000000000000453e-01
2.071090250069773901e+03,9.879999999999999893e-01
2.072025562098800037e+03,9.879999999999999893e-01
2.072960874127825718e+03,9.879999999999999893e-01
2.073896186156851854e+03,9.879999999999999893e-01
2.074831498185877535e+03,9.879999999999999893e-01
2.075766810214903671e+03,9.879999999999999893e-01
2.076702122243929807e+03,9.879999999999999893e-01
2.077637434272955488e+03,9.879999999999999893e-01
2.078572746301981624e+03,9.879999999999999893e-01
2.079508058331007760e+03,9.879999999999999893e-01
2.080443370360033441e+03,9.879999999999999893e-01
2.081378682389059577e+03,9.879999999999999893e-01
2.082313994418085258e+03,9.879999999999999893e-01
2.083249306447111394e+03,9.879999999999999893e-01
2.084184618476137530e+03,9.879999999999999893e-01
2.085119930505163211e+03,9.879999999999999893e-01
2.086055242534189347e+03,9.879999999999999893e-01
2.086990554563215028e+03,9.879999999999999893e-01
2.087925866592241164e+03,9.879000000000000004e-01
2.088861178621267300e+03,9.868999999999999995e-01
2.089796490650292981e+03,9.859999999999999876e-01
2.090731802679319117e+03,9.859999999999999876e-01
2.091667114708344798e+03,9.859999999999999876e-01
2.092602426737370934e+03,9.859999999999999876e-01
2.093537738766397069e+03,9.859999999999999876e-01
2.094473050795422751e+03,9.859999999999999876e-01
2.095408362824448886e+03,9.859999999999999876e-01
2.096343674853474567e+03,9.859999999999999876e-01
2.097278986882500703e+03,9.860999999999999766e-01
2.098214298911526839e+03,9.870999999999999774e-01
2.099149610940552520e+03,9.879999999999999893e-01
2.100084922969578656e+03,9.879999999999999893e-01
2.101020234998604337e+03,9.879999999999999893e-01
2.101955547027630473e+03,9.879999999999999893e-01
2.102890859056656609e+03,9.879999999999999893e-01
2.103826171085682290e+03,9.879999999999999893e-01
2.104761483114708426e+03,9.879999999999999893e-01
2.105696795143734107e+03,9.879999999999999893e-01
2.106632107172760243e+03,9.879999999999999893e-01
2.107567419201786379e+03,9.879999999999999893e-01
2.108502731230812060e+03,9.879999999999999893e-01
2.109438043259838196e+03,9.879999999999999893e-01
2.110373355288863877e+03,9.879999999999999893e-01
2.111308667317890013e+03,9.879999999999999893e-01
2.112243979346916149e+03,9.879999999999999893e-01
2.113179291375941830e+03,9.879999999999999893e-01
2.114114603404967966e+03,9.879999999999999893e-01
2.115049915433993647e+03,9.879999999999999893e-01
2.115985227463019783e+03,9.879999999999999893e-01
2.116920539492045918e+03,9.879999999999999893e-01
2.117855851521071600e+03,9.879999999999999893e-01
2.118791163550097735e+03,9.879999999999999893e-01
2.119726475579123417e+03,9.879999999999999893e-01
2.120661787608149552e+03,9.879999999999999893e-01
2.121597099637175688e+03,9.879999999999999893e-01
2.122532411666201369e+03,9.879999999999999893e-01
2.123467723695227505e+03,9.879999999999999893e-01
2.124403035724253641e+03,9.879999999999999893e-01
2.125338347753279322e+03,9.879999999999999893e-01
2.126273659782305458e+03,9.879999999999999893e-01
2.127208971811331139e+03,9.879999999999999893e-01
2.128144283840357275e+03,9.885000000000000453e-01
2.129079595869383411e+03,9.889999999999999902e-01
2.130014907898409092e+03,9.889999999999999902e-01
2.130950219927435228e+03,9.889999999999999902e-01
2.131885531956460909e+03,9.889999999999999902e-01
2.132820843985487045e+03,9.889999999999999902e-01
2.133756156014513181e+03,9.889999999999999902e-01
2.134691468043538862e+03,9.889999999999999902e-01
2.135626780072564998e+03,9.889999999999999902e-01
2.136562092101590679e+03,9.889999999999999902e-01
2.137497404130616815e+03,9.889999999999999902e-01
2.138432716159642951e+03,9.889999999999999902e-01
2.139368028188668632e+03,9.889999999999999902e-01
2.140303340217694767e+03,9.889000000000000012e-01
2.141238652246720449e+03,9.883999999999999453e-01
2.142173964275746584e+03,9.879999999999999893e-01
2.143109276304772720e+03,9.879999999999999893e-01
2.144044588333798401e+03,9.879000000000000004e-01
2.144979900362824537e+03,9.868999999999999995e-01
2.145915212391850218e+03,9.859999999999999876e-01
2.146850524420876354e+03,9.859999999999999876e-01
2.147785836449902490e+03,9.859999999999999876e-01
2.148721148478928171e+03,9.859999999999999876e-01
2.149656460507954307e+03,9.859999999999999876e-01
2.150591772536979988e+03,9.859999999999999876e-01
2.151527084566006124e+03,9.860999999999999766e-01
2.152462396595032260e+03,9.870999999999999774e-01
2.153397708624057941e+03,9.879999999999999893e-01
2.154333020653084077e+03,9.879999999999999893e-01
2.155268332682109758e+03,9.879000000000000004e-01
2.156203644711135894e+03,9.868999999999999995e-01
2.157138956740162030e+03,9.859999999999999876e-01
2.158074268769187711e+03,9.859999999999999876e-01
2.159009580798213847e+03,9.859999999999999876e-01
2.159944892827239528e+03,9.859999999999999876e-01
2.160880204856265664e+03,9.859999999999999876e-01
2.161815516885291800e+03,9.859999999999999876e-01
2.162750828914317481e+03,9.859999999999999876e-01
2.163686140943343617e+03,9.859999999999999876e-01
2.164621452972369752e+03,9.859999999999999876e-01
2.165556765001395434e+03,9.859999999999999876e-01
2.166492077030421569e+03,9.859999999999999876e-01
2.167427389059447250e+03,9.859999999999999876e-01
2.168362701088473386e+03,9.859999999999999876e-01
2.169298013117499522e+03,9.859999999999999876e-01
2.170233325146525203e+03,9.859999999999999876e-01
2.171168637175551339e+03,9.859999999999999876e-01
2.172103949204577020e+03,9.859999999999999876e-01
2.173039261233603156e+03,9.859999999999999876e-01
2.173974573262629292e+03,9.859999999999999876e-01
2.174909885291654973e+03,9.859999999999999876e-01
2.175845197320681109e+03,9.859999999999999876e-01
2.176780509349706790e+03,9.859999999999999876e-01
2.177715821378732926e+03,9.859999999999999876e-01
2.178651133407759062e+03,9.859999999999999876e-01
2.179586445436784743e+03,9.859999999999999876e-01
2.180521757465810879e+03,9.859999999999999876e-01
2.181457069494836560e+03,9.859999999999999876e-01
2.182392381523862696e+03,9.859999999999999876e-01
2.183327693552888832e+03,9.859999999999999876e-01
2.184263005581914513e+03,9.859999999999999876e-01
2.185198317610940649e+03,9.859999999999999876e-01
2.186133629639966330e+03,9.859999999999999876e-01
2.187068941668992466e+03,9.859999999999999876e-01
2.188004253698018601e+03,9.859999999999999876e-01
2.188939565727044283e+03,9.859999999999999876e-01
2.189874877756070418e+03,9.859999999999999876e-01
2.190810189785096100e+03,9.858999999999999986e-01
2.191745501814122235e+03,9.854000000000000536e-01
2.192680813843148371e+03,9.849999999999999867e-01
2.193616125872174052e+03,9.849999999999999867e-01
2.194551437901200188e+03,9.849999999999999867e-01
2.195486749930225869e+03,9.849999999999999867e-01
2.196422061959252005e+03,9.849999999999999867e-01
2.197357373988278141e+03,9.849999999999999867e-01
2.198292686017303822e+03,9.849999999999999867e-01
2.199227998046329958e+03,9.849999999999999867e-01
2.200163310075355639e+03,9.849999999999999867e-01
2.201098622104381775e+03,9.849999999999999867e-01
2.202033934133407911e+03,9.850999999999999757e-01
2.202969246162433592e+03,9.856000000000000316e-01
2.203904558191459728e+03,9.859999999999999876e-01
2.204839870220485409e+03,9.859999999999999876e-01
2.205775182249511545e+03,9.859999999999999876e-01
2.206710494278537681e+03,9.859999999999999876e-01
2.207645806307563362e+03,9.859999999999999876e-01
2.208581118336589498e+03,9.859999999999999876e-01
2.209516430365615633e+03,9.859999999999999876e-01
2.210451742394641315e+03,9.859999999999999876e-01
2.211387054423667450e+03,9.861999999999999655e-01
2.212322366452693132e+03,9.871999999999999664e-01
2.213257678481719267e+03,9.879999999999999893e-01
2.214192990510745403e+03,9.879999999999999893e-01
2.215128302539771084e+03,9.879999999999999893e-01
2.216063614568797220e+03,9.879999999999999893e-01
2.216998926597822901e+03,9.880999999999999783e-01
2.217934238626849037e+03,9.886000000000000343e-01
2.218869550655875173e+03,9.889999999999999902e-01
2.219804862684900854e+03,9.889999999999999902e-01
2.220740174713926990e+03,9.889999999999999902e-01
2.221675486742952671e+03,9.889999999999999902e-01
2.222610798771978807e+03,9.891999999999999682e-01
2.223546110801004943e+03,9.901999999999999691e-01
2.224481422830030624e+03,9.909999999999999920e-01
2.225416734859056760e+03,9.909999999999999920e-01
2.226352046888082441e+03,9.909999999999999920e-01
2.227287358917108577e+03,9.909999999999999920e-01
2.228222670946134713e+03,9.909999999999999920e-01
2.229157982975160394e+03,9.909999999999999920e-01
2.230093295004186530e+03,9.909999999999999920e-01
2.231028607033212211e+03,9.909999999999999920e-01
2.231963919062238347e+03,9.909999999999999920e-01
2.232899231091264483e+03,9.909999999999999920e-01
2.233834543120290164e+03,9.909999999999999920e-01
2.234769855149316300e+03,9.909999999999999920e-01
2.235705167178341981e+03,9.909999999999999920e-01
2.236640479207368116e+03,9.909999999999999920e-01
2.237575791236394252e+03,9.909999999999999920e-01
2.238511103265419933e+03,9.909999999999999920e-01
2.239446415294446069e+03,9.909999999999999920e-01
2.240381727323471750e+03,9.909999999999999920e-01
2.241317039352497886e+03,9.909999999999999920e-01
2.242252351381524022e+03,9.909999999999999920e-01
2.243187663410549703e+03,9.909999999999999920e-01
2.244122975439575839e+03,9.909999999999999920e-01
2.245058287468601520e+03,9.909999999999999920e-01
2.245993599497627656e+03,9.909999999999999920e-01
2.246928911526653792e+03,9.909999999999999920e-01
2.247864223555679473e+03,9.909999999999999920e-01
2.248799535584705609e+03,9.910999999999999810e-01
2.249734847613731290e+03,9.916000000000000369e-01
2.250670159642757426e+03,9.919999999999999929e-01
2.251605471671783562e+03,9.919999999999999929e-01
2.252540783700809243e+03,9.919999999999999929e-01
2.253476095729835379e+03,9.919999999999999929e-01
2.254411407758861515e+03,9.921999999999999709e-01
2.255346719787887196e+03,9.931999999999999718e-01
2.256282031816913332e+03,9.939999999999999947e-01
2.257217343845939013e+03,9.939999999999999947e-01
2.258152655874965149e+03,9.939999999999999947e-01
2.259087967903991284e+03,9.939999999999999947e-01
2.260023279933016966e+03,9.938000000000000167e-01
2.260958591962043101e+03,9.928000000000000158e-01
2.261893903991068782e+03,9.919999999999999929e-01
2.262829216020094918e+03,9.919999999999999929e-01
2.263764528049121054e+03,9.919999999999999929e-01
2.264699840078146735e+03,9.919999999999999929e-01
2.265635152107172871e+03,9.919999999999999929e-01
2.266570464136198552e+03,9.919999999999999929e-01
2.267505776165224688e+03,9.919999999999999929e-01
2.268441088194250824e+03,9.919999999999999929e-01
2.269376400223276505e+03,9.919999999999999929e-01
2.270311712252302641e+03,9.919999999999999929e-01
2.271247024281328322e+03,9.919000000000000039e-01
2.272182336310354458e+03,9.913999999999999480e-01
2.273117648339380594e+03,9.909999999999999920e-01
2.274052960368406275e+03,9.909999999999999920e-01
2.274988272397432411e+03,9.909999999999999920e-01
2.275923584426458092e+03,9.909999999999999920e-01
2.276858896455484228e+03,9.909999999999999920e-01
2.277794208484510364e+03,9.909999999999999920e-01
2.278729520513536045e+03,9.909999999999999920e-01
2.279664832542562181e+03,9.909999999999999920e-01
2.280600144571587862e+03,9.908000000000000140e-01
2.281535456600613998e+03,9.898000000000000131e-01
2.282470768629640133e+03,9.891999999999999682e-01
2.283406080658665815e+03,9.901999999999999691e-01
2.284341392687691950e+03,9.909999999999999920e-01
2.285276704716717632e+03,9.909999999999999920e-01
2.286212016745743767e+03,9.906000000000000361e-01
2.287147328774769903e+03,9.890999999999999792e-01
2.288082640803795584e+03,9.879999999999999893e-01
2.289017952832821720e+03,9.879999999999999893e-01
2.289953264861847401e+03,9.879999999999999893e-01
2.290888576890873537e+03,9.879999999999999893e-01
2.291823888919899673e+03,9.879999999999999893e-01
2.292759200948925354e+03,9.879999999999999893e-01
2.293694512977951490e+03,9.878000000000000114e-01
2.294629825006977171e+03,9.868000000000000105e-01
2.295565137036003307e+03,9.859999999999999876e-01
2.296500449065029443e+03,9.859999999999999876e-01
2.297435761094055124e+03,9.859999999999999876e-01
2.298371073123081260e+03,9.859999999999999876e-01
2.299306385152107396e+03,9.859999999999999876e-01
2.300241697181133077e+03,9.859999999999999876e-01
2.301177009210159213e+03,9.859999999999999876e-01
2.302112321239184894e+03,9.859999999999999876e-01
2.303047633268211030e+03,9.859999999999999876e-01
2.303982945297237166e+03,9.859999999999999876e-01
2.304918257326262847e+03,9.858999999999999986e-01
2.305853569355288982e+03,9.854000000000000536e-01
2.306788881384314664e+03,9.849999999999999867e-01
2.307724193413340799e+03,9.849999999999999867e-01
2.308659505442366935e+03,9.849999999999999867e-01
2.309594817471392616e+03,9.849999999999999867e-01
2.310530129500418752e+03,9.849999999999999867e-01
2.311465441529444433e+03,9.849999999999999867e-01
2.312400753558470569e+03,9.850999999999999757e-01
2.313336065587496705e+03,9.856000000000000316e-01
2.314271377616522386e+03,9.859999999999999876e-01
2.315206689645548522e+03,9.859999999999999876e-01
2.316142001674574203e+03,9.859999999999999876e-01
2.317077313703600339e+03,9.859999999999999876e-01
2.318012625732626475e+03,9.859999999999999876e-01
2.318947937761652156e+03,9.859999999999999876e-01
2.319883249790678292e+03,9.859999999999999876e-01
2.320818561819703973e+03,9.859999999999999876e-01
2.321753873848730109e+03,9.859999999999999876e-01
2.322689185877756245e+03,9.859999999999999876e-01
2.323624497906781926e+03,9.859999999999999876e-01
2.324559809935808062e+03,9.859999999999999876e-01
2.325495121964833743e+03,9.859999999999999876e-01
2.326430433993859879e+03,9.859999999999999876e-01
2.327365746022886015e+03,9.859999999999999876e-01
2.328301058051911696e+03,9.859999999999999876e-01
2.329236370080937832e+03,9.859999999999999876e-01
2.330171682109963513e+03,9.859999999999999876e-01
2.331106994138989648e+03,9.862999999999999545e-01
2.332042306168015784e+03,9.872999999999999554e-01
2.332977618197041465e+03,9.880999999999999783e-01
2.333912930226067601e+03,9.886000000000000343e-01
2.334848242255093282e+03,9.892999999999999572e-01
2.335783554284119418e+03,9.902999999999999581e-01
2.336718866313145554e+03,9.910999999999999810e-01
2.337654178342171235e+03,9.916000000000000369e-01
2.338589490371197371e+03,9.922999999999999599e-01
2.339524802400223052e+03,9.932999999999999607e-01
2.340460114429249188e+03,9.940999999999999837e-01
2.341395426458275324e+03,9.946000000000000396e-01
2.342330738487301005e+03,9.953999999999999515e-01
2.343266050516327141e+03,9.969000000000000083e-01
2.344201362545353277e+03,9.979999999999999982e-01
2.345136674574378958e+03,9.979999999999999982e-01
2.346071986603405094e+03,9.982999999999999652e-01
2.347007298632430775e+03,9.992999999999999661e-01
2.347942610661456911e+03,1.000299999999999967e+00
2.348877922690483047e+03,1.001300000000000079e+00
2.349813234719508728e+03,1.002299999999999969e+00
2.350748546748534864e+03,1.003300000000000081e+00
2.351683858777560545e+03,1.004099999999999993e+00
2.352619170806586681e+03,1.004599999999999937e+00
2.353554482835612816e+03,1.004999999999999893e+00
2.354489794864638498e+03,1.004999999999999893e+00
2.355425106893664633e+03,1.005500000000000060e+00
2.356360418922690315e+03,1.006999999999999895e+00
2.357295730951716450e+03,1.008299999999999974e+00
2.358231042980742586e+03,1.009300000000000086e+00
2.359166355009768267e+03,1.010000000000000009e+00
2.360101667038794403e+03,1.010000000000000009e+00
2.361036979067820084e+03,1.010000000000000009e+00
2.361972291096846220e+03,1.010000000000000009e+00
2.362907603125872356e+03,1.010000000000000009e+00
2.363842915154898037e+03,1.010000000000000009e+00
2.364778227183924173e+03,1.009700000000000042e+00
2.365713539212949854e+03,1.008699999999999930e+00
2.366648851241975990e+03,1.007900000000000018e+00
2.367584163271002126e+03,1.007400000000000073e+00
2.368519475300027807e+03,1.006699999999999928e+00
2.369454787329053943e+03,1.005700000000000038e+00
2.370390099358079624e+03,1.004899999999999904e+00
2.371325411387105760e+03,1.004399999999999959e+00
2.372260723416131896e+03,1.003500000000000059e+00
2.373196035445157577e+03,1.002000000000000002e+00
2.374131347474183713e+03,1.000799999999999912e+00
2.375066659503209394e+03,1.000299999999999967e+00
2.376001971532235530e+03,1.000000000000000000e+00
2.376937283561261665e+03,1.000000000000000000e+00
2.377872595590287347e+03,9.997000000000000330e-01
2.378807907619313482e+03,9.987000000000000322e-01
2.379743219648339164e+03,9.979999999999999982e-01
2.380678531677365299e+03,9.979999999999999982e-01
2.381613843706391435e+03,9.978000000000000203e-01
2.382549155735417116e+03,9.972999999999999643e-01
2.383484467764443252e+03,9.965000000000000524e-01
2.384419779793469388e+03,9.949999999999999956e-01
2.385355091822495069e+03,9.937000000000000277e-01
2.386290403851521205e+03,9.927000000000000268e-01
2.387225715880546886e+03,9.919999999999999929e-01
2.388161027909573022e+03,9.919999999999999929e-01
2.389096339938599158e+03,9.919999999999999929e-01
2.390031651967624839e+03,9.919999999999999929e-01
2.390966963996650975e+03,9.919999999999999929e-01
2.391902276025676656e+03,9.919999999999999929e-01
2.392837588054702792e+03,9.919999999999999929e-01
2.393772900083728928e+03,9.919999999999999929e-01
2.394708212112754609e+03,9.919999999999999929e-01
2.395643524141780745e+03,9.919999999999999929e-01
2.396578836170806426e+03,9.919999999999999929e-01
2.397514148199832562e+03,9.919999999999999929e-01
2.398449460228858698e+03,9.919999999999999929e-01
2.399384772257884379e+03,9.919999999999999929e-01
2.400320084286910514e+03,9.918000000000000149e-01
2.401255396315936196e+03,9.912999999999999590e-01
2.402190708344962331e+03,9.909999999999999920e-01
2.403126020373988467e+03,9.909999999999999920e-01
2.404061332403014148e+03,9.909999999999999920e-01
2.404996644432040284e+03,9.909999999999999920e-01
2.405931956461065965e+03,9.909999999999999920e-01
2.406867268490092101e+03,9.909999999999999920e-01
2.407802580519118237e+03,9.909999999999999920e-01
2.408737892548143918e+03,9.909999999999999920e-01
2.409673204577170054e+03,9.909999999999999920e-01
2.410608516606195735e+03,9.909999999999999920e-01
2.411543828635221871e+03,9.909999999999999920e-01
2.412479140664248007e+03,9.909999999999999920e-01
2.413414452693273688e+03,9.909999999999999920e-01
2.414349764722299824e+03,9.909999999999999920e-01
2.415285076751325505e+03,9.909999999999999920e-01
2.416220388780351641e+03,9.909999999999999920e-01
2.417155700809377777e+03,9.909999999999999920e-01
2.418091012838403458e+03,9.909999999999999920e-01
2.419026324867429594e+03,9.911999999999999700e-01
2.419961636896455275e+03,9.917000000000000259e-01
2.420896948925481411e+03,9.919999999999999929e-01
2.421832260954507547e+03,9.919999999999999929e-01
2.422767572983533228e+03,9.919999999999999929e-01
2.423702885012559364e+03,9.919999999999999929e-01
2.424638197041585045e+03,9.919999999999999929e-01
2.425573509070611181e+03,9.919999999999999929e-01
2.426508821099637316e+03,9.919999999999999929e-01
2.427444133128662997e+03,9.919999999999999929e-01
2.428379445157689133e+03,9.919999999999999929e-01
2.429314757186715269e+03,9.919999999999999929e-01
2.430250069215740950e+03,9.919999999999999929e-01
2.431185381244767086e+03,9.919999999999999929e-01
2.432120693273792767e+03,9.919999999999999929e-01
2.433056005302818903e+03,9.919999999999999929e-01
2.433991317331845039e+03,9.919999999999999929e-01
2.434926629360870720e+03,9.919999999999999929e-01
2.435861941389896856e+03,9.919999999999999929e-01
2.436797253418922537e+03,9.919999999999999929e-01
2.437732565447948673e+03,9.919999999999999929e-01
2.438667877476974809e+03,9.919999999999999929e-01
2.439603189506000490e+03,9.919999999999999929e-01
2.440538501535026626e+03,9.919999999999999929e-01
2.441473813564052307e+03,9.923999999999999488e-01
2.442409125593078443e+03,9.933999999999999497e-01
2.443344437622104579e+03,9.936000000000000387e-01
2.444279749651130260e+03,9.926000000000000378e-01
2.445215061680156396e+03,9.919999999999999929e-01
2.446150373709182077e+03,9.919999999999999929e-01
2.447085685738208213e+03,9.919999999999999929e-01
2.448020997767234348e+03,9.919999999999999929e-01
2.448956309796260030e+03,9.919999999999999929e-01
2.449891621825286165e+03,9.919999999999999929e-01
2.450826933854311847e+03,9.918000000000000149e-01
2.451762245883337982e+03,9.912999999999999590e-01
2.452697557912364118e+03,9.909999999999999920e-01
2.453632869941389799e+03,9.909999999999999920e-01
2.454568181970415935e+03,9.909999999999999920e-01
2.455503493999441616e+03,9.909999999999999920e-01
2.456438806028467752e+03,9.909999999999999920e-01
2.457374118057493888e+03,9.909999999999999920e-01
2.458309430086519569e+03,9.909999999999999920e-01
2.459244742115545705e+03,9.909999999999999920e-01
2.460180054144571386e+03,9.909999999999999920e-01
2.461115366173597522e+03,9.909999999999999920e-01
2.462050678202623658e+03,9.909999999999999920e-01
2.462985990231649339e+03,9.909999999999999920e-01
2.463921302260675475e+03,9.909999999999999920e-01
2.464856614289701156e+03,9.909999999999999920e-01
2.465791926318727292e+03,9.909999999999999920e-01
2.466727238347753428e+03,9.909999999999999920e-01
2.467662550376779109e+03,9.911999999999999700e-01
2.468597862405805245e+03,9.917000000000000259e-01
2.469533174434830926e+03,9.918000000000000149e-01
2.470468486463857062e+03,9.912999999999999590e-01
2.471403798492883197e+03,9.909999999999999920e-01
2.472339110521908879e+03,9.909999999999999920e-01
2.473274422550935014e+03,9.909999999999999920e-01
2.474209734579961150e+03,9.909999999999999920e-01
2.475145046608986831e+03,9.909999999999999920e-01
2.476080358638012967e+03,9.909999999999999920e-01
2.477015670667038648e+03,9.909999999999999920e-01
2.477950982696064784e+03,9.909999999999999920e-01
2.478886294725090920e+03,9.909999999999999920e-01
2.479821606754116601e+03,9.909999999999999920e-01
2.480756918783142737e+03,9.909999999999999920e-01
2.481692230812168418e+03,9.909999999999999920e-01
2.482627542841194554e+03,9.909999999999999920e-01
2.483562854870220690e+03,9.909999999999999920e-01
2.484498166899246371e+03,9.909999999999999920e-01
2.485433478928272507e+03,9.909999999999999920e-01
2.486368790957298188e+03,9.906000000000000361e-01
2.487304102986324324e+03,9.896000000000000352e-01
2.488239415015350460e+03,9.889999999999999902e-01
2.489174727044376141e+03,9.889999999999999902e-01
2.490110039073402277e+03,9.888000000000000123e-01
2.491045351102427958e+03,9.882999999999999563e-01
2.491980663131454094e+03,9.879999999999999893e-01
2.492915975160480230e+03,9.879999999999999893e-01
2.493851287189505911e+03,9.879999999999999893e-01
2.494786599218532047e+03,9.879999999999999893e-01
2.495721911247557728e+03,9.879999999999999893e-01
2.496657223276583863e+03,9.879999999999999893e-01
2.497592535305609999e+03,9.879999999999999893e-01
2.498527847334635680e+03,9.879999999999999893e-01
2.499463159363661816e+03,9.879999999999999893e-01
2.500398471392687497e+03,9.879999999999999893e-01
2.501333783421713633e+03,9.876000000000000334e-01
2.502269095450739769e+03,9.866000000000000325e-01
2.503204407479765450e+03,9.859999999999999876e-01
2.504139719508791586e+03,9.859999999999999876e-01
2.505075031537817267e+03,9.859999999999999876e-01
2.506010343566843403e+03,9.859999999999999876e-01
2.506945655595869539e+03,9.859999999999999876e-01
2.507880967624895675e+03,9.859999999999999876e-01
2.508816279653921356e+03,9.859999999999999876e-01
2.509751591682947492e+03,9.859999999999999876e-01
2.510686903711973173e+03,9.859999999999999876e-01
2.511622215740999309e+03,9.859999999999999876e-01
2.512557527770025445e+03,9.859999999999999876e-01
2.513492839799051126e+03,9.859999999999999876e-01
2.514428151828077262e+03,9.858000000000000096e-01
2.515363463857102943e+03,9.852999999999999536e-01
2.516298775886129079e+03,9.849999999999999867e-01
2.517234087915155214e+03,9.849999999999999867e-01
2.518169399944180896e+03,9.851999999999999647e-01
2.519104711973207031e+03,9.857000000000000206e-01
2.520040024002232713e+03,9.859999999999999876e-01
2.520975336031258848e+03,9.859999999999999876e-01
2.521910648060284984e+03,9.859999999999999876e-01
2.522845960089310665e+03,9.859999999999999876e-01
2.523781272118336801e+03,9.859999999999999876e-01
2.524716584147362482e+03,9.859999999999999876e-01
2.525651896176388618e+03,9.859999999999999876e-01
2.526587208205414754e+03,9.859999999999999876e-01
2.527522520234440435e+03,9.864000000000000545e-01
2.528457832263466571e+03,9.874000000000000554e-01
2.529393144292492252e+03,9.879999999999999893e-01
2.530328456321518388e+03,9.879999999999999893e-01
2.531263768350544524e+03,9.879999999999999893e-01
2.532199080379570205e+03,9.879999999999999893e-01
2.533134392408596341e+03,9.879999999999999893e-01
2.534069704437622022e+03,9.879999999999999893e-01
2.535005016466648158e+03,9.881999999999999673e-01
2.535940328495674294e+03,9.887000000000000233e-01
2.536875640524699975e+03,9.889999999999999902e-01
2.537810952553726111e+03,9.889999999999999902e-01
2.538746264582751792e+03,9.889999999999999902e-01
2.539681576611777928e+03,9.889999999999999902e-01
2.540616888640804063e+03,9.893999999999999462e-01
2.541552200669829745e+03,9.905000000000000471e-01
2.542487512698855880e+03,9.909999999999999920e-01
2.543422824727881562e+03,9.909999999999999920e-01
2.544358136756907697e+03,9.909999999999999920e-01
2.545293448785933833e+03,9.909999999999999920e-01
2.546228760814959514e+03,9.909999999999999920e-01
2.547164072843985650e+03,9.909999999999999920e-01
2.548099384873011331e+03,9.909999999999999920e-01
2.549034696902037467e+03,9.909999999999999920e-01
2.549970008931063603e+03,9.909999999999999920e-01
2.550905320960089284e+03,9.909999999999999920e-01
2.551840632989115420e+03,9.909999999999999920e-01
2.552775945018141556e+03,9.909999999999999920e-01
2.553711257047167237e+03,9.909999999999999920e-01
2.554646569076193373e+03,9.909999999999999920e-01
2.555581881105219054e+03,9.909999999999999920e-01
2.556517193134245190e+03,9.909999999999999920e-01
2.557452505163271326e+03,9.909999999999999920e-01
2.558387817192297007e+03,9.909999999999999920e-01
2.559323129221323143e+03,9.909999999999999920e-01
2.560258441250348824e+03,9.909999999999999920e-01
2.561193753279374960e+03,9.909999999999999920e-01
2.562129065308401096e+03,9.909999999999999920e-01
2.563064377337426777e+03,9.909999999999999920e-01
2.563999689366452913e+03,9.909999999999999920e-01
2.564935001395478594e+03,9.905000000000000471e-01
2.565870313424504729e+03,9.895000000000000462e-01
2.566805625453530865e+03,9.889999999999999902e-01
2.567740937482556546e+03,9.889999999999999902e-01
2.568676249511582682e+03,9.895000000000000462e-01
2.569611561540608363e+03,9.905000000000000471e-01
2.570546873569634499e+03,9.909999999999999920e-01
2.571482185598660635e+03,9.909999999999999920e-01
2.572417497627686316e+03,9.905000000000000471e-01
2.573352809656712452e+03,9.895000000000000462e-01
2.574288121685738133e+03,9.889999999999999902e-01
2.575223433714764269e+03,9.889999999999999902e-01
2.576158745743790405e+03,9.888000000000000123e-01
2.577094057772816086e+03,9.882999999999999563e-01
2.578029369801842222e+03,9.879999999999999893e-01
2.578964681830867903e+03,9.879999999999999893e-01
2.579899993859894039e+03,9.879999999999999893e-01
2.580835305888920175e+03,9.879999999999999893e-01
2.581770617917945856e+03,9.879999999999999893e-01
2.582705929946971992e+03,9.879999999999999893e-01
2.583641241975997673e+03,9.879999999999999893e-01
2.584576554005023809e+03,9.879999999999999893e-01
2.585511866034049945e+03,9.875000000000000444e-01
2.586447178063075626e+03,9.865000000000000435e-01
2.587382490092101762e+03,9.858000000000000096e-01
2.588317802121127443e+03,9.852999999999999536e-01
2.589253114150153579e+03,9.849999999999999867e-01
2.590188426179179714e+03,9.849999999999999867e-01
2.591123738208205395e+03,9.845000000000000417e-01
2.592059050237231531e+03,9.835000000000000409e-01
2.592994362266257212e+03,9.829999999999999849e-01
2.593929674295283348e+03,9.829999999999999849e-01
2.594864986324309484e+03,9.829999999999999849e-01
2.595800298353335165e+03,9.829999999999999849e-01
2.596735610382361301e+03,9.828000000000000069e-01
2.597670922411387437e+03,9.822999999999999510e-01
2.598606234440413118e+03,9.819999999999999840e-01
2.599541546469439254e+03,9.819999999999999840e-01
2.600476858498464935e+03,9.815000000000000391e-01
2.601412170527491071e+03,9.805000000000000382e-01
2.602347482556517207e+03,9.797000000000000153e-01
2.603282794585542888e+03,9.791999999999999593e-01
2.604218106614569024e+03,9.789999999999999813e-01
2.605153418643594705e+03,9.789999999999999813e-01
2.606088730672620841e+03,9.787000000000000144e-01
2.607024042701646977e+03,9.781999999999999584e-01
2.607959354730672658e+03,9.779999999999999805e-01
2.608894666759698794e+03,9.779999999999999805e-01
2.609829978788724475e+03,9.775000000000000355e-01
2.610765290817750611e+03,9.765000000000000346e-01
2.611700602846776746e+03,9.759999999999999787e-01
2.612635914875802428e+03,9.759999999999999787e-01
2.613571226904828563e+03,9.759999999999999787e-01
2.614506538933854245e+03,9.759999999999999787e-01
2.615441850962880380e+03,9.757000000000000117e-01
2.616377162991906516e+03,9.751999999999999558e-01
2.617312475020932197e+03,9.749999999999999778e-01
2.618247787049958333e+03,9.749999999999999778e-01
2.619183099078984014e+03,9.749999999999999778e-01
2.620118411108010150e+03,9.749999999999999778e-01
2.621053723137036286e+03,9.745000000000000329e-01
2.621989035166061967e+03,9.735000000000000320e-01
2.622924347195088103e+03,9.727000000000000091e-01
2.623859659224113784e+03,9.721999999999999531e-01
2.624794971253139920e+03,9.711999999999999522e-01
2.625730283282166056e+03,9.697000000000000064e-01
2.626665595311191737e+03,9.689999999999999725e-01
2.627600907340217873e+03,9.689999999999999725e-01
2.628536219369243554e+03,9.689999999999999725e-01
2.629471531398269690e+03,9.689999999999999725e-01
2.630406843427295826e+03,9.685000000000000275e-01
2.631342155456321507e+03,9.675000000000000266e-01
2.632277467485347643e+03,9.669999999999999707e-01
2.633212779514373324e+03,9.669999999999999707e-01
2.634148091543399460e+03,9.667000000000000037e-01
2.635083403572425595e+03,9.661999999999999478e-01
2.636018715601451277e+03,9.655000000000000249e-01
2.636954027630477412e+03,9.645000000000000240e-01
2.637889339659503548e+03,9.637000000000000011e-01
2.638824651688529229e+03,9.631999999999999451e-01
2.639759963717555365e+03,9.625000000000000222e-01
2.640695275746581046e+03,9.615000000000000213e-01
2.641630587775607182e+03,9.605000000000000204e-01
2.642565899804633318e+03,9.595000000000000195e-01
2.643501211833658999e+03,9.589999999999999636e-01
2.644436523862685135e+03,9.589999999999999636e-01
2.645371835891710816e+03,9.589999999999999636e-01
2.646307147920736952e+03,9.589999999999999636e-01
2.647242459949763088e+03,9.589999999999999636e-01
2.648177771978788769e+03,9.589999999999999636e-01
2.649113084007814905e+03,9.585000000000000187e-01
2.650048396036840586e+03,9.575000000000000178e-01
2.650983708065866722e+03,9.569999999999999618e-01
2.651919020094892858e+03,9.569999999999999618e-01
2.652854332123918539e+03,9.569999999999999618e-01
2.653789644152944675e+03,9.569999999999999618e-01
2.654724956181970356e+03,9.569999999999999618e-01
2.655660268210996492e+03,9.569999999999999618e-01
2.656595580240022628e+03,9.576000000000000068e-01
2.657530892269048309e+03,9.586000000000000076e-01
2.658466204298074445e+03,9.589999999999999636e-01
2.659401516327100126e+03,9.589999999999999636e-01
2.660336828356126261e+03,9.584000000000000297e-01
2.661272140385152397e+03,9.575000000000000178e-01
2.662207452414178078e+03,9.566999999999999948e-01
2.663142764443204214e+03,9.562000000000000499e-01
2.664078076472229895e+03,9.559999999999999609e-01
2.665013388501256031e+03,9.559999999999999609e-01
2.665948700530282167e+03,9.555000000000000160e-01
2.666884012559307848e+03,9.545000000000000151e-01
2.667819324588333984e+03,9.536999999999999922e-01
2.668754636617359665e+03,9.532000000000000473e-01
2.669689948646385801e+03,9.529999999999999583e-01
2.670625260675411937e+03,9.529999999999999583e-01
2.671560572704437618e+03,9.533000000000000362e-01
2.672495884733463754e+03,9.537999999999999812e-01
2.673431196762489435e+03,9.548999999999999710e-01
2.674366508791515571e+03,9.564000000000000279e-01
2.675301820820541707e+03,9.580999999999999517e-01
2.676237132849567388e+03,9.600999999999999535e-01
2.677172444878593524e+03,9.618999999999999773e-01
2.678107756907619205e+03,9.634000000000000341e-01
2.679043068936645341e+03,9.648999999999999799e-01
2.679978380965671477e+03,9.664000000000000368e-01
2.680913692994697158e+03,9.669999999999999707e-01
2.681849005023723294e+03,9.669999999999999707e-01
2.682784317052749429e+03,9.669999999999999707e-01
2.683719629081775111e+03,9.669999999999999707e-01
2.684654941110801246e+03,9.676000000000000156e-01
2.685590253139826928e+03,9.686000000000000165e-01
2.686525565168853063e+03,9.689999999999999725e-01
2.687460877197879199e+03,9.689999999999999725e-01
2.688396189226904880e+03,9.693000000000000504e-01
2.689331501255931016e+03,9.697999999999999954e-01
2.690266813284956697e+03,9.699999999999999734e-01
2.691202125313982833e+03,9.699999999999999734e-01
2.692137437343008969e+03,9.699999999999999734e-01
2.693072749372034650e+03,9.699999999999999734e-01
2.694008061401060786e+03,9.706000000000000183e-01
2.694943373430086467e+03,9.716000000000000192e-01
2.695878685459112603e+03,9.719999999999999751e-01
2.696813997488138739e+03,9.719999999999999751e-01
2.697749309517164420e+03,9.719999999999999751e-01
2.698684621546190556e+03,9.719999999999999751e-01
2.699619933575216237e+03,9.719999999999999751e-01
2.700555245604242373e+03,9.719999999999999751e-01
2.701490557633268509e+03,9.719999999999999751e-01
2.702425869662294190e+03,9.719999999999999751e-01
2.703361181691320326e+03,9.719999999999999751e-01
2.704296493720346007e+03,9.719999999999999751e-01
2.705231805749372143e+03,9.719999999999999751e-01
2.706167117778398278e+03,9.719999999999999751e-01
2.707102429807423960e+03,9.714000000000000412e-01
2.708037741836450095e+03,9.704000000000000403e-01
2.708973053865475777e+03,9.699999999999999734e-01
2.709908365894501912e+03,9.699999999999999734e-01
2.710843677923528048e+03,9.697000000000000064e-01
2.711778989952553729e+03,9.691999999999999504e-01
2.712714301981579865e+03,9.684000000000000385e-01
2.713649614010605546e+03,9.674000000000000377e-01
2.714584926039631682e+03,9.669999999999999707e-01
2.715520238068657818e+03,9.669999999999999707e-01
2.716455550097683499e+03,9.669999999999999707e-01
2.717390862126709635e+03,9.669999999999999707e-01
2.718326174155735316e+03,9.669999999999999707e-01
2.719261486184761452e+03,9.669999999999999707e-01
2.720196798213787588e+03,9.669999999999999707e-01
2.721132110242813269e+03,9.669999999999999707e-01
2.722067422271839405e+03,9.667000000000000037e-01
2.723002734300865086e+03,9.661999999999999478e-01
2.723938046329891222e+03,9.659999999999999698e-01
2.724873358358917358e+03,9.659999999999999698e-01
2.725808670387943039e+03,9.654000000000000359e-01
2.726743982416969175e+03,9.644000000000000350e-01
2.727679294445995311e+03,9.639999999999999680e-01
2.728614606475020992e+03,9.639999999999999680e-01
2.729549918504047127e+03,9.637000000000000011e-01
2.730485230533072809e+03,9.631999999999999451e-01
2.731420542562098944e+03,9.624000000000000332e-01
2.732355854591125080e+03,9.614000000000000323e-01
2.733291166620150761e+03,9.606999999999999984e-01
2.734226478649176897e+03,9.602000000000000535e-01
2.735161790678202578e+03,9.596999999999999975e-01
2.736097102707228714e+03,9.592000000000000526e-01
2.737032414736254850e+03,9.589999999999999636e-01
2.737967726765280531e+03,9.589999999999999636e-01
2.738903038794306667e+03,9.584000000000000297e-01
2.739838350823332348e+03,9.574000000000000288e-01
2.740773662852358484e+03,9.569999999999999618e-01
2.741708974881384620e+03,9.569999999999999618e-01
2.742644286910410301e+03,9.569999999999999618e-01
2.743579598939436437e+03,9.569999999999999618e-01
2.744514910968462118e+03,9.569999999999999618e-01
2.745450222997488254e+03,9.569999999999999618e-01
2.746385535026514390e+03,9.569999999999999618e-01
2.747320847055540071e+03,9.569999999999999618e-01
2.748256159084566207e+03,9.566999999999999948e-01
2.749191471113591888e+03,9.562000000000000499e-01
2.750126783142618024e+03,9.559999999999999609e-01
2.751062095171644160e+03,9.559999999999999609e-01
2.751997407200669841e+03,9.559999999999999609e-01
2.752932719229695977e+03,9.559999999999999609e-01
2.753868031258721658e+03,9.559999999999999609e-01
2.754803343287747794e+03,9.559999999999999609e-01
2.755738655316773929e+03,9.559999999999999609e-01
2.756673967345799610e+03,9.559999999999999609e-01
2.757609279374825746e+03,9.559999999999999609e-01
2.758544591403851427e+03,9.559999999999999609e-01
2.759479903432877563e+03,9.559999999999999609e-01
2.760415215461903699e+03,9.559999999999999609e-01
2.761350527490929380e+03,9.559999999999999609e-01
2.762285839519955516e+03,9.559999999999999609e-01
2.763221151548981197e+03,9.554000000000000270e-01
2.764156463578007333e+03,9.544000000000000261e-01
2.765091775607033469e+03,9.539999999999999591e-01
2.766027087636059150e+03,9.539999999999999591e-01
2.766962399665085286e+03,9.536999999999999922e-01
2.767897711694110967e+03,9.532000000000000473e-01
2.768833023723137103e+03,9.529999999999999583e-01
2.769768335752163239e+03,9.529999999999999583e-01
2.770703647781188920e+03,9.524000000000000243e-01
2.771638959810215056e+03,9.514000000000000234e-01
2.772574271839241192e+03,9.509999999999999565e-01
2.773509583868266873e+03,9.509999999999999565e-01
2.774444895897293009e+03,9.506999999999999895e-01
2.775380207926318690e+03,9.502000000000000446e-01
2.776315519955344826e+03,9.494000000000000217e-01
2.777250831984370961e+03,9.484000000000000208e-01
2.778186144013396643e+03,9.476999999999999869e-01
2.779121456042422778e+03,9.472000000000000419e-01
2.780056768071448460e+03,9.469999999999999529e-01
2.780992080100474595e+03,9.469999999999999529e-01
2.781927392129500731e+03,9.464000000000000190e-01
2.782862704158526412e+03,9.454000000000000181e-01
2.783798016187552548e+03,9.446999999999999842e-01
2.784733328216578229e+03,9.442000000000000393e-01
2.785668640245604365e+03,9.433000000000000274e-01
2.786603952274630501e+03,9.423000000000000265e-01
2.787539264303656182e+03,9.419999999999999485e-01
2.788474576332682318e+03,9.419999999999999485e-01
2.789409888361707999e+03,9.416999999999999815e-01
2.790345200390734135e+03,9.412000000000000366e-01
2.791280512419760271e+03,9.409999999999999476e-01
2.792215824448785952e+03,9.409999999999999476e-01
2.793151136477812088e+03,9.403000000000000247e-01
2.794086448506837769e+03,9.393000000000000238e-01
2.795021760535863905e+03,9.389999999999999458e-01
2.795957072564890041e+03,9.389999999999999458e-01
2.796892384593915722e+03,9.383000000000000229e-01
2.797827696622941858e+03,9.373000000000000220e-01
2.798763008651967539e+03,9.363000000000000211e-01
2.799698320680993675e+03,9.353000000000000203e-01
2.800633632710019810e+03,9.346999999999999753e-01
2.801568944739045492e+03,9.342000000000000304e-01
2.802504256768071627e+03,9.333000000000000185e-01
2.803439568797097309e+03,9.323000000000000176e-01
2.804374880826123444e+03,9.316999999999999726e-01
2.805310192855149580e+03,9.312000000000000277e-01
2.806245504884175261e+03,9.303000000000000158e-01
2.807180816913201397e+03,9.293000000000000149e-01
2.808116128942227078e+03,9.275999999999999801e-01
2.809051440971253214e+03,9.255999999999999783e-01
2.809986753000279350e+03,9.240000000000000435e-01
2.810922065029305031e+03,9.224999999999999867e-01
2.811857377058331167e+03,9.213000000000000078e-01
2.812792689087356848e+03,9.203000000000000069e-01
2.813728001116382984e+03,9.196999999999999620e-01
2.814663313145409120e+03,9.192000000000000171e-01
2.815598625174434801e+03,9.186999999999999611e-01
2.816533937203460937e+03,9.182000000000000162e-01
2.817469249232487073e+03,9.173000000000000043e-01
2.818404561261512754e+03,9.163000000000000034e-01
2.819339873290538890e+03,9.160000000000000364e-01
2.820275185319564571e+03,9.160000000000000364e-01
2.821210497348590707e+03,9.156999999999999584e-01
2.822145809377616843e+03,9.152000000000000135e-01
2.823081121406642524e+03,9.143000000000000016e-01
2.824016433435668660e+03,9.133000000000000007e-01
2.824951745464694341e+03,9.120000000000000329e-01
2.825887057493720476e+03,9.104999999999999760e-01
2.826822369522746612e+03,9.085999999999999632e-01
2.827757681551772293e+03,9.065999999999999615e-01
2.828692993580798429e+03,9.050000000000000266e-01
2.829628305609824110e+03,9.034999999999999698e-01
2.830563617638850246e+03,9.012999999999999901e-01
2.831498929667876382e+03,8.988000000000000433e-01
2.832434241696902063e+03,8.980000000000000204e-01
2.833369553725928199e+03,8.980000000000000204e-01
2.834304865754953880e+03,8.972999999999999865e-01
2.835240177783980016e+03,8.962999999999999856e-01
2.836175489813006152e+03,8.960000000000000187e-01
2.837110801842031833e+03,8.960000000000000187e-01
2.838046113871057969e+03,8.960000000000000187e-01
2.838981425900083650e+03,8.960000000000000187e-01
2.839916737929109786e+03,8.952999999999999847e-01
2.840852049958135922e+03,8.942999999999999838e-01
2.841787361987161603e+03,8.929000000000000270e-01
2.842722674016187739e+03,8.913999999999999702e-01
2.843657986045213420e+03,8.895999999999999464e-01
2.844593298074239556e+03,8.875999999999999446e-01
2.845528610103265692e+03,8.834999999999999520e-01
2.846463922132291373e+03,8.784999999999999476e-01
2.847399234161317509e+03,8.751999999999999780e-01
2.848334546190343190e+03,8.727000000000000313e-01
2.849269858219369326e+03,8.716000000000000414e-01
2.850205170248395461e+03,8.710999999999999854e-01
2.851140482277421142e+03,8.702999999999999625e-01
2.852075794306447278e+03,8.692999999999999616e-01
2.853011106335472959e+03,8.618999999999999995e-01
2.853946418364499095e+03,8.518999999999999906e-01
2.854881730393525231e+03,8.380999999999999561e-01
2.855817042422550912e+03,8.225999999999999979e-01
2.856752354451577048e+03,8.126999999999999780e-01
2.857687666480603184e+03,8.052000000000000268e-01
2.858622978509628865e+03,7.833999999999999853e-01
2.859558290538655001e+03,7.556000000000000494e-01
2.860493602567680682e+03,7.447000000000000286e-01
2.861428914596706818e+03,7.401999999999999691e-01
2.862364226625732954e+03,7.357000000000000206e-01
2.863299538654758635e+03,7.311999999999999611e-01
2.864234850683784771e+03,7.264000000000000457e-01
2.865170162712810452e+03,7.214000000000000412e-01
2.866105474741836588e+03,7.164000000000000368e-01
2.867040786770862724e+03,7.114000000000000323e-01
2.867976098799888405e+03,6.955000000000000071e-01
2.868911410828914541e+03,6.755999999999999783e-01
2.869846722857940222e+03,6.573999999999999844e-01
2.870782034886966358e+03,6.399000000000000243e-01
2.871717346915992493e+03,6.336000000000000520e-01
2.872652658945018175e+03,6.316000000000000503e-01
2.873587970974044310e+03,6.291999999999999815e-01
2.874523283003069992e+03,6.267000000000000348e-01
2.875458595032096127e+03,6.256000000000000449e-01
2.876393907061122263e+03,6.250999999999999890e-01
2.877329219090147944e+03,6.231999999999999762e-01
2.878264531119174080e+03,6.207000000000000295e-01
2.879199843148199761e+03,6.189000000000000057e-01
2.880135155177225897e+03,6.173999999999999488e-01
2.881070467206252033e+03,5.969999999999999751e-01
2.882005779235277714e+03,5.699999999999999512e-01
2.882941091264303850e+03,5.430000000000000382e-01
2.883876403293329531e+03,5.161000000000000032e-01
2.884811715322355667e+03,5.009000000000000119e-01
2.885747027351381803e+03,4.899000000000000021e-01
2.886682339380407484e+03,4.784999999999999809e-01
2.887617651409433620e+03,4.670000000000000262e-01
2.888552963438459301e+03,4.628999999999999782e-01
2.889488275467485437e+03,4.613999999999999768e-01
2.890423587496511573e+03,4.613999999999999768e-01
2.891358899525537254e+03,4.618999999999999773e-01
2.892294211554563390e+03,4.652999999999999914e-01
2.893229523583589071e+03,4.697999999999999954e-01
2.894164835612615207e+03,4.764999999999999791e-01
2.895100147641641342e+03,4.839999999999999858e-01
2.896035459670667024e+03,4.919000000000000039e-01
2.896970771699693159e+03,5.000000000000000000e-01
2.897906083728718841e+03,5.096000000000000529e-01
2.898841395757744976e+03,5.195999999999999508e-01
2.899776707786771112e+03,5.239000000000000323e-01
2.900712019815796793e+03,5.263999999999999790e-01
2.901647331844822929e+03,5.281000000000000139e-01
2.902582643873849065e+03,5.295999999999999597e-01
2.903517955902874746e+03,5.330000000000000293e-01
2.904453267931900882e+03,5.370000000000000329e-01
2.905388579960926563e+03,5.387999999999999456e-01
2.906323891989952699e+03,5.397999999999999465e-01
2.907259204018978835e+03,5.460000000000000409e-01
2.908194516048004516e+03,5.540000000000000480e-01
2.909129828077030652e+03,5.564000000000000057e-01
2.910065140106056333e+03,5.568999999999999506e-01
2.911000452135082469e+03,5.611000000000000432e-01
2.911935764164108605e+03,5.665999999999999925e-01
2.912871076193134286e+03,5.777999999999999803e-01
2.913806388222160422e+03,5.907999999999999918e-01
2.914741700251186103e+03,5.944000000000000394e-01
2.915677012280212239e+03,5.948999999999999844e-01
2.916612324309238375e+03,6.022999999999999465e-01
2.917547636338264056e+03,6.118000000000000105e-01
2.918482948367290192e+03,6.139999999999999902e-01
2.919418260396315873e+03,6.139999999999999902e-01
2.920353572425342009e+03,6.136000000000000343e-01
2.921288884454368144e+03,6.130999999999999783e-01
2.922224196483393825e+03,6.126000000000000334e-01
2.923159508512419961e+03,6.120999999999999774e-01
2.924094820541445642e+03,6.097000000000000197e-01
2.925030132570471778e+03,6.067000000000000171e-01
2.925965444599497914e+03,6.037000000000000144e-01
2.926900756628523595e+03,6.007000000000000117e-01
2.927836068657549731e+03,5.965000000000000302e-01
2.928771380686575412e+03,5.919999999999999707e-01
2.929706692715601548e+03,5.883000000000000451e-01
2.930642004744627684e+03,5.847999999999999865e-01
2.931577316773653365e+03,5.805000000000000160e-01
2.932512628802679501e+03,5.759999999999999565e-01
2.933447940831705182e+03,5.715000000000000080e-01
2.934383252860731318e+03,5.669999999999999485e-01
2.935318564889757454e+03,5.647999999999999687e-01
2.936253876918783135e+03,5.633000000000000229e-01
2.937189188947809271e+03,5.629999999999999449e-01
2.938124500976834952e+03,5.629999999999999449e-01
2.939059813005861088e+03,5.602000000000000313e-01
2.939995125034887224e+03,5.566999999999999726e-01
2.940930437063912905e+03,5.496999999999999664e-01
2.941865749092939041e+03,5.416999999999999593e-01
2.942801061121964722e+03,5.349000000000000421e-01
2.943736373150990858e+03,5.283999999999999808e-01
2.944671685180016993e+03,5.222999999999999865e-01
2.945606997209042675e+03,5.162999999999999812e-01
2.946542309238068810e+03,5.110999999999999988e-01
2.947477621267094946e+03,5.060999999999999943e-01
2.948412933296120627e+03,4.932000000000000273e-01
2.949348245325146763e+03,4.782000000000000139e-01
2.950283557354172444e+03,4.632000000000000006e-01
2.951218869383198580e+03,4.481999999999999873e-01
2.952154181412224716e+03,4.304000000000000048e-01
2.953089493441250397e+03,4.117000000000000104e-01
2.954024805470276533e+03,3.875000000000000111e-01
2.954960117499302214e+03,3.619999999999999885e-01
2.955895429528328350e+03,3.473999999999999866e-01
2.956830741557354486e+03,3.353999999999999759e-01
2.957766053586380167e+03,3.237999999999999767e-01
2.958701365615406303e+03,3.123000000000000220e-01
2.959636677644431984e+03,3.052000000000000268e-01
2.960571989673458120e+03,2.992000000000000215e-01
2.961507301702484256e+03,2.879999999999999782e-01
2.962442613731509937e+03,2.755000000000000226e-01
2.963377925760536073e+03,2.677999999999999825e-01
2.964313237789561754e+03,2.612999999999999767e-01
2.965248549818587890e+03,2.535999999999999921e-01
2.966183861847614025e+03,2.456000000000000127e-01
2.967119173876639707e+03,2.376000000000000056e-01
2.968054485905665842e+03,2.295999999999999985e-01
2.968989797934691524e+03,2.167999999999999927e-01
2.969925109963717659e+03,2.028000000000000080e-01
2.970860421992743795e+03,1.882999999999999952e-01
2.971795734021769476e+03,1.736999999999999933e-01
2.972731046050795612e+03,1.529999999999999971e-01
2.973666358079821293e+03,1.310000000000000053e-01
2.974601670108847429e+03,1.270000000000000018e-01
2.975536982137873565e+03,1.270000000000000018e-01
2.976472294166899246e+03,1.295000000000000040e-01
2.977407606195925382e+03,1.323999999999999899e-01
2.978342918224951063e+03,1.358999999999999930e-01
2.979278230253977199e+03,1.393999999999999961e-01
2.980213542283003335e+03,1.428999999999999992e-01
2.981148854312029016e+03,1.464000000000000024e-01
2.982084166341055152e+03,1.351999999999999869e-01
2.983019478370080833e+03,1.207000000000000017e-01
2.983954790399106969e+03,1.102999999999999953e-01
2.984890102428133105e+03,1.008000000000000007e-01
2.985825414457158786e+03,9.130000000000000615e-02
2.986760726486184922e+03,8.179999999999999771e-02
2.987696038515210603e+03,1.044000000000000067e-01
2.988631350544236739e+03,1.343999999999999917e-01
2.989566662573262875e+03,1.633999999999999897e-01
2.990501974602288556e+03,1.922000000000000097e-01
2.991437286631314691e+03,1.978000000000000036e-01
2.992372598660340827e+03,1.988000000000000045e-01
2.993307910689366508e+03,2.122999999999999887e-01
2.994243222718392644e+03,2.283000000000000029e-01
2.995178534747418325e+03,2.376999999999999946e-01
2.996113846776444461e+03,2.457000000000000017e-01
2.997049158805470597e+03,2.536999999999999811e-01
2.997984470834496278e+03,2.616999999999999882e-01
2.998919782863522414e+03,2.684000000000000274e-01
2.999855094892548095e+03,2.748999999999999777e-01
3.000790406921574231e+03,2.884999999999999787e-01
3.001725718950600367e+03,3.034999999999999920e-01
3.002661030979626048e+03,3.221999999999999864e-01
3.003596343008652184e+03,3.417000000000000037e-01
3.004531655037677865e+03,3.637000000000000233e-01
3.005466967066704001e+03,3.861999999999999877e-01
3.006402279095730137e+03,4.082999999999999963e-01
3.007337591124755818e+03,4.303000000000000158e-01
3.008272903153781954e+03,4.708999999999999853e-01
3.009208215182807635e+03,5.152999999999999803e-01
3.010143527211833771e+03,5.339000000000000412e-01
3.011078839240859907e+03,5.479000000000000536e-01
3.012014151269885588e+03,5.911999999999999478e-01
3.012949463298911724e+03,6.397000000000000464e-01
3.013884775327937405e+03,6.915000000000000036e-01
3.014820087356963541e+03,7.439999999999999947e-01
3.015755399385989676e+03,7.618000000000000327e-01
3.016690711415015357e+03,7.731999999999999984e-01
3.017626023444041493e+03,7.834999999999999742e-01
3.018561335473067174e+03,7.934999999999999831e-01
3.019496647502093310e+03,8.076999999999999735e-01
3.020431959531119446e+03,8.226999999999999869e-01
3.021367271560145127e+03,8.558999999999999941e-01
3.022302583589171263e+03,8.923999999999999710e-01
3.023237895618196944e+03,9.093999999999999861e-01
3.024173207647223080e+03,9.229000000000000536e-01
3.025108519676249216e+03,9.346999999999999753e-01
3.026043831705274897e+03,9.462000000000000410e-01
3.026979143734301033e+03,9.488999999999999657e-01
3.027914455763326714e+03,9.498999999999999666e-01
3.028849767792352850e+03,9.516999999999999904e-01
3.029785079821378986e+03,9.536999999999999922e-01
3.030720391850404667e+03,9.562000000000000499e-01
3.031655703879430803e+03,9.586999999999999966e-01
3.032591015908456484e+03,9.606999999999999984e-01
3.033526327937482620e+03,9.627000000000000002e-01
3.034461639966508756e+03,9.643000000000000460e-01
3.035396951995534437e+03,9.657999999999999918e-01
3.036332264024560573e+03,9.664000000000000368e-01
3.037267576053586708e+03,9.668999999999999817e-01
3.038202888082612390e+03,9.669999999999999707e-01
3.039138200111638525e+03,9.669999999999999707e-01
3.040073512140664207e+03,9.669999999999999707e-01
3.041008824169690342e+03,9.669999999999999707e-01
3.041944136198716478e+03,9.678999999999999826e-01
3.042879448227742159e+03,9.688999999999999835e-01
3.043814760256768295e+03,9.689999999999999725e-01
3.044750072285793976e+03,9.689999999999999725e-01
3.045685384314820112e+03,9.694000000000000394e-01
3.046620696343846248e+03,9.698999999999999844e-01
3.047556008372871929e+03,9.699999999999999734e-01
3.048491320401898065e+03,9.699999999999999734e-01
3.049426632430923746e+03,9.699999999999999734e-01
3.050361944459949882e+03,9.699999999999999734e-01
3.051297256488976018e+03,9.708999999999999853e-01
3.052232568518001699e+03,9.718999999999999861e-01
3.053167880547027835e+03,9.710999999999999632e-01
3.054103192576053516e+03,9.700999999999999623e-01
3.055038504605079652e+03,9.699999999999999734e-01
3.055973816634105788e+03,9.699999999999999734e-01
3.056909128663131469e+03,9.699999999999999734e-01
3.057844440692157605e+03,9.699999999999999734e-01
3.058779752721183286e+03,9.699999999999999734e-01
3.059715064750209422e+03,9.699999999999999734e-01
3.060650376779235557e+03,9.699999999999999734e-01
3.061585688808261239e+03,9.699999999999999734e-01
3.062521000837287374e+03,9.699999999999999734e-01
3.063456312866313056e+03,9.699999999999999734e-01
3.064391624895339191e+03,9.699999999999999734e-01
3.065326936924365327e+03,9.699999999999999734e-01
3.066262248953391008e+03,9.699999999999999734e-01
3.067197560982417144e+03,9.699999999999999734e-01
3.068132873011442825e+03,9.699999999999999734e-01
3.069068185040468961e+03,9.699999999999999734e-01
3.070003497069495097e+03,9.699999999999999734e-01
3.070938809098520778e+03,9.699999999999999734e-01
3.071874121127546914e+03,9.699999999999999734e-01
3.072809433156572595e+03,9.699999999999999734e-01
3.073744745185598731e+03,9.699999999999999734e-01
3.074680057214624867e+03,9.699999999999999734e-01
3.075615369243650548e+03,9.699999999999999734e-01
3.076550681272676684e+03,9.699999999999999734e-01
3.077485993301702365e+03,9.699999999999999734e-01
3.078421305330728501e+03,9.699999999999999734e-01
3.079356617359754637e+03,9.699999999999999734e-01
3.080291929388780318e+03,9.699999999999999734e-01
3.081227241417806454e+03,9.699999999999999734e-01
3.082162553446832590e+03,9.699999999999999734e-01
3.083097865475858271e+03,9.699999999999999734e-01
3.084033177504884407e+03,9.699999999999999734e-01
3.084968489533910088e+03,9.699999999999999734e-01
3.085903801562936223e+03,9.699999999999999734e-01
3.086839113591962359e+03,9.699999999999999734e-01
3.087774425620988040e+03,9.699999999999999734e-01
3.088709737650014176e+03,9.699999999999999734e-01
3.089645049679039857e+03,9.699999999999999734e-01
3.090580361708065993e+03,9.699999999999999734e-01
3.091515673737092129e+03,9.699999999999999734e-01
3.092450985766117810e+03,9.699999999999999734e-01
3.093386297795143946e+03,9.699999999999999734e-01
3.094321609824169627e+03,9.695000000000000284e-01
3.095256921853195763e+03,9.689999999999999725e-01
3.096192233882221899e+03,9.689999999999999725e-01
3.097127545911247580e+03,9.689999999999999725e-01
3.098062857940273716e+03,9.689999999999999725e-01
3.098998169969299397e+03,9.689999999999999725e-01
3.099933481998325533e+03,9.689999999999999725e-01
3.100868794027351669e+03,9.689999999999999725e-01
3.101804106056377350e+03,9.689999999999999725e-01
3.102739418085403486e+03,9.689999999999999725e-01
3.103674730114429167e+03,9.689999999999999725e-01
3.104610042143455303e+03,9.689999999999999725e-01
3.105545354172481439e+03,9.689999999999999725e-01
3.106480666201507120e+03,9.689999999999999725e-01
3.107415978230533256e+03,9.689999999999999725e-01
3.108351290259558937e+03,9.689999999999999725e-01
3.109286602288585073e+03,9.680999999999999606e-01
3.110221914317611208e+03,9.670999999999999597e-01
3.111157226346636890e+03,9.669999999999999707e-01
3.112092538375663025e+03,9.669999999999999707e-01
3.113027850404688706e+03,9.669999999999999707e-01
3.113963162433714842e+03,9.669999999999999707e-01
3.114898474462740978e+03,9.669999999999999707e-01
3.115833786491766659e+03,9.669999999999999707e-01
3.116769098520792795e+03,9.669999999999999707e-01
3.117704410549818476e+03,9.669999999999999707e-01
3.118639722578844612e+03,9.669999999999999707e-01
3.119575034607870748e+03,9.669999999999999707e-01
3.120510346636896429e+03,9.669999999999999707e-01
3.121445658665922565e+03,9.669999999999999707e-01
3.122380970694948701e+03,9.665000000000000258e-01
3.123316282723974382e+03,9.659999999999999698e-01
3.124251594753000518e+03,9.659999999999999698e-01
3.125186906782026199e+03,9.659999999999999698e-01
3.126122218811052335e+03,9.659999999999999698e-01
3.127057530840078471e+03,9.659999999999999698e-01
3.127992842869104152e+03,9.659999999999999698e-01
3.128928154898130288e+03,9.659999999999999698e-01
3.129863466927155969e+03,9.659999999999999698e-01
3.130798778956182105e+03,9.659999999999999698e-01
3.131734090985208240e+03,9.659999999999999698e-01
3.132669403014233922e+03,9.659999999999999698e-01
3.133604715043260057e+03,9.659999999999999698e-01
3.134540027072285739e+03,9.659999999999999698e-01
3.135475339101311874e+03,9.659999999999999698e-01
3.136410651130338010e+03,9.659999999999999698e-01
3.137345963159363691e+03,9.659999999999999698e-01
3.138281275188389827e+03,9.659999999999999698e-01
3.139216587217415508e+03,9.659999999999999698e-01
3.140151899246441644e+03,9.659999999999999698e-01
3.141087211275467780e+03,9.659999999999999698e-01
3.142022523304493461e+03,9.659999999999999698e-01
3.142957835333519597e+03,9.659999999999999698e-01
3.143893147362545278e+03,9.659999999999999698e-01
3.144828459391571414e+03,9.649999999999999689e-01
3.145763771420597550e+03,9.639999999999999680e-01
3.146699083449623231e+03,9.639999999999999680e-01
3.147634395478649367e+03,9.639999999999999680e-01
3.148569707507675048e+03,9.639999999999999680e-01
3.149505019536701184e+03,9.639999999999999680e-01
3.150440331565727320e+03,9.635000000000000231e-01
3.151375643594753001e+03,9.629999999999999671e-01
3.152310955623779137e+03,9.619999999999999662e-01
3.153246267652804818e+03,9.609999999999999654e-01
3.154181579681830954e+03,9.605000000000000204e-01
3.155116891710857089e+03,9.599999999999999645e-01
3.156052203739882771e+03,9.599999999999999645e-01
3.156987515768908906e+03,9.599999999999999645e-01
3.157922827797934588e+03,9.599999999999999645e-01
3.158858139826960723e+03,9.599999999999999645e-01
3.159793451855986859e+03,9.595000000000000195e-01
3.160728763885012540e+03,9.589999999999999636e-01
3.161664075914038676e+03,9.579999999999999627e-01
3.162599387943064357e+03,9.569999999999999618e-01
3.163534699972090493e+03,9.569999999999999618e-01
3.164470012001116629e+03,9.569999999999999618e-01
3.165405324030142310e+03,9.569999999999999618e-01
3.166340636059168446e+03,9.569999999999999618e-01
3.167275948088194582e+03,9.569999999999999618e-01
3.168211260117220263e+03,9.569999999999999618e-01
3.169146572146246399e+03,9.565000000000000169e-01
3.170081884175272080e+03,9.559999999999999609e-01
3.171017196204298216e+03,9.559999999999999609e-01
3.171952508233324352e+03,9.559999999999999609e-01
3.172887820262350033e+03,9.559999999999999609e-01
3.173823132291376169e+03,9.559999999999999609e-01
3.174758444320401850e+03,9.549999999999999600e-01
3.175693756349427986e+03,9.539999999999999591e-01
3.176629068378454122e+03,9.539999999999999591e-01
3.177564380407479803e+03,9.539999999999999591e-01
3.178499692436505939e+03,9.539999999999999591e-01
3.179435004465531620e+03,9.539999999999999591e-01
3.180370316494557756e+03,9.535000000000000142e-01
3.181305628523583891e+03,9.529999999999999583e-01
3.182240940552609572e+03,9.529999999999999583e-01
3.183176252581635708e+03,9.529999999999999583e-01
3.184111564610661389e+03,9.519999999999999574e-01
3.185046876639687525e+03,9.509999999999999565e-01
3.185982188668713661e+03,9.509999999999999565e-01
3.186917500697739342e+03,9.509999999999999565e-01
3.187852812726765478e+03,9.509999999999999565e-01
3.188788124755791159e+03,9.509999999999999565e-01
3.189723436784817295e+03,9.509999999999999565e-01
3.190658748813843431e+03,9.509999999999999565e-01
3.191594060842869112e+03,9.509999999999999565e-01
3.192529372871895248e+03,9.509999999999999565e-01
3.193464684900920929e+03,9.509999999999999565e-01
3.194399996929947065e+03,9.509999999999999565e-01
3.195335308958973201e+03,9.509999999999999565e-01
3.196270620987998882e+03,9.509999999999999565e-01
3.197205933017025018e+03,9.509999999999999565e-01
3.198141245046050699e+03,9.509999999999999565e-01
3.199076557075076835e+03,9.519999999999999574e-01
3.200011869104102971e+03,9.529999999999999583e-01
3.200947181133128652e+03,9.529999999999999583e-01
3.201882493162154788e+03,9.529999999999999583e-01
3.202817805191180469e+03,9.529999999999999583e-01
3.203753117220206605e+03,9.529999999999999583e-01
3.204688429249232740e+03,9.535000000000000142e-01
3.205623741278258422e+03,9.539999999999999591e-01
3.206559053307284557e+03,9.539999999999999591e-01
3.207494365336310238e+03,9.539999999999999591e-01
3.208429677365336374e+03,9.539999999999999591e-01
3.209364989394362510e+03,9.539999999999999591e-01
3.210300301423388191e+03,9.539999999999999591e-01
3.211235613452414327e+03,9.539999999999999591e-01
3.212170925481440463e+03,9.539999999999999591e-01
3.213106237510466144e+03,9.539999999999999591e-01
3.214041549539492280e+03,9.539999999999999591e-01
3.214976861568517961e+03,9.539999999999999591e-01
3.215912173597544097e+03,9.539999999999999591e-01
3.216847485626570233e+03,9.539999999999999591e-01
3.217782797655595914e+03,9.539999999999999591e-01
3.218718109684622050e+03,9.539999999999999591e-01
3.219653421713647731e+03,9.539999999999999591e-01
3.220588733742673867e+03,9.539999999999999591e-01
3.221524045771700003e+03,9.539999999999999591e-01
3.222459357800725684e+03,9.539999999999999591e-01
3.223394669829751820e+03,9.549999999999999600e-01
3.224329981858777501e+03,9.559999999999999609e-01
3.225265293887803637e+03,9.559999999999999609e-01
3.226200605916829772e+03,9.559999999999999609e-01
3.227135917945855454e+03,9.565000000000000169e-01
3.228071229974881589e+03,9.569999999999999618e-01
3.229006542003907271e+03,9.579999999999999627e-01
3.229941854032933406e+03,9.589999999999999636e-01
3.230877166061959542e+03,9.589999999999999636e-01
3.231812478090985223e+03,9.589999999999999636e-01
3.232747790120011359e+03,9.595000000000000195e-01
3.233683102149037040e+03,9.599999999999999645e-01
3.234618414178063176e+03,9.605000000000000204e-01
3.235553726207089312e+03,9.609999999999999654e-01
3.236489038236114993e+03,9.609999999999999654e-01
3.237424350265141129e+03,9.609999999999999654e-01
3.238359662294166810e+03,9.619999999999999662e-01
3.239294974323192946e+03,9.629999999999999671e-01
3.240230286352219082e+03,9.629999999999999671e-01
3.241165598381244763e+03,9.629999999999999671e-01
3.242100910410270899e+03,9.629999999999999671e-01
3.243036222439296580e+03,9.629999999999999671e-01
3.243971534468322716e+03,9.629999999999999671e-01
3.244906846497348852e+03,9.629999999999999671e-01
3.245842158526374533e+03,9.635000000000000231e-01
3.246777470555400669e+03,9.639999999999999680e-01
3.247712782584426350e+03,9.649999999999999689e-01
3.248648094613452486e+03,9.659999999999999698e-01
3.249583406642478622e+03,9.659999999999999698e-01
3.250518718671504303e+03,9.659999999999999698e-01
3.251454030700530438e+03,9.659999999999999698e-01
3.252389342729556120e+03,9.659999999999999698e-01
3.253324654758582255e+03,9.665000000000000258e-01
3.254259966787608391e+03,9.669999999999999707e-01
3.255195278816634072e+03,9.669999999999999707e-01
3.256130590845660208e+03,9.669999999999999707e-01
3.257065902874686344e+03,9.669999999999999707e-01
3.258001214903712025e+03,9.669999999999999707e-01
3.258936526932738161e+03,9.669999999999999707e-01
3.259871838961763842e+03,9.670999999999999597e-01
3.260807150990789978e+03,9.680999999999999606e-01
3.261742463019816114e+03,9.689999999999999725e-01
3.262677775048841795e+03,9.695000000000000284e-01
3.263613087077867931e+03,9.699999999999999734e-01
3.264548399106893612e+03,9.699999999999999734e-01
3.265483711135919748e+03,9.699999999999999734e-01
3.266419023164945884e+03,9.699999999999999734e-01
3.267354335193971565e+03,9.699999999999999734e-01
3.268289647222997701e+03,9.699999999999999734e-01
3.269224959252023382e+03,9.699999999999999734e-01
3.270160271281049518e+03,9.699999999999999734e-01
3.271095583310075654e+03,9.699999999999999734e-01
3.272030895339101335e+03,9.699999999999999734e-01
3.272966207368127471e+03,9.699999999999999734e-01
3.273901519397153152e+03,9.699999999999999734e-01
3.274836831426179288e+03,9.699999999999999734e-01
3.275772143455205423e+03,9.699999999999999734e-01
3.276707455484231104e+03,9.699999999999999734e-01
3.277642767513257240e+03,9.699999999999999734e-01
3.278578079542282921e+03,9.699999999999999734e-01
3.279513391571309057e+03,9.699999999999999734e-01
3.280448703600335193e+03,9.699999999999999734e-01
3.281384015629360874e+03,9.699999999999999734e-01
3.282319327658387010e+03,9.699999999999999734e-01
3.283254639687412691e+03,9.695000000000000284e-01
3.284189951716438827e+03,9.689999999999999725e-01
3.285125263745464963e+03,9.689999999999999725e-01
3.286060575774490644e+03,9.689999999999999725e-01
3.286995887803516780e+03,9.689999999999999725e-01
3.287931199832542461e+03,9.689999999999999725e-01
3.288866511861568597e+03,9.689999999999999725e-01
3.289801823890594733e+03,9.689999999999999725e-01
3.290737135919620414e+03,9.689999999999999725e-01
3.291672447948646550e+03,9.689999999999999725e-01
3.292607759977672231e+03,9.689999999999999725e-01
3.293543072006698367e+03,9.689999999999999725e-01
3.294478384035724503e+03,9.689999999999999725e-01
3.295413696064750184e+03,9.689999999999999725e-01
3.296349008093776320e+03,9.689999999999999725e-01
3.297284320122802001e+03,9.689999999999999725e-01
3.298219632151828137e+03,9.689999999999999725e-01
3.299154944180854272e+03,9.689999999999999725e-01
3.300090256209879954e+03,9.689999999999999725e-01
3.301025568238906089e+03,9.688999999999999835e-01
3.301960880267932225e+03,9.678999999999999826e-01
3.302896192296957906e+03,9.669999999999999707e-01
3.303831504325984042e+03,9.669999999999999707e-01
3.304766816355009723e+03,9.669999999999999707e-01
3.305702128384035859e+03,9.669999999999999707e-01
3.306637440413061995e+03,9.669999999999999707e-01
3.307572752442087676e+03,9.669999999999999707e-01
3.308508064471113812e+03,9.669999999999999707e-01
3.309443376500139493e+03,9.665000000000000258e-01
3.310378688529165629e+03,9.659999999999999698e-01
3.311314000558191765e+03,9.659999999999999698e-01
3.312249312587217446e+03,9.658999999999999808e-01
3.313184624616243582e+03,9.648999999999999799e-01
3.314119936645269263e+03,9.639999999999999680e-01
3.315055248674295399e+03,9.639999999999999680e-01
3.315990560703321535e+03,9.639999999999999680e-01
3.316925872732347216e+03,9.639999999999999680e-01
3.317861184761373352e+03,9.639999999999999680e-01
3.318796496790399033e+03,9.639999999999999680e-01
3.319731808819425169e+03,9.639999999999999680e-01
3.320667120848451304e+03,9.639999999999999680e-01
3.321602432877476986e+03,9.639999999999999680e-01
3.322537744906503121e+03,9.635000000000000231e-01
3.323473056935528803e+03,9.629999999999999671e-01
3.324408368964554938e+03,9.629999999999999671e-01
3.325343680993581074e+03,9.629999999999999671e-01
3.326278993022606755e+03,9.629999999999999671e-01
3.327214305051632891e+03,9.629999999999999671e-01
3.328149617080658572e+03,9.629999999999999671e-01
3.329084929109684708e+03,9.628999999999999782e-01
3.330020241138710844e+03,9.618999999999999773e-01
3.330955553167736525e+03,9.609999999999999654e-01
3.331890865196762661e+03,9.609999999999999654e-01
3.332826177225788342e+03,9.609999999999999654e-01
3.333761489254814478e+03,9.609999999999999654e-01
3.334696801283840614e+03,9.610999999999999543e-01
3.335632113312866295e+03,9.620999999999999552e-01
3.336567425341892431e+03,9.629999999999999671e-01
3.337502737370918112e+03,9.629999999999999671e-01
3.338438049399944248e+03,9.628999999999999782e-01
3.339373361428970384e+03,9.618999999999999773e-01
3.340308673457996065e+03,9.609999999999999654e-01
3.341243985487022201e+03,9.609999999999999654e-01
3.342179297516048337e+03,9.609999999999999654e-01
3.343114609545074018e+03,9.609999999999999654e-01
3.344049921574100154e+03,9.609999999999999654e-01
3.344985233603125835e+03,9.609999999999999654e-01
3.345920545632151970e+03,9.610999999999999543e-01
3.346855857661178106e+03,9.620999999999999552e-01
3.347791169690203787e+03,9.629999999999999671e-01
3.348726481719229923e+03,9.629999999999999671e-01
3.349661793748255604e+03,9.629999999999999671e-01
3.350597105777281740e+03,9.629999999999999671e-01
3.351532417806307876e+03,9.629999999999999671e-01
3.352467729835333557e+03,9.629999999999999671e-01
3.353403041864359693e+03,9.629999999999999671e-01
3.354338353893385374e+03,9.629999999999999671e-01
3.355273665922411510e+03,9.629999999999999671e-01
3.356208977951437646e+03,9.629999999999999671e-01
3.357144289980463327e+03,9.629999999999999671e-01
3.358079602009489463e+03,9.629999999999999671e-01
3.359014914038515144e+03,9.629999999999999671e-01
3.359950226067541280e+03,9.629999999999999671e-01
3.360885538096567416e+03,9.628999999999999782e-01
3.361820850125593097e+03,9.618999999999999773e-01
3.362756162154619233e+03,9.609999999999999654e-01
3.363691474183644914e+03,9.609999999999999654e-01
3.364626786212671050e+03,9.609999999999999654e-01
3.365562098241697186e+03,9.609999999999999654e-01
3.366497410270722867e+03,9.609999999999999654e-01
3.367432722299749003e+03,9.609999999999999654e-01
3.368368034328774684e+03,9.609999999999999654e-01
3.369303346357800820e+03,9.609999999999999654e-01
3.370238658386826955e+03,9.610999999999999543e-01
3.371173970415852637e+03,9.620999999999999552e-01
3.372109282444878772e+03,9.629999999999999671e-01
3.373044594473904453e+03,9.629999999999999671e-01
3.373979906502930589e+03,9.629999999999999671e-01
3.374915218531956725e+03,9.629999999999999671e-01
3.375850530560982406e+03,9.629999999999999671e-01
3.376785842590008542e+03,9.629999999999999671e-01
3.377721154619034223e+03,9.628999999999999782e-01
3.378656466648060359e+03,9.618999999999999773e-01
3.379591778677086495e+03,9.609999999999999654e-01
3.380527090706112176e+03,9.609999999999999654e-01
3.381462402735138312e+03,9.609999999999999654e-01
3.382397714764163993e+03,9.609999999999999654e-01
3.383333026793190129e+03,9.609999999999999654e-01
3.384268338822216265e+03,9.609999999999999654e-01
3.385203650851241946e+03,9.608999999999999764e-01
3.386138962880268082e+03,9.604000000000000314e-01
3.387074274909294218e+03,9.599999999999999645e-01
3.388009586938319899e+03,9.599999999999999645e-01
3.388944898967346035e+03,9.600999999999999535e-01
3.389880210996371716e+03,9.606000000000000094e-01
3.390815523025397852e+03,9.609999999999999654e-01
3.391750835054423987e+03,9.609999999999999654e-01
3.392686147083449669e+03,9.609999999999999654e-01
3.393621459112475804e+03,9.609999999999999654e-01
3.394556771141501486e+03,9.609999999999999654e-01
3.395492083170527621e+03,9.609999999999999654e-01
3.396427395199553757e+03,9.609999999999999654e-01
3.397362707228579438e+03,9.609999999999999654e-01
3.398298019257605574e+03,9.609999999999999654e-01
3.399233331286631255e+03,9.609999999999999654e-01
3.400168643315657391e+03,9.609999999999999654e-01
3.401103955344683527e+03,9.609999999999999654e-01
3.402039267373709208e+03,9.609999999999999654e-01
3.402974579402735344e+03,9.609999999999999654e-01
3.403909891431761025e+03,9.609999999999999654e-01
3.404845203460787161e+03,9.609999999999999654e-01
3.405780515489813297e+03,9.609999999999999654e-01
3.406715827518838978e+03,9.609999999999999654e-01
3.407651139547865114e+03,9.609999999999999654e-01
3.408586451576890795e+03,9.609999999999999654e-01
3.409521763605916931e+03,9.609999999999999654e-01
3.410457075634943067e+03,9.609999999999999654e-01
3.411392387663968748e+03,9.609999999999999654e-01
3.412327699692994884e+03,9.609999999999999654e-01
3.413263011722020565e+03,9.609999999999999654e-01
3.414198323751046701e+03,9.609999999999999654e-01
3.415133635780072836e+03,9.609999999999999654e-01
3.416068947809098518e+03,9.609999999999999654e-01
3.417004259838124653e+03,9.608999999999999764e-01
3.417939571867150335e+03,9.604000000000000314e-01
3.418874883896176470e+03,9.600999999999999535e-01
3.419810195925202606e+03,9.606000000000000094e-01
3.420745507954228287e+03,9.609999999999999654e-01
3.421680819983254423e+03,9.609999999999999654e-01
3.422616132012280104e+03,9.609999999999999654e-01
3.423551444041306240e+03,9.609999999999999654e-01
3.424486756070332376e+03,9.609999999999999654e-01
3.425422068099358057e+03,9.609999999999999654e-01
3.426357380128384193e+03,9.609999999999999654e-01
3.427292692157409874e+03,9.609999999999999654e-01
3.428228004186436010e+03,9.609999999999999654e-01
3.429163316215462146e+03,9.609999999999999654e-01
3.430098628244487827e+03,9.609999999999999654e-01
3.431033940273513963e+03,9.609999999999999654e-01
3.431969252302540099e+03,9.612000000000000544e-01
3.432904564331565780e+03,9.622000000000000552e-01
3.433839876360591916e+03,9.629999999999999671e-01
3.434775188389617597e+03,9.629999999999999671e-01
3.435710500418643733e+03,9.629999999999999671e-01
3.436645812447669869e+03,9.629999999999999671e-01
3.437581124476695550e+03,9.629999999999999671e-01
3.438516436505721686e+03,9.629999999999999671e-01
3.439451748534747367e+03,9.629999999999999671e-01
3.440387060563773503e+03,9.629999999999999671e-01
3.441322372592799638e+03,9.629999999999999671e-01
3.442257684621825319e+03,9.629999999999999671e-01
3.443192996650851455e+03,9.629999999999999671e-01
3.444128308679877136e+03,9.629999999999999671e-01
3.445063620708903272e+03,9.630999999999999561e-01
3.445998932737929408e+03,9.636000000000000121e-01
3.446934244766955089e+03,9.639999999999999680e-01
3.447869556795981225e+03,9.639999999999999680e-01
3.448804868825006906e+03,9.639999999999999680e-01
3.449740180854033042e+03,9.639999999999999680e-01
3.450675492883059178e+03,9.639999999999999680e-01
3.451610804912084859e+03,9.639999999999999680e-01
3.452546116941110995e+03,9.639999999999999680e-01
3.453481428970136676e+03,9.639999999999999680e-01
3.454416740999162812e+03,9.639999999999999680e-01
3.455352053028188948e+03,9.639999999999999680e-01
3.456287365057214629e+03,9.639999999999999680e-01
3.457222677086240765e+03,9.639999999999999680e-01
3.458157989115266446e+03,9.639999999999999680e-01
3.459093301144292582e+03,9.639999999999999680e-01
3.460028613173318718e+03,9.641999999999999460e-01
3.460963925202344399e+03,9.651999999999999469e-01
3.461899237231370535e+03,9.659999999999999698e-01
3.462834549260396216e+03,9.659999999999999698e-01
3.463769861289422352e+03,9.659999999999999698e-01
3.464705173318448487e+03,9.659999999999999698e-01
3.465640485347474169e+03,9.660999999999999588e-01
3.466575797376500304e+03,9.666000000000000147e-01
3.467511109405525985e+03,9.669999999999999707e-01
3.468446421434552121e+03,9.669999999999999707e-01
3.469381733463578257e+03,9.669999999999999707e-01
3.470317045492603938e+03,9.669999999999999707e-01
3.471252357521630074e+03,9.669999999999999707e-01
3.472187669550655755e+03,9.669999999999999707e-01
3.473122981579681891e+03,9.671999999999999487e-01
3.474058293608708027e+03,9.681999999999999496e-01
3.474993605637733708e+03,9.689999999999999725e-01
3.475928917666759844e+03,9.689999999999999725e-01
3.476864229695785980e+03,9.689999999999999725e-01
3.477799541724811661e+03,9.689999999999999725e-01
3.478734853753837797e+03,9.690999999999999615e-01
3.479670165782863478e+03,9.696000000000000174e-01
3.480605477811889614e+03,9.699999999999999734e-01
3.481540789840915750e+03,9.699999999999999734e-01
3.482476101869941431e+03,9.699999999999999734e-01
3.483411413898967567e+03,9.699999999999999734e-01
3.484346725927993248e+03,9.699999999999999734e-01
3.485282037957019384e+03,9.699999999999999734e-01
3.486217349986045519e+03,9.701999999999999513e-01
3.487152662015071201e+03,9.711999999999999522e-01
3.488087974044097336e+03,9.720999999999999641e-01
3.489023286073123018e+03,9.726000000000000201e-01
3.489958598102149153e+03,9.729999999999999760e-01
3.490893910131175289e+03,9.729999999999999760e-01
3.491829222160200970e+03,9.731999999999999540e-01
3.492764534189227106e+03,9.741999999999999549e-01
3.493699846218252787e+03,9.749999999999999778e-01
3.494635158247278923e+03,9.749999999999999778e-01
3.495570470276305059e+03,9.750999999999999668e-01
3.496505782305330740e+03,9.756000000000000227e-01
3.497441094334356876e+03,9.759999999999999787e-01
3.498376406363382557e+03,9.759999999999999787e-01
3.499311718392408693e+03,9.759999999999999787e-01
3.500247030421434829e+03,9.759999999999999787e-01
3.501182342450460510e+03,9.759999999999999787e-01
3.502117654479486646e+03,9.759999999999999787e-01
3.503052966508512327e+03,9.759999999999999787e-01
3.503988278537538463e+03,9.759999999999999787e-01
3.504923590566564599e+03,9.759999999999999787e-01
3.505858902595590280e+03,9.759999999999999787e-01
3.506794214624616416e+03,9.759999999999999787e-01
3.507729526653642097e+03,9.759999999999999787e-01
3.508664838682668233e+03,9.759999999999999787e-01
3.509600150711694369e+03,9.759999999999999787e-01
3.510535462740720050e+03,9.759999999999999787e-01
3.511470774769746185e+03,9.759999999999999787e-01
3.512406086798771867e+03,9.759999999999999787e-01
3.513341398827798002e+03,9.759999999999999787e-01
3.514276710856824138e+03,9.759999999999999787e-01
3.515212022885849819e+03,9.759999999999999787e-01
3.516147334914875955e+03,9.762999999999999456e-01
3.517082646943901636e+03,9.772999999999999465e-01
3.518017958972927772e+03,9.777000000000000135e-01
3.518953271001953908e+03,9.767000000000000126e-01
3.519888583030979589e+03,9.759999999999999787e-01
3.520823895060005725e+03,9.759999999999999787e-01
3.521759207089031861e+03,9.759999999999999787e-01
3.522694519118057542e+03,9.759999999999999787e-01
3.523629831147083678e+03,9.758999999999999897e-01
3.524565143176109359e+03,9.754000000000000448e-01
3.525500455205135495e+03,9.747000000000000108e-01
3.526435767234161631e+03,9.737000000000000099e-01
3.527371079263187312e+03,9.729999999999999760e-01
3.528306391292213448e+03,9.729999999999999760e-01
3.529241703321239129e+03,9.729999999999999760e-01
3.530177015350265265e+03,9.729999999999999760e-01
3.531112327379291401e+03,9.728999999999999870e-01
3.532047639408317082e+03,9.724000000000000421e-01
3.532982951437343218e+03,9.719999999999999751e-01
3.533918263466368899e+03,9.719999999999999751e-01
3.534853575495395035e+03,9.719999999999999751e-01
3.535788887524421170e+03,9.719999999999999751e-01
3.536724199553446851e+03,9.719999999999999751e-01
3.537659511582472987e+03,9.719999999999999751e-01
3.538594823611498668e+03,9.719999999999999751e-01
3.539530135640524804e+03,9.719999999999999751e-01
3.540465447669550940e+03,9.719999999999999751e-01
3.541400759698576621e+03,9.719999999999999751e-01
3.542336071727602757e+03,9.719999999999999751e-01
3.543271383756628438e+03,9.719999999999999751e-01
3.544206695785654574e+03,9.719999999999999751e-01
3.545142007814680710e+03,9.719999999999999751e-01
3.546077319843706391e+03,9.719999999999999751e-01
3.547012631872732527e+03,9.719999999999999751e-01
3.547947943901758208e+03,9.719999999999999751e-01
3.548883255930784344e+03,9.719999999999999751e-01
3.549818567959810480e+03,9.719999999999999751e-01
3.550753879988836161e+03,9.719999999999999751e-01
3.551689192017862297e+03,9.721999999999999531e-01
3.552624504046887978e+03,9.727000000000000091e-01
3.553559816075914114e+03,9.729999999999999760e-01
3.554495128104940250e+03,9.729999999999999760e-01
3.555430440133965931e+03,9.729999999999999760e-01
3.556365752162992067e+03,9.729999999999999760e-01
3.557301064192017748e+03,9.733000000000000540e-01
3.558236376221043884e+03,9.743000000000000549e-01
3.559171688250070019e+03,9.749999999999999778e-01
3.560107000279095701e+03,9.749999999999999778e-01
3.561042312308121836e+03,9.749999999999999778e-01
3.561977624337147518e+03,9.749999999999999778e-01
3.562912936366173653e+03,9.747000000000000108e-01
3.563848248395199789e+03,9.737000000000000099e-01
3.564783560424225470e+03,9.729999999999999760e-01
3.565718872453251606e+03,9.729999999999999760e-01
3.566654184482277742e+03,9.729999999999999760e-01
3.567589496511303423e+03,9.729999999999999760e-01
3.568524808540329559e+03,9.729999999999999760e-01
3.569460120569355240e+03,9.729999999999999760e-01
3.570395432598381376e+03,9.733000000000000540e-01
3.571330744627407512e+03,9.743000000000000549e-01
3.572266056656433193e+03,9.749999999999999778e-01
3.573201368685459329e+03,9.749999999999999778e-01
3.574136680714485010e+03,9.749999999999999778e-01
3.575071992743511146e+03,9.749999999999999778e-01
3.576007304772537282e+03,9.751999999999999558e-01
3.576942616801562963e+03,9.757000000000000117e-01
3.577877928830589099e+03,9.762999999999999456e-01
3.578813240859614780e+03,9.772999999999999465e-01
3.579748552888640916e+03,9.779999999999999805e-01
3.580683864917667051e+03,9.779999999999999805e-01
3.581619176946692733e+03,9.779999999999999805e-01
3.582554488975718868e+03,9.779999999999999805e-01
3.583489801004744550e+03,9.779999999999999805e-01
3.584425113033770685e+03,9.779999999999999805e-01
3.585360425062796821e+03,9.779999999999999805e-01
3.586295737091822502e+03,9.779999999999999805e-01
3.587231049120848638e+03,9.779999999999999805e-01
3.588166361149874319e+03,9.779999999999999805e-01
3.589101673178900455e+03,9.779999999999999805e-01
3.590036985207926591e+03,9.779999999999999805e-01
3.590972297236952272e+03,9.777000000000000135e-01
3.591907609265978408e+03,9.767000000000000126e-01
3.592842921295004089e+03,9.759999999999999787e-01
3.593778233324030225e+03,9.759999999999999787e-01
3.594713545353056361e+03,9.759999999999999787e-01
3.595648857382082042e+03,9.759999999999999787e-01
3.596584169411108178e+03,9.758000000000000007e-01
3.597519481440133859e+03,9.752999999999999448e-01
3.598454793469159995e+03,9.747000000000000108e-01
3.599390105498186131e+03,9.737000000000000099e-01
3.600325417527211812e+03,9.723000000000000531e-01
3.601260729556237948e+03,9.703000000000000513e-01
3.602196041585263629e+03,9.681999999999999496e-01
3.603131353614289765e+03,9.657000000000000028e-01
3.604066665643315901e+03,9.635000000000000231e-01
3.605001977672341582e+03,9.619999999999999662e-01
3.605937289701367717e+03,9.606999999999999984e-01
3.606872601730393853e+03,9.596999999999999975e-01
3.607807913759419534e+03,9.589999999999999636e-01
3.608743225788445670e+03,9.589999999999999636e-01
3.609678537817471351e+03,9.585000000000000187e-01
3.610613849846497487e+03,9.569999999999999618e-01
3.611549161875523623e+03,9.555000000000000160e-01
3.612484473904549304e+03,9.539999999999999591e-01
3.613419785933575440e+03,9.516000000000000014e-01
3.614355097962601121e+03,9.475999999999999979e-01
3.615290409991627257e+03,9.445000000000000062e-01
3.616225722020653393e+03,9.429999999999999494e-01
3.617161034049679074e+03,9.415000000000000036e-01
3.618096346078705210e+03,9.399999999999999467e-01
3.619031658107730891e+03,9.383000000000000229e-01
3.619966970136757027e+03,9.363000000000000211e-01
3.620902282165783163e+03,9.337999999999999634e-01
3.621837594194808844e+03,9.303000000000000158e-01
3.622772906223834980e+03,9.246999999999999664e-01
3.623708218252860661e+03,9.152000000000000135e-01
3.624643530281886797e+03,9.048000000000000487e-01
3.625578842310912933e+03,8.927000000000000490e-01
3.626514154339938614e+03,8.831999999999999851e-01
3.627449466368964750e+03,8.781999999999999806e-01
3.628384778397990431e+03,8.728000000000000203e-01
3.629320090427016567e+03,8.668000000000000149e-01
3.630255402456042702e+03,8.569999999999999840e-01
3.631190714485068384e+03,8.405000000000000249e-01
3.632126026514094519e+03,8.284000000000000252e-01
3.633061338543120200e+03,8.238999999999999657e-01
3.633996650572146336e+03,8.201000000000000512e-01
3.634931962601172472e+03,8.175999999999999934e-01
3.635867274630198153e+03,8.146999999999999797e-01
3.636802586659224289e+03,8.112000000000000322e-01
3.637737898688249970e+03,8.078999999999999515e-01
3.638673210717276106e+03,8.048999999999999488e-01
3.639608522746302242e+03,8.018999999999999462e-01
3.640543834775327923e+03,7.989000000000000545e-01
3.641479146804354059e+03,7.952000000000000179e-01
3.642414458833379740e+03,7.902000000000000135e-01
3.643349770862405876e+03,7.856999999999999540e-01
3.644285082891432012e+03,7.822000000000000064e-01
3.645220394920457693e+03,7.793999999999999817e-01
3.646155706949483829e+03,7.779000000000000359e-01
3.647091018978509510e+03,7.770000000000000240e-01
3.648026331007535646e+03,7.770000000000000240e-01
3.648961643036561782e+03,7.775999999999999579e-01
3.649896955065587463e+03,7.791000000000000147e-01
3.650832267094613599e+03,7.802000000000000046e-01
3.651767579123639734e+03,7.806999999999999496e-01
3.652702891152665416e+03,7.821000000000000174e-01
3.653638203181691551e+03,7.851000000000000201e-01
3.654573515210717233e+03,7.873999999999999888e-01
3.655508827239743368e+03,7.883999999999999897e-01
3.656444139268769504e+03,7.903000000000000025e-01
3.657379451297795185e+03,7.937999999999999501e-01
3.658314763326821321e+03,7.973000000000000087e-01
3.659250075355847002e+03,8.007999999999999563e-01
3.660185387384873138e+03,8.041000000000000369e-01
3.661120699413899274e+03,8.071000000000000396e-01
3.662056011442924955e+03,8.106999999999999762e-01
3.662991323471951091e+03,8.153000000000000247e-01
3.663926635500976772e+03,8.209999999999999520e-01
3.664861947530002908e+03,8.285000000000000142e-01
3.665797259559029044e+03,8.346000000000000085e-01
3.666732571588054725e+03,8.386000000000000121e-01
3.667667883617080861e+03,8.434000000000000385e-01
3.668603195646106542e+03,8.494000000000000439e-01
3.669538507675132678e+03,8.602999999999999536e-01
3.670473819704158814e+03,8.788000000000000256e-01
3.671409131733184495e+03,8.943999999999999728e-01
3.672344443762210631e+03,9.053999999999999826e-01
3.673279755791236312e+03,9.164999999999999813e-01
3.674215067820262448e+03,9.280000000000000471e-01
3.675150379849288584e+03,9.379999999999999449e-01
3.676085691878314265e+03,9.455000000000000071e-01
3.677021003907340400e+03,9.519999999999999574e-01
3.677956315936366082e+03,9.569999999999999618e-01
3.678891627965392217e+03,9.602000000000000535e-01
3.679826939994418353e+03,9.606999999999999984e-01
3.680762252023444034e+03,9.614000000000000323e-01
3.681697564052470170e+03,9.624000000000000332e-01
3.682632876081495851e+03,9.637999999999999901e-01
3.683568188110521987e+03,9.657999999999999918e-01
3.684503500139548123e+03,9.679999999999999716e-01
3.685438812168573804e+03,9.705000000000000293e-01
3.686374124197599940e+03,9.721999999999999531e-01
3.687309436226625621e+03,9.727000000000000091e-01
3.688244748255651757e+03,9.734000000000000430e-01
3.689180060284677893e+03,9.744000000000000439e-01
3.690115372313703574e+03,9.756000000000000227e-01
3.691050684342729710e+03,9.770999999999999686e-01
3.691985996371755391e+03,9.779999999999999805e-01
3.692921308400781527e+03,9.779999999999999805e-01
3.693856620429807663e+03,9.781999999999999584e-01
3.694791932458833344e+03,9.787000000000000144e-01
3.695727244487859480e+03,9.791999999999999593e-01
3.696662556516885616e+03,9.797000000000000153e-01
3.697597868545911297e+03,9.799999999999999822e-01
3.698533180574937433e+03,9.799999999999999822e-01
3.699468492603963114e+03,9.799999999999999822e-01
3.700403804632989250e+03,9.799999999999999822e-01
3.701339116662015385e+03,9.799999999999999822e-01
3.702274428691041066e+03,9.799999999999999822e-01
3.703209740720067202e+03,9.804000000000000492e-01
3.704145052749092883e+03,9.814000000000000501e-01
3.705080364778119019e+03,9.819999999999999840e-01
3.706015676807145155e+03,9.819999999999999840e-01
3.706950988836170836e+03,9.819999999999999840e-01
3.707886300865196972e+03,9.819999999999999840e-01
3.708821612894222653e+03,9.819999999999999840e-01
3.709756924923248789e+03,9.819999999999999840e-01
3.710692236952274925e+03,9.821999999999999620e-01
3.711627548981300606e+03,9.827000000000000179e-01
3.712562861010326742e+03,9.829999999999999849e-01
3.713498173039352423e+03,9.829999999999999849e-01
3.714433485068378559e+03,9.834000000000000519e-01
3.715368797097404695e+03,9.844000000000000528e-01
3.716304109126430376e+03,9.849999999999999867e-01
3.717239421155456512e+03,9.849999999999999867e-01
3.718174733184482193e+03,9.849999999999999867e-01
3.719110045213508329e+03,9.849999999999999867e-01
3.720045357242534465e+03,9.851999999999999647e-01
3.720980669271560146e+03,9.857000000000000206e-01
3.721915981300586282e+03,9.859999999999999876e-01
3.722851293329611963e+03,9.859999999999999876e-01
3.723786605358638099e+03,9.859999999999999876e-01
3.724721917387664234e+03,9.859999999999999876e-01
3.725657229416689916e+03,9.859999999999999876e-01
3.726592541445716051e+03,9.859999999999999876e-01
3.727527853474741732e+03,9.859999999999999876e-01
3.728463165503767868e+03,9.859999999999999876e-01
3.729398477532794004e+03,9.859999999999999876e-01
3.730333789561819685e+03,9.859999999999999876e-01
3.731269101590845821e+03,9.859999999999999876e-01
3.732204413619871502e+03,9.859999999999999876e-01
3.733139725648897638e+03,9.859999999999999876e-01
3.734075037677923774e+03,9.859999999999999876e-01
3.735010349706949455e+03,9.859999999999999876e-01
3.735945661735975591e+03,9.859999999999999876e-01
3.736880973765001272e+03,9.859999999999999876e-01
3.737816285794027408e+03,9.859999999999999876e-01
3.738751597823053544e+03,9.859999999999999876e-01
3.739686909852079225e+03,9.859999999999999876e-01
3.740622221881105361e+03,9.859999999999999876e-01
3.741557533910131497e+03,9.859999999999999876e-01
3.742492845939157178e+03,9.858000000000000096e-01
3.743428157968183314e+03,9.852999999999999536e-01
3.744363469997208995e+03,9.849999999999999867e-01
3.745298782026235131e+03,9.849999999999999867e-01
3.746234094055261266e+03,9.849999999999999867e-01
3.747169406084286948e+03,9.849999999999999867e-01
3.748104718113313083e+03,9.845000000000000417e-01
3.749040030142338765e+03,9.835000000000000409e-01
3.749975342171364900e+03,9.829999999999999849e-01
3.750910654200391036e+03,9.829999999999999849e-01
3.751845966229416717e+03,9.829999999999999849e-01
3.752781278258442853e+03,9.829999999999999849e-01
3.753716590287468534e+03,9.828000000000000069e-01
3.754651902316494670e+03,9.822999999999999510e-01
3.755587214345520806e+03,9.819999999999999840e-01
3.756522526374546487e+03,9.819999999999999840e-01
3.757457838403572623e+03,9.815000000000000391e-01
3.758393150432598304e+03,9.805000000000000382e-01
3.759328462461624440e+03,9.799999999999999822e-01
3.760263774490650576e+03,9.799999999999999822e-01
3.761199086519676257e+03,9.799999999999999822e-01
3.762134398548702393e+03,9.799999999999999822e-01
3.763069710577728074e+03,9.799999999999999822e-01
3.764005022606754210e+03,9.799999999999999822e-01
3.764940334635780346e+03,9.799999999999999822e-01
3.765875646664806027e+03,9.799999999999999822e-01
3.766810958693832163e+03,9.799999999999999822e-01
3.767746270722857844e+03,9.799999999999999822e-01
3.768681582751883980e+03,9.799999999999999822e-01
3.769616894780910116e+03,9.799999999999999822e-01
3.770552206809935797e+03,9.799999999999999822e-01
3.771487518838961932e+03,9.799999999999999822e-01
3.772422830867987614e+03,9.799999999999999822e-01
3.773358142897013749e+03,9.799999999999999822e-01
3.774293454926039885e+03,9.798000000000000043e-01
3.775228766955065566e+03,9.792999999999999483e-01
3.776164078984091702e+03,9.789999999999999813e-01
3.777099391013117383e+03,9.789999999999999813e-01
3.778034703042143519e+03,9.789999999999999813e-01
3.778970015071169655e+03,9.789999999999999813e-01
3.779905327100195336e+03,9.789999999999999813e-01
3.780840639129221472e+03,9.789999999999999813e-01
3.781775951158247153e+03,9.789999999999999813e-01
3.782711263187273289e+03,9.789999999999999813e-01
3.783646575216299425e+03,9.789999999999999813e-01
3.784581887245325106e+03,9.789999999999999813e-01
3.785517199274351242e+03,9.788000000000000034e-01
3.786452511303377378e+03,9.782999999999999474e-01
3.787387823332403059e+03,9.779999999999999805e-01
3.788323135361429195e+03,9.779999999999999805e-01
3.789258447390454876e+03,9.779999999999999805e-01
3.790193759419481012e+03,9.779999999999999805e-01
3.791129071448507148e+03,9.779999999999999805e-01
3.792064383477532829e+03,9.779999999999999805e-01
3.792999695506558965e+03,9.775000000000000355e-01
3.793935007535584646e+03,9.765000000000000346e-01
3.794870319564610782e+03,9.759999999999999787e-01
3.795805631593636917e+03,9.759999999999999787e-01
3.796740943622662599e+03,9.759999999999999787e-01
3.797676255651688734e+03,9.759999999999999787e-01
3.798611567680714415e+03,9.765000000000000346e-01
3.799546879709740551e+03,9.775000000000000355e-01
3.800482191738766687e+03,9.779999999999999805e-01
3.801417503767792368e+03,9.779999999999999805e-01
3.802352815796818504e+03,9.779999999999999805e-01
3.803288127825844185e+03,9.779999999999999805e-01
3.804223439854870321e+03,9.775000000000000355e-01
3.805158751883896457e+03,9.765000000000000346e-01
3.806094063912922138e+03,9.759999999999999787e-01
3.807029375941948274e+03,9.759999999999999787e-01
3.807964687970973955e+03,9.759999999999999787e-01
3.808900000000000091e+03,9.759999999999999787e-01
