7.797490099999999984e+03,5.220107736960000364e-06
7.797007970140771249e+03,5.189944992719999824e-06
7.796525840281543424e+03,5.279999229119999912e-06
7.796043710422314689e+03,5.409981126960000265e-06
7.795561580563086864e+03,5.519999194079999639e-06
7.795079450703858129e+03,5.549944940160000260e-06
7.794597320844629394e+03,5.529981109440000128e-06
7.794115190985401568e+03,5.500035363360000354e-06
7.793633061126172834e+03,5.490053447999999864e-06
7.793150931266945008e+03,5.500035363360000354e-06
7.792668801407716273e+03,5.490053447999999864e-06
7.792186671548487539e+03,5.460107701920000090e-06
7.791704541689259713e+03,5.449908788399999682e-06
7.791222411830030978e+03,5.490053447999999864e-06
7.790740281970803153e+03,5.559926855519999903e-06
7.790258152111574418e+03,5.610053430479999728e-06
7.789776022252346593e+03,5.620035345840000217e-06
7.789293892393117858e+03,5.569908770879999545e-06
7.788811762533889123e+03,5.480071532640000222e-06
7.788329632674661298e+03,5.419963042319999908e-06
7.787847502815432563e+03,5.429944957679999550e-06
7.787365372956204737e+03,5.510017278719999996e-06
7.786883243096976003e+03,5.600071515120000085e-06
7.786401113237747268e+03,5.630017261199999860e-06
7.785918983378519442e+03,5.600071515120000085e-06
7.785436853519290707e+03,5.559926855519999903e-06
7.784954723660062882e+03,5.559926855519999903e-06
7.784472593800834147e+03,5.600071515120000085e-06
7.783990463941605412e+03,5.620035345840000217e-06
7.783508334082377587e+03,5.620035345840000217e-06
7.783026204223148852e+03,5.610053430479999728e-06
7.782544074363921027e+03,5.620035345840000217e-06
7.782061944504692292e+03,5.669944922640000124e-06
7.781579814645463557e+03,5.689908753360000256e-06
7.781097684786235732e+03,5.659963007279999634e-06
7.780615554927006997e+03,5.610053430479999728e-06
7.780133425067779172e+03,5.600071515120000085e-06
7.779651295208550437e+03,5.639999176560000349e-06
7.779169165349322611e+03,5.689908753360000256e-06
7.778687035490093876e+03,5.689908753360000256e-06
7.778204905630865142e+03,5.639999176560000349e-06
7.777722775771637316e+03,5.569908770879999545e-06
7.777240645912408581e+03,5.539963024799999771e-06
7.776758516053180756e+03,5.539963024799999771e-06
7.776276386193952021e+03,5.559926855519999903e-06
7.775794256334723286e+03,5.569908770879999545e-06
7.775312126475495461e+03,5.539963024799999771e-06
7.774829996616266726e+03,5.519999194079999639e-06
7.774347866757038901e+03,5.510017278719999996e-06
7.773865736897810166e+03,5.549944940160000260e-06
7.773383607038581431e+03,5.610053430479999728e-06
7.772901477179353606e+03,5.649981091919999992e-06
7.772419347320124871e+03,5.669944922640000124e-06
7.771937217460897045e+03,5.679926837999999766e-06
7.771455087601668311e+03,5.700107666879999817e-06
7.770972957742439576e+03,5.750017243679999723e-06
7.770490827883211750e+03,5.830089564720000169e-06
7.770008698023983015e+03,5.889981056879999718e-06
7.769526568164755190e+03,5.909944887599999850e-06
7.769044438305526455e+03,5.889981056879999718e-06
7.768562308446298630e+03,5.850053395440000301e-06
7.768080178587069895e+03,5.830089564720000169e-06
7.767598048727841160e+03,5.809908735840000119e-06
7.767115918868613335e+03,5.789944905119999987e-06
7.766633789009384600e+03,5.759999159040000212e-06
7.766151659150156775e+03,5.750017243679999723e-06
7.765669529290928040e+03,5.769981074399999855e-06
7.765187399431699305e+03,5.820107649359999680e-06
7.764705269572471479e+03,5.889981056879999718e-06
7.764223139713242745e+03,5.929908718319999982e-06
7.763741009854014919e+03,5.919926802960000340e-06
7.763258879994786184e+03,5.899962972240000208e-06
7.762776750135557450e+03,5.889981056879999718e-06
7.762294620276329624e+03,5.919926802960000340e-06
7.761812490417100889e+03,5.970053377920000165e-06
7.761330360557873064e+03,5.980035293279999807e-06
7.760848230698644329e+03,5.970053377920000165e-06
7.760366100839415594e+03,5.950089547200000033e-06
7.759883970980187769e+03,5.960071462559999675e-06
7.759401841120959034e+03,5.990017208640000296e-06
7.758919711261731209e+03,5.980035293279999807e-06
7.758437581402502474e+03,5.919926802960000340e-06
7.757955451543274648e+03,5.840071480079999812e-06
7.757473321684045914e+03,5.830089564720000169e-06
7.756991191824817179e+03,5.909944887599999850e-06
7.756509061965589353e+03,6.039926785440000203e-06
7.756026932106360618e+03,6.129981021840000292e-06
7.755544802247132793e+03,6.129981021840000292e-06
7.755062672387904058e+03,6.080071445039999538e-06
7.754580542528675323e+03,6.090053360400000028e-06
7.754098412669447498e+03,6.180107596800000117e-06
7.753616282810218763e+03,6.340035240720000244e-06
7.753134152950990938e+03,6.440071392479999975e-06
7.752652023091762203e+03,6.440071392479999975e-06
7.752169893232533468e+03,6.340035240720000244e-06
7.751687763373305643e+03,6.269944835040000287e-06
7.751205633514076908e+03,6.269944835040000287e-06
7.750723503654849083e+03,6.320071410000000112e-06
7.750241373795620348e+03,6.340035240720000244e-06
7.749759243936391613e+03,6.269944835040000287e-06
7.749277114077163787e+03,6.159926767920000066e-06
7.748794984217935053e+03,6.090053360400000028e-06
7.748312854358707227e+03,6.119999106479999802e-06
7.747830724499478492e+03,6.190089512159999759e-06
7.747348594640250667e+03,6.269944835040000287e-06
7.746866464781021932e+03,6.350017156079999886e-06
7.746384334921793197e+03,6.440071392479999975e-06
7.745902205062565372e+03,6.529908630720000145e-06
7.745420075203336637e+03,6.599999036400000102e-06
7.744937945344108812e+03,6.609980951759999745e-06
7.744455815484880077e+03,6.570053290320000328e-06
7.743973685625651342e+03,6.489980969279999881e-06
7.743491555766423517e+03,6.430089477120000333e-06
7.743009425907194782e+03,6.430089477120000333e-06
7.742527296047966956e+03,6.479999053920000239e-06
7.742045166188738222e+03,6.560071374959999838e-06
7.741563036329509487e+03,6.599999036400000102e-06
7.741080906470281661e+03,6.560071374959999838e-06
7.740598776611052926e+03,6.460035223200000107e-06
7.740116646751825101e+03,6.389944817520000150e-06
7.739634516892596366e+03,6.420107561759999843e-06
7.739152387033367631e+03,6.529908630720000145e-06
7.738670257174139806e+03,6.619962867120000234e-06
7.738188127314911071e+03,6.619962867120000234e-06
7.737705997455683246e+03,6.570053290320000328e-06
7.737223867596454511e+03,6.509944800000000013e-06
7.736741737737226686e+03,6.519926715359999656e-06
7.736259607877997951e+03,6.570053290320000328e-06
7.735777478018769216e+03,6.619962867120000234e-06
7.735295348159541390e+03,6.649908613200000009e-06
7.734813218300312656e+03,6.660107526719999570e-06
7.734331088441084830e+03,6.649908613200000009e-06
7.733848958581856095e+03,6.639926697839999519e-06
7.733366828722627361e+03,6.660107526719999570e-06
7.732884698863399535e+03,6.680071357439999702e-06
7.732402569004170800e+03,6.690053272800000191e-06
7.731920439144942975e+03,6.670089442080000059e-06
7.731438309285714240e+03,6.639926697839999519e-06
7.730956179426485505e+03,6.619962867120000234e-06
7.730474049567257680e+03,6.609980951759999745e-06
7.729991919708028945e+03,6.599999036400000102e-06
7.729509789848801120e+03,6.570053290320000328e-06
7.729027659989572385e+03,6.550089459600000196e-06
7.728545530130343650e+03,6.590017121039999613e-06
7.728063400271115825e+03,6.690053272800000191e-06
7.727581270411887090e+03,6.800071339919999565e-06
7.727099140552659264e+03,6.849980916720000318e-06
7.726617010693430529e+03,6.849980916720000318e-06
7.726134880834202704e+03,6.830017086000000186e-06
7.725652750974973969e+03,6.839999001359999829e-06
7.725170621115745234e+03,6.859962832079999961e-06
7.724688491256517409e+03,6.869944747439999603e-06
7.724206361397288674e+03,6.830017086000000186e-06
7.723724231538060849e+03,6.769908595679999872e-06
7.723242101678832114e+03,6.739962849600000097e-06
7.722759971819603379e+03,6.780107509200000280e-06
7.722277841960375554e+03,6.869944747439999603e-06
7.721795712101146819e+03,6.950017068480000050e-06
7.721313582241918994e+03,6.969980899200000181e-06
7.720831452382690259e+03,6.950017068480000050e-06
7.720349322523461524e+03,6.920071322400000275e-06
7.719867192664233698e+03,6.930053237759999918e-06
7.719385062805004964e+03,6.979962814559999824e-06
7.718902932945777138e+03,7.009908560639999598e-06
7.718420803086548403e+03,6.959998983839999692e-06
7.717938673227319669e+03,6.859962832079999961e-06
7.717456543368091843e+03,6.749944764959999740e-06
7.716974413508863108e+03,6.690053272800000191e-06
7.716492283649635283e+03,6.670089442080000059e-06
7.716010153790406548e+03,6.670089442080000059e-06
7.715528023931178723e+03,6.680071357439999702e-06
7.715045894071949988e+03,6.700035188159999834e-06
7.714563764212721253e+03,6.719999018879999965e-06
7.714081634353493428e+03,6.739962849600000097e-06
7.713599504494264693e+03,6.749944764959999740e-06
7.713117374635036867e+03,6.749944764959999740e-06
7.712635244775808133e+03,6.749944764959999740e-06
7.712153114916579398e+03,6.729980934239999608e-06
7.711670985057351572e+03,6.710017103520000323e-06
7.711188855198122837e+03,6.700035188159999834e-06
7.710706725338895012e+03,6.719999018879999965e-06
7.710224595479666277e+03,6.749944764959999740e-06
7.709742465620437542e+03,6.719999018879999965e-06
7.709260335761209717e+03,6.649908613200000009e-06
7.708778205901980982e+03,6.590017121039999613e-06
7.708296076042753157e+03,6.590017121039999613e-06
7.707813946183524422e+03,6.660107526719999570e-06
7.707331816324295687e+03,6.729980934239999608e-06
7.706849686465067862e+03,6.759926680320000229e-06
7.706367556605839127e+03,6.769908595679999872e-06
7.705885426746611301e+03,6.790089424559999922e-06
7.705403296887382567e+03,6.830017086000000186e-06
7.704921167028154741e+03,6.879926662800000093e-06
7.704439037168926006e+03,6.900107491680000143e-06
7.703956907309697272e+03,6.900107491680000143e-06
7.703474777450469446e+03,6.869944747439999603e-06
7.702992647591240711e+03,6.810053255280000054e-06
7.702510517732012886e+03,6.759926680320000229e-06
7.702028387872784151e+03,6.749944764959999740e-06
7.701546258013555416e+03,6.780107509200000280e-06
7.701064128154327591e+03,6.839999001359999829e-06
7.700581998295098856e+03,6.869944747439999603e-06
7.700099868435871031e+03,6.900107491680000143e-06
7.699617738576642296e+03,6.920071322400000275e-06
7.699135608717413561e+03,6.940035153119999560e-06
7.698653478858185736e+03,6.940035153119999560e-06
7.698171348998957001e+03,6.879926662800000093e-06
7.697689219139729175e+03,6.810053255280000054e-06
7.697207089280500441e+03,6.810053255280000054e-06
7.696724959421271706e+03,6.889908578159999735e-06
7.696242829562043880e+03,6.999926645279999956e-06
7.695760699702815145e+03,7.050053220239999781e-06
7.695278569843587320e+03,7.030089389519999649e-06
7.694796439984358585e+03,6.969980899200000181e-06
7.694314310125130760e+03,6.930053237759999918e-06
7.693832180265902025e+03,6.910089407039999786e-06
7.693350050406673290e+03,6.889908578159999735e-06
7.692867920547445465e+03,6.859962832079999961e-06
7.692385790688216730e+03,6.830017086000000186e-06
7.691903660828988905e+03,6.839999001359999829e-06
7.691421530969760170e+03,6.869944747439999603e-06
7.690939401110531435e+03,6.900107491680000143e-06
7.690457271251303609e+03,6.920071322400000275e-06
7.689975141392074875e+03,6.900107491680000143e-06
7.689493011532847049e+03,6.879926662800000093e-06
7.689010881673618314e+03,6.869944747439999603e-06
7.688528751814389580e+03,6.879926662800000093e-06
7.688046621955161754e+03,6.930053237759999918e-06
7.687564492095933019e+03,6.969980899200000181e-06
7.687082362236705194e+03,6.979962814559999824e-06
7.686600232377476459e+03,6.950017068480000050e-06
7.686118102518247724e+03,6.889908578159999735e-06
7.685635972659019899e+03,6.839999001359999829e-06
7.685153842799791164e+03,6.820035170639999697e-06
7.684671712940563339e+03,6.810053255280000054e-06
7.684189583081334604e+03,6.800071339919999565e-06
7.683707453222106778e+03,6.780107509200000280e-06
7.683225323362878044e+03,6.759926680320000229e-06
7.682743193503649309e+03,6.759926680320000229e-06
7.682261063644421483e+03,6.790089424559999922e-06
7.681778933785192748e+03,6.830017086000000186e-06
7.681296803925964923e+03,6.859962832079999961e-06
7.680814674066736188e+03,6.879926662800000093e-06
7.680332544207507453e+03,6.900107491680000143e-06
7.679850414348279628e+03,6.940035153119999560e-06
7.679368284489050893e+03,6.969980899200000181e-06
7.678886154629823068e+03,6.979962814559999824e-06
7.678404024770594333e+03,6.959998983839999692e-06
7.677921894911365598e+03,6.910089407039999786e-06
7.677439765052137773e+03,6.849980916720000318e-06
7.676957635192909038e+03,6.780107509200000280e-06
7.676475505333681213e+03,6.739962849600000097e-06
7.675993375474452478e+03,6.749944764959999740e-06
7.675511245615223743e+03,6.810053255280000054e-06
7.675029115755995917e+03,6.900107491680000143e-06
7.674546985896767183e+03,6.969980899200000181e-06
7.674064856037539357e+03,7.009908560639999598e-06
7.673582726178310622e+03,7.009908560639999598e-06
7.673100596319082797e+03,6.979962814559999824e-06
7.672618466459854062e+03,6.950017068480000050e-06
7.672136336600625327e+03,6.900107491680000143e-06
7.671654206741397502e+03,6.869944747439999603e-06
7.671172076882168767e+03,6.910089407039999786e-06
7.670689947022940942e+03,7.009908560639999598e-06
7.670207817163712207e+03,7.109944712400000177e-06
7.669725687304483472e+03,7.129908543120000309e-06
7.669243557445255647e+03,7.070017050959999913e-06
7.668761427586026912e+03,6.999926645279999956e-06
7.668279297726799086e+03,6.979962814559999824e-06
7.667797167867570352e+03,7.020107474160000006e-06
7.667315038008341617e+03,7.070017050959999913e-06
7.666832908149113791e+03,7.050053220239999781e-06
7.666350778289885056e+03,6.979962814559999824e-06
7.665868648430657231e+03,6.930053237759999918e-06
7.665386518571428496e+03,6.930053237759999918e-06
7.664904388712199761e+03,6.989944729920000313e-06
7.664422258852971936e+03,7.050053220239999781e-06
7.663940128993743201e+03,7.089980881680000045e-06
7.663457999134515376e+03,7.089980881680000045e-06
7.662975869275286641e+03,7.060035135600000270e-06
7.662493739416058816e+03,7.040071304880000138e-06
7.662011609556830081e+03,7.020107474160000006e-06
7.661529479697601346e+03,7.020107474160000006e-06
7.661047349838373520e+03,7.030089389519999649e-06
7.660565219979144786e+03,7.040071304880000138e-06
7.660083090119916960e+03,7.040071304880000138e-06
7.659600960260688225e+03,7.060035135600000270e-06
7.659118830401459491e+03,7.099962797039999687e-06
7.658636700542231665e+03,7.150089371999999512e-06
7.658154570683002930e+03,7.190017033439999776e-06
7.657672440823775105e+03,7.209980864159999908e-06
7.657190310964546370e+03,7.219962779519999550e-06
7.656708181105317635e+03,7.219962779519999550e-06
7.656226051246089810e+03,7.190017033439999776e-06
7.655743921386861075e+03,7.150089371999999512e-06
7.655261791527633250e+03,7.119926627759999819e-06
7.654779661668404515e+03,7.109944712400000177e-06
7.654297531809175780e+03,7.129908543120000309e-06
7.653815401949947955e+03,7.160071287360000002e-06
7.653333272090719220e+03,7.209980864159999908e-06
7.652851142231491394e+03,7.249908525600000172e-06
7.652369012372262659e+03,7.290053185199999507e-06
7.651886882513034834e+03,7.300035100559999997e-06
7.651404752653806099e+03,7.280071269839999865e-06
7.650922622794577364e+03,7.249908525600000172e-06
7.650440492935349539e+03,7.260107439119999733e-06
7.649958363076120804e+03,7.310017015919999639e-06
7.649476233216892979e+03,7.339962762000000261e-06
7.648994103357664244e+03,7.329980846639999771e-06
7.648511973498435509e+03,7.300035100559999997e-06
7.648029843639207684e+03,7.300035100559999997e-06
7.647547713779978949e+03,7.329980846639999771e-06
7.647065583920751124e+03,7.359926592719999546e-06
7.646583454061522389e+03,7.329980846639999771e-06
7.646101324202293654e+03,7.249908525600000172e-06
7.645619194343065828e+03,7.190017033439999776e-06
7.645137064483837094e+03,7.209980864159999908e-06
7.644654934624609268e+03,7.249908525600000172e-06
7.644172804765380533e+03,7.270089354480000222e-06
7.643690674906151798e+03,7.219962779519999550e-06
7.643208545046923973e+03,7.170053202719999644e-06
7.642726415187695238e+03,7.140107456639999870e-06
7.642244285328467413e+03,7.140107456639999870e-06
7.641762155469238678e+03,7.160071287360000002e-06
7.641280025610010853e+03,7.160071287360000002e-06
7.640797895750782118e+03,7.170053202719999644e-06
7.640315765891553383e+03,7.180035118080000134e-06
7.639833636032325558e+03,7.209980864159999908e-06
7.639351506173096823e+03,7.260107439119999733e-06
7.638869376313868997e+03,7.310017015919999639e-06
7.638387246454640263e+03,7.349944677359999903e-06
7.637905116595411528e+03,7.339962762000000261e-06
7.637422986736183702e+03,7.300035100559999997e-06
7.636940856876954967e+03,7.260107439119999733e-06
7.636458727017727142e+03,7.270089354480000222e-06
7.635976597158498407e+03,7.329980846639999771e-06
7.635494467299269672e+03,7.369908508080000035e-06
7.635012337440041847e+03,7.359926592719999546e-06
7.634530207580813112e+03,7.310017015919999639e-06
7.634048077721585287e+03,7.260107439119999733e-06
7.633565947862356552e+03,7.239926610239999682e-06
7.633083818003127817e+03,7.229944694880000040e-06
7.632601688143899992e+03,7.199998948800000266e-06
7.632119558284671257e+03,7.160071287360000002e-06
7.631637428425443431e+03,7.150089371999999512e-06
7.631155298566214697e+03,7.209980864159999908e-06
7.630673168706985962e+03,7.280071269839999865e-06
7.630191038847758136e+03,7.319998931280000129e-06
7.629708908988529402e+03,7.290053185199999507e-06
7.629226779129301576e+03,7.219962779519999550e-06
7.628744649270072841e+03,7.160071287360000002e-06
7.628262519410845016e+03,7.150089371999999512e-06
7.627780389551616281e+03,7.160071287360000002e-06
7.627298259692387546e+03,7.190017033439999776e-06
7.626816129833159721e+03,7.199998948800000266e-06
7.626333999973930986e+03,7.180035118080000134e-06
7.625851870114703161e+03,7.150089371999999512e-06
7.625369740255474426e+03,7.140107456639999870e-06
7.624887610396245691e+03,7.140107456639999870e-06
7.624405480537017866e+03,7.129908543120000309e-06
7.623923350677789131e+03,7.109944712400000177e-06
7.623441220818561305e+03,7.079998966319999555e-06
7.622959090959332570e+03,7.079998966319999555e-06
7.622476961100103836e+03,7.119926627759999819e-06
7.621994831240876010e+03,7.190017033439999776e-06
7.621512701381647275e+03,7.239926610239999682e-06
7.621030571522419450e+03,7.239926610239999682e-06
7.620548441663190715e+03,7.209980864159999908e-06
7.620066311803962890e+03,7.190017033439999776e-06
7.619584181944734155e+03,7.180035118080000134e-06
7.619102052085505420e+03,7.180035118080000134e-06
7.618619922226277595e+03,7.190017033439999776e-06
7.618137792367048860e+03,7.180035118080000134e-06
7.617655662507821035e+03,7.129908543120000309e-06
7.617173532648592300e+03,7.070017050959999913e-06
7.616691402789363565e+03,7.050053220239999781e-06
7.616209272930135739e+03,7.079998966319999555e-06
7.615727143070907005e+03,7.140107456639999870e-06
7.615245013211679179e+03,7.140107456639999870e-06
7.614762883352450444e+03,7.070017050959999913e-06
7.614280753493221710e+03,6.979962814559999824e-06
7.613798623633993884e+03,6.979962814559999824e-06
7.613316493774765149e+03,7.070017050959999913e-06
7.612834363915537324e+03,7.170053202719999644e-06
7.612352234056308589e+03,7.209980864159999908e-06
7.611870104197079854e+03,7.160071287360000002e-06
7.611387974337852029e+03,7.089980881680000045e-06
7.610905844478623294e+03,7.050053220239999781e-06
7.610423714619395469e+03,7.050053220239999781e-06
7.609941584760166734e+03,7.050053220239999781e-06
7.609459454900937999e+03,7.040071304880000138e-06
7.608977325041710174e+03,7.050053220239999781e-06
7.608495195182481439e+03,7.089980881680000045e-06
7.608013065323253613e+03,7.150089371999999512e-06
7.607530935464024878e+03,7.209980864159999908e-06
7.607048805604797053e+03,7.249908525600000172e-06
7.606566675745568318e+03,7.229944694880000040e-06
7.606084545886339583e+03,7.170053202719999644e-06
7.605602416027111758e+03,7.079998966319999555e-06
7.605120286167883023e+03,7.040071304880000138e-06
7.604638156308655198e+03,7.060035135600000270e-06
7.604156026449426463e+03,7.099962797039999687e-06
7.603673896590197728e+03,7.099962797039999687e-06
7.603191766730969903e+03,7.020107474160000006e-06
7.602709636871741168e+03,6.930053237759999918e-06
7.602227507012513342e+03,6.910089407039999786e-06
7.601745377153284608e+03,6.969980899200000181e-06
7.601263247294055873e+03,7.040071304880000138e-06
7.600781117434828047e+03,7.050053220239999781e-06
7.600298987575599313e+03,7.020107474160000006e-06
7.599816857716371487e+03,7.020107474160000006e-06
7.599334727857142752e+03,7.060035135600000270e-06
7.598852597997914927e+03,7.099962797039999687e-06
7.598370468138686192e+03,7.060035135600000270e-06
7.597888338279457457e+03,6.959998983839999692e-06
7.597406208420229632e+03,6.869944747439999603e-06
7.596924078561000897e+03,6.839999001359999829e-06
7.596441948701773072e+03,6.879926662800000093e-06
7.595959818842544337e+03,6.930053237759999918e-06
7.595477688983315602e+03,6.950017068480000050e-06
7.594995559124087777e+03,6.920071322400000275e-06
7.594513429264859042e+03,6.869944747439999603e-06
7.594031299405631216e+03,6.839999001359999829e-06
7.593549169546402482e+03,6.849980916720000318e-06
7.593067039687173747e+03,6.900107491680000143e-06
7.592584909827945921e+03,6.940035153119999560e-06
7.592102779968717186e+03,6.969980899200000181e-06
7.591620650109489361e+03,6.979962814559999824e-06
7.591138520250260626e+03,7.020107474160000006e-06
7.590656390391031891e+03,7.070017050959999913e-06
7.590174260531804066e+03,7.089980881680000045e-06
7.589692130672575331e+03,7.050053220239999781e-06
7.589210000813347506e+03,6.959998983839999692e-06
7.588727870954118771e+03,6.869944747439999603e-06
7.588245741094890036e+03,6.820035170639999697e-06
7.587763611235662211e+03,6.820035170639999697e-06
7.587281481376433476e+03,6.830017086000000186e-06
7.586799351517205650e+03,6.820035170639999697e-06
7.586317221657976916e+03,6.780107509200000280e-06
7.585835091798749090e+03,6.769908595679999872e-06
7.585352961939520355e+03,6.780107509200000280e-06
7.584870832080291621e+03,6.820035170639999697e-06
7.584388702221063795e+03,6.879926662800000093e-06
7.583906572361835060e+03,6.940035153119999560e-06
7.583424442502607235e+03,6.979962814559999824e-06
7.582942312643378500e+03,6.989944729920000313e-06
7.582460182784149765e+03,6.969980899200000181e-06
7.581978052924921940e+03,6.950017068480000050e-06
7.581495923065693205e+03,6.940035153119999560e-06
7.581013793206465380e+03,6.940035153119999560e-06
7.580531663347236645e+03,6.910089407039999786e-06
7.580049533488007910e+03,6.849980916720000318e-06
7.579567403628780085e+03,6.780107509200000280e-06
7.579085273769551350e+03,6.759926680320000229e-06
7.578603143910323524e+03,6.800071339919999565e-06
7.578121014051094789e+03,6.859962832079999961e-06
7.577638884191866964e+03,6.900107491680000143e-06
7.577156754332638229e+03,6.869944747439999603e-06
7.576674624473409494e+03,6.820035170639999697e-06
7.576192494614181669e+03,6.769908595679999872e-06
7.575710364754952934e+03,6.739962849600000097e-06
7.575228234895725109e+03,6.729980934239999608e-06
7.574746105036496374e+03,6.710017103520000323e-06
7.574263975177267639e+03,6.690053272800000191e-06
7.573781845318039814e+03,6.700035188159999834e-06
7.573299715458811079e+03,6.729980934239999608e-06
7.572817585599583253e+03,6.719999018879999965e-06
7.572335455740354519e+03,6.660107526719999570e-06
7.571853325881125784e+03,6.550089459600000196e-06
7.571371196021897958e+03,6.479999053920000239e-06
7.570889066162669224e+03,6.489980969279999881e-06
7.570406936303441398e+03,6.550089459600000196e-06
7.569924806444212663e+03,6.590017121039999613e-06
7.569442676584983928e+03,6.570053290320000328e-06
7.568960546725756103e+03,6.509944800000000013e-06
7.568478416866527368e+03,6.479999053920000239e-06
7.567996287007299543e+03,6.499962884639999524e-06
7.567514157148070808e+03,6.550089459600000196e-06
7.567032027288842073e+03,6.560071374959999838e-06
7.566549897429614248e+03,6.509944800000000013e-06
7.566067767570385513e+03,6.450053307839999618e-06
7.565585637711157688e+03,6.430089477120000333e-06
7.565103507851928953e+03,6.450053307839999618e-06
7.564621377992701127e+03,6.499962884639999524e-06
7.564139248133472393e+03,6.519926715359999656e-06
7.563657118274243658e+03,6.499962884639999524e-06
7.563174988415015832e+03,6.440071392479999975e-06
7.562692858555787097e+03,6.369980986800000018e-06
7.562210728696559272e+03,6.330053325359999754e-06
7.561728598837330537e+03,6.310089494639999622e-06
7.561246468978101802e+03,6.310089494639999622e-06
7.560764339118873977e+03,6.310089494639999622e-06
7.560282209259645242e+03,6.330053325359999754e-06
7.559800079400417417e+03,6.350017156079999886e-06
7.559317949541188682e+03,6.399926732879999793e-06
7.558835819681959947e+03,6.440071392479999975e-06
7.558353689822732122e+03,6.460035223200000107e-06
7.557871559963503387e+03,6.450053307839999618e-06
7.557389430104275561e+03,6.420107561759999843e-06
7.556907300245046827e+03,6.399926732879999793e-06
7.556425170385819001e+03,6.369980986800000018e-06
7.555943040526590266e+03,6.320071410000000112e-06
7.555460910667361532e+03,6.239999088959999665e-06
7.554978780808133706e+03,6.159926767920000066e-06
7.554496650948904971e+03,6.119999106479999802e-06
7.554014521089677146e+03,6.149944852559999577e-06
7.553532391230448411e+03,6.230017173600000023e-06
7.553050261371219676e+03,6.279926750399999929e-06
7.552568131511991851e+03,6.269944835040000287e-06
7.552086001652763116e+03,6.230017173600000023e-06
7.551603871793535291e+03,6.180107596800000117e-06
7.551121741934306556e+03,6.169908683279999709e-06
7.550639612075077821e+03,6.210053342879999891e-06
7.550157482215849996e+03,6.239999088959999665e-06
7.549675352356621261e+03,6.239999088959999665e-06
7.549193222497393435e+03,6.169908683279999709e-06
7.548711092638164700e+03,6.060107614320000253e-06
7.548228962778935966e+03,5.960071462559999675e-06
7.547746832919708140e+03,5.940107631839999543e-06
7.547264703060479405e+03,5.990017208640000296e-06
7.546782573201251580e+03,6.060107614320000253e-06
7.546300443342022845e+03,6.080071445039999538e-06
7.545818313482794110e+03,6.049908700799999845e-06
7.545336183623566285e+03,5.990017208640000296e-06
7.544854053764337550e+03,5.970053377920000165e-06
7.544371923905109725e+03,5.980035293279999807e-06
7.543889794045880990e+03,5.980035293279999807e-06
7.543407664186653165e+03,5.929908718319999982e-06
7.542925534327424430e+03,5.860035310799999944e-06
7.542443404468195695e+03,5.820107649359999680e-06
7.541961274608967869e+03,5.860035310799999944e-06
7.541479144749739135e+03,5.940107631839999543e-06
7.540997014890511309e+03,5.990017208640000296e-06
7.540514885031282574e+03,5.970053377920000165e-06
7.540032755172053839e+03,5.899962972240000208e-06
7.539550625312826014e+03,5.830089564720000169e-06
7.539068495453597279e+03,5.789944905119999987e-06
7.538586365594369454e+03,5.799926820479999629e-06
7.538104235735140719e+03,5.799926820479999629e-06
7.537622105875911984e+03,5.789944905119999987e-06
7.537139976016684159e+03,5.789944905119999987e-06
7.536657846157455424e+03,5.799926820479999629e-06
7.536175716298227599e+03,5.840071480079999812e-06
7.535693586438998864e+03,5.889981056879999718e-06
7.535211456579771038e+03,5.889981056879999718e-06
7.534729326720542304e+03,5.860035310799999944e-06
7.534247196861313569e+03,5.840071480079999812e-06
7.533765067002085743e+03,5.840071480079999812e-06
7.533282937142857008e+03,5.879999141520000076e-06
7.532800807283629183e+03,5.909944887599999850e-06
7.532318677424400448e+03,5.889981056879999718e-06
7.531836547565171713e+03,5.830089564720000169e-06
7.531354417705943888e+03,5.779962989760000344e-06
7.530872287846715153e+03,5.769981074399999855e-06
7.530390157987487328e+03,5.779962989760000344e-06
7.529908028128258593e+03,5.779962989760000344e-06
7.529425898269029858e+03,5.750017243679999723e-06
7.528943768409802033e+03,5.720071497599999949e-06
7.528461638550573298e+03,5.710089582240000306e-06
7.527979508691345472e+03,5.730053412959999591e-06
7.527497378832116738e+03,5.740035328320000080e-06
7.527015248972888003e+03,5.730053412959999591e-06
7.526533119113660177e+03,5.689908753360000256e-06
7.526050989254431443e+03,5.649981091919999992e-06
7.525568859395203617e+03,5.649981091919999992e-06
7.525086729535974882e+03,5.679926837999999766e-06
7.524604599676746147e+03,5.730053412959999591e-06
7.524122469817518322e+03,5.759999159040000212e-06
7.523640339958289587e+03,5.769981074399999855e-06
7.523158210099061762e+03,5.759999159040000212e-06
7.522676080239833027e+03,5.750017243679999723e-06
7.522193950380605202e+03,5.750017243679999723e-06
7.521711820521376467e+03,5.750017243679999723e-06
7.521229690662147732e+03,5.740035328320000080e-06
7.520747560802919907e+03,5.720071497599999949e-06
7.520265430943691172e+03,5.689908753360000256e-06
7.519783301084463346e+03,5.679926837999999766e-06
7.519301171225234611e+03,5.689908753360000256e-06
7.518819041366005877e+03,5.700107666879999817e-06
7.518336911506778051e+03,5.700107666879999817e-06
7.517854781647549316e+03,5.669944922640000124e-06
7.517372651788321491e+03,5.669944922640000124e-06
7.516890521929092756e+03,5.689908753360000256e-06
7.516408392069864021e+03,5.730053412959999591e-06
7.515926262210636196e+03,5.740035328320000080e-06
7.515444132351407461e+03,5.710089582240000306e-06
7.514962002492179636e+03,5.659963007279999634e-06
7.514479872632950901e+03,5.630017261199999860e-06
7.513997742773723076e+03,5.649981091919999992e-06
7.513515612914494341e+03,5.710089582240000306e-06
7.513033483055265606e+03,5.759999159040000212e-06
7.512551353196037780e+03,5.759999159040000212e-06
7.512069223336809046e+03,5.710089582240000306e-06
7.511587093477581220e+03,5.659963007279999634e-06
7.511104963618352485e+03,5.649981091919999992e-06
7.510622833759123750e+03,5.689908753360000256e-06
7.510140703899895925e+03,5.720071497599999949e-06
7.509658574040667190e+03,5.700107666879999817e-06
7.509176444181439365e+03,5.639999176560000349e-06
7.508694314322210630e+03,5.580107684399999953e-06
7.508212184462981895e+03,5.580107684399999953e-06
7.507730054603754070e+03,5.639999176560000349e-06
7.507247924744525335e+03,5.700107666879999817e-06
7.506765794885297510e+03,5.710089582240000306e-06
7.506283665026068775e+03,5.659963007279999634e-06
7.505801535166840040e+03,5.600071515120000085e-06
7.505319405307612215e+03,5.590089599759999596e-06
7.504837275448383480e+03,5.649981091919999992e-06
7.504355145589155654e+03,5.740035328320000080e-06
7.503873015729926919e+03,5.820107649359999680e-06
7.503390885870698185e+03,5.850053395440000301e-06
7.502908756011470359e+03,5.830089564720000169e-06
7.502426626152241624e+03,5.779962989760000344e-06
7.501944496293013799e+03,5.750017243679999723e-06
7.501462366433785064e+03,5.740035328320000080e-06
7.500980236574557239e+03,5.740035328320000080e-06
7.500498106715328504e+03,5.730053412959999591e-06
7.500015976856099769e+03,5.720071497599999949e-06
7.499533846996871944e+03,5.710089582240000306e-06
7.499051717137643209e+03,5.710089582240000306e-06
7.498569587278415383e+03,5.720071497599999949e-06
7.498087457419186649e+03,5.710089582240000306e-06
7.497605327559957914e+03,5.700107666879999817e-06
7.497123197700730088e+03,5.710089582240000306e-06
7.496641067841501354e+03,5.759999159040000212e-06
7.496158937982273528e+03,5.840071480079999812e-06
7.495676808123044793e+03,5.889981056879999718e-06
7.495194678263816058e+03,5.879999141520000076e-06
7.494712548404588233e+03,5.799926820479999629e-06
7.494230418545359498e+03,5.710089582240000306e-06
7.493748288686131673e+03,5.669944922640000124e-06
7.493266158826902938e+03,5.710089582240000306e-06
7.492784028967675113e+03,5.799926820479999629e-06
7.492301899108446378e+03,5.870017226159999586e-06
7.491819769249217643e+03,5.870017226159999586e-06
7.491337639389989818e+03,5.820107649359999680e-06
7.490855509530761083e+03,5.759999159040000212e-06
7.490373379671533257e+03,5.750017243679999723e-06
7.489891249812304522e+03,5.779962989760000344e-06
7.489409119953075788e+03,5.789944905119999987e-06
7.488926990093847962e+03,5.740035328320000080e-06
7.488444860234619227e+03,5.669944922640000124e-06
7.487962730375391402e+03,5.649981091919999992e-06
7.487480600516162667e+03,5.700107666879999817e-06
7.486998470656933932e+03,5.779962989760000344e-06
7.486516340797706107e+03,5.830089564720000169e-06
7.486034210938477372e+03,5.809908735840000119e-06
7.485552081079249547e+03,5.759999159040000212e-06
7.485069951220020812e+03,5.750017243679999723e-06
7.484587821360792077e+03,5.799926820479999629e-06
7.484105691501564252e+03,5.850053395440000301e-06
7.483623561642335517e+03,5.860035310799999944e-06
7.483141431783107691e+03,5.830089564720000169e-06
7.482659301923878957e+03,5.809908735840000119e-06
7.482177172064650222e+03,5.820107649359999680e-06
7.481695042205422396e+03,5.850053395440000301e-06
7.481212912346193662e+03,5.860035310799999944e-06
7.480730782486965836e+03,5.830089564720000169e-06
7.480248652627737101e+03,5.779962989760000344e-06
7.479766522768508366e+03,5.769981074399999855e-06
7.479284392909280541e+03,5.820107649359999680e-06
7.478802263050051806e+03,5.889981056879999718e-06
7.478320133190823981e+03,5.919926802960000340e-06
7.477838003331595246e+03,5.889981056879999718e-06
7.477355873472367421e+03,5.809908735840000119e-06
7.476873743613138686e+03,5.759999159040000212e-06
7.476391613753909951e+03,5.759999159040000212e-06
7.475909483894682126e+03,5.789944905119999987e-06
7.475427354035453391e+03,5.799926820479999629e-06
7.474945224176225565e+03,5.759999159040000212e-06
7.474463094316996830e+03,5.710089582240000306e-06
7.473980964457768096e+03,5.689908753360000256e-06
7.473498834598540270e+03,5.720071497599999949e-06
7.473016704739311535e+03,5.759999159040000212e-06
7.472534574880083710e+03,5.750017243679999723e-06
7.472052445020854975e+03,5.689908753360000256e-06
7.471570315161627150e+03,5.600071515120000085e-06
7.471088185302398415e+03,5.559926855519999903e-06
7.470606055443169680e+03,5.590089599759999596e-06
7.470123925583941855e+03,5.649981091919999992e-06
7.469641795724713120e+03,5.689908753360000256e-06
7.469159665865485294e+03,5.679926837999999766e-06
7.468677536006256560e+03,5.649981091919999992e-06
7.468195406147027825e+03,5.630017261199999860e-06
7.467713276287799999e+03,5.620035345840000217e-06
7.467231146428571265e+03,5.600071515120000085e-06
7.466749016569343439e+03,5.539963024799999771e-06
7.466266886710114704e+03,5.480071532640000222e-06
7.465784756850885969e+03,5.449908788399999682e-06
7.465302626991658144e+03,5.470089617279999733e-06
7.464820497132429409e+03,5.519999194079999639e-06
7.464338367273201584e+03,5.549944940160000260e-06
7.463856237413972849e+03,5.559926855519999903e-06
7.463374107554744114e+03,5.559926855519999903e-06
7.462891977695516289e+03,5.569908770879999545e-06
7.462409847836287554e+03,5.610053430479999728e-06
7.461927717977059729e+03,5.649981091919999992e-06
7.461445588117830994e+03,5.669944922640000124e-06
7.460963458258602259e+03,5.659963007279999634e-06
7.460481328399374434e+03,5.630017261199999860e-06
7.459999198540145699e+03,5.590089599759999596e-06
7.459517068680917873e+03,5.559926855519999903e-06
7.459034938821689138e+03,5.569908770879999545e-06
7.458552808962460404e+03,5.600071515120000085e-06
7.458070679103232578e+03,5.639999176560000349e-06
7.457588549244003843e+03,5.659963007279999634e-06
7.457106419384776018e+03,5.659963007279999634e-06
7.456624289525547283e+03,5.669944922640000124e-06
7.456142159666319458e+03,5.679926837999999766e-06
7.455660029807090723e+03,5.669944922640000124e-06
7.455177899947861988e+03,5.639999176560000349e-06
7.454695770088634163e+03,5.590089599759999596e-06
7.454213640229405428e+03,5.539963024799999771e-06
7.453731510370177602e+03,5.519999194079999639e-06
7.453249380510948868e+03,5.529981109440000128e-06
7.452767250651720133e+03,5.539963024799999771e-06
7.452285120792492307e+03,5.519999194079999639e-06
7.451802990933263573e+03,5.480071532640000222e-06
7.451320861074035747e+03,5.470089617279999733e-06
7.450838731214807012e+03,5.510017278719999996e-06
7.450356601355579187e+03,5.569908770879999545e-06
7.449874471496350452e+03,5.600071515120000085e-06
7.449392341637121717e+03,5.559926855519999903e-06
7.448910211777893892e+03,5.490053447999999864e-06
7.448428081918665157e+03,5.419963042319999908e-06
7.447945952059437332e+03,5.399999211599999776e-06
7.447463822200208597e+03,5.419963042319999908e-06
7.446981692340979862e+03,5.429944957679999550e-06
7.446499562481752037e+03,5.399999211599999776e-06
7.446017432622523302e+03,5.360071550160000359e-06
7.445535302763295476e+03,5.350089634799999869e-06
7.445053172904066741e+03,5.399999211599999776e-06
7.444571043044838007e+03,5.500035363360000354e-06
7.444088913185610181e+03,5.590089599759999596e-06
7.443606783326381446e+03,5.610053430479999728e-06
7.443124653467153621e+03,5.539963024799999771e-06
7.442642523607924886e+03,5.449908788399999682e-06
7.442160393748696151e+03,5.380035380879999644e-06
7.441678263889468326e+03,5.380035380879999644e-06
7.441196134030239591e+03,5.409981126960000265e-06
7.440714004171011766e+03,5.419963042319999908e-06
7.440231874311783031e+03,5.409981126960000265e-06
7.439749744452554296e+03,5.409981126960000265e-06
7.439267614593326471e+03,5.470089617279999733e-06
7.438785484734097736e+03,5.569908770879999545e-06
7.438303354874869910e+03,5.630017261199999860e-06
7.437821225015641176e+03,5.639999176560000349e-06
7.437339095156412441e+03,5.630017261199999860e-06
7.436856965297184615e+03,5.620035345840000217e-06
7.436374835437955880e+03,5.639999176560000349e-06
7.435892705578728055e+03,5.649981091919999992e-06
7.435410575719499320e+03,5.620035345840000217e-06
7.434928445860271495e+03,5.580107684399999953e-06
7.434446316001042760e+03,5.549944940160000260e-06
7.433964186141814025e+03,5.559926855519999903e-06
7.433482056282586200e+03,5.590089599759999596e-06
7.432999926423357465e+03,5.610053430479999728e-06
7.432517796564129640e+03,5.610053430479999728e-06
7.432035666704900905e+03,5.630017261199999860e-06
7.431553536845672170e+03,5.659963007279999634e-06
7.431071406986444345e+03,5.720071497599999949e-06
7.430589277127215610e+03,5.779962989760000344e-06
7.430107147267987784e+03,5.840071480079999812e-06
7.429625017408759049e+03,5.870017226159999586e-06
7.429142887549531224e+03,5.860035310799999944e-06
7.428660757690302489e+03,5.830089564720000169e-06
7.428178627831073754e+03,5.809908735840000119e-06
7.427696497971845929e+03,5.850053395440000301e-06
7.427214368112617194e+03,5.929908718319999982e-06
7.426732238253389369e+03,5.999999123999999939e-06
7.426250108394160634e+03,5.990017208640000296e-06
7.425767978534931899e+03,5.919926802960000340e-06
7.425285848675704074e+03,5.850053395440000301e-06
7.424803718816475339e+03,5.820107649359999680e-06
7.424321588957247513e+03,5.850053395440000301e-06
7.423839459098018779e+03,5.909944887599999850e-06
7.423357329238790044e+03,5.929908718319999982e-06
7.422875199379562218e+03,5.929908718319999982e-06
7.422393069520333484e+03,5.940107631839999543e-06
7.421910939661105658e+03,5.980035293279999807e-06
7.421428809801876923e+03,6.049908700799999845e-06
7.420946679942648188e+03,6.090053360400000028e-06
7.420464550083420363e+03,6.080071445039999538e-06
7.419982420224191628e+03,6.060107614320000253e-06
7.419500290364963803e+03,6.090053360400000028e-06
7.419018160505735068e+03,6.180107596800000117e-06
7.418536030646506333e+03,6.310089494639999622e-06
7.418053900787278508e+03,6.430089477120000333e-06
7.417571770928049773e+03,6.509944800000000013e-06
7.417089641068821948e+03,6.540107544239999706e-06
7.416607511209593213e+03,6.550089459600000196e-06
7.416125381350364478e+03,6.560071374959999838e-06
7.415643251491136652e+03,6.570053290320000328e-06
7.415161121631907918e+03,6.580035205679999970e-06
7.414678991772680092e+03,6.599999036400000102e-06
7.414196861913451357e+03,6.629944782479999877e-06
7.413714732054223532e+03,6.670089442080000059e-06
7.413232602194994797e+03,6.719999018879999965e-06
7.412750472335766062e+03,6.769908595679999872e-06
7.412268342476538237e+03,6.810053255280000054e-06
7.411786212617309502e+03,6.810053255280000054e-06
7.411304082758081677e+03,6.800071339919999565e-06
7.410821952898852942e+03,6.780107509200000280e-06
7.410339823039624207e+03,6.800071339919999565e-06
7.409857693180396382e+03,6.859962832079999961e-06
7.409375563321167647e+03,6.940035153119999560e-06
7.408893433461939821e+03,6.989944729920000313e-06
7.408411303602711087e+03,6.989944729920000313e-06
7.407929173743483261e+03,6.969980899200000181e-06
7.407447043884254526e+03,6.989944729920000313e-06
7.406964914025025791e+03,7.040071304880000138e-06
7.406482784165797966e+03,7.099962797039999687e-06
7.406000654306569231e+03,7.109944712400000177e-06
7.405518524447341406e+03,7.099962797039999687e-06
7.405036394588112671e+03,7.109944712400000177e-06
7.404554264728883936e+03,7.170053202719999644e-06
7.404072134869656111e+03,7.229944694880000040e-06
7.403590005010427376e+03,7.239926610239999682e-06
7.403107875151199551e+03,7.199998948800000266e-06
7.402625745291970816e+03,7.170053202719999644e-06
7.402143615432742081e+03,7.219962779519999550e-06
7.401661485573514256e+03,7.329980846639999771e-06
7.401179355714285521e+03,7.459962744480000124e-06
7.400697225855057695e+03,7.550016980880000213e-06
7.400215095995828960e+03,7.599926557680000119e-06
7.399732966136600226e+03,7.640071217279999455e-06
7.399250836277372400e+03,7.670016963360000076e-06
7.398768706418143665e+03,7.689980794079999361e-06
7.398286576558915840e+03,7.709944624800000340e-06
7.397804446699687105e+03,7.719926540159999982e-06
7.397322316840458370e+03,7.729908455519999625e-06
7.396840186981230545e+03,7.750089284399999675e-06
7.396358057122001810e+03,7.790016945839999939e-06
7.395875927262773985e+03,7.849908437999999488e-06
7.395393797403545250e+03,7.900035012960000160e-06
7.394911667544316515e+03,7.929980759039999088e-06
7.394429537685088690e+03,7.919998843679999445e-06
7.393947407825859955e+03,7.929980759039999088e-06
7.393465277966632129e+03,7.990089249359999402e-06
7.392983148107403395e+03,8.100107316479999623e-06
7.392501018248175569e+03,8.189944554719999793e-06
7.392018888388946834e+03,8.199926470079999435e-06
7.391536758529718099e+03,8.150016893279999529e-06
7.391054628670490274e+03,8.130053062560000244e-06
7.390572498811261539e+03,8.189944554719999793e-06
7.390090368952033714e+03,8.309944537199999656e-06
7.389608239092804979e+03,8.390016858239999256e-06
7.389126109233576244e+03,8.409980688960000235e-06
7.388643979374348419e+03,8.380034942879999613e-06
7.388161849515119684e+03,8.380034942879999613e-06
7.387679719655891859e+03,8.449908350400000499e-06
7.387197589796663124e+03,8.539962586799999740e-06
7.386715459937434389e+03,8.610052992479999697e-06
7.386233330078206563e+03,8.620034907839999340e-06
7.385751200218977829e+03,8.610052992479999697e-06
7.385269070359750003e+03,8.630016823200000676e-06
7.384786940500521268e+03,8.700107228880000633e-06
7.384304810641293443e+03,8.789944467119999109e-06
7.383822680782064708e+03,8.840071042079999781e-06
7.383340550922835973e+03,8.840071042079999781e-06
7.382858421063608148e+03,8.809908297840000088e-06
7.382376291204379413e+03,8.799926382480000446e-06
7.381894161345151588e+03,8.799926382480000446e-06
7.381412031485922853e+03,8.809908297840000088e-06
7.380929901626694118e+03,8.799926382480000446e-06
7.380447771767466293e+03,8.779962551759999467e-06
7.379965641908237558e+03,8.779962551759999467e-06
7.379483512049009732e+03,8.820107211360000496e-06
7.379001382189780998e+03,8.879998703520000045e-06
7.378519252330552263e+03,8.940107193840000360e-06
7.378037122471324437e+03,8.980034855280000623e-06
7.377554992612095702e+03,9.009980601359999551e-06
7.377072862752867877e+03,9.039926347440000172e-06
7.376590732893639142e+03,9.070089091679999865e-06
7.376108603034410407e+03,9.129980583839999414e-06
7.375626473175182582e+03,9.200070989519999371e-06
7.375144343315953847e+03,9.249980566319999277e-06
7.374662213456726022e+03,9.259962481680000614e-06
7.374180083597497287e+03,9.249980566319999277e-06
7.373697953738268552e+03,9.249980566319999277e-06
7.373215823879040727e+03,9.279926312399999899e-06
7.372733694019811992e+03,9.350016718079999856e-06
7.372251564160584167e+03,9.399926294879999762e-06
7.371769434301355432e+03,9.409908210239999405e-06
7.371287304442127606e+03,9.389944379520000120e-06
7.370805174582898871e+03,9.399926294879999762e-06
7.370323044723670137e+03,9.440070954479999098e-06
7.369840914864442311e+03,9.499962446640000340e-06
7.369358785005213576e+03,9.540107106239999676e-06
7.368876655145985751e+03,9.519926277359999625e-06
7.368394525286757016e+03,9.470016700559999719e-06
7.367912395427528281e+03,9.409908210239999405e-06
7.367430265568300456e+03,9.399926294879999762e-06
7.366948135709071721e+03,9.420107123759999813e-06
7.366466005849843896e+03,9.479998615919999361e-06
7.365983875990615161e+03,9.519926277359999625e-06
7.365501746131386426e+03,9.519926277359999625e-06
7.365019616272158601e+03,9.489980531280000698e-06
7.364537486412929866e+03,9.460034785200000076e-06
7.364055356553702040e+03,9.450052869840000434e-06
7.363573226694473306e+03,9.489980531280000698e-06
7.363091096835245480e+03,9.540107106239999676e-06
7.362608966976016745e+03,9.609980513760000561e-06
7.362126837116788010e+03,9.670089004079999182e-06
7.361644707257560185e+03,9.719998580879999088e-06
7.361162577398331450e+03,9.729980496240000424e-06
7.360680447539103625e+03,9.690052834800000161e-06
7.360198317679874890e+03,9.639926259839999489e-06
7.359716187820646155e+03,9.590016683039999582e-06
7.359234057961418330e+03,9.560070936960000655e-06
7.358751928102189595e+03,9.560070936960000655e-06
7.358269798242961770e+03,9.580034767679999940e-06
7.357787668383733035e+03,9.590016683039999582e-06
7.357305538524504300e+03,9.580034767679999940e-06
7.356823408665276474e+03,9.560070936960000655e-06
7.356341278806047740e+03,9.529908192719999268e-06
7.355859148946819914e+03,9.519926277359999625e-06
7.355377019087591179e+03,9.550089021599999318e-06
7.354894889228362445e+03,9.609980513760000561e-06
7.354412759369134619e+03,9.660107088719999539e-06
7.353930629509905884e+03,9.680070919440000518e-06
7.353448499650678059e+03,9.670089004079999182e-06
7.352966369791449324e+03,9.629944344479999846e-06
7.352484239932220589e+03,9.570052852320000297e-06
7.352002110072992764e+03,9.489980531280000698e-06
7.351519980213764029e+03,9.440070954479999098e-06
7.351037850354536204e+03,9.450052869840000434e-06
7.350555720495307469e+03,9.519926277359999625e-06
7.350073590636079643e+03,9.599998598399999225e-06
7.349591460776850909e+03,9.649908175199999131e-06
7.349109330917622174e+03,9.619962429120000204e-06
7.348627201058394348e+03,9.560070936960000655e-06
7.348145071199165614e+03,9.509944361999999983e-06
7.347662941339937788e+03,9.499962446640000340e-06
7.347180811480709053e+03,9.529908192719999268e-06
7.346698681621480318e+03,9.540107106239999676e-06
7.346216551762252493e+03,9.529908192719999268e-06
7.345734421903023758e+03,9.509944361999999983e-06
7.345252292043795933e+03,9.470016700559999719e-06
7.344770162184567198e+03,9.420107123759999813e-06
7.344288032325338463e+03,9.369980548799999141e-06
7.343805902466110638e+03,9.330052887360000571e-06
7.343323772606881903e+03,9.310089056639999592e-06
7.342841642747654078e+03,9.340034802720000213e-06
7.342359512888425343e+03,9.389944379520000120e-06
7.341877383029197517e+03,9.430089039119999455e-06
7.341395253169968782e+03,9.450052869840000434e-06
7.340913123310740048e+03,9.420107123759999813e-06
7.340430993451512222e+03,9.359998633439999498e-06
7.339948863592283487e+03,9.300107141279999949e-06
7.339466733733055662e+03,9.259962481680000614e-06
7.338984603873826927e+03,9.259962481680000614e-06
7.338502474014598192e+03,9.279926312399999899e-06
7.338020344155370367e+03,9.300107141279999949e-06
7.337538214296141632e+03,9.320070971999999234e-06
7.337056084436913807e+03,9.369980548799999141e-06
7.336573954577685072e+03,9.450052869840000434e-06
7.336091824718456337e+03,9.540107106239999676e-06
7.335609694859228512e+03,9.599998598399999225e-06
7.335127564999999777e+03,9.599998598399999225e-06
7.334645435140771951e+03,9.570052852320000297e-06
7.334163305281543217e+03,9.550089021599999318e-06
7.333681175422314482e+03,9.570052852320000297e-06
7.333199045563086656e+03,9.619962429120000204e-06
7.332716915703857921e+03,9.680070919440000518e-06
7.332234785844630096e+03,9.719998580879999088e-06
7.331752655985401361e+03,9.719998580879999088e-06
7.331270526126172626e+03,9.700034750159999803e-06
7.330788396266944801e+03,9.710016665519999445e-06
7.330306266407716066e+03,9.759926242319999352e-06
7.329824136548488241e+03,9.830016647999999309e-06
7.329342006689259506e+03,9.879926224799999215e-06
7.328859876830031681e+03,9.879926224799999215e-06
7.328377746970802946e+03,9.820034732639999666e-06
7.327895617111574211e+03,9.780107071199999402e-06
7.327413487252346386e+03,9.790088986560000739e-06
7.326931357393117651e+03,9.849980478720000288e-06
7.326449227533889825e+03,9.910088969040000602e-06
7.325967097674661090e+03,9.969980461200000151e-06
7.325484967815432356e+03,9.999926207279999078e-06
7.325002837956204530e+03,1.009996235903999966e-05
7.324520708096975795e+03,1.009996235903999966e-05
7.324038578237747970e+03,1.019999851080000024e-05
7.323556448378519235e+03,1.019999851080000024e-05
7.323074318519290500e+03,1.019999851080000024e-05
7.322592188660062675e+03,1.030003466255999912e-05
7.322110058800833940e+03,1.030003466255999912e-05
7.321627928941606115e+03,1.030003466255999912e-05
7.321145799082377380e+03,1.040007081431999970e-05
7.320663669223149554e+03,1.040007081431999970e-05
7.320181539363920820e+03,1.040007081431999970e-05
7.319699409504692085e+03,1.050010696608000028e-05
7.319217279645464259e+03,1.050010696608000028e-05
7.318735149786235525e+03,1.059992611968000009e-05
7.318253019927007699e+03,1.059992611968000009e-05
7.317770890067778964e+03,1.069996227144000067e-05
7.317288760208550229e+03,1.079999842319999955e-05
7.316806630349322404e+03,1.090003457496000013e-05
7.316324500490093669e+03,1.100007072672000071e-05
7.315842370630865844e+03,1.100007072672000071e-05
7.315360240771637109e+03,1.100007072672000071e-05
7.314878110912408374e+03,1.100007072672000071e-05
7.314395981053180549e+03,1.100007072672000071e-05
7.313913851193951814e+03,1.100007072672000071e-05
7.313431721334723989e+03,1.110010687847999959e-05
7.312949591475495254e+03,1.119992603207999940e-05
7.312467461616266519e+03,1.129996218383999998e-05
7.311985331757038693e+03,1.139999833560000056e-05
7.311503201897809959e+03,1.139999833560000056e-05
7.311021072038582133e+03,1.139999833560000056e-05
7.310538942179353398e+03,1.150003448735999945e-05
7.310056812320124664e+03,1.150003448735999945e-05
7.309574682460896838e+03,1.160007063912000002e-05
7.309092552601668103e+03,1.160007063912000002e-05
7.308610422742440278e+03,1.170010679088000060e-05
7.308128292883211543e+03,1.170010679088000060e-05
7.307646163023983718e+03,1.170010679088000060e-05
7.307164033164754983e+03,1.179992594448000042e-05
7.306681903305526248e+03,1.189996209623999930e-05
7.306199773446298423e+03,1.189996209623999930e-05
7.305717643587069688e+03,1.189996209623999930e-05
7.305235513727841862e+03,1.189996209623999930e-05
7.304753383868613128e+03,1.189996209623999930e-05
7.304271254009384393e+03,1.199999824799999988e-05
7.303789124150156567e+03,1.199999824799999988e-05
7.303306994290927832e+03,1.210003439976000046e-05
7.302824864431700007e+03,1.220007055151999934e-05
7.302342734572471272e+03,1.230010670327999992e-05
7.301860604713242537e+03,1.239992585687999973e-05
7.301378474854014712e+03,1.239992585687999973e-05
7.300896344994785977e+03,1.249996200864000031e-05
7.300414215135558152e+03,1.249996200864000031e-05
7.299932085276329417e+03,1.259999816039999919e-05
7.299449955417101592e+03,1.259999816039999919e-05
7.298967825557872857e+03,1.270003431215999977e-05
7.298485695698644122e+03,1.270003431215999977e-05
7.298003565839416297e+03,1.270003431215999977e-05
7.297521435980187562e+03,1.270003431215999977e-05
7.297039306120959736e+03,1.270003431215999977e-05
7.296557176261731001e+03,1.280007046392000035e-05
7.296075046402502267e+03,1.280007046392000035e-05
7.295592916543274441e+03,1.290010661567999924e-05
7.295110786684045706e+03,1.290010661567999924e-05
7.294628656824817881e+03,1.299992576927999905e-05
7.294146526965589146e+03,1.299992576927999905e-05
7.293664397106360411e+03,1.290010661567999924e-05
7.293182267247132586e+03,1.299992576927999905e-05
7.292700137387903851e+03,1.299992576927999905e-05
7.292218007528676026e+03,1.309996192103999963e-05
7.291735877669447291e+03,1.309996192103999963e-05
7.291253747810218556e+03,1.319999807280000020e-05
7.290771617950990731e+03,1.319999807280000020e-05
7.290289488091761996e+03,1.319999807280000020e-05
7.289807358232534170e+03,1.330003422455999909e-05
7.289325228373305436e+03,1.340007037631999967e-05
7.288843098514076701e+03,1.350010652808000025e-05
7.288360968654848875e+03,1.350010652808000025e-05
7.287878838795620140e+03,1.350010652808000025e-05
7.287396708936392315e+03,1.359992568168000006e-05
7.286914579077163580e+03,1.359992568168000006e-05
7.286432449217935755e+03,1.350010652808000025e-05
7.285950319358707020e+03,1.350010652808000025e-05
7.285468189499478285e+03,1.350010652808000025e-05
7.284986059640250460e+03,1.350010652808000025e-05
7.284503929781021725e+03,1.350010652808000025e-05
7.284021799921793900e+03,1.359992568168000006e-05
7.283539670062565165e+03,1.359992568168000006e-05
7.283057540203336430e+03,1.359992568168000006e-05
7.282575410344108604e+03,1.359992568168000006e-05
7.282093280484879870e+03,1.369996183344000064e-05
7.281611150625652044e+03,1.369996183344000064e-05
7.281129020766423309e+03,1.369996183344000064e-05
7.280646890907195484e+03,1.379999798519999952e-05
7.280164761047966749e+03,1.379999798519999952e-05
7.279682631188738014e+03,1.379999798519999952e-05
7.279200501329510189e+03,1.379999798519999952e-05
7.278718371470281454e+03,1.379999798519999952e-05
7.278236241611053629e+03,1.379999798519999952e-05
7.277754111751824894e+03,1.390003413696000010e-05
7.277271981892596159e+03,1.390003413696000010e-05
7.276789852033368334e+03,1.400007028872000068e-05
7.276307722174139599e+03,1.410010644047999956e-05
7.275825592314911773e+03,1.419992559407999937e-05
7.275343462455683039e+03,1.419992559407999937e-05
7.274861332596454304e+03,1.419992559407999937e-05
7.274379202737226478e+03,1.410010644047999956e-05
7.273897072877997743e+03,1.410010644047999956e-05
7.273414943018769918e+03,1.410010644047999956e-05
7.272932813159541183e+03,1.419992559407999937e-05
7.272450683300312448e+03,1.419992559407999937e-05
7.271968553441084623e+03,1.429996174583999995e-05
7.271486423581855888e+03,1.429996174583999995e-05
7.271004293722628063e+03,1.419992559407999937e-05
7.270522163863399328e+03,1.419992559407999937e-05
7.270040034004170593e+03,1.429996174583999995e-05
7.269557904144942768e+03,1.439999789760000053e-05
7.269075774285714033e+03,1.450003404935999942e-05
7.268593644426486208e+03,1.460007020111999999e-05
7.268111514567257473e+03,1.460007020111999999e-05
7.267629384708028738e+03,1.460007020111999999e-05
7.267147254848800912e+03,1.460007020111999999e-05
7.266665124989572178e+03,1.470010635288000057e-05
7.266182995130344352e+03,1.470010635288000057e-05
7.265700865271115617e+03,1.470010635288000057e-05
7.265218735411886883e+03,1.470010635288000057e-05
7.264736605552659057e+03,1.470010635288000057e-05
7.264254475693430322e+03,1.470010635288000057e-05
7.263772345834202497e+03,1.479992550648000038e-05
7.263290215974973762e+03,1.479992550648000038e-05
7.262808086115745937e+03,1.489996165823999927e-05
7.262325956256517202e+03,1.499999780999999985e-05
7.261843826397288467e+03,1.499999780999999985e-05
7.261361696538060642e+03,1.510003396176000043e-05
7.260879566678831907e+03,1.510003396176000043e-05
7.260397436819604081e+03,1.510003396176000043e-05
7.259915306960375347e+03,1.510003396176000043e-05
7.259433177101147521e+03,1.510003396176000043e-05
7.258951047241918786e+03,1.499999780999999985e-05
7.258468917382690051e+03,1.499999780999999985e-05
7.257986787523462226e+03,1.499999780999999985e-05
7.257504657664233491e+03,1.499999780999999985e-05
7.257022527805005666e+03,1.499999780999999985e-05
7.256540397945776931e+03,1.510003396176000043e-05
7.256058268086548196e+03,1.510003396176000043e-05
7.255576138227320371e+03,1.520007011351999931e-05
7.255094008368091636e+03,1.530010626527999819e-05
7.254611878508863811e+03,1.530010626527999819e-05
7.254129748649635076e+03,1.530010626527999819e-05
7.253647618790406341e+03,1.530010626527999819e-05
7.253165488931178515e+03,1.530010626527999819e-05
7.252683359071949781e+03,1.530010626527999819e-05
7.252201229212721955e+03,1.530010626527999819e-05
7.251719099353493220e+03,1.530010626527999819e-05
7.251236969494264486e+03,1.520007011351999931e-05
7.250754839635036660e+03,1.520007011351999931e-05
7.250272709775807925e+03,1.510003396176000043e-05
7.249790579916580100e+03,1.510003396176000043e-05
7.249308450057351365e+03,1.510003396176000043e-05
7.248826320198122630e+03,1.510003396176000043e-05
7.248344190338894805e+03,1.510003396176000043e-05
7.247862060479666070e+03,1.510003396176000043e-05
7.247379930620438245e+03,1.510003396176000043e-05
7.246897800761209510e+03,1.499999780999999985e-05
7.246415670901980775e+03,1.499999780999999985e-05
7.245933541042752950e+03,1.489996165823999927e-05
7.245451411183524215e+03,1.479992550648000038e-05
7.244969281324296389e+03,1.479992550648000038e-05
7.244487151465067654e+03,1.479992550648000038e-05
7.244005021605838920e+03,1.479992550648000038e-05
7.243522891746611094e+03,1.479992550648000038e-05
7.243040761887382359e+03,1.479992550648000038e-05
7.242558632028154534e+03,1.479992550648000038e-05
7.242076502168925799e+03,1.479992550648000038e-05
7.241594372309697974e+03,1.479992550648000038e-05
7.241112242450469239e+03,1.479992550648000038e-05
7.240630112591240504e+03,1.470010635288000057e-05
7.240147982732012679e+03,1.470010635288000057e-05
7.239665852872783944e+03,1.460007020111999999e-05
7.239183723013556119e+03,1.450003404935999942e-05
7.238701593154327384e+03,1.450003404935999942e-05
7.238219463295098649e+03,1.439999789760000053e-05
7.237737333435870823e+03,1.439999789760000053e-05
7.237255203576642089e+03,1.429996174583999995e-05
7.236773073717414263e+03,1.429996174583999995e-05
7.236290943858185528e+03,1.429996174583999995e-05
7.235808813998957703e+03,1.439999789760000053e-05
7.235326684139728968e+03,1.439999789760000053e-05
7.234844554280500233e+03,1.429996174583999995e-05
7.234362424421272408e+03,1.429996174583999995e-05
7.233880294562043673e+03,1.429996174583999995e-05
7.233398164702815848e+03,1.419992559407999937e-05
7.232916034843587113e+03,1.419992559407999937e-05
7.232433904984358378e+03,1.419992559407999937e-05
7.231951775125130553e+03,1.429996174583999995e-05
7.231469645265901818e+03,1.429996174583999995e-05
7.230987515406673992e+03,1.419992559407999937e-05
7.230505385547445258e+03,1.410010644047999956e-05
7.230023255688216523e+03,1.410010644047999956e-05
7.229541125828988697e+03,1.400007028872000068e-05
7.229058995969759962e+03,1.400007028872000068e-05
7.228576866110532137e+03,1.400007028872000068e-05
7.228094736251303402e+03,1.400007028872000068e-05
7.227612606392074667e+03,1.400007028872000068e-05
7.227130476532846842e+03,1.400007028872000068e-05
7.226648346673618107e+03,1.400007028872000068e-05
7.226166216814390282e+03,1.400007028872000068e-05
7.225684086955161547e+03,1.390003413696000010e-05
7.225201957095932812e+03,1.390003413696000010e-05
7.224719827236704987e+03,1.390003413696000010e-05
7.224237697377476252e+03,1.400007028872000068e-05
7.223755567518248426e+03,1.400007028872000068e-05
7.223273437659019692e+03,1.410010644047999956e-05
7.222791307799790957e+03,1.410010644047999956e-05
7.222309177940563131e+03,1.410010644047999956e-05
7.221827048081334397e+03,1.410010644047999956e-05
7.221344918222106571e+03,1.410010644047999956e-05
7.220862788362877836e+03,1.410010644047999956e-05
7.220380658503650011e+03,1.419992559407999937e-05
7.219898528644421276e+03,1.429996174583999995e-05
7.219416398785192541e+03,1.429996174583999995e-05
7.218934268925964716e+03,1.439999789760000053e-05
7.218452139066735981e+03,1.450003404935999942e-05
7.217970009207508156e+03,1.450003404935999942e-05
7.217487879348279421e+03,1.450003404935999942e-05
7.217005749489050686e+03,1.450003404935999942e-05
7.216523619629822861e+03,1.450003404935999942e-05
7.216041489770594126e+03,1.460007020111999999e-05
7.215559359911366300e+03,1.470010635288000057e-05
7.215077230052137566e+03,1.470010635288000057e-05
7.214595100192909740e+03,1.479992550648000038e-05
7.214112970333681005e+03,1.479992550648000038e-05
7.213630840474452270e+03,1.489996165823999927e-05
7.213148710615224445e+03,1.499999780999999985e-05
7.212666580755995710e+03,1.510003396176000043e-05
7.212184450896767885e+03,1.510003396176000043e-05
7.211702321037539150e+03,1.510003396176000043e-05
7.211220191178310415e+03,1.499999780999999985e-05
7.210738061319082590e+03,1.499999780999999985e-05
7.210255931459853855e+03,1.510003396176000043e-05
7.209773801600626030e+03,1.510003396176000043e-05
7.209291671741397295e+03,1.520007011351999931e-05
7.208809541882168560e+03,1.530010626527999819e-05
7.208327412022940734e+03,1.539992541888000140e-05
7.207845282163712000e+03,1.539992541888000140e-05
7.207363152304484174e+03,1.539992541888000140e-05
7.206881022445255439e+03,1.549996157063999859e-05
7.206398892586026705e+03,1.549996157063999859e-05
7.205916762726798879e+03,1.559999772239999916e-05
7.205434632867570144e+03,1.559999772239999916e-05
7.204952503008342319e+03,1.559999772239999916e-05
7.204470373149113584e+03,1.570003387415999974e-05
7.203988243289884849e+03,1.570003387415999974e-05
7.203506113430657024e+03,1.580007002592000032e-05
7.203023983571428289e+03,1.590010617768000090e-05
7.202541853712200464e+03,1.599992533128000071e-05
7.202059723852971729e+03,1.599992533128000071e-05
7.201577593993742994e+03,1.609996148304000129e-05
7.201095464134515169e+03,1.609996148304000129e-05
7.200613334275286434e+03,1.619999763479999848e-05
7.200131204416058608e+03,1.630003378655999906e-05
7.199649074556829873e+03,1.630003378655999906e-05
7.199166944697602048e+03,1.630003378655999906e-05
7.198684814838373313e+03,1.630003378655999906e-05
7.198202684979144578e+03,1.630003378655999906e-05
7.197720555119916753e+03,1.630003378655999906e-05
7.197238425260688018e+03,1.630003378655999906e-05
7.196756295401460193e+03,1.630003378655999906e-05
7.196274165542231458e+03,1.630003378655999906e-05
7.195792035683002723e+03,1.640006993831999964e-05
7.195309905823774898e+03,1.650010609008000021e-05
7.194827775964546163e+03,1.650010609008000021e-05
7.194345646105318338e+03,1.659992524368000003e-05
7.193863516246089603e+03,1.659992524368000003e-05
7.193381386386861777e+03,1.659992524368000003e-05
7.192899256527633042e+03,1.669996139544000061e-05
7.192417126668404308e+03,1.669996139544000061e-05
7.191934996809176482e+03,1.669996139544000061e-05
7.191452866949947747e+03,1.669996139544000061e-05
7.190970737090719922e+03,1.669996139544000061e-05
7.190488607231491187e+03,1.669996139544000061e-05
7.190006477372262452e+03,1.669996139544000061e-05
7.189524347513034627e+03,1.679999754720000118e-05
7.189042217653805892e+03,1.679999754720000118e-05
7.188560087794578067e+03,1.679999754720000118e-05
7.188077957935349332e+03,1.679999754720000118e-05
7.187595828076120597e+03,1.679999754720000118e-05
7.187113698216892772e+03,1.669996139544000061e-05
7.186631568357664037e+03,1.669996139544000061e-05
7.186149438498436211e+03,1.669996139544000061e-05
7.185667308639207477e+03,1.669996139544000061e-05
7.185185178779978742e+03,1.659992524368000003e-05
7.184703048920750916e+03,1.659992524368000003e-05
7.184220919061522181e+03,1.659992524368000003e-05
7.183738789202294356e+03,1.659992524368000003e-05
7.183256659343065621e+03,1.650010609008000021e-05
7.182774529483836886e+03,1.650010609008000021e-05
7.182292399624609061e+03,1.650010609008000021e-05
7.181810269765380326e+03,1.650010609008000021e-05
7.181328139906152501e+03,1.650010609008000021e-05
7.180846010046923766e+03,1.659992524368000003e-05
7.180363880187695031e+03,1.659992524368000003e-05
7.179881750328467206e+03,1.659992524368000003e-05
7.179399620469238471e+03,1.650010609008000021e-05
7.178917490610010645e+03,1.640006993831999964e-05
7.178435360750781911e+03,1.640006993831999964e-05
7.177953230891553176e+03,1.630003378655999906e-05
7.177471101032325350e+03,1.630003378655999906e-05
7.176988971173096616e+03,1.630003378655999906e-05
7.176506841313868790e+03,1.619999763479999848e-05
7.176024711454640055e+03,1.619999763479999848e-05
7.175542581595412230e+03,1.619999763479999848e-05
7.175060451736183495e+03,1.619999763479999848e-05
7.174578321876954760e+03,1.619999763479999848e-05
7.174096192017726935e+03,1.619999763479999848e-05
7.173614062158498200e+03,1.609996148304000129e-05
7.173131932299270375e+03,1.599992533128000071e-05
7.172649802440041640e+03,1.599992533128000071e-05
7.172167672580813814e+03,1.599992533128000071e-05
7.171685542721585080e+03,1.609996148304000129e-05
7.171203412862356345e+03,1.599992533128000071e-05
7.170721283003128519e+03,1.590010617768000090e-05
7.170239153143899784e+03,1.580007002592000032e-05
7.169757023284671959e+03,1.570003387415999974e-05
7.169274893425443224e+03,1.570003387415999974e-05
7.168792763566214489e+03,1.559999772239999916e-05
7.168310633706986664e+03,1.559999772239999916e-05
7.167828503847757929e+03,1.559999772239999916e-05
7.167346373988530104e+03,1.570003387415999974e-05
7.166864244129301369e+03,1.570003387415999974e-05
7.166382114270072634e+03,1.559999772239999916e-05
7.165899984410844809e+03,1.549996157063999859e-05
7.165417854551616074e+03,1.539992541888000140e-05
7.164935724692388249e+03,1.539992541888000140e-05
7.164453594833159514e+03,1.530010626527999819e-05
7.163971464973930779e+03,1.530010626527999819e-05
7.163489335114702953e+03,1.530010626527999819e-05
7.163007205255474219e+03,1.539992541888000140e-05
7.162525075396246393e+03,1.539992541888000140e-05
7.162042945537017658e+03,1.539992541888000140e-05
7.161560815677788923e+03,1.539992541888000140e-05
7.161078685818561098e+03,1.539992541888000140e-05
7.160596555959332363e+03,1.539992541888000140e-05
7.160114426100104538e+03,1.539992541888000140e-05
7.159632296240875803e+03,1.539992541888000140e-05
7.159150166381647068e+03,1.530010626527999819e-05
7.158668036522419243e+03,1.530010626527999819e-05
7.158185906663190508e+03,1.520007011351999931e-05
7.157703776803962683e+03,1.520007011351999931e-05
7.157221646944733948e+03,1.510003396176000043e-05
7.156739517085505213e+03,1.499999780999999985e-05
7.156257387226277388e+03,1.499999780999999985e-05
7.155775257367048653e+03,1.499999780999999985e-05
7.155293127507820827e+03,1.499999780999999985e-05
7.154810997648592092e+03,1.499999780999999985e-05
7.154328867789364267e+03,1.489996165823999927e-05
7.153846737930135532e+03,1.489996165823999927e-05
7.153364608070906797e+03,1.489996165823999927e-05
7.152882478211678972e+03,1.489996165823999927e-05
7.152400348352450237e+03,1.489996165823999927e-05
7.151918218493222412e+03,1.489996165823999927e-05
7.151436088633993677e+03,1.489996165823999927e-05
7.150953958774765852e+03,1.479992550648000038e-05
7.150471828915537117e+03,1.479992550648000038e-05
7.149989699056308382e+03,1.470010635288000057e-05
7.149507569197080556e+03,1.470010635288000057e-05
7.149025439337851822e+03,1.470010635288000057e-05
7.148543309478623996e+03,1.470010635288000057e-05
7.148061179619395261e+03,1.470010635288000057e-05
7.147579049760166527e+03,1.470010635288000057e-05
7.147096919900938701e+03,1.470010635288000057e-05
7.146614790041709966e+03,1.470010635288000057e-05
7.146132660182482141e+03,1.460007020111999999e-05
7.145650530323253406e+03,1.460007020111999999e-05
7.145168400464024671e+03,1.450003404935999942e-05
7.144686270604796846e+03,1.450003404935999942e-05
7.144204140745568111e+03,1.439999789760000053e-05
7.143722010886340286e+03,1.439999789760000053e-05
7.143239881027111551e+03,1.439999789760000053e-05
7.142757751167882816e+03,1.439999789760000053e-05
7.142275621308654991e+03,1.439999789760000053e-05
7.141793491449426256e+03,1.439999789760000053e-05
7.141311361590198430e+03,1.450003404935999942e-05
7.140829231730969695e+03,1.460007020111999999e-05
7.140347101871740961e+03,1.460007020111999999e-05
7.139864972012513135e+03,1.460007020111999999e-05
7.139382842153284400e+03,1.460007020111999999e-05
7.138900712294056575e+03,1.460007020111999999e-05
7.138418582434827840e+03,1.450003404935999942e-05
7.137936452575599105e+03,1.450003404935999942e-05
7.137454322716371280e+03,1.450003404935999942e-05
7.136972192857142545e+03,1.450003404935999942e-05
7.136490062997914720e+03,1.450003404935999942e-05
7.136007933138685985e+03,1.460007020111999999e-05
7.135525803279457250e+03,1.460007020111999999e-05
7.135043673420229425e+03,1.470010635288000057e-05
7.134561543561000690e+03,1.470010635288000057e-05
7.134079413701772864e+03,1.470010635288000057e-05
7.133597283842544130e+03,1.460007020111999999e-05
7.133115153983316304e+03,1.460007020111999999e-05
7.132633024124087569e+03,1.460007020111999999e-05
7.132150894264858835e+03,1.460007020111999999e-05
7.131668764405631009e+03,1.460007020111999999e-05
7.131186634546402274e+03,1.460007020111999999e-05
7.130704504687174449e+03,1.460007020111999999e-05
7.130222374827945714e+03,1.460007020111999999e-05
7.129740244968717889e+03,1.470010635288000057e-05
7.129258115109489154e+03,1.470010635288000057e-05
7.128775985250260419e+03,1.470010635288000057e-05
7.128293855391032594e+03,1.470010635288000057e-05
7.127811725531803859e+03,1.479992550648000038e-05
7.127329595672576033e+03,1.479992550648000038e-05
7.126847465813347299e+03,1.489996165823999927e-05
7.126365335954118564e+03,1.489996165823999927e-05
7.125883206094890738e+03,1.499999780999999985e-05
7.125401076235662003e+03,1.499999780999999985e-05
7.124918946376434178e+03,1.499999780999999985e-05
7.124436816517205443e+03,1.489996165823999927e-05
7.123954686657976708e+03,1.489996165823999927e-05
7.123472556798748883e+03,1.499999780999999985e-05
7.122990426939520148e+03,1.499999780999999985e-05
7.122508297080292323e+03,1.489996165823999927e-05
7.122026167221063588e+03,1.489996165823999927e-05
7.121544037361834853e+03,1.489996165823999927e-05
7.121061907502607028e+03,1.499999780999999985e-05
7.120579777643378293e+03,1.520007011351999931e-05
7.120097647784150467e+03,1.530010626527999819e-05
7.119615517924921733e+03,1.530010626527999819e-05
7.119133388065692998e+03,1.530010626527999819e-05
7.118651258206465172e+03,1.530010626527999819e-05
7.118169128347236438e+03,1.520007011351999931e-05
7.117686998488008612e+03,1.520007011351999931e-05
7.117204868628779877e+03,1.520007011351999931e-05
7.116722738769551142e+03,1.520007011351999931e-05
7.116240608910323317e+03,1.520007011351999931e-05
7.115758479051094582e+03,1.530010626527999819e-05
7.115276349191866757e+03,1.530010626527999819e-05
7.114794219332638022e+03,1.530010626527999819e-05
7.114312089473409287e+03,1.530010626527999819e-05
7.113829959614181462e+03,1.539992541888000140e-05
7.113347829754952727e+03,1.549996157063999859e-05
7.112865699895724902e+03,1.549996157063999859e-05
7.112383570036496167e+03,1.549996157063999859e-05
7.111901440177268341e+03,1.549996157063999859e-05
7.111419310318039606e+03,1.549996157063999859e-05
7.110937180458810872e+03,1.549996157063999859e-05
7.110455050599583046e+03,1.549996157063999859e-05
7.109972920740354311e+03,1.549996157063999859e-05
7.109490790881126486e+03,1.549996157063999859e-05
7.109008661021897751e+03,1.549996157063999859e-05
7.108526531162669926e+03,1.559999772239999916e-05
7.108044401303441191e+03,1.559999772239999916e-05
7.107562271444212456e+03,1.570003387415999974e-05
7.107080141584984631e+03,1.580007002592000032e-05
7.106598011725755896e+03,1.580007002592000032e-05
7.106115881866528071e+03,1.590010617768000090e-05
7.105633752007299336e+03,1.590010617768000090e-05
7.105151622148070601e+03,1.580007002592000032e-05
7.104669492288842775e+03,1.580007002592000032e-05
7.104187362429614041e+03,1.580007002592000032e-05
7.103705232570386215e+03,1.590010617768000090e-05
7.103223102711157480e+03,1.590010617768000090e-05
7.102740972851928746e+03,1.599992533128000071e-05
7.102258842992700920e+03,1.599992533128000071e-05
7.101776713133472185e+03,1.609996148304000129e-05
7.101294583274244360e+03,1.609996148304000129e-05
7.100812453415015625e+03,1.609996148304000129e-05
7.100330323555786890e+03,1.609996148304000129e-05
7.099848193696559065e+03,1.609996148304000129e-05
7.099366063837330330e+03,1.619999763479999848e-05
7.098883933978102505e+03,1.619999763479999848e-05
7.098401804118873770e+03,1.619999763479999848e-05
7.097919674259645035e+03,1.619999763479999848e-05
7.097437544400417210e+03,1.619999763479999848e-05
7.096955414541188475e+03,1.609996148304000129e-05
7.096473284681960649e+03,1.599992533128000071e-05
7.095991154822731914e+03,1.599992533128000071e-05
7.095509024963503180e+03,1.590010617768000090e-05
7.095026895104275354e+03,1.590010617768000090e-05
7.094544765245046619e+03,1.590010617768000090e-05
7.094062635385818794e+03,1.590010617768000090e-05
7.093580505526590059e+03,1.599992533128000071e-05
7.093098375667361324e+03,1.590010617768000090e-05
7.092616245808133499e+03,1.590010617768000090e-05
7.092134115948904764e+03,1.590010617768000090e-05
7.091651986089676939e+03,1.599992533128000071e-05
7.091169856230448204e+03,1.590010617768000090e-05
7.090687726371220378e+03,1.590010617768000090e-05
7.090205596511991644e+03,1.590010617768000090e-05
7.089723466652762909e+03,1.580007002592000032e-05
7.089241336793535083e+03,1.580007002592000032e-05
7.088759206934306349e+03,1.570003387415999974e-05
7.088277077075078523e+03,1.570003387415999974e-05
7.087794947215849788e+03,1.559999772239999916e-05
7.087312817356621963e+03,1.559999772239999916e-05
7.086830687497393228e+03,1.559999772239999916e-05
7.086348557638164493e+03,1.559999772239999916e-05
7.085866427778936668e+03,1.559999772239999916e-05
7.085384297919707933e+03,1.559999772239999916e-05
7.084902168060480108e+03,1.549996157063999859e-05
7.084420038201251373e+03,1.549996157063999859e-05
7.083937908342022638e+03,1.549996157063999859e-05
7.083455778482794813e+03,1.559999772239999916e-05
7.082973648623566078e+03,1.559999772239999916e-05
7.082491518764338252e+03,1.549996157063999859e-05
7.082009388905109518e+03,1.549996157063999859e-05
7.081527259045880783e+03,1.549996157063999859e-05
7.081045129186652957e+03,1.539992541888000140e-05
7.080562999327424222e+03,1.539992541888000140e-05
7.080080869468196397e+03,1.530010626527999819e-05
7.079598739608967662e+03,1.530010626527999819e-05
7.079116609749738927e+03,1.530010626527999819e-05
7.078634479890511102e+03,1.530010626527999819e-05
7.078152350031282367e+03,1.530010626527999819e-05
7.077670220172054542e+03,1.530010626527999819e-05
7.077188090312825807e+03,1.520007011351999931e-05
7.076705960453597072e+03,1.510003396176000043e-05
7.076223830594369247e+03,1.499999780999999985e-05
7.075741700735140512e+03,1.489996165823999927e-05
7.075259570875912686e+03,1.489996165823999927e-05
7.074777441016683952e+03,1.499999780999999985e-05
7.074295311157455217e+03,1.489996165823999927e-05
7.073813181298227391e+03,1.479992550648000038e-05
7.073331051438998657e+03,1.470010635288000057e-05
7.072848921579770831e+03,1.460007020111999999e-05
7.072366791720542096e+03,1.460007020111999999e-05
7.071884661861313361e+03,1.450003404935999942e-05
7.071402532002085536e+03,1.450003404935999942e-05
7.070920402142856801e+03,1.439999789760000053e-05
7.070438272283628976e+03,1.429996174583999995e-05
7.069956142424400241e+03,1.419992559407999937e-05
7.069474012565172416e+03,1.419992559407999937e-05
7.068991882705943681e+03,1.410010644047999956e-05
7.068509752846714946e+03,1.410010644047999956e-05
7.068027622987487121e+03,1.410010644047999956e-05
7.067545493128258386e+03,1.410010644047999956e-05
7.067063363269030560e+03,1.410010644047999956e-05
7.066581233409801825e+03,1.410010644047999956e-05
7.066099103550574000e+03,1.410010644047999956e-05
7.065616973691345265e+03,1.410010644047999956e-05
7.065134843832116530e+03,1.400007028872000068e-05
7.064652713972888705e+03,1.390003413696000010e-05
7.064170584113659970e+03,1.379999798519999952e-05
7.063688454254432145e+03,1.369996183344000064e-05
7.063206324395203410e+03,1.369996183344000064e-05
7.062724194535974675e+03,1.369996183344000064e-05
7.062242064676746850e+03,1.359992568168000006e-05
7.061759934817518115e+03,1.350010652808000025e-05
7.061277804958290290e+03,1.350010652808000025e-05
7.060795675099061555e+03,1.340007037631999967e-05
7.060313545239832820e+03,1.350010652808000025e-05
7.059831415380604994e+03,1.350010652808000025e-05
7.059349285521376260e+03,1.340007037631999967e-05
7.058867155662148434e+03,1.340007037631999967e-05
7.058385025802919699e+03,1.330003422455999909e-05
7.057902895943690964e+03,1.330003422455999909e-05
7.057420766084463139e+03,1.319999807280000020e-05
7.056938636225234404e+03,1.319999807280000020e-05
7.056456506366006579e+03,1.309996192103999963e-05
7.055974376506777844e+03,1.299992576927999905e-05
7.055492246647549109e+03,1.299992576927999905e-05
7.055010116788321284e+03,1.290010661567999924e-05
7.054527986929092549e+03,1.290010661567999924e-05
7.054045857069864724e+03,1.290010661567999924e-05
7.053563727210635989e+03,1.290010661567999924e-05
7.053081597351407254e+03,1.280007046392000035e-05
7.052599467492179429e+03,1.280007046392000035e-05
7.052117337632950694e+03,1.280007046392000035e-05
7.051635207773722868e+03,1.280007046392000035e-05
7.051153077914494133e+03,1.280007046392000035e-05
7.050670948055265399e+03,1.270003431215999977e-05
7.050188818196037573e+03,1.270003431215999977e-05
7.049706688336808838e+03,1.259999816039999919e-05
7.049224558477581013e+03,1.259999816039999919e-05
7.048742428618352278e+03,1.259999816039999919e-05
7.048260298759124453e+03,1.259999816039999919e-05
7.047778168899895718e+03,1.259999816039999919e-05
7.047296039040666983e+03,1.259999816039999919e-05
7.046813909181439158e+03,1.270003431215999977e-05
7.046331779322210423e+03,1.270003431215999977e-05
7.045849649462982597e+03,1.270003431215999977e-05
7.045367519603753863e+03,1.259999816039999919e-05
7.044885389744526037e+03,1.259999816039999919e-05
7.044403259885297302e+03,1.249996200864000031e-05
7.043921130026068568e+03,1.249996200864000031e-05
7.043439000166840742e+03,1.249996200864000031e-05
7.042956870307612007e+03,1.249996200864000031e-05
7.042474740448384182e+03,1.239992585687999973e-05
7.041992610589155447e+03,1.239992585687999973e-05
7.041510480729926712e+03,1.239992585687999973e-05
7.041028350870698887e+03,1.239992585687999973e-05
7.040546221011470152e+03,1.239992585687999973e-05
7.040064091152242327e+03,1.239992585687999973e-05
7.039581961293013592e+03,1.249996200864000031e-05
7.039099831433784857e+03,1.249996200864000031e-05
7.038617701574557032e+03,1.249996200864000031e-05
7.038135571715328297e+03,1.249996200864000031e-05
7.037653441856100471e+03,1.249996200864000031e-05
7.037171311996871736e+03,1.249996200864000031e-05
7.036689182137643002e+03,1.239992585687999973e-05
7.036207052278415176e+03,1.230010670327999992e-05
7.035724922419186441e+03,1.230010670327999992e-05
7.035242792559958616e+03,1.230010670327999992e-05
7.034760662700729881e+03,1.230010670327999992e-05
7.034278532841501146e+03,1.230010670327999992e-05
7.033796402982273321e+03,1.230010670327999992e-05
7.033314273123044586e+03,1.230010670327999992e-05
7.032832143263816761e+03,1.230010670327999992e-05
7.032350013404588026e+03,1.230010670327999992e-05
7.031867883545359291e+03,1.239992585687999973e-05
7.031385753686131466e+03,1.239992585687999973e-05
7.030903623826902731e+03,1.230010670327999992e-05
7.030421493967674905e+03,1.230010670327999992e-05
7.029939364108446171e+03,1.230010670327999992e-05
7.029457234249217436e+03,1.230010670327999992e-05
7.028975104389989610e+03,1.230010670327999992e-05
7.028492974530760875e+03,1.230010670327999992e-05
7.028010844671533050e+03,1.230010670327999992e-05
7.027528714812304315e+03,1.230010670327999992e-05
7.027046584953076490e+03,1.239992585687999973e-05
7.026564455093847755e+03,1.249996200864000031e-05
7.026082325234619020e+03,1.249996200864000031e-05
7.025600195375391195e+03,1.249996200864000031e-05
7.025118065516162460e+03,1.249996200864000031e-05
7.024635935656934635e+03,1.249996200864000031e-05
7.024153805797705900e+03,1.249996200864000031e-05
7.023671675938478074e+03,1.249996200864000031e-05
7.023189546079249340e+03,1.249996200864000031e-05
7.022707416220020605e+03,1.249996200864000031e-05
7.022225286360792779e+03,1.249996200864000031e-05
7.021743156501564044e+03,1.249996200864000031e-05
7.021261026642336219e+03,1.259999816039999919e-05
7.020778896783107484e+03,1.259999816039999919e-05
7.020296766923878749e+03,1.270003431215999977e-05
7.019814637064650924e+03,1.270003431215999977e-05
7.019332507205422189e+03,1.270003431215999977e-05
7.018850377346194364e+03,1.270003431215999977e-05
7.018368247486965629e+03,1.270003431215999977e-05
7.017886117627736894e+03,1.280007046392000035e-05
7.017403987768509069e+03,1.280007046392000035e-05
7.016921857909280334e+03,1.290010661567999924e-05
7.016439728050052508e+03,1.290010661567999924e-05
7.015957598190823774e+03,1.290010661567999924e-05
7.015475468331595039e+03,1.290010661567999924e-05
7.014993338472367213e+03,1.299992576927999905e-05
7.014511208613138479e+03,1.299992576927999905e-05
7.014029078753910653e+03,1.290010661567999924e-05
7.013546948894681918e+03,1.290010661567999924e-05
7.013064819035453183e+03,1.299992576927999905e-05
7.012582689176225358e+03,1.309996192103999963e-05
7.012100559316996623e+03,1.319999807280000020e-05
7.011618429457768798e+03,1.319999807280000020e-05
7.011136299598540063e+03,1.319999807280000020e-05
7.010654169739311328e+03,1.319999807280000020e-05
7.010172039880083503e+03,1.319999807280000020e-05
7.009689910020854768e+03,1.319999807280000020e-05
7.009207780161626943e+03,1.330003422455999909e-05
7.008725650302398208e+03,1.330003422455999909e-05
7.008243520443169473e+03,1.330003422455999909e-05
7.007761390583941647e+03,1.330003422455999909e-05
7.007279260724712913e+03,1.330003422455999909e-05
7.006797130865485087e+03,1.330003422455999909e-05
7.006315001006256352e+03,1.340007037631999967e-05
7.005832871147028527e+03,1.350010652808000025e-05
7.005350741287799792e+03,1.350010652808000025e-05
7.004868611428571057e+03,1.359992568168000006e-05
7.004386481569343232e+03,1.359992568168000006e-05
7.003904351710114497e+03,1.369996183344000064e-05
7.003422221850886672e+03,1.369996183344000064e-05
7.002940091991657937e+03,1.369996183344000064e-05
7.002457962132429202e+03,1.369996183344000064e-05
7.001975832273201377e+03,1.369996183344000064e-05
7.001493702413972642e+03,1.379999798519999952e-05
7.001011572554744816e+03,1.379999798519999952e-05
7.000529442695516082e+03,1.379999798519999952e-05
7.000047312836288256e+03,1.390003413696000010e-05
6.999565182977059521e+03,1.390003413696000010e-05
6.999083053117830787e+03,1.390003413696000010e-05
6.998600923258602961e+03,1.390003413696000010e-05
6.998118793399374226e+03,1.400007028872000068e-05
6.997636663540146401e+03,1.400007028872000068e-05
6.997154533680917666e+03,1.400007028872000068e-05
6.996672403821688931e+03,1.400007028872000068e-05
6.996190273962461106e+03,1.390003413696000010e-05
6.995708144103232371e+03,1.390003413696000010e-05
6.995226014244004546e+03,1.390003413696000010e-05
6.994743884384775811e+03,1.390003413696000010e-05
6.994261754525547076e+03,1.400007028872000068e-05
6.993779624666319251e+03,1.400007028872000068e-05
6.993297494807090516e+03,1.400007028872000068e-05
6.992815364947862690e+03,1.400007028872000068e-05
6.992333235088633955e+03,1.390003413696000010e-05
6.991851105229405221e+03,1.390003413696000010e-05
6.991368975370177395e+03,1.390003413696000010e-05
6.990886845510948660e+03,1.390003413696000010e-05
6.990404715651720835e+03,1.390003413696000010e-05
6.989922585792492100e+03,1.390003413696000010e-05
6.989440455933263365e+03,1.390003413696000010e-05
6.988958326074035540e+03,1.379999798519999952e-05
6.988476196214806805e+03,1.379999798519999952e-05
6.987994066355578980e+03,1.369996183344000064e-05
6.987511936496350245e+03,1.379999798519999952e-05
6.987029806637121510e+03,1.379999798519999952e-05
6.986547676777893685e+03,1.379999798519999952e-05
6.986065546918664950e+03,1.379999798519999952e-05
6.985583417059437124e+03,1.379999798519999952e-05
6.985101287200208390e+03,1.379999798519999952e-05
6.984619157340980564e+03,1.379999798519999952e-05
6.984137027481751829e+03,1.379999798519999952e-05
6.983654897622523094e+03,1.379999798519999952e-05
6.983172767763295269e+03,1.369996183344000064e-05
6.982690637904066534e+03,1.359992568168000006e-05
6.982208508044838709e+03,1.350010652808000025e-05
6.981726378185609974e+03,1.340007037631999967e-05
6.981244248326381239e+03,1.340007037631999967e-05
6.980762118467153414e+03,1.340007037631999967e-05
6.980279988607924679e+03,1.340007037631999967e-05
6.979797858748696854e+03,1.340007037631999967e-05
6.979315728889468119e+03,1.340007037631999967e-05
6.978833599030240293e+03,1.340007037631999967e-05
6.978351469171011559e+03,1.330003422455999909e-05
6.977869339311782824e+03,1.330003422455999909e-05
6.977387209452554998e+03,1.330003422455999909e-05
6.976905079593326263e+03,1.340007037631999967e-05
6.976422949734098438e+03,1.330003422455999909e-05
6.975940819874869703e+03,1.330003422455999909e-05
6.975458690015640968e+03,1.330003422455999909e-05
6.974976560156413143e+03,1.319999807280000020e-05
6.974494430297184408e+03,1.319999807280000020e-05
6.974012300437956583e+03,1.309996192103999963e-05
6.973530170578727848e+03,1.309996192103999963e-05
6.973048040719499113e+03,1.309996192103999963e-05
6.972565910860271288e+03,1.319999807280000020e-05
6.972083781001042553e+03,1.319999807280000020e-05
6.971601651141814727e+03,1.319999807280000020e-05
6.971119521282585993e+03,1.309996192103999963e-05
6.970637391423357258e+03,1.309996192103999963e-05
6.970155261564129432e+03,1.299992576927999905e-05
6.969673131704900698e+03,1.299992576927999905e-05
6.969191001845672872e+03,1.299992576927999905e-05
6.968708871986444137e+03,1.290010661567999924e-05
6.968226742127215402e+03,1.290010661567999924e-05
6.967744612267987577e+03,1.280007046392000035e-05
6.967262482408758842e+03,1.280007046392000035e-05
6.966780352549531017e+03,1.280007046392000035e-05
6.966298222690302282e+03,1.270003431215999977e-05
6.965816092831073547e+03,1.270003431215999977e-05
6.965333962971845722e+03,1.270003431215999977e-05
6.964851833112616987e+03,1.270003431215999977e-05
6.964369703253389162e+03,1.270003431215999977e-05
6.963887573394160427e+03,1.270003431215999977e-05
6.963405443534932601e+03,1.259999816039999919e-05
6.962923313675703866e+03,1.249996200864000031e-05
6.962441183816475132e+03,1.249996200864000031e-05
6.961959053957247306e+03,1.239992585687999973e-05
6.961476924098018571e+03,1.249996200864000031e-05
6.960994794238790746e+03,1.249996200864000031e-05
6.960512664379562011e+03,1.259999816039999919e-05
6.960030534520333276e+03,1.249996200864000031e-05
6.959548404661105451e+03,1.249996200864000031e-05
6.959066274801876716e+03,1.249996200864000031e-05
6.958584144942648891e+03,1.249996200864000031e-05
6.958102015083420156e+03,1.249996200864000031e-05
6.957619885224192330e+03,1.249996200864000031e-05
6.957137755364963596e+03,1.239992585687999973e-05
6.956655625505734861e+03,1.239992585687999973e-05
6.956173495646507035e+03,1.239992585687999973e-05
6.955691365787278301e+03,1.239992585687999973e-05
6.955209235928050475e+03,1.239992585687999973e-05
6.954727106068821740e+03,1.239992585687999973e-05
6.954244976209593005e+03,1.239992585687999973e-05
6.953762846350365180e+03,1.230010670327999992e-05
6.953280716491136445e+03,1.220007055151999934e-05
6.952798586631908620e+03,1.220007055151999934e-05
6.952316456772679885e+03,1.230010670327999992e-05
6.951834326913451150e+03,1.230010670327999992e-05
6.951352197054223325e+03,1.230010670327999992e-05
6.950870067194994590e+03,1.220007055151999934e-05
6.950387937335766765e+03,1.220007055151999934e-05
6.949905807476538030e+03,1.220007055151999934e-05
6.949423677617309295e+03,1.220007055151999934e-05
6.948941547758081470e+03,1.220007055151999934e-05
6.948459417898852735e+03,1.220007055151999934e-05
6.947977288039624909e+03,1.210003439976000046e-05
6.947495158180396174e+03,1.210003439976000046e-05
6.947013028321167440e+03,1.210003439976000046e-05
6.946530898461939614e+03,1.210003439976000046e-05
6.946048768602710879e+03,1.220007055151999934e-05
6.945566638743483054e+03,1.220007055151999934e-05
6.945084508884254319e+03,1.230010670327999992e-05
6.944602379025025584e+03,1.230010670327999992e-05
6.944120249165797759e+03,1.230010670327999992e-05
6.943638119306569024e+03,1.220007055151999934e-05
6.943155989447341199e+03,1.220007055151999934e-05
6.942673859588112464e+03,1.210003439976000046e-05
6.942191729728883729e+03,1.210003439976000046e-05
6.941709599869655904e+03,1.210003439976000046e-05
6.941227470010427169e+03,1.210003439976000046e-05
6.940745340151199343e+03,1.220007055151999934e-05
6.940263210291970609e+03,1.220007055151999934e-05
6.939781080432742783e+03,1.220007055151999934e-05
6.939298950573514048e+03,1.220007055151999934e-05
6.938816820714285313e+03,1.220007055151999934e-05
6.938334690855057488e+03,1.220007055151999934e-05
6.937852560995828753e+03,1.230010670327999992e-05
6.937370431136600928e+03,1.230010670327999992e-05
6.936888301277372193e+03,1.230010670327999992e-05
6.936406171418144368e+03,1.230010670327999992e-05
6.935924041558915633e+03,1.230010670327999992e-05
6.935441911699686898e+03,1.230010670327999992e-05
6.934959781840459073e+03,1.220007055151999934e-05
6.934477651981230338e+03,1.220007055151999934e-05
6.933995522122002512e+03,1.220007055151999934e-05
6.933513392262773777e+03,1.220007055151999934e-05
6.933031262403545043e+03,1.220007055151999934e-05
6.932549132544317217e+03,1.230010670327999992e-05
6.932067002685088482e+03,1.230010670327999992e-05
6.931584872825860657e+03,1.239992585687999973e-05
6.931102742966631922e+03,1.239992585687999973e-05
6.930620613107403187e+03,1.239992585687999973e-05
6.930138483248175362e+03,1.239992585687999973e-05
6.929656353388946627e+03,1.239992585687999973e-05
6.929174223529718802e+03,1.239992585687999973e-05
6.928692093670490067e+03,1.239992585687999973e-05
6.928209963811261332e+03,1.239992585687999973e-05
6.927727833952033507e+03,1.239992585687999973e-05
6.927245704092804772e+03,1.239992585687999973e-05
6.926763574233576946e+03,1.249996200864000031e-05
6.926281444374348212e+03,1.249996200864000031e-05
6.925799314515119477e+03,1.259999816039999919e-05
6.925317184655891651e+03,1.259999816039999919e-05
6.924835054796662916e+03,1.259999816039999919e-05
6.924352924937435091e+03,1.259999816039999919e-05
6.923870795078206356e+03,1.259999816039999919e-05
6.923388665218977621e+03,1.270003431215999977e-05
6.922906535359749796e+03,1.270003431215999977e-05
6.922424405500521061e+03,1.259999816039999919e-05
6.921942275641293236e+03,1.259999816039999919e-05
6.921460145782064501e+03,1.249996200864000031e-05
6.920978015922835766e+03,1.249996200864000031e-05
6.920495886063607941e+03,1.259999816039999919e-05
6.920013756204379206e+03,1.259999816039999919e-05
6.919531626345151381e+03,1.259999816039999919e-05
6.919049496485922646e+03,1.259999816039999919e-05
6.918567366626694820e+03,1.259999816039999919e-05
6.918085236767466085e+03,1.259999816039999919e-05
6.917603106908237351e+03,1.259999816039999919e-05
6.917120977049009525e+03,1.259999816039999919e-05
6.916638847189780790e+03,1.249996200864000031e-05
6.916156717330552965e+03,1.249996200864000031e-05
6.915674587471324230e+03,1.239992585687999973e-05
6.915192457612096405e+03,1.239992585687999973e-05
6.914710327752867670e+03,1.230010670327999992e-05
6.914228197893638935e+03,1.230010670327999992e-05
6.913746068034411110e+03,1.220007055151999934e-05
6.913263938175182375e+03,1.220007055151999934e-05
6.912781808315954549e+03,1.210003439976000046e-05
6.912299678456725815e+03,1.210003439976000046e-05
6.911817548597497080e+03,1.210003439976000046e-05
6.911335418738269254e+03,1.210003439976000046e-05
6.910853288879040520e+03,1.210003439976000046e-05
6.910371159019812694e+03,1.210003439976000046e-05
6.909889029160583959e+03,1.199999824799999988e-05
6.909406899301355224e+03,1.199999824799999988e-05
6.908924769442127399e+03,1.189996209623999930e-05
6.908442639582898664e+03,1.189996209623999930e-05
6.907960509723670839e+03,1.179992594448000042e-05
6.907478379864442104e+03,1.170010679088000060e-05
6.906996250005213369e+03,1.170010679088000060e-05
6.906514120145985544e+03,1.170010679088000060e-05
6.906031990286756809e+03,1.160007063912000002e-05
6.905549860427528984e+03,1.160007063912000002e-05
6.905067730568300249e+03,1.160007063912000002e-05
6.904585600709071514e+03,1.160007063912000002e-05
6.904103470849843688e+03,1.150003448735999945e-05
6.903621340990614954e+03,1.150003448735999945e-05
6.903139211131387128e+03,1.150003448735999945e-05
6.902657081272158393e+03,1.139999833560000056e-05
6.902174951412929659e+03,1.129996218383999998e-05
6.901692821553701833e+03,1.119992603207999940e-05
6.901210691694473098e+03,1.119992603207999940e-05
6.900728561835245273e+03,1.110010687847999959e-05
6.900246431976016538e+03,1.110010687847999959e-05
6.899764302116787803e+03,1.110010687847999959e-05
6.899282172257559978e+03,1.100007072672000071e-05
6.898800042398331243e+03,1.100007072672000071e-05
6.898317912539103418e+03,1.100007072672000071e-05
6.897835782679874683e+03,1.100007072672000071e-05
6.897353652820646857e+03,1.100007072672000071e-05
6.896871522961418123e+03,1.100007072672000071e-05
6.896389393102189388e+03,1.090003457496000013e-05
6.895907263242961562e+03,1.079999842319999955e-05
6.895425133383732827e+03,1.069996227144000067e-05
6.894943003524505002e+03,1.069996227144000067e-05
6.894460873665276267e+03,1.059992611968000009e-05
6.893978743806048442e+03,1.050010696608000028e-05
6.893496613946819707e+03,1.050010696608000028e-05
6.893014484087590972e+03,1.040007081431999970e-05
6.892532354228363147e+03,1.040007081431999970e-05
6.892050224369134412e+03,1.050010696608000028e-05
6.891568094509906587e+03,1.040007081431999970e-05
6.891085964650677852e+03,1.040007081431999970e-05
6.890603834791449117e+03,1.040007081431999970e-05
6.890121704932221292e+03,1.040007081431999970e-05
6.889639575072992557e+03,1.030003466255999912e-05
6.889157445213764731e+03,1.030003466255999912e-05
6.888675315354535996e+03,1.019999851080000024e-05
6.888193185495307262e+03,1.009996235903999966e-05
6.887711055636079436e+03,9.999926207279999078e-06
6.887228925776850701e+03,9.969980461200000151e-06
6.886746795917622876e+03,9.989944291919999436e-06
6.886264666058394141e+03,9.999926207279999078e-06
6.885782536199165406e+03,9.999926207279999078e-06
6.885300406339937581e+03,9.999926207279999078e-06
6.884818276480708846e+03,9.989944291919999436e-06
6.884336146621481021e+03,9.950016630479999172e-06
6.883854016762252286e+03,9.940034715119999530e-06
6.883371886903023551e+03,9.930052799759999887e-06
6.882889757043795726e+03,9.900107053679999266e-06
6.882407627184566991e+03,9.849980478720000288e-06
6.881925497325339165e+03,9.780107071199999402e-06
6.881443367466110431e+03,9.719998580879999088e-06
6.880961237606881696e+03,9.680070919440000518e-06
6.880479107747653870e+03,9.660107088719999539e-06
6.879996977888425135e+03,9.639926259839999489e-06
6.879514848029197310e+03,9.639926259839999489e-06
6.879032718169968575e+03,9.660107088719999539e-06
6.878550588310739840e+03,9.719998580879999088e-06
6.878068458451512015e+03,9.790088986560000739e-06
6.877586328592283280e+03,9.820034732639999666e-06
6.877104198733055455e+03,9.800070901920000381e-06
6.876622068873826720e+03,9.759926242319999352e-06
6.876139939014598895e+03,9.739962411600000067e-06
6.875657809155370160e+03,9.759926242319999352e-06
6.875175679296141425e+03,9.790088986560000739e-06
6.874693549436913599e+03,9.790088986560000739e-06
6.874211419577684865e+03,9.749944326959999709e-06
6.873729289718457039e+03,9.690052834800000161e-06
6.873247159859228304e+03,9.649908175199999131e-06
6.872765030000000479e+03,9.639926259839999489e-06
6.872282900140771744e+03,9.649908175199999131e-06
6.871800770281543009e+03,9.660107088719999539e-06
6.871318640422315184e+03,9.660107088719999539e-06
6.870836510563086449e+03,9.660107088719999539e-06
6.870354380703858624e+03,9.660107088719999539e-06
6.869872250844629889e+03,9.680070919440000518e-06
6.869390120985401154e+03,9.700034750159999803e-06
6.868907991126173329e+03,9.729980496240000424e-06
6.868425861266944594e+03,9.749944326959999709e-06
6.867943731407716768e+03,9.759926242319999352e-06
6.867461601548488034e+03,9.739962411600000067e-06
6.866979471689259299e+03,9.710016665519999445e-06
6.866497341830031473e+03,9.680070919440000518e-06
6.866015211970802739e+03,9.680070919440000518e-06
6.865533082111574913e+03,9.690052834800000161e-06
6.865050952252346178e+03,9.719998580879999088e-06
6.864568822393117443e+03,9.749944326959999709e-06
6.864086692533889618e+03,9.800070901920000381e-06
6.863604562674660883e+03,9.839998563360000645e-06
6.863122432815433058e+03,9.869944309439999573e-06
6.862640302956204323e+03,9.859962394079999930e-06
6.862158173096975588e+03,9.810052817280000024e-06
6.861676043237747763e+03,9.759926242319999352e-06
6.861193913378519028e+03,9.729980496240000424e-06
6.860711783519291203e+03,9.739962411600000067e-06
6.860229653660062468e+03,9.769908157680000688e-06
6.859747523800833733e+03,9.780107071199999402e-06
6.859265393941605907e+03,9.769908157680000688e-06
6.858783264082377173e+03,9.759926242319999352e-06
6.858301134223149347e+03,9.780107071199999402e-06
6.857819004363920612e+03,9.849980478720000288e-06
6.857336874504691878e+03,9.920070884400000245e-06
6.856854744645464052e+03,9.950016630479999172e-06
6.856372614786235317e+03,9.940034715119999530e-06
6.855890484927007492e+03,9.889908140160000552e-06
6.855408355067778757e+03,9.849980478720000288e-06
6.854926225208550932e+03,9.839998563360000645e-06
6.854444095349322197e+03,9.820034732639999666e-06
6.853961965490093462e+03,9.790088986560000739e-06
6.853479835630865637e+03,9.739962411600000067e-06
6.852997705771636902e+03,9.710016665519999445e-06
6.852515575912409076e+03,9.729980496240000424e-06
6.852033446053180342e+03,9.780107071199999402e-06
6.851551316193952516e+03,9.830016647999999309e-06
6.851069186334723781e+03,9.839998563360000645e-06
6.850587056475495046e+03,9.839998563360000645e-06
6.850104926616267221e+03,9.849980478720000288e-06
6.849622796757038486e+03,9.869944309439999573e-06
6.849140666897810661e+03,9.879926224799999215e-06
6.848658537038581926e+03,9.839998563360000645e-06
6.848176407179353191e+03,9.780107071199999402e-06
6.847694277320125366e+03,9.729980496240000424e-06
6.847212147460896631e+03,9.729980496240000424e-06
6.846730017601668806e+03,9.759926242319999352e-06
6.846247887742440071e+03,9.790088986560000739e-06
6.845765757883211336e+03,9.810052817280000024e-06
6.845283628023983511e+03,9.830016647999999309e-06
6.844801498164754776e+03,9.839998563360000645e-06
6.844319368305526950e+03,9.869944309439999573e-06
6.843837238446298215e+03,9.910088969040000602e-06
6.843355108587069481e+03,9.950016630479999172e-06
6.842872978727841655e+03,9.969980461200000151e-06
6.842390848868612920e+03,9.959998545840000508e-06
6.841908719009385095e+03,9.910088969040000602e-06
6.841426589150156360e+03,9.849980478720000288e-06
6.840944459290927625e+03,9.810052817280000024e-06
6.840462329431699800e+03,9.800070901920000381e-06
6.839980199572471065e+03,9.790088986560000739e-06
6.839498069713243240e+03,9.780107071199999402e-06
6.839015939854014505e+03,9.759926242319999352e-06
6.838533809994785770e+03,9.769908157680000688e-06
6.838051680135557945e+03,9.810052817280000024e-06
6.837569550276329210e+03,9.849980478720000288e-06
6.837087420417101384e+03,9.859962394079999930e-06
6.836605290557872650e+03,9.830016647999999309e-06
6.836123160698643915e+03,9.790088986560000739e-06
6.835641030839416089e+03,9.769908157680000688e-06
6.835158900980187354e+03,9.769908157680000688e-06
6.834676771120959529e+03,9.790088986560000739e-06
6.834194641261730794e+03,9.800070901920000381e-06
6.833712511402502969e+03,9.820034732639999666e-06
6.833230381543274234e+03,9.839998563360000645e-06
6.832748251684045499e+03,9.889908140160000552e-06
6.832266121824817674e+03,9.940034715119999530e-06
6.831783991965588939e+03,9.979962376559999793e-06
6.831301862106361114e+03,9.979962376559999793e-06
6.830819732247132379e+03,9.959998545840000508e-06
6.830337602387904553e+03,9.950016630479999172e-06
6.829855472528675818e+03,9.969980461200000151e-06
6.829373342669447084e+03,9.999926207279999078e-06
6.828891212810219258e+03,9.999926207279999078e-06
6.828409082950990523e+03,9.999926207279999078e-06
6.827926953091762698e+03,9.979962376559999793e-06
6.827444823232533963e+03,9.930052799759999887e-06
6.826962693373305228e+03,9.900107053679999266e-06
6.826480563514077403e+03,9.900107053679999266e-06
6.825998433654848668e+03,9.920070884400000245e-06
6.825516303795620843e+03,9.950016630479999172e-06
6.825034173936392108e+03,9.989944291919999436e-06
6.824552044077163373e+03,9.999926207279999078e-06
6.824069914217935548e+03,1.009996235903999966e-05
6.823587784358706813e+03,1.009996235903999966e-05
6.823105654499478987e+03,1.019999851080000024e-05
6.822623524640250253e+03,1.019999851080000024e-05
6.822141394781021518e+03,1.009996235903999966e-05
6.821659264921793692e+03,1.009996235903999966e-05
6.821177135062564957e+03,9.999926207279999078e-06
6.820695005203337132e+03,9.999926207279999078e-06
6.820212875344108397e+03,9.999926207279999078e-06
6.819730745484879662e+03,9.999926207279999078e-06
6.819248615625651837e+03,9.999926207279999078e-06
6.818766485766423102e+03,9.999926207279999078e-06
6.818284355907195277e+03,1.009996235903999966e-05
6.817802226047966542e+03,1.009996235903999966e-05
6.817320096188737807e+03,1.019999851080000024e-05
6.816837966329509982e+03,1.019999851080000024e-05
6.816355836470281247e+03,1.019999851080000024e-05
6.815873706611053422e+03,1.019999851080000024e-05
6.815391576751824687e+03,1.019999851080000024e-05
6.814909446892595952e+03,1.019999851080000024e-05
6.814427317033368126e+03,1.019999851080000024e-05
6.813945187174139392e+03,1.019999851080000024e-05
6.813463057314911566e+03,1.019999851080000024e-05
6.812980927455682831e+03,1.009996235903999966e-05
6.812498797596455006e+03,1.009996235903999966e-05
6.812016667737226271e+03,1.009996235903999966e-05
6.811534537877997536e+03,1.019999851080000024e-05
6.811052408018769711e+03,1.019999851080000024e-05
6.810570278159540976e+03,1.019999851080000024e-05
6.810088148300313151e+03,1.009996235903999966e-05
6.809606018441084416e+03,1.009996235903999966e-05
6.809123888581856590e+03,1.009996235903999966e-05
6.808641758722627856e+03,1.019999851080000024e-05
6.808159628863399121e+03,1.009996235903999966e-05
6.807677499004171295e+03,1.009996235903999966e-05
6.807195369144942561e+03,1.009996235903999966e-05
6.806713239285714735e+03,9.999926207279999078e-06
6.806231109426486000e+03,9.999926207279999078e-06
6.805748979567257265e+03,9.999926207279999078e-06
6.805266849708029440e+03,9.999926207279999078e-06
6.804784719848800705e+03,9.979962376559999793e-06
6.804302589989572880e+03,9.979962376559999793e-06
6.803820460130344145e+03,9.989944291919999436e-06
6.803338330271115410e+03,9.999926207279999078e-06
6.802856200411887585e+03,9.999926207279999078e-06
6.802374070552658850e+03,9.999926207279999078e-06
6.801891940693431025e+03,9.999926207279999078e-06
6.801409810834202290e+03,9.999926207279999078e-06
6.800927680974973555e+03,9.999926207279999078e-06
6.800445551115745729e+03,1.009996235903999966e-05
6.799963421256516995e+03,9.999926207279999078e-06
6.799481291397289169e+03,9.999926207279999078e-06
6.798999161538060434e+03,9.979962376559999793e-06
6.798517031678831700e+03,9.950016630479999172e-06
6.798034901819603874e+03,9.950016630479999172e-06
6.797552771960375139e+03,9.969980461200000151e-06
6.797070642101147314e+03,9.999926207279999078e-06
6.796588512241918579e+03,9.999926207279999078e-06
6.796106382382689844e+03,9.999926207279999078e-06
6.795624252523462019e+03,9.999926207279999078e-06
6.795142122664233284e+03,9.999926207279999078e-06
6.794659992805005459e+03,9.989944291919999436e-06
6.794177862945776724e+03,9.940034715119999530e-06
6.793695733086547989e+03,9.869944309439999573e-06
6.793213603227320164e+03,9.810052817280000024e-06
6.792731473368091429e+03,9.769908157680000688e-06
6.792249343508863603e+03,9.780107071199999402e-06
6.791767213649634868e+03,9.820034732639999666e-06
6.791285083790407043e+03,9.869944309439999573e-06
6.790802953931178308e+03,9.889908140160000552e-06
6.790320824071949573e+03,9.900107053679999266e-06
6.789838694212721748e+03,9.900107053679999266e-06
6.789356564353493013e+03,9.920070884400000245e-06
6.788874434494265188e+03,9.940034715119999530e-06
6.788392304635036453e+03,9.930052799759999887e-06
6.787910174775808628e+03,9.879926224799999215e-06
6.787428044916579893e+03,9.830016647999999309e-06
6.786945915057351158e+03,9.820034732639999666e-06
6.786463785198123333e+03,9.839998563360000645e-06
6.785981655338894598e+03,9.879926224799999215e-06
6.785499525479666772e+03,9.889908140160000552e-06
6.785017395620438037e+03,9.879926224799999215e-06
6.784535265761209303e+03,9.859962394079999930e-06
6.784053135901981477e+03,9.869944309439999573e-06
6.783571006042752742e+03,9.889908140160000552e-06
6.783088876183524917e+03,9.910088969040000602e-06
6.782606746324296182e+03,9.910088969040000602e-06
6.782124616465067447e+03,9.879926224799999215e-06
6.781642486605839622e+03,9.849980478720000288e-06
6.781160356746610887e+03,9.839998563360000645e-06
6.780678226887383062e+03,9.839998563360000645e-06
6.780196097028154327e+03,9.849980478720000288e-06
6.779713967168925592e+03,9.849980478720000288e-06
6.779231837309697767e+03,9.849980478720000288e-06
6.778749707450469032e+03,9.849980478720000288e-06
6.778267577591241206e+03,9.859962394079999930e-06
6.777785447732012472e+03,9.889908140160000552e-06
6.777303317872783737e+03,9.910088969040000602e-06
6.776821188013555911e+03,9.889908140160000552e-06
6.776339058154327176e+03,9.830016647999999309e-06
6.775856928295099351e+03,9.780107071199999402e-06
6.775374798435870616e+03,9.759926242319999352e-06
6.774892668576641881e+03,9.769908157680000688e-06
6.774410538717414056e+03,9.780107071199999402e-06
6.773928408858185321e+03,9.759926242319999352e-06
6.773446278998957496e+03,9.729980496240000424e-06
6.772964149139728761e+03,9.719998580879999088e-06
6.772482019280500026e+03,9.729980496240000424e-06
6.771999889421272201e+03,9.749944326959999709e-06
6.771517759562043466e+03,9.769908157680000688e-06
6.771035629702815640e+03,9.769908157680000688e-06
6.770553499843586906e+03,9.780107071199999402e-06
6.770071369984358171e+03,9.800070901920000381e-06
6.769589240125130345e+03,9.830016647999999309e-06
6.769107110265902520e+03,9.859962394079999930e-06
6.768624980406673785e+03,9.869944309439999573e-06
6.768142850547445050e+03,9.839998563360000645e-06
6.767660720688216315e+03,9.800070901920000381e-06
6.767178590828988490e+03,9.759926242319999352e-06
6.766696460969760665e+03,9.749944326959999709e-06
6.766214331110531930e+03,9.790088986560000739e-06
6.765732201251303195e+03,9.839998563360000645e-06
6.765250071392075370e+03,9.889908140160000552e-06
6.764767941532846635e+03,9.930052799759999887e-06
6.764285811673618809e+03,9.959998545840000508e-06
6.763803681814390075e+03,9.979962376559999793e-06
6.763321551955161340e+03,9.989944291919999436e-06
6.762839422095933514e+03,9.989944291919999436e-06
6.762357292236704779e+03,9.989944291919999436e-06
6.761875162377476954e+03,9.999926207279999078e-06
6.761393032518248219e+03,9.999926207279999078e-06
6.760910902659019484e+03,1.009996235903999966e-05
6.760428772799791659e+03,1.009996235903999966e-05
6.759946642940562924e+03,9.999926207279999078e-06
6.759464513081335099e+03,9.979962376559999793e-06
6.758982383222106364e+03,9.920070884400000245e-06
6.758500253362877629e+03,9.910088969040000602e-06
6.758018123503649804e+03,9.950016630479999172e-06
6.757535993644421069e+03,9.999926207279999078e-06
6.757053863785193244e+03,1.009996235903999966e-05
6.756571733925964509e+03,1.009996235903999966e-05
6.756089604066735774e+03,1.009996235903999966e-05
6.755607474207507948e+03,1.009996235903999966e-05
6.755125344348279214e+03,1.009996235903999966e-05
6.754643214489051388e+03,1.009996235903999966e-05
6.754161084629822653e+03,1.009996235903999966e-05
6.753678954770593919e+03,1.009996235903999966e-05
6.753196824911366093e+03,1.009996235903999966e-05
6.752714695052137358e+03,1.019999851080000024e-05
6.752232565192909533e+03,1.019999851080000024e-05
6.751750435333680798e+03,1.019999851080000024e-05
6.751268305474452063e+03,1.019999851080000024e-05
6.750786175615224238e+03,1.019999851080000024e-05
6.750304045755995503e+03,1.009996235903999966e-05
6.749821915896767678e+03,1.009996235903999966e-05
6.749339786037538943e+03,1.019999851080000024e-05
6.748857656178310208e+03,1.019999851080000024e-05
6.748375526319082383e+03,1.019999851080000024e-05
6.747893396459854557e+03,1.019999851080000024e-05
6.747411266600625822e+03,1.019999851080000024e-05
6.746929136741397087e+03,1.019999851080000024e-05
6.746447006882168353e+03,1.009996235903999966e-05
6.745964877022940527e+03,1.009996235903999966e-05
6.745482747163712702e+03,1.009996235903999966e-05
6.745000617304483967e+03,9.999926207279999078e-06
6.744518487445255232e+03,9.999926207279999078e-06
6.744036357586027407e+03,9.979962376559999793e-06
6.743554227726798672e+03,9.979962376559999793e-06
6.743072097867570847e+03,9.989944291919999436e-06
6.742589968008342112e+03,9.989944291919999436e-06
6.742107838149113377e+03,9.979962376559999793e-06
6.741625708289885551e+03,9.969980461200000151e-06
6.741143578430656817e+03,9.979962376559999793e-06
6.740661448571428991e+03,9.979962376559999793e-06
6.740179318712200256e+03,9.959998545840000508e-06
6.739697188852971522e+03,9.940034715119999530e-06
6.739215058993743696e+03,9.910088969040000602e-06
6.738732929134514961e+03,9.910088969040000602e-06
6.738250799275287136e+03,9.930052799759999887e-06
6.737768669416058401e+03,9.959998545840000508e-06
6.737286539556829666e+03,9.979962376559999793e-06
6.736804409697601841e+03,9.969980461200000151e-06
6.736322279838373106e+03,9.930052799759999887e-06
6.735840149979145281e+03,9.900107053679999266e-06
6.735358020119916546e+03,9.889908140160000552e-06
6.734875890260687811e+03,9.889908140160000552e-06
6.734393760401459986e+03,9.869944309439999573e-06
6.733911630542231251e+03,9.820034732639999666e-06
6.733429500683003425e+03,9.759926242319999352e-06
6.732947370823774691e+03,9.700034750159999803e-06
6.732465240964545956e+03,9.690052834800000161e-06
6.731983111105318130e+03,9.710016665519999445e-06
6.731500981246089395e+03,9.749944326959999709e-06
6.731018851386861570e+03,9.769908157680000688e-06
6.730536721527632835e+03,9.790088986560000739e-06
6.730054591668404100e+03,9.800070901920000381e-06
6.729572461809176275e+03,9.800070901920000381e-06
6.729090331949947540e+03,9.790088986560000739e-06
6.728608202090719715e+03,9.759926242319999352e-06
6.728126072231490980e+03,9.700034750159999803e-06
6.727643942372262245e+03,9.609980513760000561e-06
6.727161812513034420e+03,9.540107106239999676e-06
6.726679682653806594e+03,9.499962446640000340e-06
6.726197552794577859e+03,9.489980531280000698e-06
6.725715422935349125e+03,9.489980531280000698e-06
6.725233293076120390e+03,9.470016700559999719e-06
6.724751163216892564e+03,9.440070954479999098e-06
6.724269033357664739e+03,9.440070954479999098e-06
6.723786903498436004e+03,9.470016700559999719e-06
6.723304773639207269e+03,9.509944361999999983e-06
6.722822643779979444e+03,9.529908192719999268e-06
6.722340513920750709e+03,9.519926277359999625e-06
6.721858384061522884e+03,9.470016700559999719e-06
6.721376254202294149e+03,9.420107123759999813e-06
6.720894124343065414e+03,9.379962464160000477e-06
6.720411994483837589e+03,9.350016718079999856e-06
6.719929864624608854e+03,9.330052887360000571e-06
6.719447734765381028e+03,9.320070971999999234e-06
6.718965604906152294e+03,9.310089056639999592e-06
6.718483475046923559e+03,9.279926312399999899e-06
6.718001345187695733e+03,9.249980566319999277e-06
6.717519215328466998e+03,9.230016735599999992e-06
6.717037085469239173e+03,9.220034820240000350e-06
6.716554955610010438e+03,9.210052904880000708e-06
6.716072825750781703e+03,9.200070989519999371e-06
6.715590695891553878e+03,9.200070989519999371e-06
6.715108566032325143e+03,9.230016735599999992e-06
6.714626436173097318e+03,9.249980566319999277e-06
6.714144306313868583e+03,9.249980566319999277e-06
6.713662176454639848e+03,9.200070989519999371e-06
6.713180046595412023e+03,9.129980583839999414e-06
6.712697916736183288e+03,9.080071007039999508e-06
6.712215786876955463e+03,9.049908262799999815e-06
6.711733657017726728e+03,9.009980601359999551e-06
6.711251527158497993e+03,8.960071024559999644e-06
6.710769397299270167e+03,8.919926364960000309e-06
6.710287267440041433e+03,8.929908280319999952e-06
6.709805137580813607e+03,8.980034855280000623e-06
6.709323007721584872e+03,9.029944432080000530e-06
6.708840877862356137e+03,9.060107176320000223e-06
6.708358748003128312e+03,9.039926347440000172e-06
6.707876618143899577e+03,8.990016770640000266e-06
6.707394488284671752e+03,8.950089109200000002e-06
6.706912358425443017e+03,8.919926364960000309e-06
6.706430228566214282e+03,8.889980618879999688e-06
6.705948098706986457e+03,8.850052957439999424e-06
6.705465968847758631e+03,8.809908297840000088e-06
6.704983838988529897e+03,8.779962551759999467e-06
6.704501709129301162e+03,8.769980636399999824e-06
6.704019579270072427e+03,8.779962551759999467e-06
6.703537449410844602e+03,8.820107211360000496e-06
6.703055319551616776e+03,8.860034872800000760e-06
6.702573189692388041e+03,8.870016788160000403e-06
6.702091059833159306e+03,8.830089126720000139e-06
6.701608929973931481e+03,8.769980636399999824e-06
6.701126800114702746e+03,8.720071059599999918e-06
6.700644670255474921e+03,8.700107228880000633e-06
6.700162540396246186e+03,8.689908315360000225e-06
6.699680410537017451e+03,8.659962569279999604e-06
6.699198280677789626e+03,8.630016823200000676e-06
6.698716150818560891e+03,8.610052992479999697e-06
6.698234020959333066e+03,8.620034907839999340e-06
6.697751891100104331e+03,8.639998738560000319e-06
6.697269761240875596e+03,8.659962569279999604e-06
6.696787631381647770e+03,8.659962569279999604e-06
6.696305501522419036e+03,8.649980653919999961e-06
6.695823371663191210e+03,8.649980653919999961e-06
6.695341241803962475e+03,8.649980653919999961e-06
6.694859111944733741e+03,8.659962569279999604e-06
6.694376982085505915e+03,8.669944484639999246e-06
6.693894852226277180e+03,8.639998738560000319e-06
6.693412722367049355e+03,8.580107246399999076e-06
6.692930592507820620e+03,8.519998756080000455e-06
6.692448462648591885e+03,8.500034925359999476e-06
6.691966332789364060e+03,8.510016840719999119e-06
6.691484202930135325e+03,8.529980671440000098e-06
6.691002073070907500e+03,8.529980671440000098e-06
6.690519943211678765e+03,8.519998756080000455e-06
6.690037813352450030e+03,8.519998756080000455e-06
6.689555683493222205e+03,8.529980671440000098e-06
6.689073553633993470e+03,8.569908332880000362e-06
6.688591423774765644e+03,8.580107246399999076e-06
6.688109293915536909e+03,8.569908332880000362e-06
6.687627164056308175e+03,8.539962586799999740e-06
6.687145034197080349e+03,8.510016840719999119e-06
6.686662904337851614e+03,8.500034925359999476e-06
6.686180774478623789e+03,8.470089179280000549e-06
6.685698644619395054e+03,8.439926435039999162e-06
6.685216514760166319e+03,8.390016858239999256e-06
6.684734384900938494e+03,8.370053027519999971e-06
6.684252255041709759e+03,8.380034942879999613e-06
6.683770125182481934e+03,8.409980688960000235e-06
6.683287995323253199e+03,8.439926435039999162e-06
6.682805865464024464e+03,8.460107263919999213e-06
6.682323735604796639e+03,8.460107263919999213e-06
6.681841605745568813e+03,8.449908350400000499e-06
6.681359475886340078e+03,8.429944519679999520e-06
6.680877346027111344e+03,8.419962604319999877e-06
6.680395216167883518e+03,8.390016858239999256e-06
6.679913086308654783e+03,8.360071112160000328e-06
6.679430956449426958e+03,8.319926452559999299e-06
6.678948826590198223e+03,8.309944537199999656e-06
6.678466696730969488e+03,8.309944537199999656e-06
6.677984566871741663e+03,8.340107281439999349e-06
6.677502437012512928e+03,8.340107281439999349e-06
6.677020307153285103e+03,8.319926452559999299e-06
6.676538177294056368e+03,8.270016875759999392e-06
6.676056047434827633e+03,8.230089214319999128e-06
6.675573917575599808e+03,8.220107298959999486e-06
6.675091787716371073e+03,8.220107298959999486e-06
6.674609657857143247e+03,8.230089214319999128e-06
6.674127527997914513e+03,8.209908385439999078e-06
6.673645398138685778e+03,8.179962639360000151e-06
6.673163268279457952e+03,8.130053062560000244e-06
6.672681138420229217e+03,8.089908402959999215e-06
6.672199008561001392e+03,8.069944572239999930e-06
6.671716878701772657e+03,8.079926487599999572e-06
6.671234748842543922e+03,8.089908402959999215e-06
6.670752618983316097e+03,8.100107316479999623e-06
6.670270489124087362e+03,8.120071147200000602e-06
6.669788359264859537e+03,8.150016893279999529e-06
6.669306229405630802e+03,8.169980724000000508e-06
6.668824099546402067e+03,8.179962639360000151e-06
6.668341969687174242e+03,8.140034977919999887e-06
6.667859839827945507e+03,8.079926487599999572e-06
6.667377709968717681e+03,8.010053080080000381e-06
6.666895580109488947e+03,7.969908420479999351e-06
6.666413450250260212e+03,7.969908420479999351e-06
6.665931320391032386e+03,7.980107333999999759e-06
6.665449190531803652e+03,7.969908420479999351e-06
6.664967060672575826e+03,7.949944589760000067e-06
6.664484930813347091e+03,7.919998843679999445e-06
6.664002800954118356e+03,7.910016928319999803e-06
6.663520671094890531e+03,7.919998843679999445e-06
6.663038541235661796e+03,7.949944589760000067e-06
6.662556411376433971e+03,7.980107333999999759e-06
6.662074281517205236e+03,8.000071164720000738e-06
6.661592151657976501e+03,8.010053080080000381e-06
6.661110021798748676e+03,8.010053080080000381e-06
6.660627891939520850e+03,8.000071164720000738e-06
6.660145762080292116e+03,7.969908420479999351e-06
6.659663632221063381e+03,7.929980759039999088e-06
6.659181502361835555e+03,7.890053097600000518e-06
6.658699372502606820e+03,7.860107351519999896e-06
6.658217242643378995e+03,7.839926522639999846e-06
6.657735112784150260e+03,7.829944607280000203e-06
6.657252982924921525e+03,7.829944607280000203e-06
6.656770853065693700e+03,7.819962691920000561e-06
6.656288723206464965e+03,7.819962691920000561e-06
6.655806593347237140e+03,7.829944607280000203e-06
6.655324463488008405e+03,7.860107351519999896e-06
6.654842333628779670e+03,7.880071182239999181e-06
6.654360203769551845e+03,7.870089266879999539e-06
6.653878073910323110e+03,7.849908437999999488e-06
6.653395944051095285e+03,7.809980776559999224e-06
6.652913814191866550e+03,7.770053115120000654e-06
6.652431684332637815e+03,7.750089284399999675e-06
6.651949554473409989e+03,7.729908455519999625e-06
6.651467424614181255e+03,7.709944624800000340e-06
6.650985294754953429e+03,7.699962709440000698e-06
6.650503164895724694e+03,7.699962709440000698e-06
6.650021035036495960e+03,7.709944624800000340e-06
6.649538905177268134e+03,7.719926540159999982e-06
6.649056775318039399e+03,7.719926540159999982e-06
6.648574645458811574e+03,7.719926540159999982e-06
6.648092515599582839e+03,7.709944624800000340e-06
6.647610385740354104e+03,7.689980794079999361e-06
6.647128255881126279e+03,7.679998878719999719e-06
6.646646126021897544e+03,7.679998878719999719e-06
6.646163996162669719e+03,7.689980794079999361e-06
6.645681866303440984e+03,7.689980794079999361e-06
6.645199736444212249e+03,7.660035048000000434e-06
6.644717606584984424e+03,7.630089301919999812e-06
6.644235476725755689e+03,7.620107386560000170e-06
6.643753346866527863e+03,7.640071217279999455e-06
6.643271217007299128e+03,7.670016963360000076e-06
6.642789087148070394e+03,7.679998878719999719e-06
6.642306957288842568e+03,7.679998878719999719e-06
6.641824827429613833e+03,7.689980794079999361e-06
6.641342697570386008e+03,7.719926540159999982e-06
6.640860567711157273e+03,7.760071199759999318e-06
6.640378437851928538e+03,7.780035030480000297e-06
6.639896307992700713e+03,7.770053115120000654e-06
6.639414178133472888e+03,7.740107369040000033e-06
6.638932048274244153e+03,7.689980794079999361e-06
6.638449918415015418e+03,7.660035048000000434e-06
6.637967788555787592e+03,7.650053132639999097e-06
6.637485658696558858e+03,7.670016963360000076e-06
6.637003528837331032e+03,7.699962709440000698e-06
6.636521398978102297e+03,7.709944624800000340e-06
6.636039269118873563e+03,7.709944624800000340e-06
6.635557139259645737e+03,7.729908455519999625e-06
6.635075009400417002e+03,7.750089284399999675e-06
6.634592879541189177e+03,7.760071199759999318e-06
6.634110749681960442e+03,7.729908455519999625e-06
6.633628619822731707e+03,7.670016963360000076e-06
6.633146489963503882e+03,7.630089301919999812e-06
6.632664360104275147e+03,7.630089301919999812e-06
6.632182230245047322e+03,7.640071217279999455e-06
6.631700100385818587e+03,7.640071217279999455e-06
6.631217970526589852e+03,7.620107386560000170e-06
6.630735840667362027e+03,7.599926557680000119e-06
6.630253710808133292e+03,7.609908473039999762e-06
6.629771580948905466e+03,7.640071217279999455e-06
6.629289451089676731e+03,7.679998878719999719e-06
6.628807321230447997e+03,7.679998878719999719e-06
6.628325191371220171e+03,7.650053132639999097e-06
6.627843061511991436e+03,7.620107386560000170e-06
6.627360931652763611e+03,7.620107386560000170e-06
6.626878801793534876e+03,7.660035048000000434e-06
6.626396671934306141e+03,7.699962709440000698e-06
6.625914542075078316e+03,7.699962709440000698e-06
6.625432412215849581e+03,7.660035048000000434e-06
6.624950282356621756e+03,7.599926557680000119e-06
6.624468152497393021e+03,7.559998896239999855e-06
6.623986022638164286e+03,7.589944642319999630e-06
6.623503892778936461e+03,7.660035048000000434e-06
6.623021762919707726e+03,7.719926540159999982e-06
6.622539633060479900e+03,7.719926540159999982e-06
6.622057503201251166e+03,7.679998878719999719e-06
6.621575373342022431e+03,7.640071217279999455e-06
6.621093243482794605e+03,7.630089301919999812e-06
6.620611113623565871e+03,7.630089301919999812e-06
6.620128983764338045e+03,7.630089301919999812e-06
6.619646853905109310e+03,7.589944642319999630e-06
6.619164724045880575e+03,7.540035065519999723e-06
6.618682594186652750e+03,7.500107404080000306e-06
6.618200464327424925e+03,7.489908490559999898e-06
6.617718334468196190e+03,7.489908490559999898e-06
6.617236204608967455e+03,7.469944659839999766e-06
6.616754074749739630e+03,7.439998913759999992e-06
6.616271944890510895e+03,7.410053167680000218e-06
6.615789815031283069e+03,7.410053167680000218e-06
6.615307685172054335e+03,7.430016998400000350e-06
6.614825555312825600e+03,7.469944659839999766e-06
6.614343425453597774e+03,7.489908490559999898e-06
6.613861295594369039e+03,7.469944659839999766e-06
6.613379165735141214e+03,7.430016998400000350e-06
6.612897035875912479e+03,7.380107421599999596e-06
6.612414906016683744e+03,7.349944677359999903e-06
6.611932776157455919e+03,7.329980846639999771e-06
6.611450646298227184e+03,7.329980846639999771e-06
6.610968516438999359e+03,7.319998931280000129e-06
6.610486386579770624e+03,7.290053185199999507e-06
6.610004256720541889e+03,7.280071269839999865e-06
6.609522126861314064e+03,7.290053185199999507e-06
6.609039997002085329e+03,7.329980846639999771e-06
6.608557867142857503e+03,7.359926592719999546e-06
6.608075737283628769e+03,7.359926592719999546e-06
6.607593607424400034e+03,7.329980846639999771e-06
6.607111477565172208e+03,7.319998931280000129e-06
6.606629347705943474e+03,7.329980846639999771e-06
6.606147217846715648e+03,7.349944677359999903e-06
6.605665087987486913e+03,7.329980846639999771e-06
6.605182958128258178e+03,7.280071269839999865e-06
6.604700828269030353e+03,7.209980864159999908e-06
6.604218698409801618e+03,7.170053202719999644e-06
6.603736568550573793e+03,7.170053202719999644e-06
6.603254438691345058e+03,7.219962779519999550e-06
6.602772308832116323e+03,7.260107439119999733e-06
6.602290178972888498e+03,7.280071269839999865e-06
6.601808049113659763e+03,7.280071269839999865e-06
6.601325919254431938e+03,7.290053185199999507e-06
6.600843789395203203e+03,7.300035100559999997e-06
6.600361659535974468e+03,7.310017015919999639e-06
6.599879529676746643e+03,7.300035100559999997e-06
6.599397399817517908e+03,7.239926610239999682e-06
6.598915269958290082e+03,7.180035118080000134e-06
6.598433140099061347e+03,7.150089371999999512e-06
6.597951010239832613e+03,7.150089371999999512e-06
6.597468880380604787e+03,7.180035118080000134e-06
6.596986750521376962e+03,7.190017033439999776e-06
6.596504620662148227e+03,7.190017033439999776e-06
6.596022490802919492e+03,7.180035118080000134e-06
6.595540360943691667e+03,7.180035118080000134e-06
6.595058231084462932e+03,7.199998948800000266e-06
6.594576101225235107e+03,7.209980864159999908e-06
6.594093971366006372e+03,7.199998948800000266e-06
6.593611841506777637e+03,7.170053202719999644e-06
6.593129711647549811e+03,7.150089371999999512e-06
6.592647581788321077e+03,7.140107456639999870e-06
6.592165451929093251e+03,7.129908543120000309e-06
6.591683322069864516e+03,7.119926627759999819e-06
6.591201192210635782e+03,7.109944712400000177e-06
6.590719062351407956e+03,7.089980881680000045e-06
6.590236932492179221e+03,7.070017050959999913e-06
6.589754802632951396e+03,7.070017050959999913e-06
6.589272672773722661e+03,7.099962797039999687e-06
6.588790542914493926e+03,7.129908543120000309e-06
6.588308413055266101e+03,7.150089371999999512e-06
6.587826283196037366e+03,7.150089371999999512e-06
6.587344153336809541e+03,7.129908543120000309e-06
6.586862023477580806e+03,7.129908543120000309e-06
6.586379893618352071e+03,7.150089371999999512e-06
6.585897763759124246e+03,7.170053202719999644e-06
6.585415633899895511e+03,7.170053202719999644e-06
6.584933504040667685e+03,7.140107456639999870e-06
6.584451374181438950e+03,7.099962797039999687e-06
6.583969244322210216e+03,7.070017050959999913e-06
6.583487114462982390e+03,7.060035135600000270e-06
6.583004984603753655e+03,7.050053220239999781e-06
6.582522854744525830e+03,7.040071304880000138e-06
6.582040724885297095e+03,7.009908560639999598e-06
6.581558595026068360e+03,6.999926645279999956e-06
6.581076465166840535e+03,6.999926645279999956e-06
6.580594335307611800e+03,7.030089389519999649e-06
6.580112205448383975e+03,7.060035135600000270e-06
6.579630075589155240e+03,7.070017050959999913e-06
6.579147945729926505e+03,7.040071304880000138e-06
6.578665815870698680e+03,6.999926645279999956e-06
6.578183686011469945e+03,6.979962814559999824e-06
6.577701556152242119e+03,6.989944729920000313e-06
6.577219426293013385e+03,7.009908560639999598e-06
6.576737296433784650e+03,7.009908560639999598e-06
6.576255166574556824e+03,6.999926645279999956e-06
6.575773036715328999e+03,6.989944729920000313e-06
6.575290906856100264e+03,7.020107474160000006e-06
6.574808776996871529e+03,7.070017050959999913e-06
6.574326647137642794e+03,7.109944712400000177e-06
6.573844517278414969e+03,7.119926627759999819e-06
6.573362387419187144e+03,7.089980881680000045e-06
6.572880257559958409e+03,7.050053220239999781e-06
6.572398127700729674e+03,7.020107474160000006e-06
6.571915997841501849e+03,6.999926645279999956e-06
6.571433867982273114e+03,6.999926645279999956e-06
6.570951738123045288e+03,6.989944729920000313e-06
6.570469608263816554e+03,6.999926645279999956e-06
6.569987478404587819e+03,7.020107474160000006e-06
6.569505348545359993e+03,7.060035135600000270e-06
6.569023218686131258e+03,7.109944712400000177e-06
6.568541088826903433e+03,7.140107456639999870e-06
6.568058958967674698e+03,7.129908543120000309e-06
6.567576829108445963e+03,7.079998966319999555e-06
6.567094699249218138e+03,7.030089389519999649e-06
6.566612569389989403e+03,7.020107474160000006e-06
6.566130439530761578e+03,7.030089389519999649e-06
6.565648309671532843e+03,7.050053220239999781e-06
6.565166179812304108e+03,7.040071304880000138e-06
6.564684049953076283e+03,7.020107474160000006e-06
6.564201920093847548e+03,7.009908560639999598e-06
6.563719790234619722e+03,7.030089389519999649e-06
6.563237660375390988e+03,7.060035135600000270e-06
6.562755530516162253e+03,7.079998966319999555e-06
6.562273400656934427e+03,7.079998966319999555e-06
6.561791270797705693e+03,7.070017050959999913e-06
6.561309140938477867e+03,7.070017050959999913e-06
6.560827011079249132e+03,7.089980881680000045e-06
6.560344881220020397e+03,7.109944712400000177e-06
6.559862751360792572e+03,7.119926627759999819e-06
6.559380621501563837e+03,7.119926627759999819e-06
6.558898491642336012e+03,7.099962797039999687e-06
6.558416361783107277e+03,7.079998966319999555e-06
6.557934231923878542e+03,7.079998966319999555e-06
6.557452102064650717e+03,7.079998966319999555e-06
6.556969972205421982e+03,7.089980881680000045e-06
6.556487842346194157e+03,7.089980881680000045e-06
6.556005712486965422e+03,7.089980881680000045e-06
6.555523582627736687e+03,7.119926627759999819e-06
6.555041452768508861e+03,7.190017033439999776e-06
6.554559322909281036e+03,7.249908525600000172e-06
6.554077193050052301e+03,7.280071269839999865e-06
6.553595063190823566e+03,7.260107439119999733e-06
6.553112933331594832e+03,7.199998948800000266e-06
6.552630803472367006e+03,7.160071287360000002e-06
6.552148673613139181e+03,7.140107456639999870e-06
6.551666543753910446e+03,7.140107456639999870e-06
6.551184413894681711e+03,7.150089371999999512e-06
6.550702284035453886e+03,7.150089371999999512e-06
6.550220154176225151e+03,7.160071287360000002e-06
6.549738024316997326e+03,7.180035118080000134e-06
6.549255894457768591e+03,7.219962779519999550e-06
6.548773764598539856e+03,7.239926610239999682e-06
6.548291634739312030e+03,7.249908525600000172e-06
6.547809504880083296e+03,7.219962779519999550e-06
6.547327375020855470e+03,7.190017033439999776e-06
6.546845245161626735e+03,7.180035118080000134e-06
6.546363115302398000e+03,7.199998948800000266e-06
6.545880985443170175e+03,7.239926610239999682e-06
6.545398855583941440e+03,7.239926610239999682e-06
6.544916725724713615e+03,7.209980864159999908e-06
6.544434595865484880e+03,7.160071287360000002e-06
6.543952466006256145e+03,7.140107456639999870e-06
6.543470336147028320e+03,7.150089371999999512e-06
6.542988206287799585e+03,7.190017033439999776e-06
6.542506076428571760e+03,7.219962779519999550e-06
6.542023946569343025e+03,7.229944694880000040e-06
6.541541816710114290e+03,7.219962779519999550e-06
6.541059686850886465e+03,7.219962779519999550e-06
6.540577556991657730e+03,7.239926610239999682e-06
6.540095427132429904e+03,7.249908525600000172e-06
6.539613297273201169e+03,7.239926610239999682e-06
6.539131167413972435e+03,7.209980864159999908e-06
6.538649037554744609e+03,7.180035118080000134e-06
6.538166907695515874e+03,7.170053202719999644e-06
6.537684777836288049e+03,7.180035118080000134e-06
6.537202647977059314e+03,7.199998948800000266e-06
6.536720518117830579e+03,7.209980864159999908e-06
6.536238388258602754e+03,7.190017033439999776e-06
6.535756258399374019e+03,7.160071287360000002e-06
6.535274128540146194e+03,7.140107456639999870e-06
6.534791998680917459e+03,7.160071287360000002e-06
6.534309868821688724e+03,7.190017033439999776e-06
6.533827738962460899e+03,7.199998948800000266e-06
6.533345609103233073e+03,7.190017033439999776e-06
6.532863479244004338e+03,7.180035118080000134e-06
6.532381349384775604e+03,7.180035118080000134e-06
6.531899219525546869e+03,7.190017033439999776e-06
6.531417089666319043e+03,7.170053202719999644e-06
6.530934959807091218e+03,7.109944712400000177e-06
6.530452829947862483e+03,7.040071304880000138e-06
6.529970700088633748e+03,7.020107474160000006e-06
6.529488570229405923e+03,7.040071304880000138e-06
6.529006440370177188e+03,7.109944712400000177e-06
6.528524310510949363e+03,7.160071287360000002e-06
6.528042180651720628e+03,7.190017033439999776e-06
6.527560050792491893e+03,7.209980864159999908e-06
6.527077920933264068e+03,7.239926610239999682e-06
6.526595791074035333e+03,7.290053185199999507e-06
6.526113661214807507e+03,7.310017015919999639e-06
6.525631531355578772e+03,7.300035100559999997e-06
6.525149401496350038e+03,7.239926610239999682e-06
6.524667271637122212e+03,7.180035118080000134e-06
6.524185141777893477e+03,7.140107456639999870e-06
6.523703011918665652e+03,7.140107456639999870e-06
6.523220882059436917e+03,7.150089371999999512e-06
6.522738752200208182e+03,7.160071287360000002e-06
6.522256622340980357e+03,7.150089371999999512e-06
6.521774492481751622e+03,7.119926627759999819e-06
6.521292362622523797e+03,7.109944712400000177e-06
6.520810232763295062e+03,7.140107456639999870e-06
6.520328102904066327e+03,7.199998948800000266e-06
6.519845973044838502e+03,7.239926610239999682e-06
6.519363843185609767e+03,7.239926610239999682e-06
6.518881713326381941e+03,7.199998948800000266e-06
6.518399583467153207e+03,7.140107456639999870e-06
6.517917453607924472e+03,7.099962797039999687e-06
6.517435323748696646e+03,7.079998966319999555e-06
6.516953193889467912e+03,7.070017050959999913e-06
6.516471064030240086e+03,7.050053220239999781e-06
6.515988934171011351e+03,7.050053220239999781e-06
6.515506804311782616e+03,7.079998966319999555e-06
6.515024674452554791e+03,7.140107456639999870e-06
6.514542544593326056e+03,7.199998948800000266e-06
6.514060414734098231e+03,7.229944694880000040e-06
6.513578284874869496e+03,7.209980864159999908e-06
6.513096155015640761e+03,7.190017033439999776e-06
6.512614025156412936e+03,7.190017033439999776e-06
6.512131895297185110e+03,7.209980864159999908e-06
6.511649765437956376e+03,7.229944694880000040e-06
6.511167635578727641e+03,7.190017033439999776e-06
6.510685505719498906e+03,7.119926627759999819e-06
6.510203375860271080e+03,7.050053220239999781e-06
6.509721246001043255e+03,7.020107474160000006e-06
6.509239116141814520e+03,7.050053220239999781e-06
6.508756986282585785e+03,7.109944712400000177e-06
6.508274856423357960e+03,7.170053202719999644e-06
6.507792726564129225e+03,7.199998948800000266e-06
6.507310596704901400e+03,7.209980864159999908e-06
6.506828466845672665e+03,7.209980864159999908e-06
6.506346336986443930e+03,7.209980864159999908e-06
6.505864207127216105e+03,7.199998948800000266e-06
6.505382077267987370e+03,7.170053202719999644e-06
6.504899947408759544e+03,7.119926627759999819e-06
6.504417817549530810e+03,7.070017050959999913e-06
6.503935687690302075e+03,7.040071304880000138e-06
6.503453557831074249e+03,7.050053220239999781e-06
6.502971427971845515e+03,7.079998966319999555e-06
6.502489298112617689e+03,7.109944712400000177e-06
6.502007168253388954e+03,7.129908543120000309e-06
6.501525038394160219e+03,7.150089371999999512e-06
6.501042908534932394e+03,7.170053202719999644e-06
6.500560778675703659e+03,7.219962779519999550e-06
6.500078648816475834e+03,7.260107439119999733e-06
6.499596518957247099e+03,7.290053185199999507e-06
6.499114389098018364e+03,7.280071269839999865e-06
6.498632259238790539e+03,7.239926610239999682e-06
6.498150129379561804e+03,7.199998948800000266e-06
6.497667999520333979e+03,7.170053202719999644e-06
6.497185869661105244e+03,7.129908543120000309e-06
6.496703739801876509e+03,7.089980881680000045e-06
6.496221609942648684e+03,7.040071304880000138e-06
6.495739480083419949e+03,7.030089389519999649e-06
6.495257350224192123e+03,7.070017050959999913e-06
6.494775220364963388e+03,7.129908543120000309e-06
6.494293090505734654e+03,7.170053202719999644e-06
6.493810960646506828e+03,7.170053202719999644e-06
6.493328830787278093e+03,7.119926627759999819e-06
6.492846700928050268e+03,7.079998966319999555e-06
6.492364571068821533e+03,7.050053220239999781e-06
6.491882441209592798e+03,7.030089389519999649e-06
6.491400311350364973e+03,7.020107474160000006e-06
6.490918181491137148e+03,6.999926645279999956e-06
6.490436051631908413e+03,6.979962814559999824e-06
6.489953921772679678e+03,6.959998983839999692e-06
6.489471791913450943e+03,6.969980899200000181e-06
6.488989662054223118e+03,7.009908560639999598e-06
6.488507532194995292e+03,7.050053220239999781e-06
6.488025402335766557e+03,7.079998966319999555e-06
6.487543272476537823e+03,7.079998966319999555e-06
6.487061142617309997e+03,7.070017050959999913e-06
6.486579012758081262e+03,7.070017050959999913e-06
6.486096882898853437e+03,7.089980881680000045e-06
6.485614753039624702e+03,7.099962797039999687e-06
6.485132623180395967e+03,7.089980881680000045e-06
6.484650493321168142e+03,7.060035135600000270e-06
6.484168363461939407e+03,7.040071304880000138e-06
6.483686233602711582e+03,7.040071304880000138e-06
6.483204103743482847e+03,7.050053220239999781e-06
6.482721973884254112e+03,7.040071304880000138e-06
6.482239844025026287e+03,7.030089389519999649e-06
6.481757714165797552e+03,7.030089389519999649e-06
6.481275584306569726e+03,7.040071304880000138e-06
6.480793454447340991e+03,7.079998966319999555e-06
6.480311324588112257e+03,7.099962797039999687e-06
6.479829194728884431e+03,7.099962797039999687e-06
6.479347064869655696e+03,7.070017050959999913e-06
6.478864935010427871e+03,7.050053220239999781e-06
6.478382805151199136e+03,7.020107474160000006e-06
6.477900675291970401e+03,7.009908560639999598e-06
6.477418545432742576e+03,6.999926645279999956e-06
6.476936415573513841e+03,6.999926645279999956e-06
6.476454285714286016e+03,6.979962814559999824e-06
6.475972155855057281e+03,6.950017068480000050e-06
6.475490025995828546e+03,6.940035153119999560e-06
6.475007896136600721e+03,6.969980899200000181e-06
6.474525766277371986e+03,7.030089389519999649e-06
6.474043636418144160e+03,7.079998966319999555e-06
6.473561506558915426e+03,7.079998966319999555e-06
6.473079376699686691e+03,7.040071304880000138e-06
6.472597246840458865e+03,6.999926645279999956e-06
6.472115116981230130e+03,6.969980899200000181e-06
6.471632987122002305e+03,6.950017068480000050e-06
6.471150857262773570e+03,6.910089407039999786e-06
6.470668727403544835e+03,6.849980916720000318e-06
6.470186597544317010e+03,6.790089424559999922e-06
6.469704467685089185e+03,6.780107509200000280e-06
6.469222337825860450e+03,6.820035170639999697e-06
6.468740207966631715e+03,6.869944747439999603e-06
6.468258078107402980e+03,6.900107491680000143e-06
6.467775948248175155e+03,6.900107491680000143e-06
6.467293818388947329e+03,6.879926662800000093e-06
6.466811688529718595e+03,6.879926662800000093e-06
6.466329558670489860e+03,6.900107491680000143e-06
6.465847428811262034e+03,6.930053237759999918e-06
6.465365298952033299e+03,6.920071322400000275e-06
6.464883169092805474e+03,6.879926662800000093e-06
6.464401039233576739e+03,6.830017086000000186e-06
6.463918909374348004e+03,6.800071339919999565e-06
6.463436779515120179e+03,6.810053255280000054e-06
6.462954649655891444e+03,6.820035170639999697e-06
6.462472519796663619e+03,6.810053255280000054e-06
6.461990389937434884e+03,6.769908595679999872e-06
6.461508260078206149e+03,6.729980934239999608e-06
6.461026130218978324e+03,6.729980934239999608e-06
6.460544000359749589e+03,6.759926680320000229e-06
6.460061870500521763e+03,6.810053255280000054e-06
6.459579740641293029e+03,6.830017086000000186e-06
6.459097610782064294e+03,6.820035170639999697e-06
6.458615480922836468e+03,6.790089424559999922e-06
6.458133351063607734e+03,6.769908595679999872e-06
6.457651221204379908e+03,6.749944764959999740e-06
6.457169091345151173e+03,6.729980934239999608e-06
6.456686961485922438e+03,6.690053272800000191e-06
6.456204831626694613e+03,6.649908613200000009e-06
6.455722701767465878e+03,6.629944782479999877e-06
6.455240571908238053e+03,6.619962867120000234e-06
6.454758442049009318e+03,6.629944782479999877e-06
6.454276312189780583e+03,6.660107526719999570e-06
6.453794182330552758e+03,6.680071357439999702e-06
6.453312052471324023e+03,6.680071357439999702e-06
6.452829922612096198e+03,6.670089442080000059e-06
6.452347792752867463e+03,6.660107526719999570e-06
6.451865662893638728e+03,6.649908613200000009e-06
6.451383533034410902e+03,6.619962867120000234e-06
6.450901403175182168e+03,6.570053290320000328e-06
6.450419273315954342e+03,6.509944800000000013e-06
6.449937143456725607e+03,6.479999053920000239e-06
6.449455013597496873e+03,6.489980969279999881e-06
6.448972883738269047e+03,6.519926715359999656e-06
6.448490753879040312e+03,6.529908630720000145e-06
6.448008624019812487e+03,6.509944800000000013e-06
6.447526494160583752e+03,6.479999053920000239e-06
6.447044364301355017e+03,6.450053307839999618e-06
6.446562234442127192e+03,6.450053307839999618e-06
6.446080104582899367e+03,6.470017138559999749e-06
6.445597974723670632e+03,6.479999053920000239e-06
6.445115844864441897e+03,6.460035223200000107e-06
6.444633715005214071e+03,6.420107561759999843e-06
6.444151585145985337e+03,6.389944817520000150e-06
6.443669455286757511e+03,6.379962902159999661e-06
6.443187325427528776e+03,6.379962902159999661e-06
6.442705195568300041e+03,6.379962902159999661e-06
6.442223065709072216e+03,6.340035240720000244e-06
6.441740935849843481e+03,6.300107579279999980e-06
6.441258805990615656e+03,6.279926750399999929e-06
6.440776676131386921e+03,6.300107579279999980e-06
6.440294546272158186e+03,6.350017156079999886e-06
6.439812416412930361e+03,6.369980986800000018e-06
6.439330286553701626e+03,6.359999071439999529e-06
6.438848156694473801e+03,6.330053325359999754e-06
6.438366026835245066e+03,6.300107579279999980e-06
6.437883896976016331e+03,6.289908665759999572e-06
6.437401767116788506e+03,6.279926750399999929e-06
6.436919637257559771e+03,6.259962919679999797e-06
6.436437507398331945e+03,6.220035258239999533e-06
6.435955377539103210e+03,6.180107596800000117e-06
6.435473247679874476e+03,6.149944852559999577e-06
6.434991117820646650e+03,6.149944852559999577e-06
6.434508987961417915e+03,6.180107596800000117e-06
6.434026858102190090e+03,6.200071427520000249e-06
6.433544728242961355e+03,6.200071427520000249e-06
6.433062598383732620e+03,6.190089512159999759e-06
6.432580468524504795e+03,6.169908683279999709e-06
6.432098338665276060e+03,6.149944852559999577e-06
6.431616208806048235e+03,6.149944852559999577e-06
6.431134078946819500e+03,6.149944852559999577e-06
6.430651949087590765e+03,6.139962937199999934e-06
6.430169819228362940e+03,6.119999106479999802e-06
6.429687689369134205e+03,6.100035275759999670e-06
6.429205559509906379e+03,6.090053360400000028e-06
6.428723429650677645e+03,6.080071445039999538e-06
6.428241299791448910e+03,6.060107614320000253e-06
6.427759169932221084e+03,6.049908700799999845e-06
6.427277040072992349e+03,6.049908700799999845e-06
6.426794910213764524e+03,6.060107614320000253e-06
6.426312780354535789e+03,6.080071445039999538e-06
6.425830650495307054e+03,6.100035275759999670e-06
6.425348520636079229e+03,6.090053360400000028e-06
6.424866390776851404e+03,6.060107614320000253e-06
6.424384260917622669e+03,6.029944870079999713e-06
6.423902131058393934e+03,6.019962954720000071e-06
6.423420001199166109e+03,6.019962954720000071e-06
6.422937871339937374e+03,6.029944870079999713e-06
6.422455741480709548e+03,6.009981039359999581e-06
6.421973611621480813e+03,5.970053377920000165e-06
6.421491481762252079e+03,5.929908718319999982e-06
6.421009351903024253e+03,5.929908718319999982e-06
6.420527222043795518e+03,5.970053377920000165e-06
6.420045092184567693e+03,6.019962954720000071e-06
6.419562962325338958e+03,6.029944870079999713e-06
6.419080832466110223e+03,5.990017208640000296e-06
6.418598702606882398e+03,5.929908718319999982e-06
6.418116572747653663e+03,5.879999141520000076e-06
6.417634442888425838e+03,5.860035310799999944e-06
6.417152313029197103e+03,5.850053395440000301e-06
6.416670183169968368e+03,5.830089564720000169e-06
6.416188053310740543e+03,5.789944905119999987e-06
6.415705923451511808e+03,5.750017243679999723e-06
6.415223793592283982e+03,5.730053412959999591e-06
6.414741663733055248e+03,5.740035328320000080e-06
6.414259533873826513e+03,5.769981074399999855e-06
6.413777404014598687e+03,5.809908735840000119e-06
6.413295274155369952e+03,5.820107649359999680e-06
6.412813144296142127e+03,5.830089564720000169e-06
6.412331014436913392e+03,5.830089564720000169e-06
6.411848884577684657e+03,5.850053395440000301e-06
6.411366754718456832e+03,5.860035310799999944e-06
6.410884624859228097e+03,5.840071480079999812e-06
6.410402495000000272e+03,5.799926820479999629e-06
6.409920365140771537e+03,5.750017243679999723e-06
6.409438235281542802e+03,5.720071497599999949e-06
6.408956105422314977e+03,5.720071497599999949e-06
6.408473975563086242e+03,5.730053412959999591e-06
6.407991845703858417e+03,5.720071497599999949e-06
6.407509715844629682e+03,5.700107666879999817e-06
6.407027585985400947e+03,5.700107666879999817e-06
6.406545456126173121e+03,5.740035328320000080e-06
6.406063326266944387e+03,5.779962989760000344e-06
6.405581196407716561e+03,5.799926820479999629e-06
6.405099066548487826e+03,5.779962989760000344e-06
6.404616936689259092e+03,5.750017243679999723e-06
6.404134806830031266e+03,5.730053412959999591e-06
6.403652676970803441e+03,5.730053412959999591e-06
6.403170547111574706e+03,5.740035328320000080e-06
6.402688417252345971e+03,5.740035328320000080e-06
6.402206287393118146e+03,5.710089582240000306e-06
6.401724157533889411e+03,5.669944922640000124e-06
6.401242027674661585e+03,5.649981091919999992e-06
6.400759897815432851e+03,5.679926837999999766e-06
6.400277767956204116e+03,5.740035328320000080e-06
6.399795638096976290e+03,5.789944905119999987e-06
6.399313508237747556e+03,5.799926820479999629e-06
6.398831378378519730e+03,5.769981074399999855e-06
6.398349248519290995e+03,5.730053412959999591e-06
6.397867118660062260e+03,5.700107666879999817e-06
6.397384988800834435e+03,5.700107666879999817e-06
6.396902858941605700e+03,5.669944922640000124e-06
6.396420729082377875e+03,5.630017261199999860e-06
6.395938599223149140e+03,5.580107684399999953e-06
6.395456469363920405e+03,5.569908770879999545e-06
6.394974339504692580e+03,5.600071515120000085e-06
6.394492209645463845e+03,5.649981091919999992e-06
6.394010079786236020e+03,5.669944922640000124e-06
6.393527949927007285e+03,5.649981091919999992e-06
6.393045820067778550e+03,5.610053430479999728e-06
6.392563690208550724e+03,5.600071515120000085e-06
6.392081560349321990e+03,5.630017261199999860e-06
6.391599430490094164e+03,5.689908753360000256e-06
6.391117300630865429e+03,5.720071497599999949e-06
6.390635170771636695e+03,5.720071497599999949e-06
6.390153040912408869e+03,5.689908753360000256e-06
6.389670911053180134e+03,5.659963007279999634e-06
6.389188781193952309e+03,5.649981091919999992e-06
6.388706651334723574e+03,5.649981091919999992e-06
6.388224521475494839e+03,5.649981091919999992e-06
6.387742391616267014e+03,5.630017261199999860e-06
6.387260261757038279e+03,5.620035345840000217e-06
6.386778131897810454e+03,5.620035345840000217e-06
6.386296002038581719e+03,5.639999176560000349e-06
6.385813872179352984e+03,5.669944922640000124e-06
6.385331742320125159e+03,5.679926837999999766e-06
6.384849612460896424e+03,5.659963007279999634e-06
6.384367482601668598e+03,5.630017261199999860e-06
6.383885352742439864e+03,5.610053430479999728e-06
6.383403222883211129e+03,5.620035345840000217e-06
6.382921093023983303e+03,5.630017261199999860e-06
6.382438963164755478e+03,5.620035345840000217e-06
6.381956833305526743e+03,5.600071515120000085e-06
6.381474703446298008e+03,5.590089599759999596e-06
6.380992573587070183e+03,5.610053430479999728e-06
6.380510443727841448e+03,5.649981091919999992e-06
6.380028313868613623e+03,5.689908753360000256e-06
6.379546184009384888e+03,5.700107666879999817e-06
6.379064054150156153e+03,5.689908753360000256e-06
6.378581924290928328e+03,5.669944922640000124e-06
6.378099794431699593e+03,5.669944922640000124e-06
6.377617664572471767e+03,5.679926837999999766e-06
6.377135534713243032e+03,5.679926837999999766e-06
6.376653404854014298e+03,5.659963007279999634e-06
6.376171274994786472e+03,5.620035345840000217e-06
6.375689145135557737e+03,5.580107684399999953e-06
6.375207015276329912e+03,5.559926855519999903e-06
6.374724885417101177e+03,5.569908770879999545e-06
6.374242755557872442e+03,5.590089599759999596e-06
6.373760625698644617e+03,5.610053430479999728e-06
6.373278495839415882e+03,5.610053430479999728e-06
6.372796365980188057e+03,5.600071515120000085e-06
6.372314236120959322e+03,5.600071515120000085e-06
6.371832106261730587e+03,5.620035345840000217e-06
6.371349976402502762e+03,5.649981091919999992e-06
6.370867846543274027e+03,5.659963007279999634e-06
6.370385716684046201e+03,5.639999176560000349e-06
6.369903586824817467e+03,5.610053430479999728e-06
6.369421456965588732e+03,5.580107684399999953e-06
6.368939327106360906e+03,5.569908770879999545e-06
6.368457197247132171e+03,5.559926855519999903e-06
6.367975067387904346e+03,5.549944940160000260e-06
6.367492937528675611e+03,5.539963024799999771e-06
6.367010807669446876e+03,5.559926855519999903e-06
6.366528677810219051e+03,5.610053430479999728e-06
6.366046547950990316e+03,5.659963007279999634e-06
6.365564418091762491e+03,5.689908753360000256e-06
6.365082288232533756e+03,5.679926837999999766e-06
6.364600158373305021e+03,5.649981091919999992e-06
6.364118028514077196e+03,5.630017261199999860e-06
6.363635898654848461e+03,5.620035345840000217e-06
6.363153768795620636e+03,5.620035345840000217e-06
6.362671638936391901e+03,5.600071515120000085e-06
6.362189509077163166e+03,5.559926855519999903e-06
6.361707379217935340e+03,5.529981109440000128e-06
6.361225249358707515e+03,5.519999194079999639e-06
6.360743119499478780e+03,5.549944940160000260e-06
6.360260989640250045e+03,5.610053430479999728e-06
6.359778859781022220e+03,5.649981091919999992e-06
6.359296729921793485e+03,5.669944922640000124e-06
6.358814600062565660e+03,5.669944922640000124e-06
6.358332470203336925e+03,5.659963007279999634e-06
6.357850340344108190e+03,5.649981091919999992e-06
6.357368210484880365e+03,5.659963007279999634e-06
6.356886080625651630e+03,5.649981091919999992e-06
6.356403950766423804e+03,5.620035345840000217e-06
6.355921820907195070e+03,5.569908770879999545e-06
6.355439691047966335e+03,5.529981109440000128e-06
6.354957561188738509e+03,5.519999194079999639e-06
6.354475431329509775e+03,5.539963024799999771e-06
6.353993301470281949e+03,5.559926855519999903e-06
6.353511171611053214e+03,5.559926855519999903e-06
6.353029041751824479e+03,5.559926855519999903e-06
6.352546911892596654e+03,5.569908770879999545e-06
6.352064782033367919e+03,5.620035345840000217e-06
6.351582652174140094e+03,5.669944922640000124e-06
6.351100522314911359e+03,5.689908753360000256e-06
6.350618392455682624e+03,5.659963007279999634e-06
6.350136262596454799e+03,5.610053430479999728e-06
6.349654132737226064e+03,5.559926855519999903e-06
6.349172002877998239e+03,5.539963024799999771e-06
6.348689873018769504e+03,5.539963024799999771e-06
6.348207743159540769e+03,5.539963024799999771e-06
6.347725613300312943e+03,5.539963024799999771e-06
6.347243483441084209e+03,5.539963024799999771e-06
6.346761353581856383e+03,5.559926855519999903e-06
6.346279223722627648e+03,5.610053430479999728e-06
6.345797093863398914e+03,5.659963007279999634e-06
6.345314964004171088e+03,5.689908753360000256e-06
6.344832834144942353e+03,5.679926837999999766e-06
6.344350704285714528e+03,5.649981091919999992e-06
6.343868574426485793e+03,5.620035345840000217e-06
6.343386444567257058e+03,5.630017261199999860e-06
6.342904314708029233e+03,5.630017261199999860e-06
6.342422184848800498e+03,5.610053430479999728e-06
6.341940054989572673e+03,5.559926855519999903e-06
6.341457925130343938e+03,5.510017278719999996e-06
6.340975795271115203e+03,5.500035363360000354e-06
6.340493665411887378e+03,5.549944940160000260e-06
6.340011535552659552e+03,5.610053430479999728e-06
6.339529405693430817e+03,5.649981091919999992e-06
6.339047275834202082e+03,5.669944922640000124e-06
6.338565145974973348e+03,5.679926837999999766e-06
6.338083016115745522e+03,5.700107666879999817e-06
6.337600886256517697e+03,5.720071497599999949e-06
6.337118756397288962e+03,5.720071497599999949e-06
6.336636626538060227e+03,5.689908753360000256e-06
6.336154496678832402e+03,5.659963007279999634e-06
6.335672366819603667e+03,5.639999176560000349e-06
6.335190236960375842e+03,5.649981091919999992e-06
6.334708107101147107e+03,5.669944922640000124e-06
6.334225977241918372e+03,5.679926837999999766e-06
6.333743847382690547e+03,5.689908753360000256e-06
6.333261717523461812e+03,5.679926837999999766e-06
6.332779587664233986e+03,5.679926837999999766e-06
6.332297457805005251e+03,5.689908753360000256e-06
6.331815327945776517e+03,5.710089582240000306e-06
6.331333198086548691e+03,5.720071497599999949e-06
6.330851068227319956e+03,5.730053412959999591e-06
6.330368938368092131e+03,5.700107666879999817e-06
6.329886808508863396e+03,5.669944922640000124e-06
6.329404678649634661e+03,5.639999176560000349e-06
6.328922548790406836e+03,5.630017261199999860e-06
6.328440418931178101e+03,5.630017261199999860e-06
6.327958289071950276e+03,5.630017261199999860e-06
6.327476159212721541e+03,5.620035345840000217e-06
6.326994029353492806e+03,5.639999176560000349e-06
6.326511899494264981e+03,5.689908753360000256e-06
6.326029769635036246e+03,5.759999159040000212e-06
6.325547639775808420e+03,5.820107649359999680e-06
6.325065509916579686e+03,5.840071480079999812e-06
6.324583380057350951e+03,5.820107649359999680e-06
6.324101250198123125e+03,5.789944905119999987e-06
6.323619120338894390e+03,5.769981074399999855e-06
6.323136990479666565e+03,5.750017243679999723e-06
6.322654860620437830e+03,5.750017243679999723e-06
6.322172730761209095e+03,5.730053412959999591e-06
6.321690600901981270e+03,5.710089582240000306e-06
6.321208471042752535e+03,5.700107666879999817e-06
6.320726341183524710e+03,5.710089582240000306e-06
6.320244211324295975e+03,5.740035328320000080e-06
6.319762081465067240e+03,5.789944905119999987e-06
6.319279951605839415e+03,5.809908735840000119e-06
6.318797821746611589e+03,5.820107649359999680e-06
6.318315691887382854e+03,5.809908735840000119e-06
6.317833562028154120e+03,5.820107649359999680e-06
6.317351432168925385e+03,5.830089564720000169e-06
6.316869302309697559e+03,5.820107649359999680e-06
6.316387172450469734e+03,5.779962989760000344e-06
6.315905042591240999e+03,5.750017243679999723e-06
6.315422912732012264e+03,5.730053412959999591e-06
6.314940782872784439e+03,5.750017243679999723e-06
6.314458653013555704e+03,5.779962989760000344e-06
6.313976523154327879e+03,5.799926820479999629e-06
6.313494393295099144e+03,5.789944905119999987e-06
6.313012263435870409e+03,5.769981074399999855e-06
6.312530133576642584e+03,5.779962989760000344e-06
6.312048003717413849e+03,5.809908735840000119e-06
6.311565873858186023e+03,5.870017226159999586e-06
6.311083743998957289e+03,5.909944887599999850e-06
6.310601614139728554e+03,5.919926802960000340e-06
6.310119484280500728e+03,5.899962972240000208e-06
6.309637354421271993e+03,5.879999141520000076e-06
6.309155224562044168e+03,5.870017226159999586e-06
6.308673094702815433e+03,5.879999141520000076e-06
6.308190964843586698e+03,5.889981056879999718e-06
6.307708834984358873e+03,5.889981056879999718e-06
6.307226705125130138e+03,5.879999141520000076e-06
6.306744575265902313e+03,5.879999141520000076e-06
6.306262445406673578e+03,5.899962972240000208e-06
6.305780315547444843e+03,5.929908718319999982e-06
6.305298185688217018e+03,5.940107631839999543e-06
6.304816055828988283e+03,5.919926802960000340e-06
6.304333925969760458e+03,5.899962972240000208e-06
6.303851796110531723e+03,5.909944887599999850e-06
6.303369666251302988e+03,5.929908718319999982e-06
6.302887536392075162e+03,5.960071462559999675e-06
6.302405406532846428e+03,5.960071462559999675e-06
6.301923276673618602e+03,5.929908718319999982e-06
6.301441146814389867e+03,5.889981056879999718e-06
6.300959016955161133e+03,5.889981056879999718e-06
6.300476887095933307e+03,5.919926802960000340e-06
6.299994757236704572e+03,5.980035293279999807e-06
6.299512627377476747e+03,6.009981039359999581e-06
6.299030497518248012e+03,6.019962954720000071e-06
6.298548367659019277e+03,6.009981039359999581e-06
6.298066237799791452e+03,5.999999123999999939e-06
6.297584107940563626e+03,6.019962954720000071e-06
6.297101978081334892e+03,6.039926785440000203e-06
6.296619848222106157e+03,6.039926785440000203e-06
6.296137718362877422e+03,6.029944870079999713e-06
6.295655588503649597e+03,5.999999123999999939e-06
6.295173458644421771e+03,5.990017208640000296e-06
6.294691328785193036e+03,5.990017208640000296e-06
6.294209198925964301e+03,5.999999123999999939e-06
6.293727069066736476e+03,6.009981039359999581e-06
6.293244939207507741e+03,6.009981039359999581e-06
6.292762809348279916e+03,5.999999123999999939e-06
6.292280679489051181e+03,5.999999123999999939e-06
6.291798549629822446e+03,5.999999123999999939e-06
6.291316419770594621e+03,6.009981039359999581e-06
6.290834289911365886e+03,6.009981039359999581e-06
6.290352160052138061e+03,6.019962954720000071e-06
6.289870030192909326e+03,6.009981039359999581e-06
6.289387900333680591e+03,6.009981039359999581e-06
6.288905770474452765e+03,6.009981039359999581e-06
6.288423640615224031e+03,5.999999123999999939e-06
6.287941510755996205e+03,5.980035293279999807e-06
6.287459380896767470e+03,5.940107631839999543e-06
6.286977251037538736e+03,5.919926802960000340e-06
6.286495121178310910e+03,5.940107631839999543e-06
6.286012991319082175e+03,5.980035293279999807e-06
6.285530861459854350e+03,6.019962954720000071e-06
6.285048731600625615e+03,6.039926785440000203e-06
6.284566601741396880e+03,6.029944870079999713e-06
6.284084471882169055e+03,6.019962954720000071e-06
6.283602342022940320e+03,6.019962954720000071e-06
6.283120212163712495e+03,6.049908700799999845e-06
6.282638082304483760e+03,6.070089529679999896e-06
6.282155952445255025e+03,6.070089529679999896e-06
6.281673822586027200e+03,6.039926785440000203e-06
6.281191692726798465e+03,6.009981039359999581e-06
6.280709562867570639e+03,6.009981039359999581e-06
6.280227433008341904e+03,6.039926785440000203e-06
6.279745303149113170e+03,6.070089529679999896e-06
6.279263173289885344e+03,6.090053360400000028e-06
6.278781043430656609e+03,6.100035275759999670e-06
6.278298913571428784e+03,6.100035275759999670e-06
6.277816783712200049e+03,6.119999106479999802e-06
6.277334653852971314e+03,6.139962937199999934e-06
6.276852523993743489e+03,6.149944852559999577e-06
6.276370394134515664e+03,6.139962937199999934e-06
6.275888264275286929e+03,6.110017191120000160e-06
6.275406134416058194e+03,6.080071445039999538e-06
6.274924004556829459e+03,6.080071445039999538e-06
6.274441874697601634e+03,6.100035275759999670e-06
6.273959744838373808e+03,6.110017191120000160e-06
6.273477614979145073e+03,6.100035275759999670e-06
6.272995485119916339e+03,6.070089529679999896e-06
6.272513355260688513e+03,6.080071445039999538e-06
6.272031225401459778e+03,6.110017191120000160e-06
6.271549095542231953e+03,6.159926767920000066e-06
6.271066965683003218e+03,6.190089512159999759e-06
6.270584835823774483e+03,6.169908683279999709e-06
6.270102705964546658e+03,6.129981021840000292e-06
6.269620576105317923e+03,6.100035275759999670e-06
6.269138446246090098e+03,6.090053360400000028e-06
6.268656316386861363e+03,6.100035275759999670e-06
6.268174186527632628e+03,6.119999106479999802e-06
6.267692056668404803e+03,6.129981021840000292e-06
6.267209926809176068e+03,6.119999106479999802e-06
6.266727796949948242e+03,6.119999106479999802e-06
6.266245667090719508e+03,6.129981021840000292e-06
6.265763537231490773e+03,6.149944852559999577e-06
6.265281407372262947e+03,6.169908683279999709e-06
6.264799277513034212e+03,6.169908683279999709e-06
6.264317147653806387e+03,6.159926767920000066e-06
6.263835017794577652e+03,6.169908683279999709e-06
6.263352887935348917e+03,6.200071427520000249e-06
6.262870758076121092e+03,6.249981004320000155e-06
6.262388628216892357e+03,6.259962919679999797e-06
6.261906498357664532e+03,6.239999088959999665e-06
6.261424368498435797e+03,6.210053342879999891e-06
6.260942238639207062e+03,6.190089512159999759e-06
6.260460108779979237e+03,6.210053342879999891e-06
6.259977978920750502e+03,6.249981004320000155e-06
6.259495849061522676e+03,6.259962919679999797e-06
6.259013719202293942e+03,6.259962919679999797e-06
6.258531589343065207e+03,6.269944835040000287e-06
6.258049459483837381e+03,6.289908665759999572e-06
6.257567329624608647e+03,6.310089494639999622e-06
6.257085199765380821e+03,6.310089494639999622e-06
6.256603069906152086e+03,6.279926750399999929e-06
6.256120940046923351e+03,6.220035258239999533e-06
6.255638810187695526e+03,6.169908683279999709e-06
6.255156680328467701e+03,6.149944852559999577e-06
6.254674550469238966e+03,6.149944852559999577e-06
6.254192420610010231e+03,6.180107596800000117e-06
6.253710290750781496e+03,6.200071427520000249e-06
6.253228160891553671e+03,6.210053342879999891e-06
6.252746031032325845e+03,6.210053342879999891e-06
6.252263901173097111e+03,6.220035258239999533e-06
6.251781771313868376e+03,6.259962919679999797e-06
6.251299641454640550e+03,6.289908665759999572e-06
6.250817511595411816e+03,6.310089494639999622e-06
6.250335381736183990e+03,6.310089494639999622e-06
6.249853251876955255e+03,6.289908665759999572e-06
6.249371122017726520e+03,6.289908665759999572e-06
6.248888992158498695e+03,6.310089494639999622e-06
6.248406862299269960e+03,6.310089494639999622e-06
6.247924732440042135e+03,6.289908665759999572e-06
6.247442602580813400e+03,6.249981004320000155e-06
6.246960472721584665e+03,6.230017173600000023e-06
6.246478342862356840e+03,6.239999088959999665e-06
6.245996213003128105e+03,6.289908665759999572e-06
6.245514083143900280e+03,6.330053325359999754e-06
6.245031953284671545e+03,6.350017156079999886e-06
6.244549823425442810e+03,6.330053325359999754e-06
6.244067693566214984e+03,6.320071410000000112e-06
6.243585563706986250e+03,6.330053325359999754e-06
6.243103433847758424e+03,6.350017156079999886e-06
6.242621303988529689e+03,6.369980986800000018e-06
6.242139174129300955e+03,6.359999071439999529e-06
6.241657044270073129e+03,6.340035240720000244e-06
6.241174914410844394e+03,6.310089494639999622e-06
6.240692784551616569e+03,6.300107579279999980e-06
6.240210654692387834e+03,6.310089494639999622e-06
6.239728524833159099e+03,6.320071410000000112e-06
6.239246394973931274e+03,6.330053325359999754e-06
6.238764265114702539e+03,6.330053325359999754e-06
6.238282135255474714e+03,6.350017156079999886e-06
6.237800005396245979e+03,6.379962902159999661e-06
6.237317875537017244e+03,6.420107561759999843e-06
6.236835745677789419e+03,6.460035223200000107e-06
6.236353615818560684e+03,6.460035223200000107e-06
6.235871485959332858e+03,6.440071392479999975e-06
6.235389356100104123e+03,6.420107561759999843e-06
6.234907226240875389e+03,6.409908648240000282e-06
6.234425096381647563e+03,6.409908648240000282e-06
6.233942966522419738e+03,6.420107561759999843e-06
6.233460836663191003e+03,6.399926732879999793e-06
6.232978706803962268e+03,6.379962902159999661e-06
6.232496576944733533e+03,6.379962902159999661e-06
6.232014447085505708e+03,6.409908648240000282e-06
6.231532317226277883e+03,6.460035223200000107e-06
6.231050187367049148e+03,6.499962884639999524e-06
6.230568057507820413e+03,6.499962884639999524e-06
6.230085927648592588e+03,6.470017138559999749e-06
6.229603797789363853e+03,6.440071392479999975e-06
6.229121667930136027e+03,6.440071392479999975e-06
6.228639538070907292e+03,6.450053307839999618e-06
6.228157408211678558e+03,6.470017138559999749e-06
6.227675278352450732e+03,6.479999053920000239e-06
6.227193148493221997e+03,6.470017138559999749e-06
6.226711018633994172e+03,6.460035223200000107e-06
6.226228888774765437e+03,6.470017138559999749e-06
6.225746758915536702e+03,6.499962884639999524e-06
6.225264629056308877e+03,6.519926715359999656e-06
6.224782499197080142e+03,6.519926715359999656e-06
6.224300369337852317e+03,6.529908630720000145e-06
6.223818239478623582e+03,6.540107544239999706e-06
6.223336109619394847e+03,6.560071374959999838e-06
6.222853979760167022e+03,6.570053290320000328e-06
6.222371849900938287e+03,6.550089459600000196e-06
6.221889720041710461e+03,6.509944800000000013e-06
6.221407590182481727e+03,6.470017138559999749e-06
6.220925460323252992e+03,6.450053307839999618e-06
6.220443330464025166e+03,6.470017138559999749e-06
6.219961200604796431e+03,6.499962884639999524e-06
6.219479070745568606e+03,6.529908630720000145e-06
6.218996940886339871e+03,6.540107544239999706e-06
6.218514811027111136e+03,6.540107544239999706e-06
6.218032681167883311e+03,6.560071374959999838e-06
6.217550551308654576e+03,6.580035205679999970e-06
6.217068421449426751e+03,6.599999036400000102e-06
6.216586291590198016e+03,6.599999036400000102e-06
6.216104161730969281e+03,6.590017121039999613e-06
6.215622031871741456e+03,6.570053290320000328e-06
6.215139902012512721e+03,6.550089459600000196e-06
6.214657772153284895e+03,6.560071374959999838e-06
6.214175642294056161e+03,6.580035205679999970e-06
6.213693512434827426e+03,6.590017121039999613e-06
6.213211382575599600e+03,6.580035205679999970e-06
6.212729252716370866e+03,6.570053290320000328e-06
6.212247122857143040e+03,6.580035205679999970e-06
6.211764992997914305e+03,6.619962867120000234e-06
6.211282863138685570e+03,6.670089442080000059e-06
6.210800733279457745e+03,6.710017103520000323e-06
6.210318603420229920e+03,6.719999018879999965e-06
6.209836473561001185e+03,6.719999018879999965e-06
6.209354343701772450e+03,6.719999018879999965e-06
6.208872213842544625e+03,6.729980934239999608e-06
6.208390083983315890e+03,6.710017103520000323e-06
6.207907954124088064e+03,6.680071357439999702e-06
6.207425824264859330e+03,6.629944782479999877e-06
6.206943694405630595e+03,6.599999036400000102e-06
6.206461564546402769e+03,6.599999036400000102e-06
6.205979434687174034e+03,6.639926697839999519e-06
6.205497304827946209e+03,6.690053272800000191e-06
6.205015174968717474e+03,6.710017103520000323e-06
6.204533045109488739e+03,6.710017103520000323e-06
6.204050915250260914e+03,6.710017103520000323e-06
6.203568785391032179e+03,6.729980934239999608e-06
6.203086655531804354e+03,6.780107509200000280e-06
6.202604525672575619e+03,6.830017086000000186e-06
6.202122395813346884e+03,6.849980916720000318e-06
6.201640265954119059e+03,6.820035170639999697e-06
6.201158136094890324e+03,6.790089424559999922e-06
6.200676006235662499e+03,6.790089424559999922e-06
6.200193876376433764e+03,6.810053255280000054e-06
6.199711746517205029e+03,6.839999001359999829e-06
6.199229616657977203e+03,6.830017086000000186e-06
6.198747486798748469e+03,6.810053255280000054e-06
6.198265356939520643e+03,6.800071339919999565e-06
6.197783227080291908e+03,6.820035170639999697e-06
6.197301097221063173e+03,6.859962832079999961e-06
6.196818967361835348e+03,6.900107491680000143e-06
6.196336837502606613e+03,6.920071322400000275e-06
6.195854707643378788e+03,6.910089407039999786e-06
6.195372577784150053e+03,6.889908578159999735e-06
6.194890447924921318e+03,6.889908578159999735e-06
6.194408318065693493e+03,6.889908578159999735e-06
6.193926188206464758e+03,6.889908578159999735e-06
6.193444058347236933e+03,6.869944747439999603e-06
6.192961928488008198e+03,6.849980916720000318e-06
6.192479798628779463e+03,6.849980916720000318e-06
6.191997668769551638e+03,6.900107491680000143e-06
6.191515538910322903e+03,6.969980899200000181e-06
6.191033409051095077e+03,7.030089389519999649e-06
6.190551279191866342e+03,7.050053220239999781e-06
6.190069149332637608e+03,7.040071304880000138e-06
6.189587019473409782e+03,7.020107474160000006e-06
6.189104889614181957e+03,7.009908560639999598e-06
6.188622759754953222e+03,7.020107474160000006e-06
6.188140629895724487e+03,7.020107474160000006e-06
6.187658500036496662e+03,7.009908560639999598e-06
6.187176370177267927e+03,6.999926645279999956e-06
6.186694240318040102e+03,7.009908560639999598e-06
6.186212110458811367e+03,7.050053220239999781e-06
6.185729980599582632e+03,7.099962797039999687e-06
6.185247850740354806e+03,7.140107456639999870e-06
6.184765720881126072e+03,7.150089371999999512e-06
6.184283591021898246e+03,7.160071287360000002e-06
6.183801461162669511e+03,7.170053202719999644e-06
6.183319331303440777e+03,7.199998948800000266e-06
6.182837201444212951e+03,7.229944694880000040e-06
6.182355071584984216e+03,7.239926610239999682e-06
6.181872941725756391e+03,7.219962779519999550e-06
6.181390811866527656e+03,7.190017033439999776e-06
6.180908682007298921e+03,7.180035118080000134e-06
6.180426552148071096e+03,7.199998948800000266e-06
6.179944422288842361e+03,7.229944694880000040e-06
6.179462292429614536e+03,7.260107439119999733e-06
6.178980162570385801e+03,7.260107439119999733e-06
6.178498032711157066e+03,7.260107439119999733e-06
6.178015902851929241e+03,7.280071269839999865e-06
6.177533772992700506e+03,7.319998931280000129e-06
6.177051643133472680e+03,7.349944677359999903e-06
6.176569513274243945e+03,7.369908508080000035e-06
6.176087383415015211e+03,7.369908508080000035e-06
6.175605253555787385e+03,7.359926592719999546e-06
6.175123123696558650e+03,7.359926592719999546e-06
6.174640993837330825e+03,7.380107421599999596e-06
6.174158863978102090e+03,7.400071252319999728e-06
6.173676734118873355e+03,7.410053167680000218e-06
6.173194604259645530e+03,7.390089336960000086e-06
6.172712474400416795e+03,7.380107421599999596e-06
6.172230344541188970e+03,7.390089336960000086e-06
6.171748214681960235e+03,7.430016998400000350e-06
6.171266084822731500e+03,7.500107404080000306e-06
6.170783954963503675e+03,7.550016980880000213e-06
6.170301825104274940e+03,7.569980811600000345e-06
6.169819695245047114e+03,7.550016980880000213e-06
6.169337565385818380e+03,7.550016980880000213e-06
6.168855435526589645e+03,7.559998896239999855e-06
6.168373305667361819e+03,7.589944642319999630e-06
6.167891175808133994e+03,7.599926557680000119e-06
6.167409045948905259e+03,7.579962726959999987e-06
6.166926916089676524e+03,7.569980811600000345e-06
6.166444786230448699e+03,7.569980811600000345e-06
6.165962656371219964e+03,7.599926557680000119e-06
6.165480526511992139e+03,7.640071217279999455e-06
6.164998396652763404e+03,7.670016963360000076e-06
6.164516266793534669e+03,7.689980794079999361e-06
6.164034136934306844e+03,7.709944624800000340e-06
6.163552007075078109e+03,7.740107369040000033e-06
6.163069877215850283e+03,7.780035030480000297e-06
6.162587747356621549e+03,7.809980776559999224e-06
6.162105617497392814e+03,7.799998861199999582e-06
6.161623487638164988e+03,7.770053115120000654e-06
6.161141357778936253e+03,7.740107369040000033e-06
6.160659227919708428e+03,7.740107369040000033e-06
6.160177098060479693e+03,7.760071199759999318e-06
6.159694968201250958e+03,7.790016945839999939e-06
6.159212838342023133e+03,7.809980776559999224e-06
6.158730708482794398e+03,7.819962691920000561e-06
6.158248578623566573e+03,7.839926522639999846e-06
6.157766448764337838e+03,7.890053097600000518e-06
6.157284318905109103e+03,7.949944589760000067e-06
6.156802189045881278e+03,8.000071164720000738e-06
6.156320059186652543e+03,8.010053080080000381e-06
6.155837929327424717e+03,7.990089249359999402e-06
6.155355799468195983e+03,7.969908420479999351e-06
6.154873669608967248e+03,7.959926505119999709e-06
6.154391539749739422e+03,7.959926505119999709e-06
6.153909409890510688e+03,7.959926505119999709e-06
6.153427280031282862e+03,7.949944589760000067e-06
6.152945150172054127e+03,7.929980759039999088e-06
6.152463020312825392e+03,7.929980759039999088e-06
6.151980890453597567e+03,7.949944589760000067e-06
6.151498760594368832e+03,8.010053080080000381e-06
6.151016630735141007e+03,8.069944572239999930e-06
6.150534500875912272e+03,8.110089231839999265e-06
6.150052371016683537e+03,8.120071147200000602e-06
6.149570241157455712e+03,8.130053062560000244e-06
6.149088111298226977e+03,8.150016893279999529e-06
6.148605981438999152e+03,8.169980724000000508e-06
6.148123851579770417e+03,8.159998808639999172e-06
6.147641721720541682e+03,8.110089231839999265e-06
6.147159591861313856e+03,8.059962656880000287e-06
6.146677462002086031e+03,8.039998826159999308e-06
6.146195332142857296e+03,8.079926487599999572e-06
6.145713202283628561e+03,8.140034977919999887e-06
6.145231072424400736e+03,8.179962639360000151e-06
6.144748942565172001e+03,8.199926470079999435e-06
6.144266812705944176e+03,8.199926470079999435e-06
6.143784682846715441e+03,8.220107298959999486e-06
6.143302552987486706e+03,8.270016875759999392e-06
6.142820423128258881e+03,8.319926452559999299e-06
6.142338293269030146e+03,8.340107281439999349e-06
6.141856163409802321e+03,8.329908367920000635e-06
6.141374033550573586e+03,8.299962621840000014e-06
6.140891903691344851e+03,8.279998791120000729e-06
6.140409773832117025e+03,8.279998791120000729e-06
6.139927643972888291e+03,8.279998791120000729e-06
6.139445514113660465e+03,8.299962621840000014e-06
6.138963384254431730e+03,8.309944537199999656e-06
6.138481254395202996e+03,8.319926452559999299e-06
6.137999124535975170e+03,8.329908367920000635e-06
6.137516994676746435e+03,8.370053027519999971e-06
6.137034864817518610e+03,8.409980688960000235e-06
6.136552734958289875e+03,8.429944519679999520e-06
6.136070605099061140e+03,8.429944519679999520e-06
6.135588475239833315e+03,8.419962604319999877e-06
6.135106345380604580e+03,8.409980688960000235e-06
6.134624215521376755e+03,8.419962604319999877e-06
6.134142085662148020e+03,8.429944519679999520e-06
6.133659955802919285e+03,8.409980688960000235e-06
6.133177825943691460e+03,8.370053027519999971e-06
6.132695696084462725e+03,8.350089196800000686e-06
6.132213566225234899e+03,8.370053027519999971e-06
6.131731436366006164e+03,8.439926435039999162e-06
6.131249306506777430e+03,8.510016840719999119e-06
6.130767176647549604e+03,8.559926417520000719e-06
6.130285046788320869e+03,8.549944502159999383e-06
6.129802916929093044e+03,8.529980671440000098e-06
6.129320787069864309e+03,8.519998756080000455e-06
6.128838657210635574e+03,8.529980671440000098e-06
6.128356527351407749e+03,8.529980671440000098e-06
6.127874397492179014e+03,8.510016840719999119e-06
6.127392267632951189e+03,8.480071094640000191e-06
6.126910137773722454e+03,8.470089179280000549e-06
6.126428007914493719e+03,8.500034925359999476e-06
6.125945878055265894e+03,8.539962586799999740e-06
6.125463748196038068e+03,8.580107246399999076e-06
6.124981618336809333e+03,8.590089161760000412e-06
6.124499488477580599e+03,8.580107246399999076e-06
6.124017358618352773e+03,8.590089161760000412e-06
6.123535228759124038e+03,8.630016823200000676e-06
6.123053098899896213e+03,8.669944484639999246e-06
6.122570969040667478e+03,8.700107228880000633e-06
6.122088839181438743e+03,8.700107228880000633e-06
6.121606709322210918e+03,8.669944484639999246e-06
6.121124579462982183e+03,8.630016823200000676e-06
6.120642449603754358e+03,8.610052992479999697e-06
6.120160319744525623e+03,8.590089161760000412e-06
6.119678189885296888e+03,8.590089161760000412e-06
6.119196060026069063e+03,8.590089161760000412e-06
6.118713930166840328e+03,8.600071077120000055e-06
6.118231800307612502e+03,8.620034907839999340e-06
6.117749670448383768e+03,8.669944484639999246e-06
6.117267540589155033e+03,8.730052974959999560e-06
6.116785410729927207e+03,8.789944467119999109e-06
6.116303280870698472e+03,8.809908297840000088e-06
6.115821151011470647e+03,8.809908297840000088e-06
6.115339021152241912e+03,8.789944467119999109e-06
6.114856891293013177e+03,8.769980636399999824e-06
6.114374761433785352e+03,8.769980636399999824e-06
6.113892631574556617e+03,8.750016805680000539e-06
6.113410501715328792e+03,8.710089144240000276e-06
6.112928371856100057e+03,8.669944484639999246e-06
6.112446241996871322e+03,8.649980653919999961e-06
6.111964112137643497e+03,8.669944484639999246e-06
6.111481982278414762e+03,8.720071059599999918e-06
6.110999852419186936e+03,8.779962551759999467e-06
6.110517722559958202e+03,8.809908297840000088e-06
6.110035592700729467e+03,8.840071042079999781e-06
6.109553462841501641e+03,8.870016788160000403e-06
6.109071332982272907e+03,8.899962534239999330e-06
6.108589203123045081e+03,8.919926364960000309e-06
6.108107073263816346e+03,8.919926364960000309e-06
6.107624943404587611e+03,8.899962534239999330e-06
6.107142813545359786e+03,8.850052957439999424e-06
6.106660683686131051e+03,8.809908297840000088e-06
6.106178553826903226e+03,8.789944467119999109e-06
6.105696423967674491e+03,8.779962551759999467e-06
6.105214294108445756e+03,8.789944467119999109e-06
6.104732164249217931e+03,8.789944467119999109e-06
6.104250034389990105e+03,8.809908297840000088e-06
6.103767904530761371e+03,8.850052957439999424e-06
6.103285774671532636e+03,8.899962534239999330e-06
6.102803644812303901e+03,8.960071024559999644e-06
6.102321514953076075e+03,8.999998685999999908e-06
6.101839385093848250e+03,8.990016770640000266e-06
6.101357255234619515e+03,8.970052939919999287e-06
6.100875125375390780e+03,8.950089109200000002e-06
6.100392995516162955e+03,8.940107193840000360e-06
6.099910865656934220e+03,8.950089109200000002e-06
6.099428735797706395e+03,8.950089109200000002e-06
6.098946605938477660e+03,8.950089109200000002e-06
6.098464476079248925e+03,8.970052939919999287e-06
6.097982346220021100e+03,9.009980601359999551e-06
6.097500216360792365e+03,9.060107176320000223e-06
6.097018086501564540e+03,9.090052922399999150e-06
6.096535956642335805e+03,9.100034837760000487e-06
6.096053826783107070e+03,9.090052922399999150e-06
6.095571696923879244e+03,9.080071007039999508e-06
6.095089567064650510e+03,9.070089091679999865e-06
6.094607437205422684e+03,9.080071007039999508e-06
6.094125307346193949e+03,9.080071007039999508e-06
6.093643177486965214e+03,9.090052922399999150e-06
6.093161047627737389e+03,9.090052922399999150e-06
6.092678917768508654e+03,9.090052922399999150e-06
6.092196787909280829e+03,9.110016753120000129e-06
6.091714658050052094e+03,9.129980583839999414e-06
6.091232528190823359e+03,9.149944414560000393e-06
6.090750398331595534e+03,9.169908245279999678e-06
6.090268268472366799e+03,9.180107158800000086e-06
6.089786138613138974e+03,9.190089074159999729e-06
6.089304008753910239e+03,9.200070989519999371e-06
6.088821878894681504e+03,9.220034820240000350e-06
6.088339749035453679e+03,9.230016735599999992e-06
6.087857619176224944e+03,9.230016735599999992e-06
6.087375489316997118e+03,9.200070989519999371e-06
6.086893359457768383e+03,9.169908245279999678e-06
6.086411229598539649e+03,9.159926329920000036e-06
6.085929099739311823e+03,9.180107158800000086e-06
6.085446969880083088e+03,9.200070989519999371e-06
6.084964840020855263e+03,9.210052904880000708e-06
6.084482710161626528e+03,9.210052904880000708e-06
6.084000580302397793e+03,9.220034820240000350e-06
6.083518450443169968e+03,9.239998650959999635e-06
6.083036320583942143e+03,9.269944397040000256e-06
6.082554190724713408e+03,9.300107141279999949e-06
6.082072060865484673e+03,9.310089056639999592e-06
6.081589931006255938e+03,9.310089056639999592e-06
6.081107801147028113e+03,9.289908227759999541e-06
6.080625671287800287e+03,9.289908227759999541e-06
6.080143541428571552e+03,9.289908227759999541e-06
6.079661411569342818e+03,9.289908227759999541e-06
6.079179281710114992e+03,9.279926312399999899e-06
6.078697151850886257e+03,9.269944397040000256e-06
6.078215021991658432e+03,9.279926312399999899e-06
6.077732892132429697e+03,9.320070971999999234e-06
6.077250762273200962e+03,9.369980548799999141e-06
6.076768632413973137e+03,9.420107123759999813e-06
6.076286502554744402e+03,9.440070954479999098e-06
6.075804372695516577e+03,9.450052869840000434e-06
6.075322242836287842e+03,9.460034785200000076e-06
6.074840112977059107e+03,9.470016700559999719e-06
6.074357983117831282e+03,9.479998615919999361e-06
6.073875853258602547e+03,9.479998615919999361e-06
6.073393723399374721e+03,9.450052869840000434e-06
6.072911593540145986e+03,9.399926294879999762e-06
6.072429463680917252e+03,9.359998633439999498e-06
6.071947333821689426e+03,9.350016718079999856e-06
6.071465203962460691e+03,9.399926294879999762e-06
6.070983074103232866e+03,9.460034785200000076e-06
6.070500944244004131e+03,9.529908192719999268e-06
6.070018814384775396e+03,9.580034767679999940e-06
6.069536684525547571e+03,9.619962429120000204e-06
6.069054554666318836e+03,9.649908175199999131e-06
6.068572424807091011e+03,9.670089004079999182e-06
6.068090294947862276e+03,9.680070919440000518e-06
6.067608165088633541e+03,9.660107088719999539e-06
6.067126035229405716e+03,9.639926259839999489e-06
6.066643905370176981e+03,9.609980513760000561e-06
6.066161775510949155e+03,9.609980513760000561e-06
6.065679645651720421e+03,9.619962429120000204e-06
6.065197515792491686e+03,9.639926259839999489e-06
6.064715385933263860e+03,9.670089004079999182e-06
6.064233256074035125e+03,9.700034750159999803e-06
6.063751126214807300e+03,9.739962411600000067e-06
6.063268996355578565e+03,9.800070901920000381e-06
6.062786866496349830e+03,9.869944309439999573e-06
6.062304736637122005e+03,9.930052799759999887e-06
6.061822606777894180e+03,9.950016630479999172e-06
6.061340476918665445e+03,9.940034715119999530e-06
6.060858347059436710e+03,9.920070884400000245e-06
6.060376217200207975e+03,9.910088969040000602e-06
6.059894087340980150e+03,9.910088969040000602e-06
6.059411957481752324e+03,9.920070884400000245e-06
6.058929827622523590e+03,9.930052799759999887e-06
6.058447697763294855e+03,9.950016630479999172e-06
6.057965567904067029e+03,9.989944291919999436e-06
6.057483438044838294e+03,1.009996235903999966e-05
6.057001308185610469e+03,1.019999851080000024e-05
6.056519178326381734e+03,1.019999851080000024e-05
6.056037048467152999e+03,1.030003466255999912e-05
6.055554918607925174e+03,1.030003466255999912e-05
6.055072788748696439e+03,1.030003466255999912e-05
6.054590658889468614e+03,1.030003466255999912e-05
6.054108529030239879e+03,1.030003466255999912e-05
6.053626399171011144e+03,1.040007081431999970e-05
6.053144269311783319e+03,1.040007081431999970e-05
6.052662139452554584e+03,1.040007081431999970e-05
6.052180009593326758e+03,1.040007081431999970e-05
6.051697879734098024e+03,1.040007081431999970e-05
6.051215749874869289e+03,1.050010696608000028e-05
6.050733620015641463e+03,1.050010696608000028e-05
6.050251490156412729e+03,1.059992611968000009e-05
6.049769360297184903e+03,1.059992611968000009e-05
6.049287230437956168e+03,1.069996227144000067e-05
6.048805100578727433e+03,1.079999842319999955e-05
6.048322970719499608e+03,1.090003457496000013e-05
6.047840840860270873e+03,1.090003457496000013e-05
6.047358711001043048e+03,1.090003457496000013e-05
6.046876581141814313e+03,1.090003457496000013e-05
6.046394451282585578e+03,1.090003457496000013e-05
6.045912321423357753e+03,1.090003457496000013e-05
6.045430191564129018e+03,1.100007072672000071e-05
6.044948061704901193e+03,1.100007072672000071e-05
6.044465931845672458e+03,1.100007072672000071e-05
6.043983801986443723e+03,1.110010687847999959e-05
6.043501672127215897e+03,1.119992603207999940e-05
6.043019542267987163e+03,1.129996218383999998e-05
6.042537412408759337e+03,1.139999833560000056e-05
6.042055282549530602e+03,1.139999833560000056e-05
6.041573152690301868e+03,1.139999833560000056e-05
6.041091022831074042e+03,1.150003448735999945e-05
6.040608892971846217e+03,1.150003448735999945e-05
6.040126763112617482e+03,1.160007063912000002e-05
6.039644633253388747e+03,1.160007063912000002e-05
6.039162503394160012e+03,1.160007063912000002e-05
6.038680373534932187e+03,1.160007063912000002e-05
6.038198243675704362e+03,1.170010679088000060e-05
6.037716113816475627e+03,1.179992594448000042e-05
6.037233983957246892e+03,1.189996209623999930e-05
6.036751854098019066e+03,1.199999824799999988e-05
6.036269724238790332e+03,1.210003439976000046e-05
6.035787594379562506e+03,1.220007055151999934e-05
6.035305464520333771e+03,1.230010670327999992e-05
6.034823334661105037e+03,1.230010670327999992e-05
6.034341204801877211e+03,1.239992585687999973e-05
6.033859074942648476e+03,1.249996200864000031e-05
6.033376945083420651e+03,1.249996200864000031e-05
6.032894815224191916e+03,1.249996200864000031e-05
6.032412685364963181e+03,1.259999816039999919e-05
6.031930555505735356e+03,1.270003431215999977e-05
6.031448425646506621e+03,1.280007046392000035e-05
6.030966295787278796e+03,1.299992576927999905e-05
6.030484165928050061e+03,1.309996192103999963e-05
6.030002036068821326e+03,1.319999807280000020e-05
6.029519906209593501e+03,1.330003422455999909e-05
6.029037776350364766e+03,1.340007037631999967e-05
6.028555646491136940e+03,1.350010652808000025e-05
6.028073516631908205e+03,1.359992568168000006e-05
6.027591386772679471e+03,1.369996183344000064e-05
6.027109256913451645e+03,1.379999798519999952e-05
6.026627127054222910e+03,1.390003413696000010e-05
6.026144997194995085e+03,1.400007028872000068e-05
6.025662867335766350e+03,1.410010644047999956e-05
6.025180737476537615e+03,1.419992559407999937e-05
6.024698607617309790e+03,1.429996174583999995e-05
6.024216477758081055e+03,1.450003404935999942e-05
6.023734347898853230e+03,1.460007020111999999e-05
6.023252218039624495e+03,1.479992550648000038e-05
6.022770088180395760e+03,1.499999780999999985e-05
6.022287958321167935e+03,1.520007011351999931e-05
6.021805828461939200e+03,1.530010626527999819e-05
6.021323698602711374e+03,1.549996157063999859e-05
6.020841568743482640e+03,1.570003387415999974e-05
6.020359438884253905e+03,1.580007002592000032e-05
6.019877309025026079e+03,1.599992533128000071e-05
6.019395179165798254e+03,1.619999763479999848e-05
6.018913049306569519e+03,1.640006993831999964e-05
6.018430919447340784e+03,1.650010609008000021e-05
6.017948789588112049e+03,1.669996139544000061e-05
6.017466659728884224e+03,1.700006985071999895e-05
6.016984529869656399e+03,1.719992515607999934e-05
6.016502400010427664e+03,1.750003361136000108e-05
6.016020270151198929e+03,1.779992506847999866e-05
6.015538140291971104e+03,1.799999737199999982e-05
6.015056010432742369e+03,1.830010582727999816e-05
6.014573880573514543e+03,1.859999728439999913e-05
6.014091750714285808e+03,1.890010573968000087e-05
6.013609620855057074e+03,1.909996104504000126e-05
6.013127490995829248e+03,1.940006950031999961e-05
6.012645361136600513e+03,1.959992480568000000e-05
6.012163231277372688e+03,1.990003326095999834e-05
6.011681101418143953e+03,2.010010556447999950e-05
6.011198971558915218e+03,2.039999702160000047e-05
6.010716841699687393e+03,2.079992463047999863e-05
6.010234711840458658e+03,2.110003308576000036e-05
6.009752581981230833e+03,2.149996069463999852e-05
6.009270452122002098e+03,2.190010530168000084e-05
6.008788322262773363e+03,2.230003291055999900e-05
6.008306192403545538e+03,2.269996051944000054e-05
6.007824062544316803e+03,2.300006897471999889e-05
6.007341932685088977e+03,2.339999658360000044e-05
6.006859802825860243e+03,2.370010503887999879e-05
6.006377672966631508e+03,2.410003264776000033e-05
6.005895543107403682e+03,2.449996025663999849e-05
6.005413413248174948e+03,2.490010486368000081e-05
6.004931283388947122e+03,2.530003247255999897e-05
6.004449153529718387e+03,2.569996008144000051e-05
6.003967023670489652e+03,2.619992384207999925e-05
6.003484893811261827e+03,2.660006844911999818e-05
6.003002763952033092e+03,2.710003220976000030e-05
6.002520634092805267e+03,2.759999597039999904e-05
6.002038504233576532e+03,2.809995973104000117e-05
6.001556374374347797e+03,2.850010433808000009e-05
6.001074244515119972e+03,2.890003194695999825e-05
6.000592114655891237e+03,2.929995955583999980e-05
6.000109984796663412e+03,2.970010416287999873e-05
5.999627854937434677e+03,3.010003177176000027e-05
5.999145725078205942e+03,3.049995938063999843e-05
5.998663595218978116e+03,3.080006783591999678e-05
5.998181465359750291e+03,3.119999544479999833e-05
5.997699335500521556e+03,3.159992305367999987e-05
5.997217205641292821e+03,3.200006766072000219e-05
5.996735075782064087e+03,3.239999526959999696e-05
5.996252945922836261e+03,3.279992287847999851e-05
5.995770816063608436e+03,3.310003133376000024e-05
5.995288686204379701e+03,3.339992279088000121e-05
5.994806556345150966e+03,3.370003124616000295e-05
5.994324426485923141e+03,3.399992270327999714e-05
5.993842296626694406e+03,3.419999500679999830e-05
5.993360166767466580e+03,3.440006731031999945e-05
5.992878036908237846e+03,3.459992261567999984e-05
5.992395907049009111e+03,3.479999491920000100e-05
5.991913777189781285e+03,3.500006722272000216e-05
5.991431647330552551e+03,3.510010337448000274e-05
5.990949517471324725e+03,3.529995867983999635e-05
5.990467387612095990e+03,3.539999483159999693e-05
5.989985257752867255e+03,3.560006713511999809e-05
5.989503127893639430e+03,3.570010328687999866e-05
5.989020998034410695e+03,3.589995859223999906e-05
5.988538868175182870e+03,3.599999474399999963e-05
5.988056738315954135e+03,3.610003089576000021e-05
5.987574608456725400e+03,3.610003089576000021e-05
5.987092478597497575e+03,3.620006704752000079e-05
5.986610348738268840e+03,3.620006704752000079e-05
5.986128218879041015e+03,3.630010319928000137e-05
5.985646089019812280e+03,3.639992235288000118e-05
5.985163959160583545e+03,3.639992235288000118e-05
5.984681829301355720e+03,3.649995850464000176e-05
5.984199699442126985e+03,3.659999465640000234e-05
5.983717569582899159e+03,3.670003080816000292e-05
5.983235439723670424e+03,3.690010311167999730e-05
5.982753309864441690e+03,3.709995841703999769e-05
5.982271180005213864e+03,3.730003072055999884e-05
5.981789050145985129e+03,3.750010302408000000e-05
5.981306920286757304e+03,3.769995832944000039e-05
5.980824790427528569e+03,3.800006678472000213e-05
5.980342660568299834e+03,3.819992209008000252e-05
5.979860530709072009e+03,3.839999439359999690e-05
5.979378400849843274e+03,3.860006669711999806e-05
5.978896270990615449e+03,3.879992200247999845e-05
5.978414141131386714e+03,3.910003045776000018e-05
5.977932011272157979e+03,3.939992191488000115e-05
5.977449881412930154e+03,3.980006652191999669e-05
5.976967751553701419e+03,4.019999413079999824e-05
5.976485621694473593e+03,4.059992173967999978e-05
5.976003491835244859e+03,4.100006634672000210e-05
5.975521361976016124e+03,4.150003010735999745e-05
5.975039232116788298e+03,4.189995771623999899e-05
5.974557102257560473e+03,4.239992147688000112e-05
5.974074972398331738e+03,4.280006608391999666e-05
5.973592842539103003e+03,4.319999369279999821e-05
5.973110712679875178e+03,4.369995745344000033e-05
5.972628582820646443e+03,4.400006590872000207e-05
5.972146452961418618e+03,4.439999351759999684e-05
5.971664323102189883e+03,4.479992112647999839e-05
5.971182193242961148e+03,4.520006573352000070e-05
5.970700063383733323e+03,4.559999334240000225e-05
5.970217933524504588e+03,4.609995710303999760e-05
5.969735803665276762e+03,4.650010171007999991e-05
5.969253673806048027e+03,4.690002931896000146e-05
5.968771543946819293e+03,4.729995692783999623e-05
5.968289414087591467e+03,4.760006538311999796e-05
5.967807284228362732e+03,4.789995684023999893e-05
5.967325154369134907e+03,4.820006529552000067e-05
5.966843024509906172e+03,4.839992060088000106e-05
5.966360894650677437e+03,4.859999290440000222e-05
5.965878764791449612e+03,4.880006520791999660e-05
5.965396634932220877e+03,4.899992051327999699e-05
5.964914505072993052e+03,4.909995666503999757e-05
5.964432375213764317e+03,4.919999281679999814e-05
5.963950245354535582e+03,4.930002896855999872e-05
5.963468115495307757e+03,4.940006512031999930e-05
5.962985985636079022e+03,4.950010127207999988e-05
5.962503855776851196e+03,4.950010127207999988e-05
5.962021725917622462e+03,4.950010127207999988e-05
5.961539596058393727e+03,4.950010127207999988e-05
5.961057466199165901e+03,4.940006512031999930e-05
5.960575336339937166e+03,4.940006512031999930e-05
5.960093206480709341e+03,4.930002896855999872e-05
5.959611076621480606e+03,4.919999281679999814e-05
5.959128946762251871e+03,4.909995666503999757e-05
5.958646816903024046e+03,4.899992051327999699e-05
5.958164687043795311e+03,4.890010135967999717e-05
5.957682557184567486e+03,4.880006520791999660e-05
5.957200427325338751e+03,4.870002905616000279e-05
5.956718297466110016e+03,4.859999290440000222e-05
5.956236167606882191e+03,4.849995675264000164e-05
5.955754037747653456e+03,4.849995675264000164e-05
5.955271907888425631e+03,4.839992060088000106e-05
5.954789778029196896e+03,4.830010144728000125e-05
5.954307648169968161e+03,4.830010144728000125e-05
5.953825518310740335e+03,4.820006529552000067e-05
5.953343388451512510e+03,4.820006529552000067e-05
5.952861258592283775e+03,4.820006529552000067e-05
5.952379128733055040e+03,4.820006529552000067e-05
5.951896998873827215e+03,4.820006529552000067e-05
5.951414869014598480e+03,4.820006529552000067e-05
5.950932739155370655e+03,4.830010144728000125e-05
5.950450609296141920e+03,4.839992060088000106e-05
5.949968479436913185e+03,4.849995675264000164e-05
5.949486349577685360e+03,4.870002905616000279e-05
5.949004219718456625e+03,4.880006520791999660e-05
5.948522089859228799e+03,4.899992051327999699e-05
5.948039960000000065e+03,4.930002896855999872e-05
5.947557830140771330e+03,4.950010127207999988e-05
5.947075700281543504e+03,4.979999272920000085e-05
5.946593570422314770e+03,5.000006503272000201e-05
5.946111440563086944e+03,5.029995648983999620e-05
5.945629310703858209e+03,5.050002879335999735e-05
5.945147180844629474e+03,5.079992025047999832e-05
5.944665050985401649e+03,5.110002870576000006e-05
5.944182921126172914e+03,5.149995631464000161e-05
5.943700791266945089e+03,5.190010092167999714e-05
5.943218661407716354e+03,5.230002853055999869e-05
5.942736531548487619e+03,5.279999229120000082e-05
5.942254401689259794e+03,5.319991990008000237e-05
5.941772271830031059e+03,5.360006450711999790e-05
5.941290141970803234e+03,5.399999211599999945e-05
5.940808012111574499e+03,5.439991972488000100e-05
5.940325882252345764e+03,5.490010048367999711e-05
5.939843752393117938e+03,5.530002809255999866e-05
5.939361622533889204e+03,5.579999185320000079e-05
5.938879492674661378e+03,5.619991946208000234e-05
5.938397362815432643e+03,5.670010022087999845e-05
5.937915232956203909e+03,5.710002782976000000e-05
5.937433103096976083e+03,5.759999159040000212e-05
5.936950973237747348e+03,5.819999150279999805e-05
5.936468843378519523e+03,5.869995526344000018e-05
5.935986713519290788e+03,5.919991902408000230e-05
5.935504583660062053e+03,5.970009978287999842e-05
5.935022453800834228e+03,6.020006354352000055e-05
5.934540323941605493e+03,6.080006345591999647e-05
5.934058194082377668e+03,6.140006336832000595e-05
5.933576064223148933e+03,6.190002712895999453e-05
5.933093934363920198e+03,6.239999088959999665e-05
5.932611804504692373e+03,6.299999080199999936e-05
5.932129674645464547e+03,6.349995456264000148e-05
5.931647544786235812e+03,6.409995447504000419e-05
5.931165414927007077e+03,6.469995438743999334e-05
5.930683285067779252e+03,6.529995429983999605e-05
5.930201155208550517e+03,6.589995421223999875e-05
5.929719025349322692e+03,6.649995412464000145e-05
5.929236895490093957e+03,6.709995403704000416e-05
5.928754765630865222e+03,6.779999010119999389e-05
5.928272635771637397e+03,6.839999001359999659e-05
5.927790505912408662e+03,6.910002607775999988e-05
5.927308376053180837e+03,6.970002599016000258e-05
5.926826246193952102e+03,7.040006205432000586e-05
5.926344116334723367e+03,7.110009811847999559e-05
5.925861986475495542e+03,7.179991718447999811e-05
5.925379856616266807e+03,7.249995324864000139e-05
5.924897726757038981e+03,7.319998931280000468e-05
5.924415596897810246e+03,7.390002537695999441e-05
5.923933467038581512e+03,7.460006144111999769e-05
5.923451337179353686e+03,7.539991665888000078e-05
5.922969207320124951e+03,7.609995272304000407e-05
5.922487077460897126e+03,7.679998878719999380e-05
5.922004947601668391e+03,7.750002485135999708e-05
5.921522817742439656e+03,7.820006091552000036e-05
5.921040687883211831e+03,7.890009697968000365e-05
5.920558558023983096e+03,7.959991604567999261e-05
5.920076428164755271e+03,8.039998826159999647e-05
5.919594298305526536e+03,8.099998817399999918e-05
5.919112168446297801e+03,8.170002423816000246e-05
5.918630038587069976e+03,8.230002415056000516e-05
5.918147908727841241e+03,8.290002406295999431e-05
5.917665778868613415e+03,8.350002397535999702e-05
5.917183649009384681e+03,8.410002388775999972e-05
5.916701519150155946e+03,8.480005995192000301e-05
5.916219389290928120e+03,8.530002371256000513e-05
5.915737259431699385e+03,8.590002362495999428e-05
5.915255129572471560e+03,8.650002353735999699e-05
5.914772999713242825e+03,8.699998729799999911e-05
5.914290869854014090e+03,8.759998721040000182e-05
5.913808739994786265e+03,8.809995097104000395e-05
5.913326610135557530e+03,8.869995088343999310e-05
5.912844480276329705e+03,8.919991464407999522e-05
5.912362350417100970e+03,8.970009540287999811e-05
5.911880220557872235e+03,9.010002301175999966e-05
5.911398090698644410e+03,9.049995062064000121e-05
5.910915960839416584e+03,9.080005907592000295e-05
5.910433830980187849e+03,9.119998668480000449e-05
5.909951701120959115e+03,9.159991429367999249e-05
5.909469571261731289e+03,9.210009505247999538e-05
5.908987441402502554e+03,9.250002266135999693e-05
5.908505311543274729e+03,9.299998642199999905e-05
5.908023181684045994e+03,9.339991403088000060e-05
5.907541051824817259e+03,9.380005863792000291e-05
5.907058921965589434e+03,9.419998624680000446e-05
5.906576792106360699e+03,9.450009470207999264e-05
5.906094662247132874e+03,9.490002231095999419e-05
5.905612532387904139e+03,9.519991376807999516e-05
5.905130402528675404e+03,9.560005837511999748e-05
5.904648272669447579e+03,9.599998598399999902e-05
5.904166142810218844e+03,9.639991359288000057e-05
5.903684012950991018e+03,9.680005819992000288e-05
5.903201883091762284e+03,9.730002196056000501e-05
5.902719753232533549e+03,9.779998572119999358e-05
5.902237623373305723e+03,9.829994948183999571e-05
5.901755493514076989e+03,9.879991324247999784e-05
5.901273363654849163e+03,9.930009400128000073e-05
5.900791233795620428e+03,9.980005776192000285e-05
5.900309103936391693e+03,9.999991306728000324e-05
5.899826974077163868e+03,1.010000575867199947e-04
5.899344844217935133e+03,1.010000575867199947e-04
5.898862714358707308e+03,1.019999851079999990e-04
5.898380584499478573e+03,1.029999126292800032e-04
5.897898454640249838e+03,1.029999126292800032e-04
5.897416324781022013e+03,1.040000571487199947e-04
5.896934194921793278e+03,1.040000571487199947e-04
5.896452065062565453e+03,1.049999846699999989e-04
5.895969935203336718e+03,1.059999121912800032e-04
5.895487805344107983e+03,1.070000567107199946e-04
5.895005675484880157e+03,1.070000567107199946e-04
5.894523545625651423e+03,1.079999842319999989e-04
5.894041415766423597e+03,1.089999117532800032e-04
5.893559285907194862e+03,1.100000562727199946e-04
5.893077156047966128e+03,1.100000562727199946e-04
5.892595026188738302e+03,1.109999837939999989e-04
5.892112896329509567e+03,1.119999113152800031e-04
5.891630766470281742e+03,1.130000558347199946e-04
5.891148636611053007e+03,1.130000558347199946e-04
5.890666506751824272e+03,1.139999833559999988e-04
5.890184376892596447e+03,1.149999108772800031e-04
5.889702247033368621e+03,1.160000553967199946e-04
5.889220117174139887e+03,1.160000553967199946e-04
5.888737987314911152e+03,1.169999829179999988e-04
5.888255857455683326e+03,1.179999104392800031e-04
5.887773727596454592e+03,1.179999104392800031e-04
5.887291597737226766e+03,1.190000549587199945e-04
5.886809467877998031e+03,1.199999824799999988e-04
5.886327338018769296e+03,1.199999824799999988e-04
5.885845208159541471e+03,1.209999100012800030e-04
5.885363078300312736e+03,1.209999100012800030e-04
5.884880948441084911e+03,1.220000545207199945e-04
5.884398818581856176e+03,1.220000545207199945e-04
5.883916688722627441e+03,1.229999820420000123e-04
5.883434558863399616e+03,1.229999820420000123e-04
5.882952429004170881e+03,1.229999820420000123e-04
5.882470299144943056e+03,1.229999820420000123e-04
5.881988169285714321e+03,1.239999095632799894e-04
5.881506039426485586e+03,1.239999095632799894e-04
5.881023909567257761e+03,1.239999095632799894e-04
5.880541779708029026e+03,1.239999095632799894e-04
5.880059649848801200e+03,1.239999095632799894e-04
5.879577519989572465e+03,1.250000540827199945e-04
5.879095390130343731e+03,1.250000540827199945e-04
5.878613260271115905e+03,1.250000540827199945e-04
5.878131130411887170e+03,1.250000540827199945e-04
5.877649000552659345e+03,1.250000540827199945e-04
5.877166870693430610e+03,1.239999095632799894e-04
5.876684740834201875e+03,1.239999095632799894e-04
5.876202610974974050e+03,1.239999095632799894e-04
5.875720481115745315e+03,1.239999095632799894e-04
5.875238351256517490e+03,1.239999095632799894e-04
5.874756221397288755e+03,1.239999095632799894e-04
5.874274091538060020e+03,1.239999095632799894e-04
5.873791961678832195e+03,1.239999095632799894e-04
5.873309831819603460e+03,1.229999820420000123e-04
5.872827701960375634e+03,1.229999820420000123e-04
5.872345572101146900e+03,1.229999820420000123e-04
5.871863442241918165e+03,1.229999820420000123e-04
5.871381312382690339e+03,1.220000545207199945e-04
5.870899182523461604e+03,1.220000545207199945e-04
5.870417052664233779e+03,1.220000545207199945e-04
5.869934922805005044e+03,1.209999100012800030e-04
5.869452792945776309e+03,1.209999100012800030e-04
5.868970663086548484e+03,1.209999100012800030e-04
5.868488533227320659e+03,1.199999824799999988e-04
5.868006403368091924e+03,1.199999824799999988e-04
5.867524273508863189e+03,1.199999824799999988e-04
5.867042143649634454e+03,1.190000549587199945e-04
5.866560013790406629e+03,1.190000549587199945e-04
5.866077883931178803e+03,1.179999104392800031e-04
5.865595754071950068e+03,1.179999104392800031e-04
5.865113624212721334e+03,1.169999829179999988e-04
5.864631494353493508e+03,1.169999829179999988e-04
5.864149364494264773e+03,1.160000553967199946e-04
5.863667234635036948e+03,1.160000553967199946e-04
5.863185104775808213e+03,1.149999108772800031e-04
5.862702974916579478e+03,1.149999108772800031e-04
5.862220845057351653e+03,1.139999833559999988e-04
5.861738715198122918e+03,1.130000558347199946e-04
5.861256585338895093e+03,1.130000558347199946e-04
5.860774455479666358e+03,1.119999113152800031e-04
5.860292325620437623e+03,1.119999113152800031e-04
5.859810195761209798e+03,1.109999837939999989e-04
5.859328065901981063e+03,1.100000562727199946e-04
5.858845936042753237e+03,1.100000562727199946e-04
5.858363806183524503e+03,1.089999117532800032e-04
5.857881676324295768e+03,1.089999117532800032e-04
5.857399546465067942e+03,1.079999842319999989e-04
5.856917416605839207e+03,1.070000567107199946e-04
5.856435286746611382e+03,1.070000567107199946e-04
5.855953156887382647e+03,1.059999121912800032e-04
5.855471027028153912e+03,1.059999121912800032e-04
5.854988897168926087e+03,1.049999846699999989e-04
5.854506767309697352e+03,1.040000571487199947e-04
5.854024637450469527e+03,1.040000571487199947e-04
5.853542507591240792e+03,1.029999126292800032e-04
5.853060377732012057e+03,1.029999126292800032e-04
5.852578247872784232e+03,1.019999851079999990e-04
5.852096118013555497e+03,1.019999851079999990e-04
5.851613988154327672e+03,1.010000575867199947e-04
5.851131858295098937e+03,9.999991306728000324e-05
5.850649728435870202e+03,9.999991306728000324e-05
5.850167598576642376e+03,9.949994930664000112e-05
5.849685468717413642e+03,9.910002169775999957e-05
5.849203338858185816e+03,9.870009408887999802e-05
5.848721208998957081e+03,9.829994948183999571e-05
5.848239079139728346e+03,9.800005802471999474e-05
5.847756949280500521e+03,9.769994956943999301e-05
5.847274819421272696e+03,9.740005811232000559e-05
5.846792689562043961e+03,9.709994965704000385e-05
5.846310559702815226e+03,9.690009435168000346e-05
5.845828429843586491e+03,9.659998589640000173e-05
5.845346299984358666e+03,9.639991359288000057e-05
5.844864170125130840e+03,9.630009443928000076e-05
5.844382040265902106e+03,9.610002213575999960e-05
5.843899910406673371e+03,9.599998598399999902e-05
5.843417780547445545e+03,9.599998598399999902e-05
5.842935650688216811e+03,9.599998598399999902e-05
5.842453520828988985e+03,9.599998598399999902e-05
5.841971390969760250e+03,9.599998598399999902e-05
5.841489261110531515e+03,9.610002213575999960e-05
5.841007131251303690e+03,9.620005828752000018e-05
5.840525001392074955e+03,9.639991359288000057e-05
5.840042871532847130e+03,9.659998589640000173e-05
5.839560741673618395e+03,9.680005819992000288e-05
5.839078611814389660e+03,9.690009435168000346e-05
5.838596481955161835e+03,9.709994965704000385e-05
5.838114352095933100e+03,9.730002196056000501e-05
5.837632222236705275e+03,9.759991341767999243e-05
5.837150092377476540e+03,9.779998572119999358e-05
5.836667962518247805e+03,9.819991333007999513e-05
5.836185832659019979e+03,9.850002178535999687e-05
5.835703702799791245e+03,9.889994939423999841e-05
5.835221572940563419e+03,9.930009400128000073e-05
5.834739443081334684e+03,9.970002161016000228e-05
5.834257313222105950e+03,9.999991306728000324e-05
5.833775183362878124e+03,1.010000575867199947e-04
5.833293053503649389e+03,1.010000575867199947e-04
5.832810923644421564e+03,1.010000575867199947e-04
5.832328793785192829e+03,1.019999851079999990e-04
5.831846663925964094e+03,1.019999851079999990e-04
5.831364534066736269e+03,1.029999126292800032e-04
5.830882404207507534e+03,1.029999126292800032e-04
5.830400274348279709e+03,1.040000571487199947e-04
5.829918144489050974e+03,1.040000571487199947e-04
5.829436014629822239e+03,1.049999846699999989e-04
5.828953884770594414e+03,1.059999121912800032e-04
5.828471754911365679e+03,1.059999121912800032e-04
5.827989625052137853e+03,1.070000567107199946e-04
5.827507495192909118e+03,1.079999842319999989e-04
5.827025365333680384e+03,1.089999117532800032e-04
5.826543235474452558e+03,1.100000562727199946e-04
5.826061105615224733e+03,1.109999837939999989e-04
5.825578975755995998e+03,1.109999837939999989e-04
5.825096845896767263e+03,1.119999113152800031e-04
5.824614716037538528e+03,1.130000558347199946e-04
5.824132586178310703e+03,1.149999108772800031e-04
5.823650456319082878e+03,1.160000553967199946e-04
5.823168326459854143e+03,1.169999829179999988e-04
5.822686196600625408e+03,1.179999104392800031e-04
5.822204066741397583e+03,1.190000549587199945e-04
5.821721936882168848e+03,1.209999100012800030e-04
5.821239807022941022e+03,1.220000545207199945e-04
5.820757677163712287e+03,1.229999820420000123e-04
5.820275547304483553e+03,1.250000540827199945e-04
5.819793417445255727e+03,1.259999816039999987e-04
5.819311287586026992e+03,1.280000536447200080e-04
5.818829157726799167e+03,1.289999811660000122e-04
5.818347027867570432e+03,1.310000532067199944e-04
5.817864898008341697e+03,1.319999807279999987e-04
5.817382768149113872e+03,1.340000527687200079e-04
5.816900638289885137e+03,1.349999802900000122e-04
5.816418508430657312e+03,1.370000523307199943e-04
5.815936378571428577e+03,1.389999073732800028e-04
5.815454248712199842e+03,1.400000518927200079e-04
5.814972118852972017e+03,1.419999069352799893e-04
5.814489988993743282e+03,1.439999789759999985e-04
5.814007859134515456e+03,1.449999064972800028e-04
5.813525729275286722e+03,1.469999785380000121e-04
5.813043599416057987e+03,1.479999060592799892e-04
5.812561469556830161e+03,1.499999780999999985e-04
5.812079339697601426e+03,1.509999056212800027e-04
5.811597209838373601e+03,1.529999776620000120e-04
5.811115079979144866e+03,1.539999051832799891e-04
5.810632950119916131e+03,1.550000497027199942e-04
5.810150820260688306e+03,1.569999047452800027e-04
5.809668690401459571e+03,1.580000492647200077e-04
5.809186560542231746e+03,1.589999767860000119e-04
5.808704430683003011e+03,1.599999043072799891e-04
5.808222300823774276e+03,1.610000488267199941e-04
5.807740170964546451e+03,1.619999763479999984e-04
5.807258041105317716e+03,1.629999038692800026e-04
5.806775911246089890e+03,1.640000483887200076e-04
5.806293781386861156e+03,1.649999759100000119e-04
5.805811651527632421e+03,1.649999759100000119e-04
5.805329521668404595e+03,1.659999034312799890e-04
5.804847391809176770e+03,1.659999034312799890e-04
5.804365261949948035e+03,1.670000479507199940e-04
5.803883132090719300e+03,1.670000479507199940e-04
5.803401002231490565e+03,1.679999754719999983e-04
5.802918872372262740e+03,1.679999754719999983e-04
5.802436742513034915e+03,1.679999754719999983e-04
5.801954612653806180e+03,1.689999029932800025e-04
5.801472482794577445e+03,1.689999029932800025e-04
5.800990352935349620e+03,1.689999029932800025e-04
5.800508223076120885e+03,1.689999029932800025e-04
5.800026093216893059e+03,1.689999029932800025e-04
5.799543963357664325e+03,1.689999029932800025e-04
5.799061833498435590e+03,1.689999029932800025e-04
5.798579703639207764e+03,1.689999029932800025e-04
5.798097573779979029e+03,1.689999029932800025e-04
5.797615443920751204e+03,1.689999029932800025e-04
5.797133314061522469e+03,1.689999029932800025e-04
5.796651184202293734e+03,1.679999754719999983e-04
5.796169054343065909e+03,1.679999754719999983e-04
5.795686924483837174e+03,1.679999754719999983e-04
5.795204794624609349e+03,1.679999754719999983e-04
5.794722664765380614e+03,1.679999754719999983e-04
5.794240534906151879e+03,1.679999754719999983e-04
5.793758405046924054e+03,1.670000479507199940e-04
5.793276275187695319e+03,1.670000479507199940e-04
5.792794145328467494e+03,1.670000479507199940e-04
5.792312015469238759e+03,1.670000479507199940e-04
5.791829885610010024e+03,1.670000479507199940e-04
5.791347755750782198e+03,1.659999034312799890e-04
5.790865625891553464e+03,1.659999034312799890e-04
5.790383496032325638e+03,1.659999034312799890e-04
5.789901366173096903e+03,1.649999759100000119e-04
5.789419236313868169e+03,1.649999759100000119e-04
5.788937106454640343e+03,1.649999759100000119e-04
5.788454976595411608e+03,1.640000483887200076e-04
5.787972846736183783e+03,1.640000483887200076e-04
5.787490716876955048e+03,1.640000483887200076e-04
5.787008587017726313e+03,1.640000483887200076e-04
5.786526457158498488e+03,1.629999038692800026e-04
5.786044327299269753e+03,1.629999038692800026e-04
5.785562197440041928e+03,1.629999038692800026e-04
5.785080067580813193e+03,1.619999763479999984e-04
5.784597937721584458e+03,1.619999763479999984e-04
5.784115807862356633e+03,1.619999763479999984e-04
5.783633678003128807e+03,1.610000488267199941e-04
5.783151548143900072e+03,1.610000488267199941e-04
5.782669418284671337e+03,1.610000488267199941e-04
5.782187288425442603e+03,1.599999043072799891e-04
5.781705158566214777e+03,1.599999043072799891e-04
5.781223028706986952e+03,1.599999043072799891e-04
5.780740898847758217e+03,1.589999767860000119e-04
5.780258768988529482e+03,1.589999767860000119e-04
5.779776639129301657e+03,1.589999767860000119e-04
5.779294509270072922e+03,1.589999767860000119e-04
5.778812379410845097e+03,1.580000492647200077e-04
5.778330249551616362e+03,1.580000492647200077e-04
5.777848119692387627e+03,1.580000492647200077e-04
5.777365989833159801e+03,1.569999047452800027e-04
5.776883859973931067e+03,1.569999047452800027e-04
5.776401730114703241e+03,1.569999047452800027e-04
5.775919600255474506e+03,1.559999772239999984e-04
5.775437470396245772e+03,1.559999772239999984e-04
5.774955340537017946e+03,1.559999772239999984e-04
5.774473210677789211e+03,1.550000497027199942e-04
5.773991080818561386e+03,1.550000497027199942e-04
5.773508950959332651e+03,1.550000497027199942e-04
5.773026821100103916e+03,1.539999051832799891e-04
5.772544691240876091e+03,1.539999051832799891e-04
5.772062561381647356e+03,1.539999051832799891e-04
5.771580431522419531e+03,1.529999776620000120e-04
5.771098301663190796e+03,1.529999776620000120e-04
5.770616171803962061e+03,1.529999776620000120e-04
5.770134041944734236e+03,1.529999776620000120e-04
5.769651912085505501e+03,1.520000501407200077e-04
5.769169782226277675e+03,1.520000501407200077e-04
5.768687652367048941e+03,1.520000501407200077e-04
5.768205522507820206e+03,1.509999056212800027e-04
5.767723392648592380e+03,1.509999056212800027e-04
5.767241262789363645e+03,1.509999056212800027e-04
5.766759132930135820e+03,1.509999056212800027e-04
5.766277003070907085e+03,1.499999780999999985e-04
5.765794873211678350e+03,1.499999780999999985e-04
5.765312743352450525e+03,1.499999780999999985e-04
5.764830613493221790e+03,1.499999780999999985e-04
5.764348483633993965e+03,1.490000505787199942e-04
5.763866353774765230e+03,1.490000505787199942e-04
5.763384223915536495e+03,1.490000505787199942e-04
5.762902094056308670e+03,1.490000505787199942e-04
5.762419964197079935e+03,1.479999060592799892e-04
5.761937834337852109e+03,1.479999060592799892e-04
5.761455704478623375e+03,1.479999060592799892e-04
5.760973574619394640e+03,1.479999060592799892e-04
5.760491444760166814e+03,1.479999060592799892e-04
5.760009314900938989e+03,1.479999060592799892e-04
5.759527185041710254e+03,1.479999060592799892e-04
5.759045055182481519e+03,1.469999785380000121e-04
5.758562925323253694e+03,1.469999785380000121e-04
5.758080795464024959e+03,1.469999785380000121e-04
5.757598665604797134e+03,1.469999785380000121e-04
5.757116535745568399e+03,1.469999785380000121e-04
5.756634405886339664e+03,1.469999785380000121e-04
5.756152276027111839e+03,1.469999785380000121e-04
5.755670146167883104e+03,1.469999785380000121e-04
5.755188016308655278e+03,1.469999785380000121e-04
5.754705886449426544e+03,1.479999060592799892e-04
5.754223756590197809e+03,1.479999060592799892e-04
5.753741626730969983e+03,1.479999060592799892e-04
5.753259496871741248e+03,1.479999060592799892e-04
5.752777367012513423e+03,1.490000505787199942e-04
5.752295237153284688e+03,1.490000505787199942e-04
5.751813107294055953e+03,1.490000505787199942e-04
5.751330977434828128e+03,1.490000505787199942e-04
5.750848847575599393e+03,1.499999780999999985e-04
5.750366717716371568e+03,1.499999780999999985e-04
5.749884587857142833e+03,1.509999056212800027e-04
5.749402457997914098e+03,1.509999056212800027e-04
5.748920328138686273e+03,1.520000501407200077e-04
5.748438198279457538e+03,1.529999776620000120e-04
5.747956068420229713e+03,1.529999776620000120e-04
5.747473938561000978e+03,1.539999051832799891e-04
5.746991808701772243e+03,1.550000497027199942e-04
5.746509678842544417e+03,1.550000497027199942e-04
5.746027548983316592e+03,1.559999772239999984e-04
5.745545419124087857e+03,1.569999047452800027e-04
5.745063289264859122e+03,1.580000492647200077e-04
5.744581159405630387e+03,1.589999767860000119e-04
5.744099029546402562e+03,1.599999043072799891e-04
5.743616899687174737e+03,1.599999043072799891e-04
5.743134769827946002e+03,1.610000488267199941e-04
5.742652639968717267e+03,1.619999763479999984e-04
5.742170510109488532e+03,1.629999038692800026e-04
5.741688380250260707e+03,1.640000483887200076e-04
5.741206250391032881e+03,1.649999759100000119e-04
5.740724120531804147e+03,1.659999034312799890e-04
5.740241990672575412e+03,1.659999034312799890e-04
5.739759860813346677e+03,1.670000479507199940e-04
5.739277730954118852e+03,1.679999754719999983e-04
5.738795601094891026e+03,1.689999029932800025e-04
5.738313471235662291e+03,1.700000475127200076e-04
5.737831341376433556e+03,1.709999750340000118e-04
5.737349211517204822e+03,1.709999750340000118e-04
5.736867081657976996e+03,1.719999025552799890e-04
5.736384951798749171e+03,1.730000470747199940e-04
5.735902821939520436e+03,1.730000470747199940e-04
5.735420692080291701e+03,1.739999745959999982e-04
5.734938562221062966e+03,1.749999021172800025e-04
5.734456432361835141e+03,1.749999021172800025e-04
5.733974302502607316e+03,1.760000466367200075e-04
5.733492172643378581e+03,1.760000466367200075e-04
5.733010042784149846e+03,1.769999741580000118e-04
5.732527912924921111e+03,1.769999741580000118e-04
5.732045783065693286e+03,1.779999016792799889e-04
5.731563653206465460e+03,1.779999016792799889e-04
5.731081523347236725e+03,1.790000461987199939e-04
5.730599393488007991e+03,1.790000461987199939e-04
5.730117263628780165e+03,1.790000461987199939e-04
5.729635133769551430e+03,1.799999737199999982e-04
5.729153003910323605e+03,1.799999737199999982e-04
5.728670874051094870e+03,1.799999737199999982e-04
5.728188744191866135e+03,1.799999737199999982e-04
5.727706614332638310e+03,1.809999012412800024e-04
5.727224484473409575e+03,1.809999012412800024e-04
5.726742354614181750e+03,1.809999012412800024e-04
5.726260224754953015e+03,1.809999012412800024e-04
5.725778094895724280e+03,1.809999012412800024e-04
5.725295965036496455e+03,1.809999012412800024e-04
5.724813835177268629e+03,1.809999012412800024e-04
5.724331705318039894e+03,1.809999012412800024e-04
5.723849575458811159e+03,1.809999012412800024e-04
5.723367445599582425e+03,1.809999012412800024e-04
5.722885315740354599e+03,1.809999012412800024e-04
5.722403185881126774e+03,1.809999012412800024e-04
5.721921056021898039e+03,1.799999737199999982e-04
5.721438926162669304e+03,1.799999737199999982e-04
5.720956796303440569e+03,1.799999737199999982e-04
5.720474666444212744e+03,1.799999737199999982e-04
5.719992536584984919e+03,1.790000461987199939e-04
5.719510406725756184e+03,1.790000461987199939e-04
5.719028276866527449e+03,1.790000461987199939e-04
5.718546147007298714e+03,1.779999016792799889e-04
5.718064017148070889e+03,1.769999741580000118e-04
5.717581887288843063e+03,1.769999741580000118e-04
5.717099757429614328e+03,1.760000466367200075e-04
5.716617627570385594e+03,1.749999021172800025e-04
5.716135497711156859e+03,1.749999021172800025e-04
5.715653367851929033e+03,1.739999745959999982e-04
5.715171237992701208e+03,1.730000470747199940e-04
5.714689108133472473e+03,1.719999025552799890e-04
5.714206978274243738e+03,1.709999750340000118e-04
5.713724848415015003e+03,1.709999750340000118e-04
5.713242718555787178e+03,1.700000475127200076e-04
5.712760588696559353e+03,1.689999029932800025e-04
5.712278458837330618e+03,1.679999754719999983e-04
5.711796328978101883e+03,1.670000479507199940e-04
5.711314199118873148e+03,1.659999034312799890e-04
5.710832069259645323e+03,1.640000483887200076e-04
5.710349939400417497e+03,1.629999038692800026e-04
5.709867809541188763e+03,1.619999763479999984e-04
5.709385679681960028e+03,1.610000488267199941e-04
5.708903549822732202e+03,1.599999043072799891e-04
5.708421419963503467e+03,1.589999767860000119e-04
5.707939290104275642e+03,1.580000492647200077e-04
5.707457160245046907e+03,1.559999772239999984e-04
5.706975030385818172e+03,1.550000497027199942e-04
5.706492900526590347e+03,1.539999051832799891e-04
5.706010770667361612e+03,1.529999776620000120e-04
5.705528640808133787e+03,1.509999056212800027e-04
5.705046510948905052e+03,1.499999780999999985e-04
5.704564381089676317e+03,1.490000505787199942e-04
5.704082251230448492e+03,1.469999785380000121e-04
5.703600121371220666e+03,1.460000510167200078e-04
5.703117991511991931e+03,1.449999064972800028e-04
5.702635861652763197e+03,1.430000514547199943e-04
5.702153731793534462e+03,1.419999069352799893e-04
5.701671601934306636e+03,1.409999794140000121e-04
5.701189472075078811e+03,1.389999073732800028e-04
5.700707342215850076e+03,1.379999798519999986e-04
5.700225212356621341e+03,1.370000523307199943e-04
5.699743082497392606e+03,1.349999802900000122e-04
5.699260952638164781e+03,1.340000527687200079e-04
5.698778822778936956e+03,1.329999082492800029e-04
5.698296692919708221e+03,1.310000532067199944e-04
5.697814563060479486e+03,1.299999086872799894e-04
5.697332433201250751e+03,1.289999811660000122e-04
5.696850303342022926e+03,1.269999091252800030e-04
5.696368173482795100e+03,1.259999816039999987e-04
5.695886043623566366e+03,1.250000540827199945e-04
5.695403913764337631e+03,1.229999820420000123e-04
5.694921783905108896e+03,1.220000545207199945e-04
5.694439654045881070e+03,1.199999824799999988e-04
5.693957524186653245e+03,1.190000549587199945e-04
5.693475394327424510e+03,1.179999104392800031e-04
5.692993264468195775e+03,1.169999829179999988e-04
5.692511134608967041e+03,1.149999108772800031e-04
5.692029004749739215e+03,1.139999833559999988e-04
5.691546874890511390e+03,1.130000558347199946e-04
5.691064745031282655e+03,1.119999113152800031e-04
5.690582615172053920e+03,1.100000562727199946e-04
5.690100485312825185e+03,1.089999117532800032e-04
5.689618355453597360e+03,1.079999842319999989e-04
5.689136225594369535e+03,1.070000567107199946e-04
5.688654095735140800e+03,1.059999121912800032e-04
5.688171965875912065e+03,1.040000571487199947e-04
5.687689836016684239e+03,1.029999126292800032e-04
5.687207706157455505e+03,1.019999851079999990e-04
5.686725576298227679e+03,1.010000575867199947e-04
5.686243446438998944e+03,9.990009391368000343e-05
5.685761316579770210e+03,9.889994939423999841e-05
5.685279186720542384e+03,9.779998572119999358e-05
5.684797056861313649e+03,9.680005819992000288e-05
5.684314927002085824e+03,9.579991368047999787e-05
5.683832797142857089e+03,9.479998615919999361e-05
5.683350667283628354e+03,9.390009478968000349e-05
5.682868537424400529e+03,9.289995027023999848e-05
5.682386407565172703e+03,9.190002274895999422e-05
5.681904277705943969e+03,9.099991438128000334e-05
5.681422147846715234e+03,9.010002301175999966e-05
5.680940017987486499e+03,8.919991464407999522e-05
5.680457888128258674e+03,8.840005942632000568e-05
5.679975758269030848e+03,8.759998721040000182e-05
5.679493628409802113e+03,8.679991499447999796e-05
5.679011498550573378e+03,8.600005977671999486e-05
5.678529368691344644e+03,8.519998756080000455e-05
5.678047238832116818e+03,8.449995149664000127e-05
5.677565108972888993e+03,8.379991543247999799e-05
5.677082979113660258e+03,8.310009636647999547e-05
5.676600849254431523e+03,8.240006030232000574e-05
5.676118719395202788e+03,8.170002423816000246e-05
5.675636589535974963e+03,8.089995202223999860e-05
5.675154459676747138e+03,8.029995210983999589e-05
5.674672329817518403e+03,7.959991604567999261e-05
5.674190199958289668e+03,7.890009697968000365e-05
5.673708070099060933e+03,7.830009706728000094e-05
5.673225940239833108e+03,7.760006100311999766e-05
5.672743810380605282e+03,7.700006109071999495e-05
5.672261680521376547e+03,7.640006117832000580e-05
5.671779550662147813e+03,7.580006126592000310e-05
5.671297420802919078e+03,7.520006135352000039e-05
5.670815290943691252e+03,7.460006144111999769e-05
5.670333161084463427e+03,7.390002537695999441e-05
5.669851031225234692e+03,7.319998931280000468e-05
5.669368901366005957e+03,7.259998940040000197e-05
5.668886771506777222e+03,7.189995333623999869e-05
5.668404641647549397e+03,7.119991727207999541e-05
5.667922511788321572e+03,7.059991735967999270e-05
5.667440381929092837e+03,6.999991744728000355e-05
5.666958252069864102e+03,6.930009838128000103e-05
5.666476122210636277e+03,6.870009846887999833e-05
5.665993992351407542e+03,6.810009855647999562e-05
5.665511862492179716e+03,6.750009864407999292e-05
5.665029732632950981e+03,6.690009873168000377e-05
5.664547602773722247e+03,6.630009881928000106e-05
5.664065472914494421e+03,6.560006275511999778e-05
5.663583343055265686e+03,6.500006284271999508e-05
5.663101213196037861e+03,6.440006293032000592e-05
5.662619083336809126e+03,6.370002686616000264e-05
5.662136953477580391e+03,6.299999080199999936e-05
5.661654823618352566e+03,6.239999088959999665e-05
5.661172693759124741e+03,6.169995482543999337e-05
5.660690563899896006e+03,6.109995491304000422e-05
5.660208434040667271e+03,6.049995500064000152e-05
5.659726304181438536e+03,5.999999123999999939e-05
5.659244174322210711e+03,5.950002747935999726e-05
5.658762044462982885e+03,5.900006371872000191e-05
5.658279914603754150e+03,5.850009995807999979e-05
5.657797784744525416e+03,5.790010004567999708e-05
5.657315654885296681e+03,5.739991928688000097e-05
5.656833525026068855e+03,5.679991937447999826e-05
5.656351395166841030e+03,5.619991946208000234e-05
5.655869265307612295e+03,5.569995570144000021e-05
5.655387135448383560e+03,5.509995578903999750e-05
5.654905005589154825e+03,5.459999202840000215e-05
5.654422875729927000e+03,5.410002826776000003e-05
5.653940745870699175e+03,5.360006450711999790e-05
5.653458616011470440e+03,5.310010074648000255e-05
5.652976486152241705e+03,5.269995613944000024e-05
5.652494356293012970e+03,5.230002853055999869e-05
5.652012226433785145e+03,5.190010092167999714e-05
5.651530096574557319e+03,5.149995631464000161e-05
5.651047966715328585e+03,5.110002870576000006e-05
5.650565836856099850e+03,5.070010109687999851e-05
5.650083706996871115e+03,5.029995648983999620e-05
5.649601577137643289e+03,4.990002888096000143e-05
5.649119447278415464e+03,4.940006512031999930e-05
5.648637317419186729e+03,4.899992051327999699e-05
5.648155187559957994e+03,4.859999290440000222e-05
5.647673057700729260e+03,4.820006529552000067e-05
5.647190927841501434e+03,4.770010153487999854e-05
5.646708797982273609e+03,4.739999307959999681e-05
5.646226668123044874e+03,4.700006547072000204e-05
5.645744538263816139e+03,4.669995701544000030e-05
5.645262408404588314e+03,4.630002940655999875e-05
5.644780278545359579e+03,4.599992095127999702e-05
5.644298148686131753e+03,4.570002949416000282e-05
5.643816018826903019e+03,4.530010188528000128e-05
5.643333888967674284e+03,4.489995727823999896e-05
5.642851759108446458e+03,4.450002966935999742e-05
5.642369629249217724e+03,4.410010206048000264e-05
5.641887499389989898e+03,4.369995745344000033e-05
5.641405369530761163e+03,4.330002984455999878e-05
5.640923239671532428e+03,4.290010223567999724e-05
5.640441109812304603e+03,4.249995762864000170e-05
5.639958979953076778e+03,4.220006617152000073e-05
5.639476850093848043e+03,4.179992156447999842e-05
5.638994720234619308e+03,4.150003010735999745e-05
5.638512590375390573e+03,4.110010249848000268e-05
5.638030460516162748e+03,4.079999404320000094e-05
5.637548330656934922e+03,4.040006643431999939e-05
5.637066200797706188e+03,3.999992182727999708e-05
5.636584070938477453e+03,3.959999421840000231e-05
5.636101941079248718e+03,3.920006660952000076e-05
5.635619811220020893e+03,3.870010284887999863e-05
5.635137681360793067e+03,3.829995824183999632e-05
5.634655551501564332e+03,3.790003063296000155e-05
5.634173421642335597e+03,3.750010302408000000e-05
5.633691291783106863e+03,3.709995841703999769e-05
5.633209161923879037e+03,3.670003080816000292e-05
5.632727032064651212e+03,3.630010319928000137e-05
5.632244902205422477e+03,3.599999474399999963e-05
5.631762772346193742e+03,3.560006713511999809e-05
5.631280642486965007e+03,3.519992252808000255e-05
5.630798512627737182e+03,3.490003107096000158e-05
5.630316382768509357e+03,3.450010346208000003e-05
5.629834252909280622e+03,3.409995885503999772e-05
5.629352123050051887e+03,3.359999509440000237e-05
5.628869993190823152e+03,3.320006748552000082e-05
5.628387863331595327e+03,3.279992287847999851e-05
5.627905733472367501e+03,3.239999526959999696e-05
5.627423603613138766e+03,3.210010381248000277e-05
5.626941473753910032e+03,3.169995920544000045e-05
5.626459343894681297e+03,3.140006774831999948e-05
5.625977214035453471e+03,3.099992314127999717e-05
5.625495084176225646e+03,3.070003168416000298e-05
5.625012954316996911e+03,3.039992322888000124e-05
5.624530824457768176e+03,3.010003177176000027e-05
5.624048694598540351e+03,2.979992331647999854e-05
5.623566564739311616e+03,2.950003185936000096e-05
5.623084434880083791e+03,2.919992340407999922e-05
5.622602305020855056e+03,2.879999579520000106e-05
5.622120175161626321e+03,2.850010433808000009e-05
5.621638045302398496e+03,2.819999588279999836e-05
5.621155915443169761e+03,2.780006827392000020e-05
5.620673785583941935e+03,2.749995981863999846e-05
5.620191655724713200e+03,2.720006836152000088e-05
5.619709525865484466e+03,2.699999605799999973e-05
5.619227396006256640e+03,2.670010460087999876e-05
5.618745266147028815e+03,2.650003229736000099e-05
5.618263136287800080e+03,2.629995999383999983e-05
5.617781006428571345e+03,2.600006853671999886e-05
5.617298876569342610e+03,2.569996008144000051e-05
5.616816746710114785e+03,2.550010477608000012e-05
5.616334616850886960e+03,2.530003247255999897e-05
5.615852486991658225e+03,2.499992401728000062e-05
5.615370357132429490e+03,2.470003256015999965e-05
5.614888227273200755e+03,2.449996025663999849e-05
5.614406097413972930e+03,2.420006879952000091e-05
5.613923967554745104e+03,2.399999649599999976e-05
5.613441837695516369e+03,2.379992419247999860e-05
5.612959707836287635e+03,2.360006888711999821e-05
5.612477577977058900e+03,2.350003273536000102e-05
5.611995448117831074e+03,2.329996043183999986e-05
5.611513318258603249e+03,2.310010512647999947e-05
5.611031188399374514e+03,2.290003282295999831e-05
5.610549058540145779e+03,2.279999667120000112e-05
5.610066928680917044e+03,2.259992436767999997e-05
5.609584798821689219e+03,2.240006906231999958e-05
5.609102668962461394e+03,2.230003291055999900e-05
5.608620539103232659e+03,2.209996060704000123e-05
5.608138409244003924e+03,2.199992445528000065e-05
5.607656279384775189e+03,2.180006914992000026e-05
5.607174149525547364e+03,2.159999684639999910e-05
5.606692019666319538e+03,2.149996069463999852e-05
5.606209889807090804e+03,2.139992454288000133e-05
5.605727759947862069e+03,2.130010538927999813e-05
5.605245630088633334e+03,2.120006923752000094e-05
5.604763500229405508e+03,2.120006923752000094e-05
5.604281370370177683e+03,2.110003308576000036e-05
5.603799240510948948e+03,2.099999693399999979e-05
5.603317110651720213e+03,2.089996078223999921e-05
5.602834980792492388e+03,2.070010547687999882e-05
5.602352850933263653e+03,2.060006932511999824e-05
5.601870721074035828e+03,2.050003317336000105e-05
5.601388591214807093e+03,2.039999702160000047e-05
5.600906461355578358e+03,2.039999702160000047e-05
5.600424331496350533e+03,2.029996086983999989e-05
5.599942201637121798e+03,2.019992471807999931e-05
5.599460071777893972e+03,2.019992471807999931e-05
5.598977941918665238e+03,2.019992471807999931e-05
5.598495812059436503e+03,2.010010556447999950e-05
5.598013682200208677e+03,2.010010556447999950e-05
5.597531552340980852e+03,2.010010556447999950e-05
5.597049422481752117e+03,2.010010556447999950e-05
5.596567292622523382e+03,2.000006941271999892e-05
5.596085162763294647e+03,2.000006941271999892e-05
5.595603032904066822e+03,1.990003326095999834e-05
5.595120903044838997e+03,1.990003326095999834e-05
5.594638773185610262e+03,1.979999710920000115e-05
5.594156643326381527e+03,1.979999710920000115e-05
5.593674513467152792e+03,1.969996095744000058e-05
5.593192383607924967e+03,1.969996095744000058e-05
5.592710253748697141e+03,1.969996095744000058e-05
5.592228123889468407e+03,1.969996095744000058e-05
5.591745994030239672e+03,1.969996095744000058e-05
5.591263864171010937e+03,1.969996095744000058e-05
5.590781734311783111e+03,1.969996095744000058e-05
5.590299604452555286e+03,1.969996095744000058e-05
5.589817474593326551e+03,1.969996095744000058e-05
5.589335344734097816e+03,1.969996095744000058e-05
5.588853214874869082e+03,1.959992480568000000e-05
5.588371085015641256e+03,1.959992480568000000e-05
5.587888955156413431e+03,1.950010565208000018e-05
5.587406825297184696e+03,1.950010565208000018e-05
5.586924695437955961e+03,1.940006950031999961e-05
5.586442565578727226e+03,1.940006950031999961e-05
5.585960435719499401e+03,1.940006950031999961e-05
5.585478305860271576e+03,1.940006950031999961e-05
5.584996176001042841e+03,1.940006950031999961e-05
5.584514046141814106e+03,1.940006950031999961e-05
5.584031916282585371e+03,1.940006950031999961e-05
5.583549786423357546e+03,1.930003334855999903e-05
5.583067656564129720e+03,1.930003334855999903e-05
5.582585526704900985e+03,1.919999719679999845e-05
5.582103396845672250e+03,1.919999719679999845e-05
5.581621266986443516e+03,1.909996104504000126e-05
5.581139137127215690e+03,1.909996104504000126e-05
5.580657007267987865e+03,1.899992489328000068e-05
5.580174877408759130e+03,1.890010573968000087e-05
5.579692747549530395e+03,1.890010573968000087e-05
5.579210617690302570e+03,1.880006958792000029e-05
5.578728487831073835e+03,1.880006958792000029e-05
5.578246357971846010e+03,1.880006958792000029e-05
5.577764228112617275e+03,1.870003343615999971e-05
5.577282098253388540e+03,1.870003343615999971e-05
5.576799968394160715e+03,1.859999728439999913e-05
5.576317838534931980e+03,1.859999728439999913e-05
5.575835708675704154e+03,1.849996113263999855e-05
5.575353578816475419e+03,1.849996113263999855e-05
5.574871448957246685e+03,1.839992498088000136e-05
5.574389319098018859e+03,1.830010582727999816e-05
5.573907189238791034e+03,1.820006967552000097e-05
5.573425059379562299e+03,1.810003352376000040e-05
5.572942929520333564e+03,1.810003352376000040e-05
5.572460799661104829e+03,1.810003352376000040e-05
5.571978669801877004e+03,1.799999737199999982e-05
5.571496539942649179e+03,1.799999737199999982e-05
5.571014410083420444e+03,1.799999737199999982e-05
5.570532280224191709e+03,1.799999737199999982e-05
5.570050150364962974e+03,1.789996122023999924e-05
5.569568020505735149e+03,1.779992506847999866e-05
5.569085890646507323e+03,1.779992506847999866e-05
5.568603760787278588e+03,1.770010591487999885e-05
5.568121630928049854e+03,1.760006976311999827e-05
5.567639501068821119e+03,1.760006976311999827e-05
5.567157371209593293e+03,1.750003361136000108e-05
5.566675241350365468e+03,1.739999745960000050e-05
5.566193111491136733e+03,1.729996130783999992e-05
5.565710981631907998e+03,1.719992515607999934e-05
5.565228851772679263e+03,1.719992515607999934e-05
5.564746721913451438e+03,1.719992515607999934e-05
5.564264592054223613e+03,1.719992515607999934e-05
5.563782462194994878e+03,1.710010600247999953e-05
5.563300332335766143e+03,1.710010600247999953e-05
5.562818202476537408e+03,1.700006985071999895e-05
5.562336072617309583e+03,1.690003369895999837e-05
5.561853942758081757e+03,1.679999754720000118e-05
5.561371812898853022e+03,1.669996139544000061e-05
5.560889683039624288e+03,1.659992524368000003e-05
5.560407553180395553e+03,1.659992524368000003e-05
5.559925423321167727e+03,1.650010609008000021e-05
5.559443293461939902e+03,1.650010609008000021e-05
5.558961163602711167e+03,1.640006993831999964e-05
5.558479033743482432e+03,1.640006993831999964e-05
5.557996903884254607e+03,1.630003378655999906e-05
5.557514774025025872e+03,1.630003378655999906e-05
5.557032644165798047e+03,1.630003378655999906e-05
5.556550514306569312e+03,1.619999763479999848e-05
5.556068384447340577e+03,1.619999763479999848e-05
5.555586254588112752e+03,1.609996148304000129e-05
5.555104124728884017e+03,1.590010617768000090e-05
5.554621994869656191e+03,1.580007002592000032e-05
5.554139865010427457e+03,1.570003387415999974e-05
5.553657735151198722e+03,1.570003387415999974e-05
5.553175605291970896e+03,1.570003387415999974e-05
5.552693475432743071e+03,1.559999772239999916e-05
5.552211345573514336e+03,1.559999772239999916e-05
5.551729215714285601e+03,1.559999772239999916e-05
5.551247085855056866e+03,1.559999772239999916e-05
5.550764955995829041e+03,1.559999772239999916e-05
5.550282826136601216e+03,1.549996157063999859e-05
5.549800696277372481e+03,1.549996157063999859e-05
5.549318566418143746e+03,1.539992541888000140e-05
5.548836436558915011e+03,1.539992541888000140e-05
5.548354306699687186e+03,1.539992541888000140e-05
5.547872176840459360e+03,1.530010626527999819e-05
5.547390046981230626e+03,1.530010626527999819e-05
5.546907917122001891e+03,1.520007011351999931e-05
5.546425787262773156e+03,1.520007011351999931e-05
5.545943657403545330e+03,1.520007011351999931e-05
5.545461527544317505e+03,1.520007011351999931e-05
5.544979397685088770e+03,1.520007011351999931e-05
5.544497267825860035e+03,1.520007011351999931e-05
5.544015137966631301e+03,1.520007011351999931e-05
5.543533008107403475e+03,1.520007011351999931e-05
5.543050878248175650e+03,1.520007011351999931e-05
5.542568748388946915e+03,1.510003396176000043e-05
5.542086618529718180e+03,1.510003396176000043e-05
5.541604488670489445e+03,1.510003396176000043e-05
5.541122358811261620e+03,1.499999780999999985e-05
5.540640228952033794e+03,1.499999780999999985e-05
5.540158099092805060e+03,1.499999780999999985e-05
5.539675969233576325e+03,1.499999780999999985e-05
5.539193839374347590e+03,1.499999780999999985e-05
5.538711709515119765e+03,1.499999780999999985e-05
5.538229579655891939e+03,1.510003396176000043e-05
5.537747449796663204e+03,1.510003396176000043e-05
5.537265319937434469e+03,1.510003396176000043e-05
5.536783190078206644e+03,1.510003396176000043e-05
5.536301060218977909e+03,1.510003396176000043e-05
5.535818930359750084e+03,1.510003396176000043e-05
5.535336800500521349e+03,1.510003396176000043e-05
5.534854670641292614e+03,1.499999780999999985e-05
5.534372540782064789e+03,1.499999780999999985e-05
5.533890410922836054e+03,1.499999780999999985e-05
5.533408281063608229e+03,1.499999780999999985e-05
5.532926151204379494e+03,1.499999780999999985e-05
5.532444021345150759e+03,1.499999780999999985e-05
5.531961891485922933e+03,1.499999780999999985e-05
5.531479761626695108e+03,1.499999780999999985e-05
5.530997631767466373e+03,1.499999780999999985e-05
5.530515501908237638e+03,1.499999780999999985e-05
5.530033372049008904e+03,1.499999780999999985e-05
5.529551242189781078e+03,1.489996165823999927e-05
5.529069112330553253e+03,1.489996165823999927e-05
5.528586982471324518e+03,1.479992550648000038e-05
5.528104852612095783e+03,1.479992550648000038e-05
5.527622722752867048e+03,1.470010635288000057e-05
5.527140592893639223e+03,1.470010635288000057e-05
5.526658463034411398e+03,1.460007020111999999e-05
5.526176333175182663e+03,1.460007020111999999e-05
5.525694203315953928e+03,1.460007020111999999e-05
5.525212073456725193e+03,1.460007020111999999e-05
5.524729943597497368e+03,1.460007020111999999e-05
5.524247813738269542e+03,1.460007020111999999e-05
5.523765683879040807e+03,1.460007020111999999e-05
5.523283554019812073e+03,1.450003404935999942e-05
5.522801424160583338e+03,1.450003404935999942e-05
5.522319294301355512e+03,1.450003404935999942e-05
5.521837164442127687e+03,1.439999789760000053e-05
5.521355034582898952e+03,1.439999789760000053e-05
5.520872904723670217e+03,1.429996174583999995e-05
5.520390774864441482e+03,1.419992559407999937e-05
5.519908645005213657e+03,1.419992559407999937e-05
5.519426515145985832e+03,1.419992559407999937e-05
5.518944385286757097e+03,1.419992559407999937e-05
5.518462255427528362e+03,1.419992559407999937e-05
5.517980125568299627e+03,1.419992559407999937e-05
5.517497995709071802e+03,1.419992559407999937e-05
5.517015865849843976e+03,1.419992559407999937e-05
5.516533735990615241e+03,1.419992559407999937e-05
5.516051606131386507e+03,1.419992559407999937e-05
5.515569476272158681e+03,1.419992559407999937e-05
5.515087346412929946e+03,1.410010644047999956e-05
5.514605216553702121e+03,1.410010644047999956e-05
5.514123086694473386e+03,1.400007028872000068e-05
5.513640956835244651e+03,1.400007028872000068e-05
5.513158826976016826e+03,1.400007028872000068e-05
5.512676697116788091e+03,1.400007028872000068e-05
5.512194567257560266e+03,1.400007028872000068e-05
5.511712437398331531e+03,1.400007028872000068e-05
5.511230307539102796e+03,1.410010644047999956e-05
5.510748177679874971e+03,1.410010644047999956e-05
5.510266047820647145e+03,1.410010644047999956e-05
5.509783917961418410e+03,1.410010644047999956e-05
5.509301788102189676e+03,1.410010644047999956e-05
5.508819658242960941e+03,1.410010644047999956e-05
5.508337528383733115e+03,1.410010644047999956e-05
5.507855398524505290e+03,1.410010644047999956e-05
5.507373268665276555e+03,1.410010644047999956e-05
5.506891138806047820e+03,1.410010644047999956e-05
5.506409008946819085e+03,1.410010644047999956e-05
5.505926879087591260e+03,1.410010644047999956e-05
5.505444749228363435e+03,1.419992559407999937e-05
5.504962619369134700e+03,1.419992559407999937e-05
5.504480489509905965e+03,1.429996174583999995e-05
5.503998359650677230e+03,1.429996174583999995e-05
5.503516229791449405e+03,1.429996174583999995e-05
5.503034099932221579e+03,1.439999789760000053e-05
5.502551970072992845e+03,1.439999789760000053e-05
5.502069840213764110e+03,1.450003404935999942e-05
5.501587710354535375e+03,1.450003404935999942e-05
5.501105580495307549e+03,1.450003404935999942e-05
5.500623450636079724e+03,1.439999789760000053e-05
5.500141320776850989e+03,1.439999789760000053e-05
5.499659190917622254e+03,1.450003404935999942e-05
5.499177061058393519e+03,1.450003404935999942e-05
5.498694931199165694e+03,1.460007020111999999e-05
5.498212801339937869e+03,1.460007020111999999e-05
5.497730671480709134e+03,1.470010635288000057e-05
5.497248541621480399e+03,1.479992550648000038e-05
5.496766411762251664e+03,1.479992550648000038e-05
5.496284281903023839e+03,1.489996165823999927e-05
5.495802152043796013e+03,1.489996165823999927e-05
5.495320022184567279e+03,1.499999780999999985e-05
5.494837892325338544e+03,1.499999780999999985e-05
5.494355762466110718e+03,1.499999780999999985e-05
5.493873632606881984e+03,1.499999780999999985e-05
5.493391502747654158e+03,1.499999780999999985e-05
5.492909372888425423e+03,1.510003396176000043e-05
5.492427243029196688e+03,1.510003396176000043e-05
5.491945113169968863e+03,1.520007011351999931e-05
5.491462983310740128e+03,1.530010626527999819e-05
5.490980853451512303e+03,1.539992541888000140e-05
5.490498723592283568e+03,1.549996157063999859e-05
5.490016593733054833e+03,1.549996157063999859e-05
5.489534463873827008e+03,1.559999772239999916e-05
5.489052334014599182e+03,1.559999772239999916e-05
5.488570204155370448e+03,1.570003387415999974e-05
5.488088074296141713e+03,1.580007002592000032e-05
5.487605944436912978e+03,1.580007002592000032e-05
5.487123814577685152e+03,1.590010617768000090e-05
5.486641684718457327e+03,1.590010617768000090e-05
5.486159554859228592e+03,1.599992533128000071e-05
5.485677424999999857e+03,1.599992533128000071e-05
5.485195295140771123e+03,1.609996148304000129e-05
5.484713165281543297e+03,1.619999763479999848e-05
5.484231035422315472e+03,1.630003378655999906e-05
5.483748905563086737e+03,1.640006993831999964e-05
5.483266775703858002e+03,1.650010609008000021e-05
5.482784645844629267e+03,1.650010609008000021e-05
5.482302515985401442e+03,1.659992524368000003e-05
5.481820386126173617e+03,1.659992524368000003e-05
5.481338256266944882e+03,1.669996139544000061e-05
5.480856126407716147e+03,1.669996139544000061e-05
5.480373996548487412e+03,1.669996139544000061e-05
5.479891866689259587e+03,1.669996139544000061e-05
5.479409736830031761e+03,1.669996139544000061e-05
5.478927606970803026e+03,1.679999754720000118e-05
5.478445477111574291e+03,1.690003369895999837e-05
5.477963347252345557e+03,1.690003369895999837e-05
5.477481217393117731e+03,1.700006985071999895e-05
5.476999087533889906e+03,1.710010600247999953e-05
5.476516957674661171e+03,1.719992515607999934e-05
5.476034827815432436e+03,1.719992515607999934e-05
5.475552697956203701e+03,1.729996130783999992e-05
5.475070568096975876e+03,1.729996130783999992e-05
5.474588438237748051e+03,1.719992515607999934e-05
5.474106308378519316e+03,1.729996130783999992e-05
5.473624178519290581e+03,1.729996130783999992e-05
5.473142048660062756e+03,1.729996130783999992e-05
5.472659918800834021e+03,1.729996130783999992e-05
5.472177788941606195e+03,1.739999745960000050e-05
5.471695659082377460e+03,1.750003361136000108e-05
5.471213529223148726e+03,1.750003361136000108e-05
5.470731399363920900e+03,1.760006976311999827e-05
5.470249269504692165e+03,1.770010591487999885e-05
5.469767139645464340e+03,1.779992506847999866e-05
5.469285009786235605e+03,1.779992506847999866e-05
5.468802879927006870e+03,1.789996122023999924e-05
5.468320750067779045e+03,1.789996122023999924e-05
5.467838620208551220e+03,1.799999737199999982e-05
5.467356490349322485e+03,1.799999737199999982e-05
5.466874360490093750e+03,1.799999737199999982e-05
5.466392230630865015e+03,1.810003352376000040e-05
5.465910100771637190e+03,1.810003352376000040e-05
5.465427970912409364e+03,1.820006967552000097e-05
5.464945841053180629e+03,1.830010582727999816e-05
5.464463711193951895e+03,1.839992498088000136e-05
5.463981581334723160e+03,1.849996113263999855e-05
5.463499451475495334e+03,1.859999728439999913e-05
5.463017321616267509e+03,1.870003343615999971e-05
5.462535191757038774e+03,1.880006958792000029e-05
5.462053061897810039e+03,1.899992489328000068e-05
5.461570932038581304e+03,1.899992489328000068e-05
5.461088802179353479e+03,1.909996104504000126e-05
5.460606672320125654e+03,1.919999719679999845e-05
5.460124542460896919e+03,1.919999719679999845e-05
5.459642412601668184e+03,1.930003334855999903e-05
5.459160282742439449e+03,1.940006950031999961e-05
5.458678152883211624e+03,1.950010565208000018e-05
5.458196023023983798e+03,1.959992480568000000e-05
5.457713893164755063e+03,1.969996095744000058e-05
5.457231763305526329e+03,1.990003326095999834e-05
5.456749633446297594e+03,2.000006941271999892e-05
5.456267503587069768e+03,2.019992471807999931e-05
5.455785373727841943e+03,2.029996086983999989e-05
5.455303243868613208e+03,2.039999702160000047e-05
5.454821114009384473e+03,2.060006932511999824e-05
5.454338984150155738e+03,2.070010547687999882e-05
5.453856854290927913e+03,2.079992463047999863e-05
5.453374724431700088e+03,2.089996078223999921e-05
5.452892594572471353e+03,2.099999693399999979e-05
5.452410464713242618e+03,2.110003308576000036e-05
5.451928334854014793e+03,2.120006923752000094e-05
5.451446204994786058e+03,2.130010538927999813e-05
5.450964075135558232e+03,2.149996069463999852e-05
5.450481945276329498e+03,2.159999684639999910e-05
5.449999815417100763e+03,2.180006914992000026e-05
5.449517685557872937e+03,2.190010530168000084e-05
5.449035555698644202e+03,2.199992445528000065e-05
5.448553425839416377e+03,2.209996060704000123e-05
5.448071295980187642e+03,2.219999675879999842e-05
5.447589166120958907e+03,2.230003291055999900e-05
5.447107036261731082e+03,2.240006906231999958e-05
5.446624906402503257e+03,2.250010521408000015e-05
5.446142776543274522e+03,2.259992436767999997e-05
5.445660646684045787e+03,2.269996051944000054e-05
5.445178516824817052e+03,2.279999667120000112e-05
5.444696386965589227e+03,2.300006897471999889e-05
5.444214257106361401e+03,2.310010512647999947e-05
5.443732127247132667e+03,2.319992428007999928e-05
5.443249997387903932e+03,2.339999658360000044e-05
5.442767867528675197e+03,2.350003273536000102e-05
5.442285737669447371e+03,2.360006888711999821e-05
5.441803607810219546e+03,2.370010503887999879e-05
5.441321477950990811e+03,2.379992419247999860e-05
5.440839348091762076e+03,2.389996034423999918e-05
5.440357218232533342e+03,2.399999649599999976e-05
5.439875088373305516e+03,2.399999649599999976e-05
5.439392958514077691e+03,2.410003264776000033e-05
5.438910828654848956e+03,2.420006879952000091e-05
5.438428698795620221e+03,2.430010495127999810e-05
5.437946568936391486e+03,2.430010495127999810e-05
5.437464439077163661e+03,2.449996025663999849e-05
5.436982309217935835e+03,2.459999640839999907e-05
5.436500179358707101e+03,2.470003256015999965e-05
5.436018049499478366e+03,2.490010486368000081e-05
5.435535919640249631e+03,2.490010486368000081e-05
5.435053789781021806e+03,2.499992401728000062e-05
5.434571659921793980e+03,2.499992401728000062e-05
5.434089530062565245e+03,2.509996016904000120e-05
5.433607400203336510e+03,2.509996016904000120e-05
5.433125270344107776e+03,2.519999632079999839e-05
5.432643140484879950e+03,2.519999632079999839e-05
5.432161010625652125e+03,2.519999632079999839e-05
5.431678880766423390e+03,2.530003247255999897e-05
5.431196750907194655e+03,2.540006862431999954e-05
5.430714621047966830e+03,2.550010477608000012e-05
5.430232491188738095e+03,2.559992392967999994e-05
5.429750361329510270e+03,2.559992392967999994e-05
5.429268231470281535e+03,2.569996008144000051e-05
5.428786101611052800e+03,2.569996008144000051e-05
5.428303971751824974e+03,2.569996008144000051e-05
5.427821841892596240e+03,2.579999623320000109e-05
5.427339712033368414e+03,2.579999623320000109e-05
5.426857582174139679e+03,2.579999623320000109e-05
5.426375452314910945e+03,2.579999623320000109e-05
5.425893322455683119e+03,2.579999623320000109e-05
5.425411192596455294e+03,2.579999623320000109e-05
5.424929062737226559e+03,2.579999623320000109e-05
5.424446932877997824e+03,2.579999623320000109e-05
5.423964803018769089e+03,2.579999623320000109e-05
5.423482673159541264e+03,2.579999623320000109e-05
5.423000543300313439e+03,2.579999623320000109e-05
5.422518413441084704e+03,2.569996008144000051e-05
5.422036283581855969e+03,2.569996008144000051e-05
5.421554153722627234e+03,2.559992392967999994e-05
5.421072023863399409e+03,2.559992392967999994e-05
5.420589894004171583e+03,2.550010477608000012e-05
5.420107764144942848e+03,2.540006862431999954e-05
5.419625634285714114e+03,2.530003247255999897e-05
5.419143504426485379e+03,2.519999632079999839e-05
5.418661374567257553e+03,2.509996016904000120e-05
5.418179244708029728e+03,2.509996016904000120e-05
5.417697114848800993e+03,2.499992401728000062e-05
5.417214984989572258e+03,2.490010486368000081e-05
5.416732855130343523e+03,2.490010486368000081e-05
5.416250725271115698e+03,2.480006871192000023e-05
5.415768595411887873e+03,2.480006871192000023e-05
5.415286465552659138e+03,2.470003256015999965e-05
5.414804335693430403e+03,2.459999640839999907e-05
5.414322205834201668e+03,2.449996025663999849e-05
5.413840075974973843e+03,2.439992410488000130e-05
5.413357946115746017e+03,2.430010495127999810e-05
5.412875816256517282e+03,2.410003264776000033e-05
5.412393686397288548e+03,2.399999649599999976e-05
5.411911556538059813e+03,2.389996034423999918e-05
5.411429426678831987e+03,2.389996034423999918e-05
5.410947296819604162e+03,2.379992419247999860e-05
5.410465166960375427e+03,2.370010503887999879e-05
5.409983037101146692e+03,2.370010503887999879e-05
5.409500907241918867e+03,2.360006888711999821e-05
5.409018777382690132e+03,2.360006888711999821e-05
5.408536647523462307e+03,2.350003273536000102e-05
5.408054517664233572e+03,2.339999658360000044e-05
5.407572387805004837e+03,2.329996043183999986e-05
5.407090257945777012e+03,2.319992428007999928e-05
5.406608128086548277e+03,2.310010512647999947e-05
5.406125998227320451e+03,2.300006897471999889e-05
5.405643868368091717e+03,2.300006897471999889e-05
5.405161738508862982e+03,2.290003282295999831e-05
5.404679608649635156e+03,2.290003282295999831e-05
5.404197478790407331e+03,2.279999667120000112e-05
5.403715348931178596e+03,2.279999667120000112e-05
5.403233219071949861e+03,2.279999667120000112e-05
5.402751089212721126e+03,2.279999667120000112e-05
5.402268959353493301e+03,2.279999667120000112e-05
5.401786829494265476e+03,2.279999667120000112e-05
5.401304699635036741e+03,2.269996051944000054e-05
5.400822569775808006e+03,2.269996051944000054e-05
5.400340439916579271e+03,2.259992436767999997e-05
5.399858310057351446e+03,2.259992436767999997e-05
5.399376180198123620e+03,2.259992436767999997e-05
5.398894050338894885e+03,2.259992436767999997e-05
5.398411920479666151e+03,2.259992436767999997e-05
5.397929790620437416e+03,2.259992436767999997e-05
5.397447660761209590e+03,2.259992436767999997e-05
5.396965530901981765e+03,2.259992436767999997e-05
5.396483401042753030e+03,2.259992436767999997e-05
5.396001271183524295e+03,2.269996051944000054e-05
5.395519141324295560e+03,2.269996051944000054e-05
5.395037011465067735e+03,2.269996051944000054e-05
5.394554881605839910e+03,2.269996051944000054e-05
5.394072751746611175e+03,2.269996051944000054e-05
5.393590621887382440e+03,2.269996051944000054e-05
5.393108492028153705e+03,2.269996051944000054e-05
5.392626362168925880e+03,2.259992436767999997e-05
5.392144232309698054e+03,2.259992436767999997e-05
5.391662102450469320e+03,2.259992436767999997e-05
5.391179972591240585e+03,2.259992436767999997e-05
5.390697842732011850e+03,2.269996051944000054e-05
5.390215712872784025e+03,2.269996051944000054e-05
5.389733583013556199e+03,2.279999667120000112e-05
5.389251453154327464e+03,2.279999667120000112e-05
5.388769323295098729e+03,2.279999667120000112e-05
5.388287193435870904e+03,2.279999667120000112e-05
5.387805063576642169e+03,2.279999667120000112e-05
5.387322933717414344e+03,2.279999667120000112e-05
5.386840803858185609e+03,2.279999667120000112e-05
5.386358673998956874e+03,2.269996051944000054e-05
5.385876544139729049e+03,2.269996051944000054e-05
5.385394414280500314e+03,2.269996051944000054e-05
5.384912284421272489e+03,2.259992436767999997e-05
5.384430154562043754e+03,2.259992436767999997e-05
5.383948024702815019e+03,2.259992436767999997e-05
5.383465894843587193e+03,2.259992436767999997e-05
5.382983764984359368e+03,2.269996051944000054e-05
5.382501635125130633e+03,2.269996051944000054e-05
5.382019505265901898e+03,2.269996051944000054e-05
5.381537375406673164e+03,2.259992436767999997e-05
5.381055245547445338e+03,2.259992436767999997e-05
5.380573115688217513e+03,2.250010521408000015e-05
5.380090985828988778e+03,2.250010521408000015e-05
5.379608855969760043e+03,2.240006906231999958e-05
5.379126726110531308e+03,2.240006906231999958e-05
5.378644596251303483e+03,2.230003291055999900e-05
5.378162466392075657e+03,2.230003291055999900e-05
5.377680336532846923e+03,2.230003291055999900e-05
5.377198206673618188e+03,2.219999675879999842e-05
5.376716076814389453e+03,2.230003291055999900e-05
5.376233946955161628e+03,2.230003291055999900e-05
5.375751817095933802e+03,2.230003291055999900e-05
5.375269687236705067e+03,2.219999675879999842e-05
5.374787557377476332e+03,2.219999675879999842e-05
5.374305427518247598e+03,2.209996060704000123e-05
5.373823297659019772e+03,2.209996060704000123e-05
5.373341167799791947e+03,2.199992445528000065e-05
5.372859037940563212e+03,2.190010530168000084e-05
5.372376908081334477e+03,2.180006914992000026e-05
5.371894778222105742e+03,2.180006914992000026e-05
5.371412648362877917e+03,2.180006914992000026e-05
5.370930518503650092e+03,2.170003299815999968e-05
5.370448388644421357e+03,2.170003299815999968e-05
5.369966258785192622e+03,2.170003299815999968e-05
5.369484128925963887e+03,2.170003299815999968e-05
5.369001999066736062e+03,2.159999684639999910e-05
5.368519869207508236e+03,2.159999684639999910e-05
5.368037739348279501e+03,2.159999684639999910e-05
5.367555609489050767e+03,2.149996069463999852e-05
5.367073479629822941e+03,2.139992454288000133e-05
5.366591349770594206e+03,2.130010538927999813e-05
5.366109219911366381e+03,2.120006923752000094e-05
5.365627090052137646e+03,2.110003308576000036e-05
5.365144960192908911e+03,2.099999693399999979e-05
5.364662830333681086e+03,2.089996078223999921e-05
5.364180700474452351e+03,2.089996078223999921e-05
5.363698570615224526e+03,2.079992463047999863e-05
5.363216440755995791e+03,2.079992463047999863e-05
5.362734310896767056e+03,2.070010547687999882e-05
5.362252181037539231e+03,2.070010547687999882e-05
5.361770051178311405e+03,2.070010547687999882e-05
5.361287921319082670e+03,2.070010547687999882e-05
5.360805791459853936e+03,2.060006932511999824e-05
5.360323661600625201e+03,2.050003317336000105e-05
5.359841531741397375e+03,2.039999702160000047e-05
5.359359401882169550e+03,2.029996086983999989e-05
5.358877272022940815e+03,2.019992471807999931e-05
5.358395142163712080e+03,2.010010556447999950e-05
5.357913012304483345e+03,2.010010556447999950e-05
5.357430882445255520e+03,2.000006941271999892e-05
5.356948752586027695e+03,2.000006941271999892e-05
5.356466622726798960e+03,2.000006941271999892e-05
5.355984492867570225e+03,2.000006941271999892e-05
5.355502363008341490e+03,2.000006941271999892e-05
5.355020233149113665e+03,2.000006941271999892e-05
5.354538103289885839e+03,1.990003326095999834e-05
5.354055973430657104e+03,1.990003326095999834e-05
5.353573843571428370e+03,1.979999710920000115e-05
5.353091713712199635e+03,1.979999710920000115e-05
5.352609583852971809e+03,1.969996095744000058e-05
5.352127453993743984e+03,1.969996095744000058e-05
5.351645324134515249e+03,1.959992480568000000e-05
5.351163194275286514e+03,1.959992480568000000e-05
5.350681064416057779e+03,1.959992480568000000e-05
5.350198934556829954e+03,1.959992480568000000e-05
5.349716804697602129e+03,1.950010565208000018e-05
5.349234674838373394e+03,1.950010565208000018e-05
5.348752544979144659e+03,1.950010565208000018e-05
5.348270415119915924e+03,1.950010565208000018e-05
5.347788285260688099e+03,1.940006950031999961e-05
5.347306155401460273e+03,1.940006950031999961e-05
5.346824025542231539e+03,1.930003334855999903e-05
5.346341895683002804e+03,1.919999719679999845e-05
5.345859765823774069e+03,1.909996104504000126e-05
5.345377635964546243e+03,1.909996104504000126e-05
5.344895506105318418e+03,1.899992489328000068e-05
5.344413376246089683e+03,1.899992489328000068e-05
5.343931246386860948e+03,1.890010573968000087e-05
5.343449116527633123e+03,1.890010573968000087e-05
5.342966986668404388e+03,1.880006958792000029e-05
5.342484856809176563e+03,1.880006958792000029e-05
5.342002726949947828e+03,1.870003343615999971e-05
5.341520597090719093e+03,1.870003343615999971e-05
5.341038467231491268e+03,1.859999728439999913e-05
5.340556337372262533e+03,1.849996113263999855e-05
5.340074207513034708e+03,1.830010582727999816e-05
5.339592077653805973e+03,1.820006967552000097e-05
5.339109947794577238e+03,1.810003352376000040e-05
5.338627817935349412e+03,1.799999737199999982e-05
5.338145688076121587e+03,1.789996122023999924e-05
5.337663558216892852e+03,1.770010591487999885e-05
5.337181428357664117e+03,1.770010591487999885e-05
5.336699298498435382e+03,1.760006976311999827e-05
5.336217168639207557e+03,1.760006976311999827e-05
5.335735038779979732e+03,1.750003361136000108e-05
5.335252908920750997e+03,1.739999745960000050e-05
5.334770779061522262e+03,1.729996130783999992e-05
5.334288649202293527e+03,1.719992515607999934e-05
5.333806519343065702e+03,1.710010600247999953e-05
5.333324389483837876e+03,1.700006985071999895e-05
5.332842259624609142e+03,1.679999754720000118e-05
5.332360129765380407e+03,1.669996139544000061e-05
5.331877999906151672e+03,1.659992524368000003e-05
5.331395870046923847e+03,1.650010609008000021e-05
5.330913740187696021e+03,1.640006993831999964e-05
5.330431610328467286e+03,1.630003378655999906e-05
5.329949480469238551e+03,1.619999763479999848e-05
5.329467350610009817e+03,1.609996148304000129e-05
5.328985220750781991e+03,1.599992533128000071e-05
5.328503090891554166e+03,1.580007002592000032e-05
5.328020961032325431e+03,1.570003387415999974e-05
5.327538831173096696e+03,1.570003387415999974e-05
5.327056701313867961e+03,1.559999772239999916e-05
5.326574571454640136e+03,1.549996157063999859e-05
5.326092441595412311e+03,1.530010626527999819e-05
5.325610311736183576e+03,1.520007011351999931e-05
5.325128181876954841e+03,1.510003396176000043e-05
5.324646052017726106e+03,1.499999780999999985e-05
5.324163922158498281e+03,1.489996165823999927e-05
5.323681792299270455e+03,1.479992550648000038e-05
5.323199662440041720e+03,1.479992550648000038e-05
5.322717532580812986e+03,1.470010635288000057e-05
5.322235402721585160e+03,1.470010635288000057e-05
5.321753272862356425e+03,1.470010635288000057e-05
5.321271143003128600e+03,1.460007020111999999e-05
5.320789013143899865e+03,1.450003404935999942e-05
5.320306883284671130e+03,1.450003404935999942e-05
5.319824753425443305e+03,1.439999789760000053e-05
5.319342623566214570e+03,1.429996174583999995e-05
5.318860493706986745e+03,1.419992559407999937e-05
5.318378363847758010e+03,1.410010644047999956e-05
5.317896233988529275e+03,1.410010644047999956e-05
5.317414104129301450e+03,1.400007028872000068e-05
5.316931974270073624e+03,1.400007028872000068e-05
5.316449844410844889e+03,1.400007028872000068e-05
5.315967714551616154e+03,1.400007028872000068e-05
5.315485584692387420e+03,1.400007028872000068e-05
5.315003454833159594e+03,1.400007028872000068e-05
5.314521324973931769e+03,1.400007028872000068e-05
5.314039195114703034e+03,1.400007028872000068e-05
5.313557065255474299e+03,1.400007028872000068e-05
5.313074935396245564e+03,1.390003413696000010e-05
5.312592805537017739e+03,1.390003413696000010e-05
5.312110675677789914e+03,1.379999798519999952e-05
5.311628545818561179e+03,1.379999798519999952e-05
5.311146415959332444e+03,1.379999798519999952e-05
5.310664286100103709e+03,1.379999798519999952e-05
5.310182156240875884e+03,1.379999798519999952e-05
5.309700026381648058e+03,1.379999798519999952e-05
5.309217896522419323e+03,1.379999798519999952e-05
5.308735766663190589e+03,1.379999798519999952e-05
5.308253636803961854e+03,1.379999798519999952e-05
5.307771506944734028e+03,1.379999798519999952e-05
5.307289377085506203e+03,1.379999798519999952e-05
5.306807247226277468e+03,1.379999798519999952e-05
5.306325117367048733e+03,1.379999798519999952e-05
5.305842987507819998e+03,1.379999798519999952e-05
5.305360857648592173e+03,1.369996183344000064e-05
5.304878727789364348e+03,1.369996183344000064e-05
5.304396597930135613e+03,1.369996183344000064e-05
5.303914468070906878e+03,1.369996183344000064e-05
5.303432338211678143e+03,1.369996183344000064e-05
5.302950208352450318e+03,1.369996183344000064e-05
5.302468078493222492e+03,1.369996183344000064e-05
5.301985948633993758e+03,1.379999798519999952e-05
5.301503818774765023e+03,1.379999798519999952e-05
5.301021688915537197e+03,1.379999798519999952e-05
5.300539559056308462e+03,1.369996183344000064e-05
5.300057429197080637e+03,1.369996183344000064e-05
5.299575299337851902e+03,1.369996183344000064e-05
5.299093169478623167e+03,1.369996183344000064e-05
5.298611039619395342e+03,1.359992568168000006e-05
5.298128909760166607e+03,1.359992568168000006e-05
5.297646779900938782e+03,1.359992568168000006e-05
5.297164650041710047e+03,1.359992568168000006e-05
5.296682520182481312e+03,1.369996183344000064e-05
5.296200390323253487e+03,1.369996183344000064e-05
5.295718260464025661e+03,1.379999798519999952e-05
5.295236130604796926e+03,1.379999798519999952e-05
5.294754000745568192e+03,1.390003413696000010e-05
5.294271870886339457e+03,1.390003413696000010e-05
5.293789741027111631e+03,1.390003413696000010e-05
5.293307611167883806e+03,1.390003413696000010e-05
5.292825481308655071e+03,1.390003413696000010e-05
5.292343351449426336e+03,1.390003413696000010e-05
5.291861221590197601e+03,1.379999798519999952e-05
5.291379091730969776e+03,1.379999798519999952e-05
5.290896961871741951e+03,1.390003413696000010e-05
5.290414832012513216e+03,1.390003413696000010e-05
5.289932702153284481e+03,1.390003413696000010e-05
5.289450572294055746e+03,1.400007028872000068e-05
5.288968442434827921e+03,1.400007028872000068e-05
5.288486312575600095e+03,1.410010644047999956e-05
5.288004182716371361e+03,1.410010644047999956e-05
5.287522052857142626e+03,1.419992559407999937e-05
5.287039922997913891e+03,1.419992559407999937e-05
5.286557793138686066e+03,1.419992559407999937e-05
5.286075663279458240e+03,1.419992559407999937e-05
5.285593533420229505e+03,1.419992559407999937e-05
5.285111403561000770e+03,1.429996174583999995e-05
5.284629273701772036e+03,1.429996174583999995e-05
5.284147143842544210e+03,1.429996174583999995e-05
5.283665013983316385e+03,1.429996174583999995e-05
5.283182884124087650e+03,1.429996174583999995e-05
5.282700754264858915e+03,1.439999789760000053e-05
5.282218624405630180e+03,1.450003404935999942e-05
5.281736494546402355e+03,1.460007020111999999e-05
5.281254364687174530e+03,1.460007020111999999e-05
5.280772234827945795e+03,1.470010635288000057e-05
5.280290104968717060e+03,1.470010635288000057e-05
5.279807975109489234e+03,1.470010635288000057e-05
5.279325845250260500e+03,1.479992550648000038e-05
5.278843715391032674e+03,1.479992550648000038e-05
5.278361585531803939e+03,1.479992550648000038e-05
5.277879455672575205e+03,1.479992550648000038e-05
5.277397325813347379e+03,1.479992550648000038e-05
5.276915195954118644e+03,1.489996165823999927e-05
5.276433066094890819e+03,1.499999780999999985e-05
5.275950936235662084e+03,1.499999780999999985e-05
5.275468806376433349e+03,1.510003396176000043e-05
5.274986676517205524e+03,1.520007011351999931e-05
5.274504546657977698e+03,1.530010626527999819e-05
5.274022416798748964e+03,1.530010626527999819e-05
5.273540286939520229e+03,1.539992541888000140e-05
5.273058157080291494e+03,1.539992541888000140e-05
5.272576027221063669e+03,1.539992541888000140e-05
5.272093897361835843e+03,1.549996157063999859e-05
5.271611767502607108e+03,1.559999772239999916e-05
5.271129637643378373e+03,1.559999772239999916e-05
5.270647507784149639e+03,1.570003387415999974e-05
5.270165377924921813e+03,1.580007002592000032e-05
5.269683248065693988e+03,1.590010617768000090e-05
5.269201118206465253e+03,1.599992533128000071e-05
5.268718988347236518e+03,1.609996148304000129e-05
5.268236858488007783e+03,1.619999763479999848e-05
5.267754728628779958e+03,1.630003378655999906e-05
5.267272598769552133e+03,1.640006993831999964e-05
5.266790468910323398e+03,1.650010609008000021e-05
5.266308339051094663e+03,1.659992524368000003e-05
5.265826209191865928e+03,1.669996139544000061e-05
5.265344079332638103e+03,1.669996139544000061e-05
5.264861949473410277e+03,1.690003369895999837e-05
5.264379819614181542e+03,1.700006985071999895e-05
5.263897689754952808e+03,1.700006985071999895e-05
5.263415559895724073e+03,1.710010600247999953e-05
5.262933430036496247e+03,1.719992515607999934e-05
5.262451300177268422e+03,1.739999745960000050e-05
5.261969170318039687e+03,1.750003361136000108e-05
5.261487040458810952e+03,1.760006976311999827e-05
5.261004910599582217e+03,1.770010591487999885e-05
5.260522780740354392e+03,1.779992506847999866e-05
5.260040650881126567e+03,1.789996122023999924e-05
5.259558521021897832e+03,1.799999737199999982e-05
5.259076391162669097e+03,1.799999737199999982e-05
5.258594261303441272e+03,1.810003352376000040e-05
5.258112131444212537e+03,1.820006967552000097e-05
5.257630001584984711e+03,1.820006967552000097e-05
5.257147871725755977e+03,1.830010582727999816e-05
5.256665741866527242e+03,1.839992498088000136e-05
5.256183612007299416e+03,1.849996113263999855e-05
5.255701482148070681e+03,1.849996113263999855e-05
5.255219352288842856e+03,1.859999728439999913e-05
5.254737222429614121e+03,1.870003343615999971e-05
5.254255092570385386e+03,1.870003343615999971e-05
5.253772962711157561e+03,1.880006958792000029e-05
5.253290832851929736e+03,1.880006958792000029e-05
5.252808702992701001e+03,1.880006958792000029e-05
5.252326573133472266e+03,1.880006958792000029e-05
5.251844443274243531e+03,1.880006958792000029e-05
5.251362313415015706e+03,1.880006958792000029e-05
5.250880183555787880e+03,1.890010573968000087e-05
5.250398053696559145e+03,1.890010573968000087e-05
5.249915923837330411e+03,1.890010573968000087e-05
5.249433793978101676e+03,1.890010573968000087e-05
5.248951664118873850e+03,1.890010573968000087e-05
5.248469534259646025e+03,1.899992489328000068e-05
5.247987404400417290e+03,1.899992489328000068e-05
5.247505274541188555e+03,1.899992489328000068e-05
5.247023144681959820e+03,1.899992489328000068e-05
5.246541014822731995e+03,1.890010573968000087e-05
5.246058884963504170e+03,1.890010573968000087e-05
5.245576755104275435e+03,1.890010573968000087e-05
5.245094625245046700e+03,1.890010573968000087e-05
5.244612495385817965e+03,1.880006958792000029e-05
5.244130365526590140e+03,1.880006958792000029e-05
5.243648235667362314e+03,1.870003343615999971e-05
5.243166105808133580e+03,1.870003343615999971e-05
5.242683975948904845e+03,1.870003343615999971e-05
5.242201846089676110e+03,1.870003343615999971e-05
5.241719716230448284e+03,1.870003343615999971e-05
5.241237586371220459e+03,1.870003343615999971e-05
5.240755456511991724e+03,1.870003343615999971e-05
5.240273326652762989e+03,1.870003343615999971e-05
5.239791196793534255e+03,1.859999728439999913e-05
5.239309066934306429e+03,1.859999728439999913e-05
5.238826937075078604e+03,1.859999728439999913e-05
5.238344807215849869e+03,1.849996113263999855e-05
5.237862677356621134e+03,1.839992498088000136e-05
5.237380547497393309e+03,1.839992498088000136e-05
5.236898417638164574e+03,1.830010582727999816e-05
5.236416287778936749e+03,1.830010582727999816e-05
5.235934157919708014e+03,1.830010582727999816e-05
5.235452028060479279e+03,1.830010582727999816e-05
5.234969898201251453e+03,1.830010582727999816e-05
5.234487768342022719e+03,1.830010582727999816e-05
5.234005638482794893e+03,1.820006967552000097e-05
5.233523508623566158e+03,1.820006967552000097e-05
5.233041378764337423e+03,1.820006967552000097e-05
5.232559248905109598e+03,1.820006967552000097e-05
5.232077119045881773e+03,1.810003352376000040e-05
5.231594989186653038e+03,1.799999737199999982e-05
5.231112859327424303e+03,1.789996122023999924e-05
5.230630729468195568e+03,1.789996122023999924e-05
5.230148599608967743e+03,1.789996122023999924e-05
5.229666469749739917e+03,1.779992506847999866e-05
5.229184339890511183e+03,1.779992506847999866e-05
5.228702210031282448e+03,1.779992506847999866e-05
5.228220080172053713e+03,1.779992506847999866e-05
5.227737950312825888e+03,1.779992506847999866e-05
5.227255820453598062e+03,1.770010591487999885e-05
5.226773690594369327e+03,1.770010591487999885e-05
5.226291560735140592e+03,1.760006976311999827e-05
5.225809430875911858e+03,1.760006976311999827e-05
5.225327301016684032e+03,1.750003361136000108e-05
5.224845171157456207e+03,1.739999745960000050e-05
5.224363041298227472e+03,1.739999745960000050e-05
5.223880911438998737e+03,1.729996130783999992e-05
5.223398781579770002e+03,1.719992515607999934e-05
5.222916651720542177e+03,1.719992515607999934e-05
5.222434521861314352e+03,1.719992515607999934e-05
5.221952392002085617e+03,1.719992515607999934e-05
5.221470262142856882e+03,1.719992515607999934e-05
5.220988132283628147e+03,1.719992515607999934e-05
5.220506002424400322e+03,1.710010600247999953e-05
5.220023872565172496e+03,1.710010600247999953e-05
5.219541742705943761e+03,1.700006985071999895e-05
5.219059612846715027e+03,1.700006985071999895e-05
5.218577482987486292e+03,1.690003369895999837e-05
5.218095353128258466e+03,1.679999754720000118e-05
5.217613223269030641e+03,1.679999754720000118e-05
5.217131093409801906e+03,1.669996139544000061e-05
5.216648963550573171e+03,1.669996139544000061e-05
5.216166833691345346e+03,1.659992524368000003e-05
5.215684703832116611e+03,1.659992524368000003e-05
5.215202573972888786e+03,1.659992524368000003e-05
5.214720444113660051e+03,1.659992524368000003e-05
5.214238314254431316e+03,1.650010609008000021e-05
5.213756184395203491e+03,1.650010609008000021e-05
5.213274054535974756e+03,1.650010609008000021e-05
5.212791924676746930e+03,1.640006993831999964e-05
5.212309794817518195e+03,1.640006993831999964e-05
5.211827664958289461e+03,1.630003378655999906e-05
5.211345535099061635e+03,1.619999763479999848e-05
5.210863405239833810e+03,1.609996148304000129e-05
5.210381275380605075e+03,1.609996148304000129e-05
5.209899145521376340e+03,1.609996148304000129e-05
5.209417015662147605e+03,1.599992533128000071e-05
5.208934885802919780e+03,1.599992533128000071e-05
5.208452755943691955e+03,1.590010617768000090e-05
5.207970626084463220e+03,1.590010617768000090e-05
5.207488496225234485e+03,1.590010617768000090e-05
5.207006366366005750e+03,1.590010617768000090e-05
5.206524236506777925e+03,1.590010617768000090e-05
5.206042106647550099e+03,1.580007002592000032e-05
5.205559976788321364e+03,1.570003387415999974e-05
5.205077846929092630e+03,1.559999772239999916e-05
5.204595717069863895e+03,1.559999772239999916e-05
5.204113587210636069e+03,1.549996157063999859e-05
5.203631457351408244e+03,1.549996157063999859e-05
5.203149327492179509e+03,1.539992541888000140e-05
5.202667197632950774e+03,1.530010626527999819e-05
5.202185067773722039e+03,1.530010626527999819e-05
5.201702937914494214e+03,1.530010626527999819e-05
5.201220808055266389e+03,1.520007011351999931e-05
5.200738678196037654e+03,1.520007011351999931e-05
5.200256548336808919e+03,1.510003396176000043e-05
5.199774418477580184e+03,1.510003396176000043e-05
5.199292288618352359e+03,1.499999780999999985e-05
5.198810158759124533e+03,1.499999780999999985e-05
5.198328028899895799e+03,1.489996165823999927e-05
5.197845899040667064e+03,1.479992550648000038e-05
5.197363769181438329e+03,1.470010635288000057e-05
5.196881639322210503e+03,1.460007020111999999e-05
5.196399509462982678e+03,1.460007020111999999e-05
5.195917379603753943e+03,1.460007020111999999e-05
5.195435249744525208e+03,1.450003404935999942e-05
5.194953119885297383e+03,1.450003404935999942e-05
5.194470990026068648e+03,1.450003404935999942e-05
5.193988860166840823e+03,1.439999789760000053e-05
5.193506730307612088e+03,1.439999789760000053e-05
5.193024600448383353e+03,1.439999789760000053e-05
5.192542470589155528e+03,1.439999789760000053e-05
5.192060340729926793e+03,1.429996174583999995e-05
5.191578210870698967e+03,1.419992559407999937e-05
5.191096081011470233e+03,1.410010644047999956e-05
5.190613951152241498e+03,1.410010644047999956e-05
5.190131821293013672e+03,1.410010644047999956e-05
5.189649691433785847e+03,1.400007028872000068e-05
5.189167561574557112e+03,1.400007028872000068e-05
5.188685431715328377e+03,1.400007028872000068e-05
5.188203301856099642e+03,1.400007028872000068e-05
5.187721171996871817e+03,1.400007028872000068e-05
5.187239042137643992e+03,1.400007028872000068e-05
5.186756912278415257e+03,1.400007028872000068e-05
5.186274782419186522e+03,1.400007028872000068e-05
5.185792652559957787e+03,1.390003413696000010e-05
5.185310522700729962e+03,1.379999798519999952e-05
5.184828392841502136e+03,1.379999798519999952e-05
5.184346262982273402e+03,1.379999798519999952e-05
5.183864133123044667e+03,1.369996183344000064e-05
5.183382003263815932e+03,1.369996183344000064e-05
5.182899873404588106e+03,1.359992568168000006e-05
5.182417743545360281e+03,1.359992568168000006e-05
5.181935613686131546e+03,1.359992568168000006e-05
5.181453483826902811e+03,1.359992568168000006e-05
5.180971353967674077e+03,1.359992568168000006e-05
5.180489224108446251e+03,1.359992568168000006e-05
5.180007094249218426e+03,1.359992568168000006e-05
5.179524964389989691e+03,1.359992568168000006e-05
5.179042834530760956e+03,1.350010652808000025e-05
5.178560704671532221e+03,1.350010652808000025e-05
5.178078574812304396e+03,1.340007037631999967e-05
5.177596444953076571e+03,1.330003422455999909e-05
5.177114315093847836e+03,1.330003422455999909e-05
5.176632185234619101e+03,1.319999807280000020e-05
5.176150055375390366e+03,1.319999807280000020e-05
5.175667925516162541e+03,1.319999807280000020e-05
5.175185795656934715e+03,1.309996192103999963e-05
5.174703665797705980e+03,1.309996192103999963e-05
5.174221535938477246e+03,1.309996192103999963e-05
5.173739406079249420e+03,1.309996192103999963e-05
5.173257276220020685e+03,1.309996192103999963e-05
5.172775146360792860e+03,1.299992576927999905e-05
5.172293016501564125e+03,1.290010661567999924e-05
5.171810886642335390e+03,1.280007046392000035e-05
5.171328756783107565e+03,1.270003431215999977e-05
5.170846626923878830e+03,1.259999816039999919e-05
5.170364497064651005e+03,1.259999816039999919e-05
5.169882367205422270e+03,1.249996200864000031e-05
5.169400237346193535e+03,1.249996200864000031e-05
5.168918107486965710e+03,1.239992585687999973e-05
5.168435977627737884e+03,1.239992585687999973e-05
5.167953847768509149e+03,1.230010670327999992e-05
5.167471717909280414e+03,1.230010670327999992e-05
5.166989588050051680e+03,1.230010670327999992e-05
5.166507458190823854e+03,1.220007055151999934e-05
5.166025328331596029e+03,1.220007055151999934e-05
5.165543198472367294e+03,1.210003439976000046e-05
5.165061068613138559e+03,1.199999824799999988e-05
5.164578938753909824e+03,1.199999824799999988e-05
5.164096808894681999e+03,1.189996209623999930e-05
5.163614679035454174e+03,1.179992594448000042e-05
5.163132549176225439e+03,1.179992594448000042e-05
5.162650419316996704e+03,1.170010679088000060e-05
5.162168289457767969e+03,1.170010679088000060e-05
5.161686159598540144e+03,1.170010679088000060e-05
5.161204029739312318e+03,1.170010679088000060e-05
5.160721899880083583e+03,1.170010679088000060e-05
5.160239770020854849e+03,1.160007063912000002e-05
5.159757640161626114e+03,1.160007063912000002e-05
5.159275510302398288e+03,1.160007063912000002e-05
5.158793380443170463e+03,1.160007063912000002e-05
5.158311250583941728e+03,1.150003448735999945e-05
5.157829120724712993e+03,1.150003448735999945e-05
5.157346990865484258e+03,1.139999833560000056e-05
5.156864861006256433e+03,1.139999833560000056e-05
5.156382731147028608e+03,1.129996218383999998e-05
5.155900601287799873e+03,1.129996218383999998e-05
5.155418471428571138e+03,1.129996218383999998e-05
5.154936341569342403e+03,1.129996218383999998e-05
5.154454211710114578e+03,1.129996218383999998e-05
5.153972081850886752e+03,1.129996218383999998e-05
5.153489951991658018e+03,1.139999833560000056e-05
5.153007822132429283e+03,1.139999833560000056e-05
5.152525692273201457e+03,1.129996218383999998e-05
5.152043562413972722e+03,1.129996218383999998e-05
5.151561432554744897e+03,1.119992603207999940e-05
5.151079302695516162e+03,1.119992603207999940e-05
5.150597172836287427e+03,1.119992603207999940e-05
5.150115042977059602e+03,1.119992603207999940e-05
5.149632913117830867e+03,1.110010687847999959e-05
5.149150783258603042e+03,1.110010687847999959e-05
5.148668653399374307e+03,1.110010687847999959e-05
5.148186523540145572e+03,1.119992603207999940e-05
5.147704393680917747e+03,1.119992603207999940e-05
5.147222263821689921e+03,1.129996218383999998e-05
5.146740133962461186e+03,1.129996218383999998e-05
5.146258004103232452e+03,1.129996218383999998e-05
5.145775874244003717e+03,1.129996218383999998e-05
5.145293744384775891e+03,1.129996218383999998e-05
5.144811614525548066e+03,1.129996218383999998e-05
5.144329484666319331e+03,1.129996218383999998e-05
5.143847354807090596e+03,1.129996218383999998e-05
5.143365224947861861e+03,1.129996218383999998e-05
5.142883095088634036e+03,1.119992603207999940e-05
5.142400965229406211e+03,1.129996218383999998e-05
5.141918835370177476e+03,1.129996218383999998e-05
5.141436705510948741e+03,1.139999833560000056e-05
5.140954575651720006e+03,1.139999833560000056e-05
5.140472445792492181e+03,1.139999833560000056e-05
5.139990315933264355e+03,1.150003448735999945e-05
5.139508186074035621e+03,1.150003448735999945e-05
5.139026056214806886e+03,1.150003448735999945e-05
5.138543926355578151e+03,1.150003448735999945e-05
5.138061796496350325e+03,1.150003448735999945e-05
5.137579666637122500e+03,1.150003448735999945e-05
5.137097536777893765e+03,1.150003448735999945e-05
5.136615406918665030e+03,1.150003448735999945e-05
5.136133277059436296e+03,1.150003448735999945e-05
5.135651147200208470e+03,1.160007063912000002e-05
5.135169017340980645e+03,1.160007063912000002e-05
5.134686887481751910e+03,1.160007063912000002e-05
5.134204757622523175e+03,1.170010679088000060e-05
5.133722627763294440e+03,1.170010679088000060e-05
5.133240497904066615e+03,1.179992594448000042e-05
5.132758368044838790e+03,1.179992594448000042e-05
5.132276238185610055e+03,1.179992594448000042e-05
5.131794108326381320e+03,1.179992594448000042e-05
5.131311978467153494e+03,1.179992594448000042e-05
5.130829848607924760e+03,1.179992594448000042e-05
5.130347718748696934e+03,1.179992594448000042e-05
5.129865588889468199e+03,1.179992594448000042e-05
5.129383459030239464e+03,1.170010679088000060e-05
5.128901329171011639e+03,1.170010679088000060e-05
5.128419199311782904e+03,1.170010679088000060e-05
5.127937069452555079e+03,1.179992594448000042e-05
5.127454939593326344e+03,1.179992594448000042e-05
5.126972809734097609e+03,1.179992594448000042e-05
5.126490679874869784e+03,1.179992594448000042e-05
5.126008550015641958e+03,1.179992594448000042e-05
5.125526420156413224e+03,1.179992594448000042e-05
5.125044290297184489e+03,1.170010679088000060e-05
5.124562160437955754e+03,1.170010679088000060e-05
5.124080030578727929e+03,1.160007063912000002e-05
5.123597900719500103e+03,1.150003448735999945e-05
5.123115770860271368e+03,1.150003448735999945e-05
5.122633641001042633e+03,1.139999833560000056e-05
5.122151511141813899e+03,1.139999833560000056e-05
5.121669381282586073e+03,1.129996218383999998e-05
5.121187251423358248e+03,1.129996218383999998e-05
5.120705121564129513e+03,1.119992603207999940e-05
5.120222991704900778e+03,1.110010687847999959e-05
5.119740861845672043e+03,1.110010687847999959e-05
5.119258731986444218e+03,1.100007072672000071e-05
5.118776602127216393e+03,1.100007072672000071e-05
5.118294472267987658e+03,1.090003457496000013e-05
5.117812342408758923e+03,1.079999842319999955e-05
5.117330212549530188e+03,1.069996227144000067e-05
5.116848082690302363e+03,1.059992611968000009e-05
5.116365952831074537e+03,1.050010696608000028e-05
5.115883822971845802e+03,1.040007081431999970e-05
5.115401693112617068e+03,1.030003466255999912e-05
5.114919563253388333e+03,1.019999851080000024e-05
5.114437433394160507e+03,1.009996235903999966e-05
5.113955303534932682e+03,9.999926207279999078e-06
5.113473173675703947e+03,9.969980461200000151e-06
5.112991043816475212e+03,9.910088969040000602e-06
5.112508913957246477e+03,9.820034732639999666e-06
5.112026784098018652e+03,9.710016665519999445e-06
5.111544654238790827e+03,9.590016683039999582e-06
5.111062524379562092e+03,9.489980531280000698e-06
5.110580394520333357e+03,9.379962464160000477e-06
5.110098264661104622e+03,9.269944397040000256e-06
5.109616134801876797e+03,9.159926329920000036e-06
5.109134004942648971e+03,9.049908262799999815e-06
5.108651875083420236e+03,8.970052939919999287e-06
5.108169745224191502e+03,8.919926364960000309e-06
5.107687615364963676e+03,8.899962534239999330e-06
5.107205485505734941e+03,8.870016788160000403e-06
5.106723355646507116e+03,8.820107211360000496e-06
5.106241225787278381e+03,8.740034890319999203e-06
5.105759095928049646e+03,8.669944484639999246e-06
5.105276966068821821e+03,8.600071077120000055e-06
5.104794836209593086e+03,8.539962586799999740e-06
5.104312706350365261e+03,8.460107263919999213e-06
5.103830576491136526e+03,8.360071112160000328e-06
5.103348446631907791e+03,8.250053045040000107e-06
5.102866316772679966e+03,8.159998808639999172e-06
5.102384186913452140e+03,8.100107316479999623e-06
5.101902057054223405e+03,8.059962656880000287e-06
5.101419927194994671e+03,8.020034995440000023e-06
5.100937797335765936e+03,7.980107333999999759e-06
5.100455667476538110e+03,7.949944589760000067e-06
5.099973537617310285e+03,7.939962674400000424e-06
5.099491407758081550e+03,7.939962674400000424e-06
5.099009277898852815e+03,7.919998843679999445e-06
5.098527148039624080e+03,7.870089266879999539e-06
5.098045018180396255e+03,7.790016945839999939e-06
5.097562888321168430e+03,7.689980794079999361e-06
5.097080758461939695e+03,7.599926557680000119e-06
5.096598628602710960e+03,7.540035065519999723e-06
5.096116498743482225e+03,7.489908490559999898e-06
5.095634368884254400e+03,7.439998913759999992e-06
5.095152239025026574e+03,7.390089336960000086e-06
5.094670109165797840e+03,7.349944677359999903e-06
5.094187979306569105e+03,7.329980846639999771e-06
5.093705849447340370e+03,7.329980846639999771e-06
5.093223719588112544e+03,7.329980846639999771e-06
5.092741589728884719e+03,7.319998931280000129e-06
5.092259459869655984e+03,7.280071269839999865e-06
5.091777330010427249e+03,7.219962779519999550e-06
5.091295200151198515e+03,7.170053202719999644e-06
5.090813070291970689e+03,7.140107456639999870e-06
5.090330940432742864e+03,7.109944712400000177e-06
5.089848810573514129e+03,7.060035135600000270e-06
5.089366680714285394e+03,6.999926645279999956e-06
5.088884550855056659e+03,6.930053237759999918e-06
5.088402420995828834e+03,6.900107491680000143e-06
5.087920291136601008e+03,6.920071322400000275e-06
5.087438161277372274e+03,6.950017068480000050e-06
5.086956031418143539e+03,6.969980899200000181e-06
5.086473901558915713e+03,6.959998983839999692e-06
5.085991771699686979e+03,6.930053237759999918e-06
5.085509641840459153e+03,6.910089407039999786e-06
5.085027511981230418e+03,6.889908578159999735e-06
5.084545382122001683e+03,6.869944747439999603e-06
5.084063252262773858e+03,6.830017086000000186e-06
5.083581122403545123e+03,6.780107509200000280e-06
5.083098992544317298e+03,6.739962849600000097e-06
5.082616862685088563e+03,6.729980934239999608e-06
5.082134732825859828e+03,6.749944764959999740e-06
5.081652602966632003e+03,6.769908595679999872e-06
5.081170473107404177e+03,6.780107509200000280e-06
5.080688343248175443e+03,6.790089424559999922e-06
5.080206213388946708e+03,6.810053255280000054e-06
5.079724083529717973e+03,6.859962832079999961e-06
5.079241953670490147e+03,6.900107491680000143e-06
5.078759823811262322e+03,6.920071322400000275e-06
5.078277693952033587e+03,6.889908578159999735e-06
5.077795564092804852e+03,6.839999001359999829e-06
5.077313434233576118e+03,6.800071339919999565e-06
5.076831304374348292e+03,6.780107509200000280e-06
5.076349174515120467e+03,6.769908595679999872e-06
5.075867044655891732e+03,6.769908595679999872e-06
5.075384914796662997e+03,6.769908595679999872e-06
5.074902784937434262e+03,6.780107509200000280e-06
5.074420655078206437e+03,6.810053255280000054e-06
5.073938525218978612e+03,6.859962832079999961e-06
5.073456395359749877e+03,6.920071322400000275e-06
5.072974265500521142e+03,6.950017068480000050e-06
5.072492135641292407e+03,6.959998983839999692e-06
5.072010005782064582e+03,6.950017068480000050e-06
5.071527875922836756e+03,6.930053237759999918e-06
5.071045746063608021e+03,6.920071322400000275e-06
5.070563616204379287e+03,6.920071322400000275e-06
5.070081486345150552e+03,6.900107491680000143e-06
5.069599356485922726e+03,6.869944747439999603e-06
5.069117226626694901e+03,6.830017086000000186e-06
5.068635096767466166e+03,6.820035170639999697e-06
5.068152966908237431e+03,6.849980916720000318e-06
5.067670837049008696e+03,6.889908578159999735e-06
5.067188707189780871e+03,6.920071322400000275e-06
5.066706577330553046e+03,6.940035153119999560e-06
5.066224447471324311e+03,6.950017068480000050e-06
5.065742317612095576e+03,6.979962814559999824e-06
5.065260187752867751e+03,7.020107474160000006e-06
5.064778057893639016e+03,7.060035135600000270e-06
5.064295928034411190e+03,7.070017050959999913e-06
5.063813798175182455e+03,7.040071304880000138e-06
5.063331668315953721e+03,6.989944729920000313e-06
5.062849538456725895e+03,6.959998983839999692e-06
5.062367408597497160e+03,6.959998983839999692e-06
5.061885278738269335e+03,6.979962814559999824e-06
5.061403148879040600e+03,6.999926645279999956e-06
5.060921019019811865e+03,7.020107474160000006e-06
5.060438889160584040e+03,7.030089389519999649e-06
5.059956759301356215e+03,7.060035135600000270e-06
5.059474629442127480e+03,7.109944712400000177e-06
5.058992499582898745e+03,7.160071287360000002e-06
5.058510369723670010e+03,7.199998948800000266e-06
5.058028239864442185e+03,7.199998948800000266e-06
5.057546110005214359e+03,7.180035118080000134e-06
5.057063980145985624e+03,7.180035118080000134e-06
5.056581850286756890e+03,7.190017033439999776e-06
5.056099720427528155e+03,7.219962779519999550e-06
5.055617590568300329e+03,7.239926610239999682e-06
5.055135460709072504e+03,7.249908525600000172e-06
5.054653330849843769e+03,7.260107439119999733e-06
5.054171200990615034e+03,7.280071269839999865e-06
5.053689071131386299e+03,7.339962762000000261e-06
5.053206941272158474e+03,7.420035083039999860e-06
5.052724811412930649e+03,7.489908490559999898e-06
5.052242681553701914e+03,7.530053150160000081e-06
5.051760551694473179e+03,7.559998896239999855e-06
5.051278421835244444e+03,7.579962726959999987e-06
5.050796291976016619e+03,7.599926557680000119e-06
5.050314162116788793e+03,7.620107386560000170e-06
5.049832032257560058e+03,7.630089301919999812e-06
5.049349902398331324e+03,7.640071217279999455e-06
5.048867772539102589e+03,7.660035048000000434e-06
5.048385642679874763e+03,7.699962709440000698e-06
5.047903512820646938e+03,7.760071199759999318e-06
5.047421382961418203e+03,7.829944607280000203e-06
5.046939253102189468e+03,7.890053097600000518e-06
5.046457123242960733e+03,7.939962674400000424e-06
5.045974993383732908e+03,7.990089249359999402e-06
5.045492863524505083e+03,8.049980741520000645e-06
5.045010733665276348e+03,8.130053062560000244e-06
5.044528603806047613e+03,8.189944554719999793e-06
5.044046473946819788e+03,8.220107298959999486e-06
5.043564344087591053e+03,8.230089214319999128e-06
5.043082214228363227e+03,8.240071129680000465e-06
5.042600084369134493e+03,8.270016875759999392e-06
5.042117954509905758e+03,8.329908367920000635e-06
5.041635824650677932e+03,8.390016858239999256e-06
5.041153694791449198e+03,8.439926435039999162e-06
5.040671564932221372e+03,8.490053009999999834e-06
5.040189435072992637e+03,8.559926417520000719e-06
5.039707305213763902e+03,8.639998738560000319e-06
5.039225175354536077e+03,8.730052974959999560e-06
5.038743045495308252e+03,8.809908297840000088e-06
5.038260915636079517e+03,8.860034872800000760e-06
5.037778785776850782e+03,8.879998703520000045e-06
5.037296655917622047e+03,8.899962534239999330e-06
5.036814526058394222e+03,8.940107193840000360e-06
5.036332396199166396e+03,8.999998685999999908e-06
5.035850266339937662e+03,9.049908262799999815e-06
5.035368136480708927e+03,9.090052922399999150e-06
5.034886006621480192e+03,9.119998668479999772e-06
5.034403876762252366e+03,9.159926329920000036e-06
5.033921746903024541e+03,9.239998650959999635e-06
5.033439617043795806e+03,9.350016718079999856e-06
5.032957487184567071e+03,9.470016700559999719e-06
5.032475357325338337e+03,9.560070936960000655e-06
5.031993227466110511e+03,9.619962429120000204e-06
5.031511097606882686e+03,9.670089004079999182e-06
5.031028967747653951e+03,9.710016665519999445e-06
5.030546837888425216e+03,9.759926242319999352e-06
5.030064708029196481e+03,9.790088986560000739e-06
5.029582578169968656e+03,9.810052817280000024e-06
5.029100448310740830e+03,9.830016647999999309e-06
5.028618318451512096e+03,9.869944309439999573e-06
5.028136188592283361e+03,9.959998545840000508e-06
5.027654058733054626e+03,1.009996235903999966e-05
5.027171928873826801e+03,1.019999851080000024e-05
5.026689799014598975e+03,1.019999851080000024e-05
5.026207669155370240e+03,1.030003466255999912e-05
5.025725539296141505e+03,1.040007081431999970e-05
5.025243409436912771e+03,1.050010696608000028e-05
5.024761279577684945e+03,1.059992611968000009e-05
5.024279149718457120e+03,1.069996227144000067e-05
5.023797019859228385e+03,1.069996227144000067e-05
5.023314889999999650e+03,1.069996227144000067e-05
5.022832760140771825e+03,1.069996227144000067e-05
5.022350630281543090e+03,1.079999842319999955e-05
5.021868500422315265e+03,1.079999842319999955e-05
5.021386370563086530e+03,1.090003457496000013e-05
5.020904240703857795e+03,1.100007072672000071e-05
5.020422110844629970e+03,1.110010687847999959e-05
5.019939980985401235e+03,1.119992603207999940e-05
5.019457851126173409e+03,1.129996218383999998e-05
5.018975721266944674e+03,1.139999833560000056e-05
5.018493591407715940e+03,1.150003448735999945e-05
5.018011461548488114e+03,1.150003448735999945e-05
5.017529331689260289e+03,1.160007063912000002e-05
5.017047201830031554e+03,1.160007063912000002e-05
5.016565071970802819e+03,1.160007063912000002e-05
5.016082942111574084e+03,1.170010679088000060e-05
5.015600812252346259e+03,1.170010679088000060e-05
5.015118682393118434e+03,1.179992594448000042e-05
5.014636552533889699e+03,1.179992594448000042e-05
5.014154422674660964e+03,1.189996209623999930e-05
5.013672292815432229e+03,1.199999824799999988e-05
5.013190162956204404e+03,1.210003439976000046e-05
5.012708033096976578e+03,1.220007055151999934e-05
5.012225903237747843e+03,1.230010670327999992e-05
5.011743773378519109e+03,1.239992585687999973e-05
5.011261643519290374e+03,1.239992585687999973e-05
5.010779513660062548e+03,1.249996200864000031e-05
5.010297383800834723e+03,1.259999816039999919e-05
5.009815253941605988e+03,1.259999816039999919e-05
5.009333124082377253e+03,1.259999816039999919e-05
5.008850994223148518e+03,1.259999816039999919e-05
5.008368864363920693e+03,1.270003431215999977e-05
5.007886734504692868e+03,1.280007046392000035e-05
5.007404604645464133e+03,1.290010661567999924e-05
5.006922474786235398e+03,1.299992576927999905e-05
5.006440344927006663e+03,1.299992576927999905e-05
5.005958215067778838e+03,1.309996192103999963e-05
5.005476085208551012e+03,1.309996192103999963e-05
5.004993955349322277e+03,1.319999807280000020e-05
5.004511825490093543e+03,1.330003422455999909e-05
5.004029695630864808e+03,1.330003422455999909e-05
5.003547565771636982e+03,1.330003422455999909e-05
5.003065435912409157e+03,1.330003422455999909e-05
5.002583306053180422e+03,1.330003422455999909e-05
5.002101176193951687e+03,1.330003422455999909e-05
5.001619046334723862e+03,1.330003422455999909e-05
5.001136916475495127e+03,1.330003422455999909e-05
5.000654786616267302e+03,1.340007037631999967e-05
5.000172656757038567e+03,1.340007037631999967e-05
4.999690526897809832e+03,1.350010652808000025e-05
4.999208397038582007e+03,1.350010652808000025e-05
4.998726267179353272e+03,1.359992568168000006e-05
4.998244137320125446e+03,1.359992568168000006e-05
4.997762007460896712e+03,1.359992568168000006e-05
4.997279877601667977e+03,1.359992568168000006e-05
4.996797747742440151e+03,1.359992568168000006e-05
4.996315617883212326e+03,1.359992568168000006e-05
4.995833488023983591e+03,1.350010652808000025e-05
4.995351358164754856e+03,1.350010652808000025e-05
4.994869228305526121e+03,1.350010652808000025e-05
4.994387098446298296e+03,1.340007037631999967e-05
4.993904968587070471e+03,1.340007037631999967e-05
4.993422838727841736e+03,1.350010652808000025e-05
4.992940708868613001e+03,1.350010652808000025e-05
4.992458579009384266e+03,1.359992568168000006e-05
4.991976449150156441e+03,1.359992568168000006e-05
4.991494319290928615e+03,1.359992568168000006e-05
4.991012189431699881e+03,1.359992568168000006e-05
4.990530059572471146e+03,1.359992568168000006e-05
4.990047929713242411e+03,1.359992568168000006e-05
4.989565799854014585e+03,1.359992568168000006e-05
4.989083669994786760e+03,1.359992568168000006e-05
4.988601540135558025e+03,1.350010652808000025e-05
4.988119410276329290e+03,1.350010652808000025e-05
4.987637280417100555e+03,1.359992568168000006e-05
4.987155150557872730e+03,1.359992568168000006e-05
4.986673020698644905e+03,1.359992568168000006e-05
4.986190890839416170e+03,1.369996183344000064e-05
4.985708760980187435e+03,1.369996183344000064e-05
4.985226631120958700e+03,1.379999798519999952e-05
4.984744501261730875e+03,1.390003413696000010e-05
4.984262371402503049e+03,1.390003413696000010e-05
4.983780241543274315e+03,1.390003413696000010e-05
4.983298111684045580e+03,1.390003413696000010e-05
4.982815981824816845e+03,1.379999798519999952e-05
4.982333851965589020e+03,1.379999798519999952e-05
4.981851722106361194e+03,1.390003413696000010e-05
4.981369592247132459e+03,1.390003413696000010e-05
4.980887462387903724e+03,1.390003413696000010e-05
4.980405332528675899e+03,1.390003413696000010e-05
4.979923202669447164e+03,1.400007028872000068e-05
4.979441072810219339e+03,1.400007028872000068e-05
4.978958942950990604e+03,1.410010644047999956e-05
4.978476813091761869e+03,1.410010644047999956e-05
4.977994683232534044e+03,1.410010644047999956e-05
4.977512553373305309e+03,1.410010644047999956e-05
4.977030423514077484e+03,1.410010644047999956e-05
4.976548293654848749e+03,1.410010644047999956e-05
4.976066163795620014e+03,1.410010644047999956e-05
4.975584033936392188e+03,1.410010644047999956e-05
4.975101904077164363e+03,1.410010644047999956e-05
4.974619774217935628e+03,1.410010644047999956e-05
4.974137644358706893e+03,1.410010644047999956e-05
4.973655514499478159e+03,1.410010644047999956e-05
4.973173384640250333e+03,1.419992559407999937e-05
4.972691254781022508e+03,1.419992559407999937e-05
4.972209124921793773e+03,1.419992559407999937e-05
4.971726995062565038e+03,1.429996174583999995e-05
4.971244865203336303e+03,1.429996174583999995e-05
4.970762735344108478e+03,1.429996174583999995e-05
4.970280605484880653e+03,1.439999789760000053e-05
4.969798475625651918e+03,1.429996174583999995e-05
4.969316345766423183e+03,1.429996174583999995e-05
4.968834215907194448e+03,1.419992559407999937e-05
4.968352086047966623e+03,1.419992559407999937e-05
4.967869956188738797e+03,1.419992559407999937e-05
4.967387826329510062e+03,1.429996174583999995e-05
4.966905696470281327e+03,1.429996174583999995e-05
4.966423566611052593e+03,1.429996174583999995e-05
4.965941436751824767e+03,1.439999789760000053e-05
4.965459306892596942e+03,1.439999789760000053e-05
4.964977177033368207e+03,1.439999789760000053e-05
4.964495047174139472e+03,1.450003404935999942e-05
4.964012917314910737e+03,1.450003404935999942e-05
4.963530787455682912e+03,1.450003404935999942e-05
4.963048657596455087e+03,1.439999789760000053e-05
4.962566527737226352e+03,1.439999789760000053e-05
4.962084397877997617e+03,1.439999789760000053e-05
4.961602268018768882e+03,1.439999789760000053e-05
4.961120138159541057e+03,1.439999789760000053e-05
4.960638008300313231e+03,1.439999789760000053e-05
4.960155878441084496e+03,1.439999789760000053e-05
4.959673748581855762e+03,1.450003404935999942e-05
4.959191618722627936e+03,1.450003404935999942e-05
4.958709488863399201e+03,1.460007020111999999e-05
4.958227359004171376e+03,1.460007020111999999e-05
4.957745229144942641e+03,1.460007020111999999e-05
4.957263099285713906e+03,1.460007020111999999e-05
4.956780969426486081e+03,1.460007020111999999e-05
4.956298839567257346e+03,1.460007020111999999e-05
4.955816709708029521e+03,1.450003404935999942e-05
4.955334579848800786e+03,1.450003404935999942e-05
4.954852449989572051e+03,1.439999789760000053e-05
4.954370320130344226e+03,1.439999789760000053e-05
4.953888190271116400e+03,1.439999789760000053e-05
4.953406060411887665e+03,1.450003404935999942e-05
4.952923930552658931e+03,1.450003404935999942e-05
4.952441800693430196e+03,1.450003404935999942e-05
4.951959670834202370e+03,1.460007020111999999e-05
4.951477540974974545e+03,1.460007020111999999e-05
4.950995411115745810e+03,1.460007020111999999e-05
4.950513281256517075e+03,1.460007020111999999e-05
4.950031151397288340e+03,1.460007020111999999e-05
4.949549021538060515e+03,1.460007020111999999e-05
4.949066891678832690e+03,1.450003404935999942e-05
4.948584761819603955e+03,1.450003404935999942e-05
4.948102631960375220e+03,1.450003404935999942e-05
4.947620502101146485e+03,1.450003404935999942e-05
4.947138372241918660e+03,1.450003404935999942e-05
4.946656242382690834e+03,1.450003404935999942e-05
4.946174112523462099e+03,1.450003404935999942e-05
4.945691982664233365e+03,1.450003404935999942e-05
4.945209852805004630e+03,1.450003404935999942e-05
4.944727722945776804e+03,1.460007020111999999e-05
4.944245593086548979e+03,1.460007020111999999e-05
4.943763463227320244e+03,1.460007020111999999e-05
4.943281333368091509e+03,1.460007020111999999e-05
4.942799203508862774e+03,1.460007020111999999e-05
4.942317073649634949e+03,1.450003404935999942e-05
4.941834943790407124e+03,1.450003404935999942e-05
4.941352813931178389e+03,1.450003404935999942e-05
4.940870684071949654e+03,1.450003404935999942e-05
4.940388554212720919e+03,1.450003404935999942e-05
4.939906424353493094e+03,1.450003404935999942e-05
4.939424294494265268e+03,1.450003404935999942e-05
4.938942164635036534e+03,1.460007020111999999e-05
4.938460034775807799e+03,1.460007020111999999e-05
4.937977904916579973e+03,1.470010635288000057e-05
4.937495775057351239e+03,1.470010635288000057e-05
4.937013645198123413e+03,1.470010635288000057e-05
4.936531515338894678e+03,1.470010635288000057e-05
4.936049385479665943e+03,1.470010635288000057e-05
4.935567255620438118e+03,1.470010635288000057e-05
4.935085125761209383e+03,1.470010635288000057e-05
4.934602995901981558e+03,1.470010635288000057e-05
4.934120866042752823e+03,1.470010635288000057e-05
4.933638736183524088e+03,1.470010635288000057e-05
4.933156606324296263e+03,1.470010635288000057e-05
4.932674476465068437e+03,1.479992550648000038e-05
4.932192346605839703e+03,1.479992550648000038e-05
4.931710216746610968e+03,1.479992550648000038e-05
4.931228086887382233e+03,1.479992550648000038e-05
4.930745957028154407e+03,1.489996165823999927e-05
4.930263827168926582e+03,1.489996165823999927e-05
4.929781697309697847e+03,1.489996165823999927e-05
4.929299567450469112e+03,1.479992550648000038e-05
4.928817437591240378e+03,1.479992550648000038e-05
4.928335307732012552e+03,1.470010635288000057e-05
4.927853177872784727e+03,1.470010635288000057e-05
4.927371048013555992e+03,1.470010635288000057e-05
4.926888918154327257e+03,1.460007020111999999e-05
4.926406788295098522e+03,1.460007020111999999e-05
4.925924658435870697e+03,1.460007020111999999e-05
4.925442528576642871e+03,1.460007020111999999e-05
4.924960398717414137e+03,1.460007020111999999e-05
4.924478268858185402e+03,1.460007020111999999e-05
4.923996138998956667e+03,1.460007020111999999e-05
4.923514009139728842e+03,1.450003404935999942e-05
4.923031879280501016e+03,1.450003404935999942e-05
4.922549749421272281e+03,1.439999789760000053e-05
4.922067619562043546e+03,1.429996174583999995e-05
4.921585489702814812e+03,1.419992559407999937e-05
4.921103359843586986e+03,1.410010644047999956e-05
4.920621229984359161e+03,1.400007028872000068e-05
4.920139100125130426e+03,1.390003413696000010e-05
4.919656970265901691e+03,1.390003413696000010e-05
4.919174840406672956e+03,1.379999798519999952e-05
4.918692710547445131e+03,1.379999798519999952e-05
4.918210580688217306e+03,1.369996183344000064e-05
4.917728450828988571e+03,1.359992568168000006e-05
4.917246320969759836e+03,1.359992568168000006e-05
4.916764191110532010e+03,1.350010652808000025e-05
4.916282061251303276e+03,1.340007037631999967e-05
4.915799931392075450e+03,1.330003422455999909e-05
4.915317801532846715e+03,1.319999807280000020e-05
4.914835671673617981e+03,1.299992576927999905e-05
4.914353541814390155e+03,1.290010661567999924e-05
4.913871411955161420e+03,1.290010661567999924e-05
4.913389282095933595e+03,1.280007046392000035e-05
4.912907152236704860e+03,1.280007046392000035e-05
4.912425022377476125e+03,1.270003431215999977e-05
4.911942892518248300e+03,1.270003431215999977e-05
4.911460762659020475e+03,1.270003431215999977e-05
4.910978632799791740e+03,1.259999816039999919e-05
4.910496502940563005e+03,1.259999816039999919e-05
4.910014373081334270e+03,1.249996200864000031e-05
4.909532243222106445e+03,1.239992585687999973e-05
4.909050113362878619e+03,1.230010670327999992e-05
4.908567983503649884e+03,1.220007055151999934e-05
4.908085853644421150e+03,1.210003439976000046e-05
4.907603723785192415e+03,1.210003439976000046e-05
4.907121593925964589e+03,1.199999824799999988e-05
4.906639464066736764e+03,1.189996209623999930e-05
4.906157334207508029e+03,1.189996209623999930e-05
4.905675204348279294e+03,1.189996209623999930e-05
4.905193074489050559e+03,1.189996209623999930e-05
4.904710944629822734e+03,1.189996209623999930e-05
4.904228814770594909e+03,1.189996209623999930e-05
4.903746684911366174e+03,1.179992594448000042e-05
4.903264555052137439e+03,1.170010679088000060e-05
4.902782425192908704e+03,1.160007063912000002e-05
4.902300295333680879e+03,1.150003448735999945e-05
4.901818165474453053e+03,1.150003448735999945e-05
4.901336035615224318e+03,1.139999833560000056e-05
4.900853905755995584e+03,1.129996218383999998e-05
4.900371775896766849e+03,1.129996218383999998e-05
4.899889646037539023e+03,1.119992603207999940e-05
4.899407516178311198e+03,1.119992603207999940e-05
4.898925386319082463e+03,1.119992603207999940e-05
4.898443256459853728e+03,1.119992603207999940e-05
4.897961126600624993e+03,1.110010687847999959e-05
4.897478996741397168e+03,1.110010687847999959e-05
4.896996866882169343e+03,1.100007072672000071e-05
4.896514737022940608e+03,1.100007072672000071e-05
4.896032607163711873e+03,1.090003457496000013e-05
4.895550477304484048e+03,1.079999842319999955e-05
4.895068347445255313e+03,1.069996227144000067e-05
4.894586217586027487e+03,1.059992611968000009e-05
4.894104087726798753e+03,1.050010696608000028e-05
4.893621957867570018e+03,1.040007081431999970e-05
4.893139828008342192e+03,1.040007081431999970e-05
4.892657698149113457e+03,1.030003466255999912e-05
4.892175568289885632e+03,1.030003466255999912e-05
4.891693438430656897e+03,1.019999851080000024e-05
4.891211308571428162e+03,1.009996235903999966e-05
4.890729178712200337e+03,1.009996235903999966e-05
4.890247048852971602e+03,9.999926207279999078e-06
4.889764918993743777e+03,9.950016630479999172e-06
4.889282789134515042e+03,9.839998563360000645e-06
4.888800659275286307e+03,9.700034750159999803e-06
4.888318529416058482e+03,9.580034767679999940e-06
4.887836399556830656e+03,9.489980531280000698e-06
4.887354269697601922e+03,9.409908210239999405e-06
4.886872139838373187e+03,9.330052887360000571e-06
4.886390009979144452e+03,9.239998650959999635e-06
4.885907880119916626e+03,9.159926329920000036e-06
4.885425750260688801e+03,9.110016753120000129e-06
4.884943620401460066e+03,9.090052922399999150e-06
4.884461490542231331e+03,9.060107176320000223e-06
4.883979360683002596e+03,9.009980601359999551e-06
4.883497230823774771e+03,8.919926364960000309e-06
4.883015100964546946e+03,8.809908297840000088e-06
4.882532971105318211e+03,8.720071059599999918e-06
4.882050841246089476e+03,8.639998738560000319e-06
4.881568711386860741e+03,8.549944502159999383e-06
4.881086581527632916e+03,8.449908350400000499e-06
4.880604451668405090e+03,8.340107281439999349e-06
4.880122321809176356e+03,8.220107298959999486e-06
4.879640191949947621e+03,8.150016893279999529e-06
4.879158062090718886e+03,8.110089231839999265e-06
4.878675932231491061e+03,8.089908402959999215e-06
4.878193802372263235e+03,8.039998826159999308e-06
4.877711672513034500e+03,7.980107333999999759e-06
4.877229542653805765e+03,7.900035012960000160e-06
4.876747412794577031e+03,7.819962691920000561e-06
4.876265282935349205e+03,7.750089284399999675e-06
4.875783153076121380e+03,7.650053132639999097e-06
4.875301023216892645e+03,7.530053150160000081e-06
4.874818893357663910e+03,7.410053167680000218e-06
4.874336763498435175e+03,7.300035100559999997e-06
4.873854633639207350e+03,7.219962779519999550e-06
4.873372503779979525e+03,7.150089371999999512e-06
4.872890373920750790e+03,7.079998966319999555e-06
4.872408244061522055e+03,6.999926645279999956e-06
4.871926114202294229e+03,6.920071322400000275e-06
4.871443984343065495e+03,6.859962832079999961e-06
4.870961854483837669e+03,6.820035170639999697e-06
4.870479724624608934e+03,6.790089424559999922e-06
4.869997594765380200e+03,6.729980934239999608e-06
4.869515464906152374e+03,6.629944782479999877e-06
4.869033335046923639e+03,6.499962884639999524e-06
4.868551205187695814e+03,6.369980986800000018e-06
4.868069075328467079e+03,6.249981004320000155e-06
4.867586945469238344e+03,6.169908683279999709e-06
4.867104815610010519e+03,6.100035275759999670e-06
4.866622685750782694e+03,6.029944870079999713e-06
4.866140555891553959e+03,5.970053377920000165e-06
4.865658426032325224e+03,5.929908718319999982e-06
4.865176296173096489e+03,5.909944887599999850e-06
4.864694166313868664e+03,5.899962972240000208e-06
4.864212036454640838e+03,5.879999141520000076e-06
4.863729906595412103e+03,5.820107649359999680e-06
4.863247776736183368e+03,5.750017243679999723e-06
4.862765646876954634e+03,5.679926837999999766e-06
4.862283517017726808e+03,5.639999176560000349e-06
4.861801387158498983e+03,5.600071515120000085e-06
4.861319257299270248e+03,5.559926855519999903e-06
4.860837127440041513e+03,5.490053447999999864e-06
4.860354997580812778e+03,5.429944957679999550e-06
4.859872867721584953e+03,5.380035380879999644e-06
4.859390737862357128e+03,5.370053465520000001e-06
4.858908608003128393e+03,5.380035380879999644e-06
4.858426478143899658e+03,5.399999211599999776e-06
4.857944348284670923e+03,5.409981126960000265e-06
4.857462218425443098e+03,5.399999211599999776e-06
4.856980088566215272e+03,5.390017296240000133e-06
4.856497958706986537e+03,5.390017296240000133e-06
4.856015828847757803e+03,5.399999211599999776e-06
4.855533698988529068e+03,5.380035380879999644e-06
4.855051569129301242e+03,5.340107719440000227e-06
4.854569439270073417e+03,5.279999229119999912e-06
4.854087309410844682e+03,5.240071567679999648e-06
4.853605179551615947e+03,5.240071567679999648e-06
4.853123049692387212e+03,5.270017313760000270e-06
4.852640919833159387e+03,5.309944975199999687e-06
4.852158789973931562e+03,5.329908805919999819e-06
4.851676660114702827e+03,5.340107719440000227e-06
4.851194530255474092e+03,5.380035380879999644e-06
4.850712400396246267e+03,5.439926873040000040e-06
4.850230270537017532e+03,5.500035363360000354e-06
4.849748140677789706e+03,5.519999194079999639e-06
4.849266010818560972e+03,5.500035363360000354e-06
4.848783880959332237e+03,5.460107701920000090e-06
4.848301751100104411e+03,5.419963042319999908e-06
4.847819621240875676e+03,5.409981126960000265e-06
4.847337491381647851e+03,5.409981126960000265e-06
4.846855361522419116e+03,5.409981126960000265e-06
4.846373231663190381e+03,5.409981126960000265e-06
4.845891101803962556e+03,5.419963042319999908e-06
4.845408971944734731e+03,5.449908788399999682e-06
4.844926842085505996e+03,5.519999194079999639e-06
4.844444712226277261e+03,5.590089599759999596e-06
4.843962582367048526e+03,5.630017261199999860e-06
4.843480452507820701e+03,5.639999176560000349e-06
4.842998322648592875e+03,5.620035345840000217e-06
4.842516192789364140e+03,5.600071515120000085e-06
4.842034062930135406e+03,5.600071515120000085e-06
4.841551933070906671e+03,5.590089599759999596e-06
4.841069803211678845e+03,5.559926855519999903e-06
4.840587673352451020e+03,5.500035363360000354e-06
4.840105543493222285e+03,5.439926873040000040e-06
4.839623413633993550e+03,5.429944957679999550e-06
4.839141283774764815e+03,5.449908788399999682e-06
4.838659153915536990e+03,5.480071532640000222e-06
4.838177024056309165e+03,5.490053447999999864e-06
4.837694894197080430e+03,5.490053447999999864e-06
4.837212764337851695e+03,5.480071532640000222e-06
4.836730634478622960e+03,5.490053447999999864e-06
4.836248504619395135e+03,5.490053447999999864e-06
4.835766374760167309e+03,5.470089617279999733e-06
4.835284244900938575e+03,5.409981126960000265e-06
4.834802115041709840e+03,5.309944975199999687e-06
4.834319985182481105e+03,5.220107736960000364e-06
4.833837855323253279e+03,5.159999246640000049e-06
4.833355725464025454e+03,5.130053500560000275e-06
4.832873595604796719e+03,5.110089669840000143e-06
4.832391465745567984e+03,5.079926925599999603e-06
4.831909335886339250e+03,5.030017348799999696e-06
4.831427206027111424e+03,4.990089687360000280e-06
4.830945076167883599e+03,4.969908858480000229e-06
4.830462946308654864e+03,4.959926943119999739e-06
4.829980816449426129e+03,4.939963112399999608e-06
4.829498686590198304e+03,4.870089704879999569e-06
4.829016556730969569e+03,4.770053553119999838e-06
4.828534426871741744e+03,4.670017401360000107e-06
4.828052297012513009e+03,4.589945080319999660e-06
4.827570167153284274e+03,4.530053588160000111e-06
4.827088037294056448e+03,4.469945097839999797e-06
4.826605907434827714e+03,4.390089774960000116e-06
4.826123777575599888e+03,4.319999369280000159e-06
4.825641647716371153e+03,4.270089792480000253e-06
4.825159517857142419e+03,4.249908963600000202e-06
4.824677387997914593e+03,4.239927048239999713e-06
4.824195258138686768e+03,4.229945132880000070e-06
4.823713128279458033e+03,4.180035556080000164e-06
4.823230998420229298e+03,4.109945150400000207e-06
4.822748868561000563e+03,4.040071742880000169e-06
4.822266738701772738e+03,3.969981337200000212e-06
4.821784608842544912e+03,3.900107929680000174e-06
4.821302478983316178e+03,3.820035608639999727e-06
4.820820349124087443e+03,3.719999456879999996e-06
4.820338219264858708e+03,3.609981389759999775e-06
4.819856089405630883e+03,3.540107982240000160e-06
4.819373959546403057e+03,3.499963322639999978e-06
4.818891829687174322e+03,3.499963322639999978e-06
4.818409699827945587e+03,3.489981407279999912e-06
4.817927569968716853e+03,3.460035661200000138e-06
4.817445440109489027e+03,3.420107999759999874e-06
4.816963310250261202e+03,3.379963340160000115e-06
4.816481180391032467e+03,3.369981424800000049e-06
4.815999050531803732e+03,3.359999509439999983e-06
4.815516920672574997e+03,3.320071848000000142e-06
4.815034790813347172e+03,3.249981442319999762e-06
4.814552660954119347e+03,3.159927205920000097e-06
4.814070531094890612e+03,3.070089967679999926e-06
4.813588401235661877e+03,3.009981477360000035e-06
4.813106271376433142e+03,2.970053815919999772e-06
4.812624141517205317e+03,2.919927240959999947e-06
4.812142011657977491e+03,2.879999579520000106e-06
4.811659881798748756e+03,2.840071918079999842e-06
4.811177751939520022e+03,2.840071918079999842e-06
4.810695622080291287e+03,2.860035748799999974e-06
4.810213492221063461e+03,2.889981494880000172e-06
4.809731362361835636e+03,2.879999579520000106e-06
4.809249232502606901e+03,2.830090002719999776e-06
4.808767102643378166e+03,2.769981512399999885e-06
4.808284972784150341e+03,2.720071935599999979e-06
4.807802842924921606e+03,2.689909191359999863e-06
4.807320713065693781e+03,2.669945360640000154e-06
4.806838583206465046e+03,2.639999614559999956e-06
4.806356453347236311e+03,2.600071953120000116e-06
4.805874323488008486e+03,2.559927293519999933e-06
4.805392193628779751e+03,2.549945378159999867e-06
4.804910063769551925e+03,2.569909208879999999e-06
4.804427933910323191e+03,2.610053868480000182e-06
4.803945804051094456e+03,2.630017699199999890e-06
4.803463674191866630e+03,2.610053868480000182e-06
4.802981544332638805e+03,2.590090037760000050e-06
4.802499414473410070e+03,2.590090037760000050e-06
4.802017284614181335e+03,2.600071953120000116e-06
4.801535154754952600e+03,2.620035783839999824e-06
4.801053024895724775e+03,2.600071953120000116e-06
4.800570895036496950e+03,2.559927293519999933e-06
4.800088765177268215e+03,2.510017716720000027e-06
4.799606635318039480e+03,2.500035801359999961e-06
4.799124505458810745e+03,2.539963462799999801e-06
4.798642375599582920e+03,2.590090037760000050e-06
4.798160245740355094e+03,2.639999614559999956e-06
4.797678115881126359e+03,2.679927275999999797e-06
4.797195986021897625e+03,2.710090020239999913e-06
4.796713856162668890e+03,2.769981512399999885e-06
4.796231726303441064e+03,2.830090002719999776e-06
4.795749596444213239e+03,2.870017664160000040e-06
4.795267466584984504e+03,2.879999579520000106e-06
4.794785336725755769e+03,2.860035748799999974e-06
4.794303206866527034e+03,2.840071918079999842e-06
4.793821077007299209e+03,2.850053833439999908e-06
4.793338947148071384e+03,2.879999579520000106e-06
4.792856817288842649e+03,2.919927240959999947e-06
4.792374687429613914e+03,2.950089985200000063e-06
4.791892557570385179e+03,2.980035731279999838e-06
4.791410427711157354e+03,3.029945308080000167e-06
4.790928297851929528e+03,3.119999544479999833e-06
4.790446167992700794e+03,3.200071865519999856e-06
4.789964038133472059e+03,3.259963357679999828e-06
4.789481908274243324e+03,3.279927188399999960e-06
4.788999778415015498e+03,3.269945273039999894e-06
4.788517648555787673e+03,3.249981442319999762e-06
4.788035518696558938e+03,3.239999526960000119e-06
4.787553388837330203e+03,3.259963357679999828e-06
4.787071258978102378e+03,3.279927188399999960e-06
4.786589129118873643e+03,3.279927188399999960e-06
4.786106999259645818e+03,3.269945273039999894e-06
4.785624869400417083e+03,3.279927188399999960e-06
4.785142739541188348e+03,3.310089932640000076e-06
4.784660609681960523e+03,3.369981424800000049e-06
4.784178479822731788e+03,3.409909086239999889e-06
4.783696349963503962e+03,3.420107999759999874e-06
4.783214220104275228e+03,3.420107999759999874e-06
4.782732090245046493e+03,3.409909086239999889e-06
4.782249960385818667e+03,3.409909086239999889e-06
4.781767830526590842e+03,3.409909086239999889e-06
4.781285700667362107e+03,3.389945255519999757e-06
4.780803570808133372e+03,3.340035678719999851e-06
4.780321440948904637e+03,3.279927188399999960e-06
4.779839311089676812e+03,3.239999526960000119e-06
4.779357181230448987e+03,3.239999526960000119e-06
4.778875051371220252e+03,3.259963357679999828e-06
4.778392921511991517e+03,3.279927188399999960e-06
4.777910791652762782e+03,3.289909103760000026e-06
4.777428661793534957e+03,3.279927188399999960e-06
4.776946531934307131e+03,3.279927188399999960e-06
4.776464402075078397e+03,3.300108017280000010e-06
4.775982272215849662e+03,3.330053763359999785e-06
4.775500142356620927e+03,3.330053763359999785e-06
4.775018012497393102e+03,3.300108017280000010e-06
4.774535882638165276e+03,3.239999526960000119e-06
4.774053752778936541e+03,3.190089950159999790e-06
4.773571622919707806e+03,3.159927205920000097e-06
4.773089493060479072e+03,3.159927205920000097e-06
4.772607363201251246e+03,3.149945290560000031e-06
4.772125233342023421e+03,3.139963375199999965e-06
4.771643103482794686e+03,3.129981459839999899e-06
4.771160973623565951e+03,3.149945290560000031e-06
4.770678843764337216e+03,3.200071865519999856e-06
4.770196713905109391e+03,3.259963357679999828e-06
4.769714584045881566e+03,3.279927188399999960e-06
4.769232454186652831e+03,3.259963357679999828e-06
4.768750324327424096e+03,3.220035696239999988e-06
4.768268194468195361e+03,3.190089950159999790e-06
4.767786064608967536e+03,3.169909121280000163e-06
4.767303934749739710e+03,3.159927205920000097e-06
4.766821804890510975e+03,3.129981459839999899e-06
4.766339675031282241e+03,3.090053798400000058e-06
4.765857545172054415e+03,3.060108052319999860e-06
4.765375415312825680e+03,3.060108052319999860e-06
4.764893285453597855e+03,3.110017629119999767e-06
4.764411155594369120e+03,3.180108034800000147e-06
4.763929025735140385e+03,3.230017611600000054e-06
4.763446895875912560e+03,3.249981442319999762e-06
4.762964766016683825e+03,3.249981442319999762e-06
4.762482636157456000e+03,3.259963357679999828e-06
4.762000506298227265e+03,3.279927188399999960e-06
4.761518376438998530e+03,3.300108017280000010e-06
4.761036246579770705e+03,3.289909103760000026e-06
4.760554116720542879e+03,3.259963357679999828e-06
4.760071986861314144e+03,3.239999526960000119e-06
4.759589857002085409e+03,3.239999526960000119e-06
4.759107727142856675e+03,3.289909103760000026e-06
4.758625597283628849e+03,3.359999509439999983e-06
4.758143467424401024e+03,3.409909086239999889e-06
4.757661337565172289e+03,3.450053745840000072e-06
4.757179207705943554e+03,3.489981407279999912e-06
4.756697077846714819e+03,3.540107982240000160e-06
4.756214947987486994e+03,3.609981389759999775e-06
4.755732818128259169e+03,3.660107964720000024e-06
4.755250688269030434e+03,3.670089880080000090e-06
4.754768558409801699e+03,3.649909051200000039e-06
4.754286428550572964e+03,3.639927135839999973e-06
4.753804298691345139e+03,3.639927135839999973e-06
4.753322168832117313e+03,3.670089880080000090e-06
4.752840038972888578e+03,3.700035626159999864e-06
4.752357909113659844e+03,3.719999456879999996e-06
4.751875779254431109e+03,3.739963287600000128e-06
4.751393649395203283e+03,3.780107947199999887e-06
4.750911519535975458e+03,3.869945185439999634e-06
4.750429389676746723e+03,3.969981337200000212e-06
4.749947259817517988e+03,4.050053658239999811e-06
4.749465129958289253e+03,4.079999404319999586e-06
4.748983000099061428e+03,4.070017488959999943e-06
4.748500870239833603e+03,4.070017488959999943e-06
4.748018740380604868e+03,4.079999404319999586e-06
4.747536610521376133e+03,4.099963235039999718e-06
4.747054480662147398e+03,4.099963235039999718e-06
4.746572350802919573e+03,4.089981319680000075e-06
4.746090220943691747e+03,4.070017488959999943e-06
4.745608091084463013e+03,4.070017488959999943e-06
4.745125961225234278e+03,4.119927065759999850e-06
4.744643831366006452e+03,4.190017471439999807e-06
4.744161701506777717e+03,4.270089792480000253e-06
4.743679571647549892e+03,4.319999369280000159e-06
4.743197441788321157e+03,4.349945115359999934e-06
4.742715311929092422e+03,4.380107859599999627e-06
4.742233182069864597e+03,4.410053605680000248e-06
4.741751052210635862e+03,4.439999351760000023e-06
4.741268922351408037e+03,4.449981267119999665e-06
4.740786792492179302e+03,4.420035521039999891e-06
4.740304662632950567e+03,4.359927030719999576e-06
4.739822532773722742e+03,4.319999369280000159e-06
4.739340402914494916e+03,4.319999369280000159e-06
4.738858273055266181e+03,4.349945115359999934e-06
4.738376143196037447e+03,4.390089774960000116e-06
4.737894013336808712e+03,4.410053605680000248e-06
4.737411883477580886e+03,4.420035521039999891e-06
4.736929753618353061e+03,4.439999351760000023e-06
4.736447623759124326e+03,4.489908928559999929e-06
4.735965493899895591e+03,4.540035503519999754e-06
4.735483364040666856e+03,4.569981249600000375e-06
4.735001234181439031e+03,4.559999334239999886e-06
4.734519104322211206e+03,4.520071672799999622e-06
4.734036974462982471e+03,4.479927013200000286e-06
4.733554844603753736e+03,4.459963182480000155e-06
4.733072714744525001e+03,4.449981267119999665e-06
4.732590584885297176e+03,4.430017436400000380e-06
4.732108455026069350e+03,4.410053605680000248e-06
4.731626325166840616e+03,4.390089774960000116e-06
4.731144195307611881e+03,4.410053605680000248e-06
4.730662065448383146e+03,4.469945097839999797e-06
4.730179935589155320e+03,4.540035503519999754e-06
4.729697805729927495e+03,4.569981249600000375e-06
4.729215675870698760e+03,4.559999334239999886e-06
4.728733546011470025e+03,4.530053588160000111e-06
4.728251416152241291e+03,4.510089757439999979e-06
4.727769286293013465e+03,4.510089757439999979e-06
4.727287156433785640e+03,4.489908928559999929e-06
4.726805026574556905e+03,4.439999351760000023e-06
4.726322896715328170e+03,4.359927030719999576e-06
4.725840766856099435e+03,4.290053623199999538e-06
4.725358636996871610e+03,4.270089792480000253e-06
4.724876507137643785e+03,4.290053623199999538e-06
4.724394377278415050e+03,4.319999369280000159e-06
4.723912247419186315e+03,4.329981284639999802e-06
4.723430117559958489e+03,4.310017453919999670e-06
4.722947987700729755e+03,4.300035538560000027e-06
4.722465857841501929e+03,4.310017453919999670e-06
4.721983727982273194e+03,4.319999369280000159e-06
4.721501598123044459e+03,4.310017453919999670e-06
4.721019468263816634e+03,4.260107877119999763e-06
4.720537338404587899e+03,4.160071725360000032e-06
4.720055208545360074e+03,4.070017488959999943e-06
4.719573078686131339e+03,3.999927083279999986e-06
4.719090948826902604e+03,3.979963252559999854e-06
4.718608818967674779e+03,3.959999421839999723e-06
4.718126689108446953e+03,3.940035591119999591e-06
4.717644559249218219e+03,3.889909016159999766e-06
4.717162429389989484e+03,3.849981354720000349e-06
4.716680299530760749e+03,3.849981354720000349e-06
4.716198169671532924e+03,3.849981354720000349e-06
4.715716039812305098e+03,3.839999439359999859e-06
4.715233909953076363e+03,3.790089862559999953e-06
4.714751780093847628e+03,3.700035626159999864e-06
4.714269650234618894e+03,3.609981389759999775e-06
4.713787520375391068e+03,3.540107982240000160e-06
4.713305390516163243e+03,3.499963322639999978e-06
4.712823260656934508e+03,3.450053745840000072e-06
4.712341130797705773e+03,3.389945255519999757e-06
4.711859000938477038e+03,3.300108017280000010e-06
4.711376871079249213e+03,3.239999526960000119e-06
4.710894741220021388e+03,3.220035696239999988e-06
4.710412611360792653e+03,3.230017611600000054e-06
4.709930481501563918e+03,3.249981442319999762e-06
4.709448351642335183e+03,3.239999526960000119e-06
4.708966221783107358e+03,3.200071865519999856e-06
4.708484091923879532e+03,3.159927205920000097e-06
4.708001962064650797e+03,3.110017629119999767e-06
4.707519832205422063e+03,3.070089967679999926e-06
4.707037702346193328e+03,3.009981477360000035e-06
4.706555572486965502e+03,2.929909156320000013e-06
4.706073442627737677e+03,2.860035748799999974e-06
4.705591312768508942e+03,2.799927258480000083e-06
4.705109182909280207e+03,2.789945343120000017e-06
4.704627053050051472e+03,2.809909173840000149e-06
4.704144923190823647e+03,2.830090002719999776e-06
4.703662793331595822e+03,2.830090002719999776e-06
4.703180663472367087e+03,2.809909173840000149e-06
4.702698533613138352e+03,2.809909173840000149e-06
4.702216403753910527e+03,2.820108087360000134e-06
4.701734273894681792e+03,2.830090002719999776e-06
4.701252144035453966e+03,2.809909173840000149e-06
4.700770014176225231e+03,2.759999597039999819e-06
4.700287884316996497e+03,2.700108104879999847e-06
4.699805754457768671e+03,2.639999614559999956e-06
4.699323624598539936e+03,2.610053868480000182e-06
4.698841494739312111e+03,2.600071953120000116e-06
4.698359364880083376e+03,2.590090037760000050e-06
4.697877235020854641e+03,2.590090037760000050e-06
4.697395105161626816e+03,2.600071953120000116e-06
4.696912975302398991e+03,2.620035783839999824e-06
4.696430845443170256e+03,2.669945360640000154e-06
4.695948715583941521e+03,2.710090020239999913e-06
4.695466585724712786e+03,2.730053850960000045e-06
4.694984455865484961e+03,2.710090020239999913e-06
4.694502326006257135e+03,2.659963445280000088e-06
4.694020196147028400e+03,2.620035783839999824e-06
4.693538066287799666e+03,2.600071953120000116e-06
4.693055936428570931e+03,2.590090037760000050e-06
4.692573806569343105e+03,2.580108122399999984e-06
4.692091676710115280e+03,2.549945378159999867e-06
4.691609546850886545e+03,2.529981547440000159e-06
4.691127416991657810e+03,2.529981547440000159e-06
4.690645287132429075e+03,2.569909208879999999e-06
4.690163157273201250e+03,2.630017699199999890e-06
4.689681027413973425e+03,2.669945360640000154e-06
4.689198897554744690e+03,2.679927275999999797e-06
4.688716767695515955e+03,2.669945360640000154e-06
4.688234637836287220e+03,2.669945360640000154e-06
4.687752507977059395e+03,2.679927275999999797e-06
4.687270378117831569e+03,2.669945360640000154e-06
4.686788248258602835e+03,2.630017699199999890e-06
4.686306118399374100e+03,2.580108122399999984e-06
4.685823988540145365e+03,2.539963462799999801e-06
4.685341858680917539e+03,2.539963462799999801e-06
4.684859728821689714e+03,2.580108122399999984e-06
4.684377598962460979e+03,2.639999614559999956e-06
4.683895469103232244e+03,2.689909191359999863e-06
4.683413339244003510e+03,2.720071935599999979e-06
4.682931209384775684e+03,2.740035766320000111e-06
4.682449079525547859e+03,2.769981512399999885e-06
4.681966949666319124e+03,2.820108087360000134e-06
4.681484819807090389e+03,2.870017664160000040e-06
4.681002689947862564e+03,2.879999579520000106e-06
4.680520560088633829e+03,2.850053833439999908e-06
4.680038430229406003e+03,2.809909173840000149e-06
4.679556300370177269e+03,2.779963427759999951e-06
4.679074170510948534e+03,2.779963427759999951e-06
4.678592040651720708e+03,2.799927258480000083e-06
4.678109910792491974e+03,2.820108087360000134e-06
4.677627780933264148e+03,2.850053833439999908e-06
4.677145651074035413e+03,2.899963410239999815e-06
4.676663521214806678e+03,2.970053815919999772e-06
4.676181391355578853e+03,3.039927223439999810e-06
4.675699261496351028e+03,3.080071883039999992e-06
4.675217131637122293e+03,3.090053798400000058e-06
4.674735001777893558e+03,3.080071883039999992e-06
4.674252871918664823e+03,3.060108052319999860e-06
4.673770742059436998e+03,3.070089967679999926e-06
4.673288612200209172e+03,3.080071883039999992e-06
4.672806482340980438e+03,3.080071883039999992e-06
4.672324352481751703e+03,3.060108052319999860e-06
4.671842222622522968e+03,3.039927223439999810e-06
4.671360092763295143e+03,3.039927223439999810e-06
4.670877962904067317e+03,3.080071883039999992e-06
4.670395833044838582e+03,3.159927205920000097e-06
4.669913703185609847e+03,3.239999526960000119e-06
4.669431573326381113e+03,3.289909103760000026e-06
4.668949443467153287e+03,3.310089932640000076e-06
4.668467313607925462e+03,3.330053763359999785e-06
4.667985183748696727e+03,3.340035678719999851e-06
4.667503053889467992e+03,3.359999509439999983e-06
4.667020924030239257e+03,3.369981424800000049e-06
4.666538794171011432e+03,3.340035678719999851e-06
4.666056664311783607e+03,3.310089932640000076e-06
4.665574534452554872e+03,3.279927188399999960e-06
4.665092404593326137e+03,3.289909103760000026e-06
4.664610274734097402e+03,3.320071848000000142e-06
4.664128144874869577e+03,3.369981424800000049e-06
4.663646015015641751e+03,3.399927170879999823e-06
4.663163885156413016e+03,3.440071830480000006e-06
4.662681755297184282e+03,3.479999491919999846e-06
4.662199625437955547e+03,3.540107982240000160e-06
4.661717495578727721e+03,3.599999474400000133e-06
4.661235365719499896e+03,3.619963305119999841e-06
4.660753235860271161e+03,3.599999474400000133e-06
4.660271106001042426e+03,3.560071812959999869e-06
4.659788976141813691e+03,3.519927153360000110e-06
4.659306846282585866e+03,3.519927153360000110e-06
4.658824716423358041e+03,3.529909068720000176e-06
4.658342586564129306e+03,3.540107982240000160e-06
4.657860456704900571e+03,3.540107982240000160e-06
4.657378326845672746e+03,3.550089897599999803e-06
4.656896196986444011e+03,3.580035643680000001e-06
4.656414067127216185e+03,3.649909051200000039e-06
4.655931937267987450e+03,3.729981372240000062e-06
4.655449807408758716e+03,3.780107947199999887e-06
4.654967677549530890e+03,3.800071777920000019e-06
4.654485547690302155e+03,3.790089862559999953e-06
4.654003417831074330e+03,3.780107947199999887e-06
4.653521287971845595e+03,3.769909033679999902e-06
4.653039158112616860e+03,3.769909033679999902e-06
4.652557028253389035e+03,3.749945202959999770e-06
4.652074898394161210e+03,3.729981372240000062e-06
4.651592768534932475e+03,3.710017541519999930e-06
4.651110638675703740e+03,3.719999456879999996e-06
4.650628508816475005e+03,3.769909033679999902e-06
4.650146378957247180e+03,3.839999439359999859e-06
4.649664249098019354e+03,3.889909016159999766e-06
4.649182119238790619e+03,3.920071760400000306e-06
4.648699989379561885e+03,3.940035591119999591e-06
4.648217859520333150e+03,3.959999421839999723e-06
4.647735729661105324e+03,3.979963252559999854e-06
4.647253599801877499e+03,3.979963252559999854e-06
4.646771469942648764e+03,3.940035591119999591e-06
4.646289340083420029e+03,3.869945185439999634e-06
4.645807210224191294e+03,3.810053693280000085e-06
4.645325080364963469e+03,3.780107947199999887e-06
4.644842950505735644e+03,3.800071777920000019e-06
4.644360820646506909e+03,3.839999439359999859e-06
4.643878690787278174e+03,3.879927100800000123e-06
4.643396560928049439e+03,3.900107929680000174e-06
4.642914431068821614e+03,3.920071760400000306e-06
4.642432301209593788e+03,3.950017506480000080e-06
4.641950171350365054e+03,3.989945167920000344e-06
4.641468041491136319e+03,4.009908998639999629e-06
4.640985911631907584e+03,3.999927083279999986e-06
4.640503781772679758e+03,3.950017506480000080e-06
4.640021651913451933e+03,3.889909016159999766e-06
4.639539522054223198e+03,3.849981354720000349e-06
4.639057392194994463e+03,3.830017524000000217e-06
4.638575262335765728e+03,3.820035608639999727e-06
4.638093132476537903e+03,3.800071777920000019e-06
4.637611002617310078e+03,3.780107947199999887e-06
4.637128872758081343e+03,3.769909033679999902e-06
4.636646742898852608e+03,3.790089862559999953e-06
4.636164613039624783e+03,3.839999439359999859e-06
4.635682483180396048e+03,3.869945185439999634e-06
4.635200353321168222e+03,3.859963270079999991e-06
4.634718223461939488e+03,3.830017524000000217e-06
4.634236093602710753e+03,3.790089862559999953e-06
4.633753963743482927e+03,3.749945202959999770e-06
4.633271833884254193e+03,3.719999456879999996e-06
4.632789704025026367e+03,3.690053710799999798e-06
4.632307574165797632e+03,3.639927135839999973e-06
4.631825444306568897e+03,3.599999474400000133e-06
4.631343314447341072e+03,3.580035643680000001e-06
4.630861184588113247e+03,3.599999474400000133e-06
4.630379054728884512e+03,3.629945220479999907e-06
4.629896924869655777e+03,3.670089880080000090e-06
4.629414795010427042e+03,3.700035626159999864e-06
4.628932665151199217e+03,3.700035626159999864e-06
4.628450535291971391e+03,3.710017541519999930e-06
4.627968405432742657e+03,3.719999456879999996e-06
4.627486275573513922e+03,3.719999456879999996e-06
4.627004145714285187e+03,3.710017541519999930e-06
4.626522015855057361e+03,3.649909051200000039e-06
4.626039885995829536e+03,3.580035643680000001e-06
4.625557756136600801e+03,3.519927153360000110e-06
4.625075626277372066e+03,3.489981407279999912e-06
4.624593496418143332e+03,3.499963322639999978e-06
4.624111366558915506e+03,3.509945238000000044e-06
4.623629236699687681e+03,3.519927153360000110e-06
4.623147106840458946e+03,3.529909068720000176e-06
4.622664976981230211e+03,3.560071812959999869e-06
4.622182847122001476e+03,3.609981389759999775e-06
4.621700717262773651e+03,3.649909051200000039e-06
4.621218587403545826e+03,3.649909051200000039e-06
4.620736457544317091e+03,3.619963305119999841e-06
4.620254327685088356e+03,3.570053728319999935e-06
4.619772197825859621e+03,3.529909068720000176e-06
4.619290067966631796e+03,3.499963322639999978e-06
4.618807938107403970e+03,3.470017576559999780e-06
4.618325808248175235e+03,3.450053745840000072e-06
4.617843678388946500e+03,3.440071830480000006e-06
4.617361548529717766e+03,3.440071830480000006e-06
4.616879418670489940e+03,3.479999491919999846e-06
4.616397288811262115e+03,3.550089897599999803e-06
4.615915158952033380e+03,3.619963305119999841e-06
4.615433029092804645e+03,3.660107964720000024e-06
4.614950899233576820e+03,3.660107964720000024e-06
4.614468769374348085e+03,3.639927135839999973e-06
4.613986639515120260e+03,3.639927135839999973e-06
4.613504509655891525e+03,3.639927135839999973e-06
4.613022379796662790e+03,3.639927135839999973e-06
4.612540249937434965e+03,3.609981389759999775e-06
4.612058120078206230e+03,3.560071812959999869e-06
4.611575990218978404e+03,3.519927153360000110e-06
4.611093860359749669e+03,3.519927153360000110e-06
4.610611730500520935e+03,3.570053728319999935e-06
4.610129600641293109e+03,3.649909051200000039e-06
4.609647470782065284e+03,3.710017541519999930e-06
4.609165340922836549e+03,3.749945202959999770e-06
4.608683211063607814e+03,3.769909033679999902e-06
4.608201081204379079e+03,3.810053693280000085e-06
4.607718951345151254e+03,3.859963270079999991e-06
4.607236821485923429e+03,3.900107929680000174e-06
4.606754691626694694e+03,3.900107929680000174e-06
4.606272561767465959e+03,3.859963270079999991e-06
4.605790431908237224e+03,3.820035608639999727e-06
4.605308302049009399e+03,3.810053693280000085e-06
4.604826172189781573e+03,3.830017524000000217e-06
4.604344042330552838e+03,3.879927100800000123e-06
4.603861912471324104e+03,3.930053675759999948e-06
4.603379782612095369e+03,3.969981337200000212e-06
4.602897652752867543e+03,4.020107912160000037e-06
4.602415522893639718e+03,4.079999404319999586e-06
4.601933393034410983e+03,4.160071725360000032e-06
4.601451263175182248e+03,4.219963217519999581e-06
4.600969133315953513e+03,4.249908963600000202e-06
4.600487003456725688e+03,4.260107877119999763e-06
4.600004873597497863e+03,4.270089792480000253e-06
4.599522743738269128e+03,4.280071707839999895e-06
4.599040613879040393e+03,4.310017453919999670e-06
4.598558484019811658e+03,4.319999369280000159e-06
4.598076354160583833e+03,4.329981284639999802e-06
4.597594224301356007e+03,4.339963200000000291e-06
4.597112094442127272e+03,4.369908946080000066e-06
4.596629964582898538e+03,4.449981267119999665e-06
4.596147834723669803e+03,4.550017418880000243e-06
4.595665704864441977e+03,4.650053570639999975e-06
4.595183575005214152e+03,4.719926978160000013e-06
4.594701445145985417e+03,4.760071637760000195e-06
4.594219315286756682e+03,4.790017383839999970e-06
4.593737185427528857e+03,4.819963129919999744e-06
4.593255055568300122e+03,4.849908876000000366e-06
4.592772925709072297e+03,4.849908876000000366e-06
4.592290795849843562e+03,4.839926960639999876e-06
4.591808665990614827e+03,4.829945045280000234e-06
4.591326536131387002e+03,4.849908876000000366e-06
4.590844406272158267e+03,4.900035450960000191e-06
4.590362276412930441e+03,4.990089687360000280e-06
4.589880146553701707e+03,5.079926925599999603e-06
4.589398016694472972e+03,5.169981161999999692e-06
4.588915886835245146e+03,5.240071567679999648e-06
4.588433756976017321e+03,5.329908805919999819e-06
4.587951627116788586e+03,5.419963042319999908e-06
4.587469497257559851e+03,5.500035363360000354e-06
4.586987367398331116e+03,5.539963024799999771e-06
4.586505237539103291e+03,5.529981109440000128e-06
4.586023107679875466e+03,5.519999194079999639e-06
4.585540977820646731e+03,5.519999194079999639e-06
4.585058847961417996e+03,5.559926855519999903e-06
4.584576718102189261e+03,5.630017261199999860e-06
4.584094588242961436e+03,5.700107666879999817e-06
4.583612458383733610e+03,5.759999159040000212e-06
4.583130328524504876e+03,5.820107649359999680e-06
4.582648198665276141e+03,5.909944887599999850e-06
4.582166068806047406e+03,6.019962954720000071e-06
4.581683938946819580e+03,6.119999106479999802e-06
4.581201809087591755e+03,6.190089512159999759e-06
4.580719679228363020e+03,6.230017173600000023e-06
4.580237549369134285e+03,6.249981004320000155e-06
4.579755419509905551e+03,6.279926750399999929e-06
4.579273289650677725e+03,6.320071410000000112e-06
4.578791159791449900e+03,6.369980986800000018e-06
4.578309029932221165e+03,6.420107561759999843e-06
4.577826900072992430e+03,6.460035223200000107e-06
4.577344770213763695e+03,6.509944800000000013e-06
4.576862640354535870e+03,6.599999036400000102e-06
4.576380510495308044e+03,6.710017103520000323e-06
4.575898380636079310e+03,6.839999001359999829e-06
4.575416250776850575e+03,6.940035153119999560e-06
4.574934120917621840e+03,7.030089389519999649e-06
4.574451991058394015e+03,7.099962797039999687e-06
4.573969861199166189e+03,7.180035118080000134e-06
4.573487731339937454e+03,7.270089354480000222e-06
4.573005601480708719e+03,7.339962762000000261e-06
4.572523471621480894e+03,7.390089336960000086e-06
4.572041341762252159e+03,7.410053167680000218e-06
4.571559211903024334e+03,7.439998913759999992e-06
4.571077082043795599e+03,7.510089319439999949e-06
4.570594952184566864e+03,7.620107386560000170e-06
4.570112822325339039e+03,7.729908455519999625e-06
4.569630692466110304e+03,7.829944607280000203e-06
4.569148562606882479e+03,7.919998843679999445e-06
4.568666432747653744e+03,8.030016910799999666e-06
4.568184302888425009e+03,8.150016893279999529e-06
4.567702173029197183e+03,8.270016875759999392e-06
4.567220043169969358e+03,8.370053027519999971e-06
4.566737913310740623e+03,8.439926435039999162e-06
4.566255783451511888e+03,8.490053009999999834e-06
4.565773653592283154e+03,8.529980671440000098e-06
4.565291523733055328e+03,8.590089161760000412e-06
4.564809393873827503e+03,8.679926400000000583e-06
4.564327264014598768e+03,8.769980636399999824e-06
4.563845134155370033e+03,8.870016788160000403e-06
4.563363004296141298e+03,8.970052939919999287e-06
4.562880874436913473e+03,9.090052922399999150e-06
4.562398744577685648e+03,9.239998650959999635e-06
4.561916614718456913e+03,9.399926294879999762e-06
4.561434484859228178e+03,9.540107106239999676e-06
4.560952354999999443e+03,9.639926259839999489e-06
4.560470225140771618e+03,9.700034750159999803e-06
4.559988095281543792e+03,9.769908157680000688e-06
4.559505965422315057e+03,9.859962394079999930e-06
4.559023835563086323e+03,9.959998545840000508e-06
4.558541705703857588e+03,1.009996235903999966e-05
4.558059575844629762e+03,1.009996235903999966e-05
4.557577445985401937e+03,1.019999851080000024e-05
4.557095316126173202e+03,1.030003466255999912e-05
4.556613186266944467e+03,1.050010696608000028e-05
4.556131056407715732e+03,1.069996227144000067e-05
4.555648926548487907e+03,1.079999842319999955e-05
4.555166796689260082e+03,1.100007072672000071e-05
4.554684666830031347e+03,1.110010687847999959e-05
4.554202536970802612e+03,1.129996218383999998e-05
4.553720407111573877e+03,1.139999833560000056e-05
4.553238277252346052e+03,1.150003448735999945e-05
4.552756147393118226e+03,1.160007063912000002e-05
4.552274017533889491e+03,1.170010679088000060e-05
4.551791887674660757e+03,1.179992594448000042e-05
4.551309757815432931e+03,1.189996209623999930e-05
4.550827627956204196e+03,1.199999824799999988e-05
4.550345498096976371e+03,1.220007055151999934e-05
4.549863368237747636e+03,1.230010670327999992e-05
4.549381238378518901e+03,1.249996200864000031e-05
4.548899108519291076e+03,1.270003431215999977e-05
4.548416978660062341e+03,1.290010661567999924e-05
4.547934848800834516e+03,1.309996192103999963e-05
4.547452718941605781e+03,1.319999807280000020e-05
4.546970589082377046e+03,1.340007037631999967e-05
4.546488459223149221e+03,1.350010652808000025e-05
4.546006329363921395e+03,1.350010652808000025e-05
4.545524199504692660e+03,1.369996183344000064e-05
4.545042069645463926e+03,1.379999798519999952e-05
4.544559939786235191e+03,1.400007028872000068e-05
4.544077809927007365e+03,1.410010644047999956e-05
4.543595680067779540e+03,1.419992559407999937e-05
4.543113550208550805e+03,1.439999789760000053e-05
4.542631420349322070e+03,1.460007020111999999e-05
4.542149290490093335e+03,1.479992550648000038e-05
4.541667160630865510e+03,1.499999780999999985e-05
4.541185030771637685e+03,1.520007011351999931e-05
4.540702900912408950e+03,1.530010626527999819e-05
4.540220771053180215e+03,1.539992541888000140e-05
4.539738641193951480e+03,1.559999772239999916e-05
4.539256511334723655e+03,1.570003387415999974e-05
4.538774381475495829e+03,1.580007002592000032e-05
4.538292251616267095e+03,1.590010617768000090e-05
4.537810121757038360e+03,1.599992533128000071e-05
4.537327991897809625e+03,1.619999763479999848e-05
4.536845862038581799e+03,1.630003378655999906e-05
4.536363732179353974e+03,1.659992524368000003e-05
4.535881602320125239e+03,1.679999754720000118e-05
4.535399472460896504e+03,1.690003369895999837e-05
4.534917342601667769e+03,1.710010600247999953e-05
4.534435212742439944e+03,1.729996130783999992e-05
4.533953082883212119e+03,1.739999745960000050e-05
4.533470953023983384e+03,1.760006976311999827e-05
4.532988823164754649e+03,1.770010591487999885e-05
4.532506693305525914e+03,1.789996122023999924e-05
4.532024563446298089e+03,1.799999737199999982e-05
4.531542433587070263e+03,1.810003352376000040e-05
4.531060303727841529e+03,1.830010582727999816e-05
4.530578173868612794e+03,1.839992498088000136e-05
4.530096044009384968e+03,1.859999728439999913e-05
4.529613914150156234e+03,1.880006958792000029e-05
4.529131784290928408e+03,1.899992489328000068e-05
4.528649654431699673e+03,1.919999719679999845e-05
4.528167524572470938e+03,1.950010565208000018e-05
4.527685394713243113e+03,1.969996095744000058e-05
4.527203264854014378e+03,1.990003326095999834e-05
4.526721134994786553e+03,2.010010556447999950e-05
4.526239005135557818e+03,2.019992471807999931e-05
4.525756875276329083e+03,2.039999702160000047e-05
4.525274745417101258e+03,2.060006932511999824e-05
4.524792615557873432e+03,2.079992463047999863e-05
4.524310485698644698e+03,2.099999693399999979e-05
4.523828355839415963e+03,2.120006923752000094e-05
4.523346225980187228e+03,2.139992454288000133e-05
4.522864096120959402e+03,2.170003299815999968e-05
4.522381966261731577e+03,2.190010530168000084e-05
4.521899836402502842e+03,2.219999675879999842e-05
4.521417706543274107e+03,2.250010521408000015e-05
4.520935576684045373e+03,2.279999667120000112e-05
4.520453446824817547e+03,2.300006897471999889e-05
4.519971316965589722e+03,2.319992428007999928e-05
4.519489187106360987e+03,2.339999658360000044e-05
4.519007057247132252e+03,2.360006888711999821e-05
4.518524927387903517e+03,2.389996034423999918e-05
4.518042797528675692e+03,2.410003264776000033e-05
4.517560667669447867e+03,2.430010495127999810e-05
4.517078537810219132e+03,2.449996025663999849e-05
4.516596407950990397e+03,2.480006871192000023e-05
4.516114278091761662e+03,2.509996016904000120e-05
4.515632148232533837e+03,2.540006862431999954e-05
4.515150018373306011e+03,2.569996008144000051e-05
4.514667888514077276e+03,2.590003238495999828e-05
4.514185758654848541e+03,2.619992384207999925e-05
4.513703628795619807e+03,2.639999614560000041e-05
4.513221498936391981e+03,2.660006844911999818e-05
4.512739369077164156e+03,2.689995990623999915e-05
4.512257239217935421e+03,2.710003220976000030e-05
4.511775109358706686e+03,2.730010451327999807e-05
4.511292979499477951e+03,2.749995981863999846e-05
4.510810849640250126e+03,2.770003212215999962e-05
4.510328719781022301e+03,2.799992357928000059e-05
4.509846589921793566e+03,2.819999588279999836e-05
4.509364460062564831e+03,2.850010433808000009e-05
4.508882330203337006e+03,2.869995964344000048e-05
4.508400200344108271e+03,2.900006809871999883e-05
4.507918070484880445e+03,2.929995955583999980e-05
4.507435940625651710e+03,2.960006801111999815e-05
4.506953810766422976e+03,2.979992331647999854e-05
4.506471680907195150e+03,2.999999561999999969e-05
4.505989551047966415e+03,3.020006792352000085e-05
4.505507421188738590e+03,3.039992322888000124e-05
4.505025291329509855e+03,3.059999553240000240e-05
4.504543161470281120e+03,3.090010398767999736e-05
4.504061031611053295e+03,3.109995929303999775e-05
4.503578901751825470e+03,3.140006774831999948e-05
4.503096771892596735e+03,3.159992305367999987e-05
4.502614642033368000e+03,3.190003150896000161e-05
4.502132512174139265e+03,3.229995911783999638e-05
4.501650382314911440e+03,3.260006757311999812e-05
4.501168252455683614e+03,3.289995903023999909e-05
4.500686122596454879e+03,3.320006748552000082e-05
4.500203992737226145e+03,3.349995894264000179e-05
4.499721862877997410e+03,3.380006739791999675e-05
4.499239733018769584e+03,3.409995885503999772e-05
4.498757603159541759e+03,3.430003115855999888e-05
4.498275473300313024e+03,3.459992261567999984e-05
4.497793343441084289e+03,3.490003107096000158e-05
4.497311213581855554e+03,3.519992252808000255e-05
4.496829083722627729e+03,3.560006713511999809e-05
4.496346953863399904e+03,3.589995859223999906e-05
4.495864824004171169e+03,3.630010319928000137e-05
4.495382694144942434e+03,3.680006695991999672e-05
4.494900564285713699e+03,3.719999456879999827e-05
4.494418434426485874e+03,3.759992217767999981e-05
4.493936304567258048e+03,3.800006678472000213e-05
4.493454174708029313e+03,3.839999439359999690e-05
4.492972044848800579e+03,3.879992200247999845e-05
4.492489914989571844e+03,3.920006660952000076e-05
4.492007785130344018e+03,3.959999421840000231e-05
4.491525655271116193e+03,3.999992182727999708e-05
4.491043525411887458e+03,4.050010258607999997e-05
4.490561395552658723e+03,4.090003019496000152e-05
4.490079265693429988e+03,4.139999395559999687e-05
4.489597135834202163e+03,4.189995771623999899e-05
4.489115005974974338e+03,4.249995762864000170e-05
4.488632876115745603e+03,4.299992138927999705e-05
4.488150746256516868e+03,4.359992130167999975e-05
4.487668616397289043e+03,4.410010206048000264e-05
4.487186486538060308e+03,4.470010197287999857e-05
4.486704356678832482e+03,4.520006573352000070e-05
4.486222226819603748e+03,4.580006564591999663e-05
4.485740096960375013e+03,4.630002940655999875e-05
4.485257967101147187e+03,4.690002931896000146e-05
4.484775837241918452e+03,4.750002923135999739e-05
4.484293707382690627e+03,4.810002914376000009e-05
4.483811577523461892e+03,4.870002905616000279e-05
4.483329447664233157e+03,4.930002896855999872e-05
4.482847317805005332e+03,4.990002888096000143e-05
4.482365187945777507e+03,5.060006494511999793e-05
4.481883058086548772e+03,5.139992016288000103e-05
4.481400928227320037e+03,5.209995622703999754e-05
4.480918798368091302e+03,5.279999229120000082e-05
4.480436668508863477e+03,5.350002835535999732e-05
4.479954538649635651e+03,5.420006441952000061e-05
4.479472408790406917e+03,5.490010048367999711e-05
4.478990278931178182e+03,5.559991954967999963e-05
4.478508149071949447e+03,5.639999176559999672e-05
4.478026019212721621e+03,5.710002782976000000e-05
4.477543889353493796e+03,5.780006389391999650e-05
4.477061759494265061e+03,5.859991911167999960e-05
4.476579629635036326e+03,5.950002747935999726e-05
4.476097499775807592e+03,6.030009969528000112e-05
4.475615369916579766e+03,6.119999106480000480e-05
4.475133240057351941e+03,6.210009943247999569e-05
4.474651110198123206e+03,6.299999080199999936e-05
4.474168980338894471e+03,6.390009916968000380e-05
4.473686850479665736e+03,6.490002669095999450e-05
4.473204720620437911e+03,6.579991806047999817e-05
4.472722590761210085e+03,6.670002642816000261e-05
4.472240460901981351e+03,6.769995394943999331e-05
4.471758331042752616e+03,6.870009846887999833e-05
4.471276201183523881e+03,6.970002599016000258e-05
4.470794071324296056e+03,7.079998966319999386e-05
4.470311941465068230e+03,7.189995333623999869e-05
4.469829811605839495e+03,7.299991700928000352e-05
4.469347681746610760e+03,7.419991683407999538e-05
4.468865551887382026e+03,7.539991665888000078e-05
4.468383422028154200e+03,7.669995263543999322e-05
4.467901292168926375e+03,7.799998861199999921e-05
4.467419162309697640e+03,7.930002458856000519e-05
4.466937032450468905e+03,8.060006056511999763e-05
4.466454902591241080e+03,8.190009654168000362e-05
4.465972772732012345e+03,8.329995167183999586e-05
4.465490642872784520e+03,8.470002380016000243e-05
4.465008513013555785e+03,8.619991508207999525e-05
4.464526383154327050e+03,8.780005951392000298e-05
4.464044253295099224e+03,8.939998694759999638e-05
4.463562123435870490e+03,9.109995053304000391e-05
4.463079993576642664e+03,9.289995027023999848e-05
4.462597863717413929e+03,9.479998615919999361e-05
4.462115733858185195e+03,9.670002204816000231e-05
4.461633603998957369e+03,9.870009408887999802e-05
4.461151474139729544e+03,1.010000575867199947e-04
4.460669344280500809e+03,1.029999126292800032e-04
4.460187214421272074e+03,1.049999846699999989e-04
4.459705084562043339e+03,1.070000567107199946e-04
4.459222954702815514e+03,1.100000562727199946e-04
4.458740824843587689e+03,1.119999113152800031e-04
4.458258694984358954e+03,1.149999108772800031e-04
4.457776565125130219e+03,1.179999104392800031e-04
4.457294435265901484e+03,1.209999100012800030e-04
4.456812305406673659e+03,1.239999095632799894e-04
4.456330175547445833e+03,1.269999091252800030e-04
4.455848045688217098e+03,1.310000532067199944e-04
4.455365915828988364e+03,1.340000527687200079e-04
4.454883785969759629e+03,1.379999798519999986e-04
4.454401656110531803e+03,1.419999069352799893e-04
4.453919526251303978e+03,1.460000510167200078e-04
4.453437396392075243e+03,1.499999780999999985e-04
4.452955266532846508e+03,1.550000497027199942e-04
4.452473136673617773e+03,1.599999043072799891e-04
4.451991006814389948e+03,1.649999759100000119e-04
4.451508876955162123e+03,1.700000475127200076e-04
4.451026747095933388e+03,1.749999021172800025e-04
4.450544617236704653e+03,1.809999012412800024e-04
4.450062487377475918e+03,1.869999003652800024e-04
4.449580357518248093e+03,1.940000440087200073e-04
4.449098227659020267e+03,2.000000431327200073e-04
4.448616097799791532e+03,2.079998972992799886e-04
4.448133967940562798e+03,2.150000409427199935e-04
4.447651838081334063e+03,2.229998951092800020e-04
4.447169708222106237e+03,2.309999662740000112e-04
4.446687578362878412e+03,2.390000374387199933e-04
4.446205448503649677e+03,2.469998916052799746e-04
4.445723318644420942e+03,2.560001072894400160e-04
4.445241188785193117e+03,2.650001059754400023e-04
4.444759058925964382e+03,2.750000321827199929e-04
4.444276929066736557e+03,2.849999583899999835e-04
4.443794799207507822e+03,2.939999570760000241e-04
4.443312669348279087e+03,3.039998832832800147e-04
4.442830539489051262e+03,3.140000264887200061e-04
4.442348409629822527e+03,3.239999526959999967e-04
4.441866279770594701e+03,3.350000234227199923e-04
4.441384149911365967e+03,3.440000221087199787e-04
4.440902020052137232e+03,3.539999483160000235e-04
4.440419890192909406e+03,3.640000915214400149e-04
4.439937760333681581e+03,3.730000902074400012e-04
4.439455630474452846e+03,3.820000888934399876e-04
4.438973500615224111e+03,3.899999430600000231e-04
4.438491370755995376e+03,3.980000142247200052e-04
4.438009240896767551e+03,4.049999408699999823e-04
4.437527111037539726e+03,4.109999399940000094e-04
4.437044981178310991e+03,4.169999391179999822e-04
4.436562851319082256e+03,4.220000107207200050e-04
4.436080721459853521e+03,4.270000823234399736e-04
4.435598591600625696e+03,4.300000818854399871e-04
4.435116461741397870e+03,4.330000814474400006e-04
4.434634331882169135e+03,4.349999364900000091e-04
4.434152202022940401e+03,4.370000085307200184e-04
4.433670072163711666e+03,4.379999360520000226e-04
4.433187942304483840e+03,4.390000805714399735e-04
4.432705812445256015e+03,4.390000805714399735e-04
4.432223682586027280e+03,4.379999360520000226e-04
4.431741552726798545e+03,4.379999360520000226e-04
4.431259422867569810e+03,4.370000085307200184e-04
4.430777293008341985e+03,4.360000810094400141e-04
4.430295163149114160e+03,4.349999364900000091e-04
4.429813033289885425e+03,4.340000089687200049e-04
4.429330903430656690e+03,4.330000814474400006e-04
4.428848773571427955e+03,4.319999369279999956e-04
4.428366643712200130e+03,4.310000094067199914e-04
4.427884513852972304e+03,4.300000818854399871e-04
4.427402383993743570e+03,4.289999373659999821e-04
4.426920254134514835e+03,4.289999373659999821e-04
4.426438124275286100e+03,4.289999373659999821e-04
4.425955994416058275e+03,4.289999373659999821e-04
4.425473864556830449e+03,4.289999373659999821e-04
4.424991734697601714e+03,4.300000818854399871e-04
4.424509604838372979e+03,4.310000094067199914e-04
4.424027474979144245e+03,4.330000814474400006e-04
4.423545345119916419e+03,4.349999364900000091e-04
4.423063215260688594e+03,4.370000085307200184e-04
4.422581085401459859e+03,4.400000080927199777e-04
4.422098955542231124e+03,4.430000076547199912e-04
4.421616825683003299e+03,4.469999347380000090e-04
4.421134695823774564e+03,4.510000788194399733e-04
4.420652565964546739e+03,4.559999334239999954e-04
4.420170436105318004e+03,4.610000050267200182e-04
4.419688306246089269e+03,4.660000766294399867e-04
4.419206176386861443e+03,4.720000757534400138e-04
4.418724046527632709e+03,4.780000748774399866e-04
4.418241916668404883e+03,4.850000015227200179e-04
4.417759786809176148e+03,4.919999281680000492e-04
4.417277656949947414e+03,4.990000718114400271e-04
4.416795527090719588e+03,5.059999984567200041e-04
4.416313397231491763e+03,5.140000696214400405e-04
4.415831267372263028e+03,5.219999237879999676e-04
4.415349137513034293e+03,5.299999949527200039e-04
4.414867007653805558e+03,5.389999936387199903e-04
4.414384877794577733e+03,5.470000648034400266e-04
4.413902747935349907e+03,5.549999189699999537e-04
4.413420618076121173e+03,5.629999901347199900e-04
4.412938488216892438e+03,5.710000612994400263e-04
4.412456358357663703e+03,5.789999154659999534e-04
4.411974228498435878e+03,5.869999866307199898e-04
4.411492098639208052e+03,5.939999132759999668e-04
4.411009968779979317e+03,6.010000569194399447e-04
4.410527838920750582e+03,6.079999835647200302e-04
4.410045709061521848e+03,6.139999826887199488e-04
4.409563579202294022e+03,6.199999818127199759e-04
4.409081449343066197e+03,6.259999809367200029e-04
4.408599319483837462e+03,6.310000525394399715e-04
4.408117189624608727e+03,6.349999796227199893e-04
4.407635059765379992e+03,6.389999067060000070e-04
4.407152929906152167e+03,6.430000507874400256e-04
4.406670800046924342e+03,6.460000503494399849e-04
4.406188670187695607e+03,6.479999053919999934e-04
4.405706540328466872e+03,6.499999774327200027e-04
4.405224410469238137e+03,6.509999049539999527e-04
4.404742280610010312e+03,6.520000494734400119e-04
4.404260150750782486e+03,6.520000494734400119e-04
4.403778020891553751e+03,6.520000494734400119e-04
4.403295891032325017e+03,6.509999049539999527e-04
4.402813761173096282e+03,6.499999774327200027e-04
4.402331631313868456e+03,6.479999053919999934e-04
4.401849501454640631e+03,6.469999778707200434e-04
4.401367371595411896e+03,6.439999783087199756e-04
4.400885241736183161e+03,6.419999062679999664e-04
4.400403111876955336e+03,6.400000512254399579e-04
4.399920982017726601e+03,6.370000516634399985e-04
4.399438852158498776e+03,6.340000521014400392e-04
4.398956722299270041e+03,6.300001250181600215e-04
4.398474592440041306e+03,6.269999084579999530e-04
4.397992462580813481e+03,6.239999088959999936e-04
4.397510332721584746e+03,6.199999818127199759e-04
4.397028202862356920e+03,6.160000547294399581e-04
4.396546073003128186e+03,6.130000551674399988e-04
4.396063943143899451e+03,6.089999110859999802e-04
4.395581813284671625e+03,6.049999840027199625e-04
4.395099683425443800e+03,6.010000569194399447e-04
4.394617553566215065e+03,5.969999128380000346e-04
4.394135423706986330e+03,5.929999857547200168e-04
4.393653293847757595e+03,5.890000586714399990e-04
4.393171163988529770e+03,5.849999145899999805e-04
4.392689034129301945e+03,5.809999875067199627e-04
4.392206904270073210e+03,5.770000604234399449e-04
4.391724774410844475e+03,5.729999163420000348e-04
4.391242644551615740e+03,5.699999167799999671e-04
4.390760514692387915e+03,5.669999172180000078e-04
4.390278384833160089e+03,5.629999901347199900e-04
4.389796254973931354e+03,5.609999180939999807e-04
4.389314125114702620e+03,5.579999185320000214e-04
4.388831995255473885e+03,5.560000634894400129e-04
4.388349865396246059e+03,5.539999914487200037e-04
4.387867735537018234e+03,5.519999194079999944e-04
4.387385605677789499e+03,5.500000643654399859e-04
4.386903475818560764e+03,5.489999198460000351e-04
4.386421345959332029e+03,5.479999923247199766e-04
4.385939216100104204e+03,5.479999923247199766e-04
4.385457086240876379e+03,5.479999923247199766e-04
4.384974956381647644e+03,5.479999923247199766e-04
4.384492826522418909e+03,5.489999198460000351e-04
4.384010696663190174e+03,5.500000643654399859e-04
4.383528566803962349e+03,5.509999918867200443e-04
4.383046436944734523e+03,5.530000639274399452e-04
4.382564307085505789e+03,5.549999189699999537e-04
4.382082177226277054e+03,5.569999910107199630e-04
4.381600047367048319e+03,5.599999905727200307e-04
4.381117917507820493e+03,5.629999901347199900e-04
4.380635787648592668e+03,5.659999896967199493e-04
4.380153657789363933e+03,5.699999167799999671e-04
4.379671527930135198e+03,5.740000608614399856e-04
4.379189398070907373e+03,5.779999879447200034e-04
4.378707268211678638e+03,5.819999150280000212e-04
4.378225138352450813e+03,5.860000591094400397e-04
4.377743008493222078e+03,5.909999137140000075e-04
4.377260878633993343e+03,5.959999853167199761e-04
4.376778748774765518e+03,6.010000569194399447e-04
4.376296618915536783e+03,6.059999115240000209e-04
4.375814489056308958e+03,6.100000556054400395e-04
4.375332359197080223e+03,6.150001272081600081e-04
4.374850229337851488e+03,6.199999818127199759e-04
4.374368099478623662e+03,6.239999088959999936e-04
4.373885969619395837e+03,6.280000529774400122e-04
4.373403839760167102e+03,6.319999800607200300e-04
4.372921709900938367e+03,6.359999071440000477e-04
4.372439580041709632e+03,6.389999067060000070e-04
4.371957450182481807e+03,6.419999062679999664e-04
4.371475320323253982e+03,6.450001228281600349e-04
4.370993190464025247e+03,6.469999778707200434e-04
4.370511060604796512e+03,6.490000499114399442e-04
4.370028930745567777e+03,6.499999774327200027e-04
4.369546800886339952e+03,6.509999049539999527e-04
4.369064671027112126e+03,6.520000494734400119e-04
4.368582541167883392e+03,6.520000494734400119e-04
4.368100411308654657e+03,6.509999049539999527e-04
4.367618281449425922e+03,6.509999049539999527e-04
4.367136151590198097e+03,6.499999774327200027e-04
4.366654021730970271e+03,6.479999053919999934e-04
4.366171891871741536e+03,6.469999778707200434e-04
4.365689762012512801e+03,6.450001228281600349e-04
4.365207632153284067e+03,6.430000507874400256e-04
4.364725502294056241e+03,6.409999787467200163e-04
4.364243372434828416e+03,6.389999067060000070e-04
4.363761242575599681e+03,6.359999071440000477e-04
4.363279112716370946e+03,6.340000521014400392e-04
4.362796982857142211e+03,6.310000525394399715e-04
4.362314852997914386e+03,6.289999804987199622e-04
4.361832723138686561e+03,6.259999809367200029e-04
4.361350593279457826e+03,6.229999813747200436e-04
4.360868463420229091e+03,6.209999093340000343e-04
4.360386333561000356e+03,6.179999097719999666e-04
4.359904203701772531e+03,6.160000547294399581e-04
4.359422073842544705e+03,6.130000551674399988e-04
4.358939943983315970e+03,6.109999831267199895e-04
4.358457814124087236e+03,6.089999110859999802e-04
4.357975684264859410e+03,6.070000560434399717e-04
4.357493554405630675e+03,6.049999840027199625e-04
4.357011424546402850e+03,6.019999844407200032e-04
4.356529294687174115e+03,6.000001293981599947e-04
4.356047164827945380e+03,5.980000573574399854e-04
4.355565034968717555e+03,5.959999853167199761e-04
4.355082905109488820e+03,5.950000577954400261e-04
4.354600775250260995e+03,5.929999857547200168e-04
4.354118645391032260e+03,5.909999137140000075e-04
4.353636515531803525e+03,5.890000586714399990e-04
4.353154385672575700e+03,5.869999866307199898e-04
4.352672255813347874e+03,5.860000591094400397e-04
4.352190125954119139e+03,5.839999870687200305e-04
4.351707996094890404e+03,5.819999150280000212e-04
4.351225866235661670e+03,5.809999875067199627e-04
4.350743736376433844e+03,5.789999154659999534e-04
4.350261606517206019e+03,5.770000604234399449e-04
4.349779476657977284e+03,5.759999159039999941e-04
4.349297346798748549e+03,5.740000608614399856e-04
4.348815216939519814e+03,5.729999163420000348e-04
4.348333087080291989e+03,5.710000612994400263e-04
4.347850957221064164e+03,5.689999892587200171e-04
4.347368827361835429e+03,5.680000617374399586e-04
4.346886697502606694e+03,5.659999896967199493e-04
4.346404567643377959e+03,5.650000621754399993e-04
4.345922437784150134e+03,5.629999901347199900e-04
4.345440307924922308e+03,5.609999180939999807e-04
4.344958178065693573e+03,5.599999905727200307e-04
4.344476048206464839e+03,5.579999185320000214e-04
4.343993918347236104e+03,5.560000634894400129e-04
4.343511788488008278e+03,5.549999189699999537e-04
4.343029658628780453e+03,5.530000639274399452e-04
4.342547528769551718e+03,5.509999918867200443e-04
4.342065398910322983e+03,5.500000643654399859e-04
4.341583269051094248e+03,5.479999923247199766e-04
4.341101139191866423e+03,5.459999202839999673e-04
4.340619009332638598e+03,5.449999927627200173e-04
4.340136879473409863e+03,5.429999207220000080e-04
4.339654749614181128e+03,5.419999932007199496e-04
4.339172619754952393e+03,5.399999211600000487e-04
4.338690489895724568e+03,5.389999936387199903e-04
4.338208360036496742e+03,5.369999215979999810e-04
4.337726230177268008e+03,5.359999940767200309e-04
4.337244100318039273e+03,5.339999220360000217e-04
4.336761970458811447e+03,5.329999945147199632e-04
4.336279840599582712e+03,5.309999224739999539e-04
4.335797710740354887e+03,5.299999949527200039e-04
4.335315580881126152e+03,5.279999229119999946e-04
4.334833451021897417e+03,5.260000678694399861e-04
4.334351321162669592e+03,5.249999233500000353e-04
4.333869191303440857e+03,5.230000683074400268e-04
4.333387061444213032e+03,5.209999962667200175e-04
4.332904931584984297e+03,5.189999242260000083e-04
4.332422801725755562e+03,5.170000691834399998e-04
4.331940671866527737e+03,5.149999971427199905e-04
4.331458542007299911e+03,5.129999251019999812e-04
4.330976412148071176e+03,5.099999255400000219e-04
4.330494282288842442e+03,5.080000704974400134e-04
4.330012152429613707e+03,5.050000709354399457e-04
4.329530022570385881e+03,5.020000713734399864e-04
4.329047892711158056e+03,4.999999993327199771e-04
4.328565762851929321e+03,4.969999997707200178e-04
4.328083632992700586e+03,4.940000002087199501e-04
4.327601503133471851e+03,4.900000731254400407e-04
4.327119373274244026e+03,4.870000735634399730e-04
4.326637243415016201e+03,4.840000740014400137e-04
4.326155113555787466e+03,4.799999299199999951e-04
4.325672983696558731e+03,4.769999303579999816e-04
4.325190853837329996e+03,4.730000032747200180e-04
4.324708723978102171e+03,4.690000761914400003e-04
4.324226594118874345e+03,4.660000766294399867e-04
4.323744464259645611e+03,4.619999325480000224e-04
4.323262334400416876e+03,4.580000054647200046e-04
4.322780204541188141e+03,4.529999338619999818e-04
4.322298074681960316e+03,4.490000067787200183e-04
4.321815944822732490e+03,4.439999351759999955e-04
4.321333814963503755e+03,4.400000080927199777e-04
4.320851685104275020e+03,4.349999364900000091e-04
4.320369555245046286e+03,4.300000818854399871e-04
4.319887425385818460e+03,4.250000102827200185e-04
4.319405295526590635e+03,4.199999386799999957e-04
4.318923165667361900e+03,4.139999395560000229e-04
4.318441035808133165e+03,4.090000849514400009e-04
4.317958905948904430e+03,4.040000133487199781e-04
4.317476776089676605e+03,3.989999417460000095e-04
4.316994646230448780e+03,3.940000871414399875e-04
4.316512516371220045e+03,3.890000155387200189e-04
4.316030386511991310e+03,3.839999439359999961e-04
4.315548256652763484e+03,3.790000893314399741e-04
4.315066126793534750e+03,3.749999452500000097e-04
4.314583996934306924e+03,3.710000181667199920e-04
4.314101867075078189e+03,3.670000910834399742e-04
4.313619737215849455e+03,3.640000915214400149e-04
4.313137607356621629e+03,3.610000919594400014e-04
4.312655477497392894e+03,3.580000923974399878e-04
4.312173347638165069e+03,3.560000203567199786e-04
4.311691217778936334e+03,3.539999483160000235e-04
4.311209087919707599e+03,3.530000207947200193e-04
4.310726958060479774e+03,3.509999487540000100e-04
4.310244828201251948e+03,3.509999487540000100e-04
4.309762698342023214e+03,3.500000212327200057e-04
4.309280568482794479e+03,3.500000212327200057e-04
4.308798438623565744e+03,3.500000212327200057e-04
4.308316308764337919e+03,3.509999487540000100e-04
4.307834178905110093e+03,3.520000932734400150e-04
4.307352049045881358e+03,3.530000207947200193e-04
4.306869919186652623e+03,3.539999483160000235e-04
4.306387789327423889e+03,3.560000203567199786e-04
4.305905659468196063e+03,3.580000923974399878e-04
4.305423529608968238e+03,3.599999474399999963e-04
4.304941399749739503e+03,3.620000194807200056e-04
4.304459269890510768e+03,3.640000915214400149e-04
4.303977140031282033e+03,3.659999465640000234e-04
4.303495010172054208e+03,3.680000186047199784e-04
4.303012880312826383e+03,3.710000181667199920e-04
4.302530750453597648e+03,3.730000902074400012e-04
4.302048620594368913e+03,3.749999452500000097e-04
4.301566490735140178e+03,3.770000172907200190e-04
4.301084360875912353e+03,3.790000893314399741e-04
4.300602231016684527e+03,3.809999443739999826e-04
4.300120101157455792e+03,3.830000164147199918e-04
4.299637971298227058e+03,3.850000884554400011e-04
4.299155841438998323e+03,3.860000159767200054e-04
4.298673711579770497e+03,3.880000880174400146e-04
4.298191581720542672e+03,3.890000155387200189e-04
4.297709451861313937e+03,3.899999430600000231e-04
4.297227322002085202e+03,3.899999430600000231e-04
4.296745192142856467e+03,3.910000875794399739e-04
4.296263062283628642e+03,3.910000875794399739e-04
4.295780932424400817e+03,3.910000875794399739e-04
4.295298802565172082e+03,3.910000875794399739e-04
4.294816672705943347e+03,3.910000875794399739e-04
4.294334542846715522e+03,3.899999430600000231e-04
4.293852412987486787e+03,3.890000155387200189e-04
4.293370283128258961e+03,3.880000880174400146e-04
4.292888153269030227e+03,3.869999434980000096e-04
4.292406023409801492e+03,3.860000159767200054e-04
4.291923893550573666e+03,3.850000884554400011e-04
4.291441763691344931e+03,3.830000164147199918e-04
4.290959633832117106e+03,3.820000888934399876e-04
4.290477503972888371e+03,3.800000168527199783e-04
4.289995374113659636e+03,3.779999448120000233e-04
4.289513244254431811e+03,3.770000172907200190e-04
4.289031114395203986e+03,3.749999452500000097e-04
4.288548984535975251e+03,3.730000902074400012e-04
4.288066854676746516e+03,3.719999456879999962e-04
4.287584724817517781e+03,3.700000906454399877e-04
4.287102594958289956e+03,3.689999461259999827e-04
4.286620465099062130e+03,3.680000186047199784e-04
4.286138335239833395e+03,3.659999465640000234e-04
4.285656205380604661e+03,3.650000190427200191e-04
4.285174075521375926e+03,3.640000915214400149e-04
4.284691945662148100e+03,3.640000915214400149e-04
4.284209815802920275e+03,3.629999470020000099e-04
4.283727685943691540e+03,3.629999470020000099e-04
4.283245556084462805e+03,3.620000194807200056e-04
4.282763426225234070e+03,3.620000194807200056e-04
4.282281296366006245e+03,3.620000194807200056e-04
4.281799166506778420e+03,3.620000194807200056e-04
4.281317036647549685e+03,3.629999470020000099e-04
4.280834906788320950e+03,3.629999470020000099e-04
4.280352776929092215e+03,3.629999470020000099e-04
4.279870647069864390e+03,3.640000915214400149e-04
4.279388517210636564e+03,3.650000190427200191e-04
4.278906387351407830e+03,3.659999465640000234e-04
4.278424257492179095e+03,3.670000910834399742e-04
4.277942127632950360e+03,3.680000186047199784e-04
4.277459997773722534e+03,3.689999461259999827e-04
4.276977867914494709e+03,3.700000906454399877e-04
4.276495738055265974e+03,3.710000181667199920e-04
4.276013608196037239e+03,3.730000902074400012e-04
4.275531478336808505e+03,3.740000177287200055e-04
4.275049348477580679e+03,3.749999452500000097e-04
4.274567218618352854e+03,3.770000172907200190e-04
4.274085088759124119e+03,3.779999448120000233e-04
4.273602958899895384e+03,3.800000168527199783e-04
4.273120829040667559e+03,3.809999443739999826e-04
4.272638699181438824e+03,3.830000164147199918e-04
4.272156569322210999e+03,3.850000884554400011e-04
4.271674439462982264e+03,3.869999434980000096e-04
4.271192309603753529e+03,3.890000155387200189e-04
4.270710179744525703e+03,3.910000875794399739e-04
4.270228049885296969e+03,3.929999426219999824e-04
4.269745920026069143e+03,3.959999421839999960e-04
4.269263790166840408e+03,3.980000142247200052e-04
4.268781660307611673e+03,4.010000137867200188e-04
4.268299530448383848e+03,4.040000133487199781e-04
4.267817400589156023e+03,4.070000129107199916e-04
4.267335270729927288e+03,4.109999399940000094e-04
4.266853140870698553e+03,4.150000840754399737e-04
4.266371011011469818e+03,4.190000111587199915e-04
4.265888881152241993e+03,4.229999382420000092e-04
4.265406751293014167e+03,4.280000098447199778e-04
4.264924621433785433e+03,4.330000814474400006e-04
4.264442491574556698e+03,4.379999360520000226e-04
4.263960361715327963e+03,4.439999351759999955e-04
4.263478231856100138e+03,4.490000067787200183e-04
4.262996101996872312e+03,4.550000059027199911e-04
4.262513972137643577e+03,4.610000050267200182e-04
4.262031842278414842e+03,4.670000041507199910e-04
4.261549712419186108e+03,4.739999307960000223e-04
4.261067582559958282e+03,4.799999299199999951e-04
4.260585452700730457e+03,4.870000735634399730e-04
4.260103322841501722e+03,4.930000726874400000e-04
4.259621192982272987e+03,4.990000718114400271e-04
4.259139063123044252e+03,5.059999984567200041e-04
4.258656933263816427e+03,5.119999975807200312e-04
4.258174803404588602e+03,5.170000691834399998e-04
4.257692673545359867e+03,5.230000683074400268e-04
4.257210543686131132e+03,5.279999229119999946e-04
4.256728413826902397e+03,5.329999945147199632e-04
4.256246283967674572e+03,5.369999215979999810e-04
4.255764154108446746e+03,5.410000656794399995e-04
4.255282024249218011e+03,5.440000652414399588e-04
4.254799894389989277e+03,5.470000648034400266e-04
4.254317764530760542e+03,5.489999198460000351e-04
4.253835634671532716e+03,5.509999918867200443e-04
4.253353504812304891e+03,5.519999194079999944e-04
4.252871374953076156e+03,5.519999194079999944e-04
4.252389245093847421e+03,5.530000639274399452e-04
4.251907115234619596e+03,5.530000639274399452e-04
4.251424985375390861e+03,5.519999194079999944e-04
4.250942855516163036e+03,5.509999918867200443e-04
4.250460725656934301e+03,5.500000643654399859e-04
4.249978595797705566e+03,5.489999198460000351e-04
4.249496465938477741e+03,5.470000648034400266e-04
4.249014336079249006e+03,5.449999927627200173e-04
4.248532206220021180e+03,5.429999207220000080e-04
4.248050076360792445e+03,5.410000656794399995e-04
4.247567946501563711e+03,5.389999936387199903e-04
4.247085816642335885e+03,5.369999215979999810e-04
4.246603686783108060e+03,5.350000665554399725e-04
4.246121556923879325e+03,5.320000669934400132e-04
4.245639427064650590e+03,5.299999949527200039e-04
4.245157297205421855e+03,5.279999229119999946e-04
4.244675167346194030e+03,5.260000678694399861e-04
4.244193037486966205e+03,5.239999958287199769e-04
4.243710907627737470e+03,5.219999237879999676e-04
4.243228777768508735e+03,5.209999962667200175e-04
4.242746647909280000e+03,5.189999242260000083e-04
4.242264518050052175e+03,5.179999967047199498e-04
4.241782388190824349e+03,5.159999246640000490e-04
4.241300258331595614e+03,5.149999971427199905e-04
4.240818128472366880e+03,5.140000696214400405e-04
4.240335998613138145e+03,5.140000696214400405e-04
4.239853868753910319e+03,5.129999251019999812e-04
4.239371738894682494e+03,5.129999251019999812e-04
4.238889609035453759e+03,5.129999251019999812e-04
4.238407479176225024e+03,5.129999251019999812e-04
4.237925349316996289e+03,5.140000696214400405e-04
4.237443219457768464e+03,5.149999971427199905e-04
4.236961089598540639e+03,5.159999246640000490e-04
4.236478959739311904e+03,5.170000691834399998e-04
4.235996829880083169e+03,5.189999242260000083e-04
4.235514700020854434e+03,5.200000687454399591e-04
4.235032570161626609e+03,5.219999237879999676e-04
4.234550440302398783e+03,5.249999233500000353e-04
4.234068310443170049e+03,5.269999953907200446e-04
4.233586180583941314e+03,5.299999949527200039e-04
4.233104050724712579e+03,5.320000669934400132e-04
4.232621920865484753e+03,5.350000665554399725e-04
4.232139791006256928e+03,5.380000661174400402e-04
4.231657661147028193e+03,5.410000656794399995e-04
4.231175531287799458e+03,5.440000652414399588e-04
4.230693401428571633e+03,5.470000648034400266e-04
4.230211271569342898e+03,5.500000643654399859e-04
4.229729141710115073e+03,5.530000639274399452e-04
4.229247011850886338e+03,5.560000634894400129e-04
4.228764881991657603e+03,5.590000630514399722e-04
4.228282752132429778e+03,5.620000626134400400e-04
4.227800622273201043e+03,5.639999176560000485e-04
4.227318492413973217e+03,5.659999896967199493e-04
4.226836362554744483e+03,5.680000617374399586e-04
4.226354232695515748e+03,5.689999892587200171e-04
4.225872102836287922e+03,5.710000612994400263e-04
4.225389972977060097e+03,5.710000612994400263e-04
4.224907843117831362e+03,5.719999888207199764e-04
4.224425713258602627e+03,5.719999888207199764e-04
4.223943583399373892e+03,5.710000612994400263e-04
4.223461453540146067e+03,5.710000612994400263e-04
4.222979323680918242e+03,5.689999892587200171e-04
4.222497193821689507e+03,5.680000617374399586e-04
4.222015063962460772e+03,5.659999896967199493e-04
4.221532934103232037e+03,5.629999901347199900e-04
4.221050804244004212e+03,5.599999905727200307e-04
4.220568674384776386e+03,5.569999910107199630e-04
4.220086544525547652e+03,5.530000639274399452e-04
4.219604414666318917e+03,5.489999198460000351e-04
4.219122284807090182e+03,5.449999927627200173e-04
4.218640154947862356e+03,5.410000656794399995e-04
4.218158025088634531e+03,5.359999940767200309e-04
4.217675895229405796e+03,5.320000669934400132e-04
4.217193765370177061e+03,5.269999953907200446e-04
4.216711635510948327e+03,5.219999237879999676e-04
4.216229505651720501e+03,5.170000691834399998e-04
4.215747375792492676e+03,5.119999975807200312e-04
4.215265245933263941e+03,5.080000704974400134e-04
4.214783116074035206e+03,5.029999988947200448e-04
4.214300986214806471e+03,4.979999272919999678e-04
4.213818856355578646e+03,4.940000002087199501e-04
4.213336726496350821e+03,4.900000731254400407e-04
4.212854596637122086e+03,4.859999290440000222e-04
4.212372466777893351e+03,4.820000019607200044e-04
4.211890336918664616e+03,4.780000748774399866e-04
4.211408207059436791e+03,4.739999307960000223e-04
4.210926077200208965e+03,4.709999312340000088e-04
4.210443947340980230e+03,4.670000041507199910e-04
4.209961817481751496e+03,4.630000770674399732e-04
4.209479687622523670e+03,4.600000775054400139e-04
4.208997557763294935e+03,4.570000779434400004e-04
4.208515427904067110e+03,4.529999338619999818e-04
4.208033298044838375e+03,4.490000067787200183e-04
4.207551168185609640e+03,4.460000072167200048e-04
4.207069038326381815e+03,4.420000801334399870e-04
4.206586908467153080e+03,4.379999360520000226e-04
4.206104778607925255e+03,4.340000089687200049e-04
4.205622648748696520e+03,4.300000818854399871e-04
4.205140518889467785e+03,4.259999378040000228e-04
4.204658389030239960e+03,4.220000107207200050e-04
4.204176259171012134e+03,4.180000836374399872e-04
4.203694129311783399e+03,4.139999395560000229e-04
4.203211999452554664e+03,4.090000849514400009e-04
4.202729869593325930e+03,4.049999408699999823e-04
4.202247739734098104e+03,4.010000137867200188e-04
4.201765609874870279e+03,3.970000867034400010e-04
4.201283480015641544e+03,3.929999426219999824e-04
4.200801350156412809e+03,3.890000155387200189e-04
4.200319220297184074e+03,3.860000159767200054e-04
4.199837090437956249e+03,3.820000888934399876e-04
4.199354960578728424e+03,3.790000893314399741e-04
4.198872830719499689e+03,3.760000897694400148e-04
4.198390700860270954e+03,3.730000902074400012e-04
4.197908571001042219e+03,3.700000906454399877e-04
4.197426441141814394e+03,3.680000186047199784e-04
4.196944311282586568e+03,3.650000190427200191e-04
4.196462181423357833e+03,3.629999470020000099e-04
4.195980051564129099e+03,3.610000919594400014e-04
4.195497921704900364e+03,3.590000199187199921e-04
4.195015791845672538e+03,3.569999478779999828e-04
4.194533661986444713e+03,3.560000203567199786e-04
4.194051532127215978e+03,3.539999483160000235e-04
4.193569402267987243e+03,3.530000207947200193e-04
4.193087272408758508e+03,3.509999487540000100e-04
4.192605142549530683e+03,3.500000212327200057e-04
4.192123012690302858e+03,3.490000937114400015e-04
4.191640882831074123e+03,3.479999491919999965e-04
4.191158752971845388e+03,3.470000216707199922e-04
4.190676623112616653e+03,3.449999496299999829e-04
4.190194493253388828e+03,3.440000221087199787e-04
4.189712363394161002e+03,3.440000221087199787e-04
4.189230233534932268e+03,3.430000945874399744e-04
4.188748103675703533e+03,3.419999500680000236e-04
4.188265973816474798e+03,3.410000225467200194e-04
4.187783843957246972e+03,3.400000950254400151e-04
4.187301714098019147e+03,3.400000950254400151e-04
4.186819584238790412e+03,3.389999505060000101e-04
4.186337454379561677e+03,3.380000229847200059e-04
4.185855324520333852e+03,3.380000229847200059e-04
4.185373194661105117e+03,3.370000954634400016e-04
4.184891064801877292e+03,3.370000954634400016e-04
4.184408934942648557e+03,3.359999509439999966e-04
4.183926805083419822e+03,3.359999509439999966e-04
4.183444675224191997e+03,3.359999509439999966e-04
4.182962545364963262e+03,3.350000234227199923e-04
4.182480415505735436e+03,3.350000234227199923e-04
4.181998285646506702e+03,3.340000959014399881e-04
4.181516155787277967e+03,3.340000959014399881e-04
4.181034025928050141e+03,3.329999513819999831e-04
4.180551896068822316e+03,3.320000238607199788e-04
4.180069766209593581e+03,3.310000963394399746e-04
4.179587636350364846e+03,3.310000963394399746e-04
4.179105506491136111e+03,3.299999518200000237e-04
4.178623376631908286e+03,3.290000242987200195e-04
4.178141246772680461e+03,3.280000967774400152e-04
4.177659116913451726e+03,3.260000247367200060e-04
4.177176987054222991e+03,3.250000972154400017e-04
4.176694857194994256e+03,3.239999526959999967e-04
4.176212727335766431e+03,3.220000976534399882e-04
4.175730597476538605e+03,3.209999531339999832e-04
4.175248467617309871e+03,3.190000980914399747e-04
4.174766337758081136e+03,3.170000260507200196e-04
4.174284207898852401e+03,3.160000985294400154e-04
4.173802078039624575e+03,3.140000264887200061e-04
4.173319948180396750e+03,3.119999544479999968e-04
4.172837818321168015e+03,3.100000994054399883e-04
4.172355688461939280e+03,3.070000998434399748e-04
4.171873558602710546e+03,3.050000278027200197e-04
4.171391428743482720e+03,3.029999557620000105e-04
4.170909298884254895e+03,2.999999561999999969e-04
4.170427169025026160e+03,2.980001011574399884e-04
4.169945039165797425e+03,2.950001015954399749e-04
4.169462909306568690e+03,2.920001020334400156e-04
4.168980779447340865e+03,2.900000299927200063e-04
4.168498649588113039e+03,2.870000304307199928e-04
4.168016519728884305e+03,2.840000308687199793e-04
4.167534389869655570e+03,2.810000313067200200e-04
4.167052260010426835e+03,2.789999592660000107e-04
4.166570130151199010e+03,2.759999597039999972e-04
4.166088000291971184e+03,2.729999601419999837e-04
4.165605870432742449e+03,2.699999605800000244e-04
4.165123740573513714e+03,2.680001055374400159e-04
4.164641610714285889e+03,2.650001059754400023e-04
4.164159480855057154e+03,2.630000339347199931e-04
4.163677350995829329e+03,2.600000343727199795e-04
4.163195221136600594e+03,2.579999623320000245e-04
4.162713091277371859e+03,2.549999627700000110e-04
4.162230961418144034e+03,2.530001077274400025e-04
4.161748831558915299e+03,2.510000356867199932e-04
4.161266701699687474e+03,2.480000361247199797e-04
4.160784571840458739e+03,2.459999640840000246e-04
4.160302441981230004e+03,2.439998920432799882e-04
4.159820312122002179e+03,2.420000370007200068e-04
4.159338182262774353e+03,2.399999649599999976e-04
4.158856052403545618e+03,2.379998929192799883e-04
4.158373922544316883e+03,2.369999653980000111e-04
4.157891792685088149e+03,2.349998933572800019e-04
4.157409662825860323e+03,2.330000383147199934e-04
4.156927532966632498e+03,2.320001107934399891e-04
4.156445403107403763e+03,2.300000387527200069e-04
4.155963273248175028e+03,2.289998942332800019e-04
4.155481143388946293e+03,2.279999667119999977e-04
4.154999013529718468e+03,2.270000391907199934e-04
4.154516883670490643e+03,2.260001116694399892e-04
4.154034753811261908e+03,2.249999671500000113e-04
4.153552623952033173e+03,2.240000396287200070e-04
4.153070494092804438e+03,2.229998951092800020e-04
4.152588364233576613e+03,2.219999675879999977e-04
4.152106234374348787e+03,2.210000400667199935e-04
4.151624104515120052e+03,2.199998955472799885e-04
4.151141974655891318e+03,2.199998955472799885e-04
4.150659844796662583e+03,2.189999680260000113e-04
4.150177714937434757e+03,2.189999680260000113e-04
4.149695585078206932e+03,2.189999680260000113e-04
4.149213455218978197e+03,2.180000405047200071e-04
4.148731325359749462e+03,2.180000405047200071e-04
4.148249195500520727e+03,2.180000405047200071e-04
4.147767065641292902e+03,2.180000405047200071e-04
4.147284935782065077e+03,2.169998959852800021e-04
4.146802805922836342e+03,2.169998959852800021e-04
4.146320676063607607e+03,2.169998959852800021e-04
4.145838546204378872e+03,2.169998959852800021e-04
4.145356416345151047e+03,2.169998959852800021e-04
4.144874286485923221e+03,2.169998959852800021e-04
4.144392156626694486e+03,2.169998959852800021e-04
4.143910026767465752e+03,2.180000405047200071e-04
4.143427896908237926e+03,2.180000405047200071e-04
4.142945767049009191e+03,2.180000405047200071e-04
4.142463637189781366e+03,2.180000405047200071e-04
4.141981507330552631e+03,2.180000405047200071e-04
4.141499377471323896e+03,2.180000405047200071e-04
4.141017247612096071e+03,2.180000405047200071e-04
4.140535117752867336e+03,2.189999680260000113e-04
4.140052987893639511e+03,2.189999680260000113e-04
4.139570858034410776e+03,2.189999680260000113e-04
4.139088728175182041e+03,2.189999680260000113e-04
4.138606598315954216e+03,2.189999680260000113e-04
4.138124468456726390e+03,2.189999680260000113e-04
4.137642338597497655e+03,2.189999680260000113e-04
4.137160208738268921e+03,2.189999680260000113e-04
4.136678078879040186e+03,2.189999680260000113e-04
4.136195949019812360e+03,2.189999680260000113e-04
4.135713819160584535e+03,2.189999680260000113e-04
4.135231689301355800e+03,2.189999680260000113e-04
4.134749559442127065e+03,2.180000405047200071e-04
4.134267429582898330e+03,2.180000405047200071e-04
4.133785299723670505e+03,2.169998959852800021e-04
4.133303169864442680e+03,2.169998959852800021e-04
4.132821040005213945e+03,2.159999684639999978e-04
4.132338910145985210e+03,2.150000409427199935e-04
4.131856780286756475e+03,2.129999689020000114e-04
4.131374650427528650e+03,2.120000413807200071e-04
4.130892520568300824e+03,2.110001138594400029e-04
4.130410390709072090e+03,2.090000418187199936e-04
4.129928260849843355e+03,2.069999697780000114e-04
4.129446130990614620e+03,2.060000422567200072e-04
4.128964001131386794e+03,2.039999702159999979e-04
4.128481871272158969e+03,2.019998981752799887e-04
4.127999741412930234e+03,1.989998986132800022e-04
4.127517611553701499e+03,1.970000435707199937e-04
4.127035481694472765e+03,1.949999715300000116e-04
4.126553351835244939e+03,1.919999719679999980e-04
4.126071221976017114e+03,1.899998999272799888e-04
4.125589092116788379e+03,1.880000448847200074e-04
4.125106962257559644e+03,1.850000453227199939e-04
4.124624832398330909e+03,1.829999732820000117e-04
4.124142702539103084e+03,1.809999012412800024e-04
4.123660572679875258e+03,1.790000461987199939e-04
4.123178442820646524e+03,1.760000466367200075e-04
4.122696312961417789e+03,1.739999745959999982e-04
4.122214183102189963e+03,1.719999025552799890e-04
4.121732053242961229e+03,1.700000475127200076e-04
4.121249923383733403e+03,1.679999754719999983e-04
4.120767793524504668e+03,1.659999034312799890e-04
4.120285663665275933e+03,1.649999759100000119e-04
4.119803533806048108e+03,1.629999038692800026e-04
4.119321403946819373e+03,1.619999763479999984e-04
4.118839274087591548e+03,1.599999043072799891e-04
4.118357144228362813e+03,1.589999767860000119e-04
4.117875014369134078e+03,1.580000492647200077e-04
4.117392884509906253e+03,1.559999772239999984e-04
4.116910754650678427e+03,1.550000497027199942e-04
4.116428624791449693e+03,1.539999051832799891e-04
4.115946494932220958e+03,1.529999776620000120e-04
4.115464365072992223e+03,1.529999776620000120e-04
4.114982235213764397e+03,1.520000501407200077e-04
4.114500105354536572e+03,1.509999056212800027e-04
4.114017975495307837e+03,1.499999780999999985e-04
4.113535845636079102e+03,1.490000505787199942e-04
4.113053715776850368e+03,1.490000505787199942e-04
4.112571585917622542e+03,1.479999060592799892e-04
4.112089456058394717e+03,1.479999060592799892e-04
4.111607326199165982e+03,1.469999785380000121e-04
4.111125196339937247e+03,1.469999785380000121e-04
4.110643066480708512e+03,1.460000510167200078e-04
4.110160936621480687e+03,1.460000510167200078e-04
4.109678806762252862e+03,1.449999064972800028e-04
4.109196676903024127e+03,1.449999064972800028e-04
4.108714547043795392e+03,1.449999064972800028e-04
4.108232417184566657e+03,1.439999789759999985e-04
4.107750287325338832e+03,1.439999789759999985e-04
4.107268157466111006e+03,1.439999789759999985e-04
4.106786027606882271e+03,1.439999789759999985e-04
4.106303897747653536e+03,1.439999789759999985e-04
4.105821767888424802e+03,1.430000514547199943e-04
4.105339638029196976e+03,1.430000514547199943e-04
4.104857508169969151e+03,1.430000514547199943e-04
4.104375378310740416e+03,1.439999789759999985e-04
4.103893248451511681e+03,1.439999789759999985e-04
4.103411118592282946e+03,1.439999789759999985e-04
4.102928988733055121e+03,1.439999789759999985e-04
4.102446858873827296e+03,1.449999064972800028e-04
4.101964729014598561e+03,1.449999064972800028e-04
4.101482599155369826e+03,1.449999064972800028e-04
4.101000469296142001e+03,1.460000510167200078e-04
4.100518339436913266e+03,1.460000510167200078e-04
4.100036209577685440e+03,1.469999785380000121e-04
4.099554079718456705e+03,1.469999785380000121e-04
4.099071949859227971e+03,1.479999060592799892e-04
4.098589820000000145e+03,1.479999060592799892e-04
4.098107690140771410e+03,1.490000505787199942e-04
4.097625560281543585e+03,1.499999780999999985e-04
4.097143430422314850e+03,1.499999780999999985e-04
4.096661300563086115e+03,1.509999056212800027e-04
4.096179170703858290e+03,1.520000501407200077e-04
4.095697040844630010e+03,1.529999776620000120e-04
4.095214910985401275e+03,1.539999051832799891e-04
4.094732781126172995e+03,1.539999051832799891e-04
4.094250651266944715e+03,1.550000497027199942e-04
4.093768521407716435e+03,1.559999772239999984e-04
4.093286391548488155e+03,1.569999047452800027e-04
4.092804261689259420e+03,1.580000492647200077e-04
4.092322131830031140e+03,1.580000492647200077e-04
4.091840001970802859e+03,1.589999767860000119e-04
4.091357872111574579e+03,1.599999043072799891e-04
4.090875742252346299e+03,1.599999043072799891e-04
4.090393612393118019e+03,1.610000488267199941e-04
4.089911482533889284e+03,1.610000488267199941e-04
4.089429352674661004e+03,1.619999763479999984e-04
4.088947222815432724e+03,1.619999763479999984e-04
4.088465092956204444e+03,1.619999763479999984e-04
4.087982963096976164e+03,1.619999763479999984e-04
4.087500833237747429e+03,1.619999763479999984e-04
4.087018703378519149e+03,1.619999763479999984e-04
4.086536573519290869e+03,1.619999763479999984e-04
4.086054443660062589e+03,1.619999763479999984e-04
4.085572313800834308e+03,1.619999763479999984e-04
4.085090183941606028e+03,1.610000488267199941e-04
4.084608054082377294e+03,1.610000488267199941e-04
4.084125924223149013e+03,1.599999043072799891e-04
4.083643794363920733e+03,1.599999043072799891e-04
4.083161664504692453e+03,1.599999043072799891e-04
4.082679534645464173e+03,1.589999767860000119e-04
4.082197404786235438e+03,1.589999767860000119e-04
4.081715274927007158e+03,1.580000492647200077e-04
4.081233145067778878e+03,1.580000492647200077e-04
4.080751015208550598e+03,1.580000492647200077e-04
4.080268885349322318e+03,1.569999047452800027e-04
4.079786755490094038e+03,1.569999047452800027e-04
4.079304625630865303e+03,1.569999047452800027e-04
4.078822495771637023e+03,1.569999047452800027e-04
4.078340365912408743e+03,1.580000492647200077e-04
4.077858236053180462e+03,1.580000492647200077e-04
4.077376106193952182e+03,1.580000492647200077e-04
4.076893976334723448e+03,1.589999767860000119e-04
4.076411846475495167e+03,1.589999767860000119e-04
4.075929716616266887e+03,1.599999043072799891e-04
4.075447586757038607e+03,1.599999043072799891e-04
4.074965456897810327e+03,1.610000488267199941e-04
4.074483327038582047e+03,1.610000488267199941e-04
4.074001197179353312e+03,1.619999763479999984e-04
4.073519067320125032e+03,1.619999763479999984e-04
4.073036937460896752e+03,1.619999763479999984e-04
4.072554807601668472e+03,1.619999763479999984e-04
4.072072677742440192e+03,1.619999763479999984e-04
4.071590547883211457e+03,1.619999763479999984e-04
4.071108418023983177e+03,1.619999763479999984e-04
4.070626288164754897e+03,1.610000488267199941e-04
4.070144158305526616e+03,1.610000488267199941e-04
4.069662028446298336e+03,1.599999043072799891e-04
4.069179898587070056e+03,1.589999767860000119e-04
4.068697768727841321e+03,1.580000492647200077e-04
4.068215638868613041e+03,1.569999047452800027e-04
4.067733509009384761e+03,1.550000497027199942e-04
4.067251379150156481e+03,1.539999051832799891e-04
4.066769249290928201e+03,1.520000501407200077e-04
4.066287119431699466e+03,1.499999780999999985e-04
4.065804989572471186e+03,1.490000505787199942e-04
4.065322859713242906e+03,1.469999785380000121e-04
4.064840729854014626e+03,1.449999064972800028e-04
4.064358599994786346e+03,1.430000514547199943e-04
4.063876470135558066e+03,1.400000518927200079e-04
4.063394340276329331e+03,1.379999798519999986e-04
4.062912210417101051e+03,1.359999078112799893e-04
4.062430080557872770e+03,1.340000527687200079e-04
4.061947950698644490e+03,1.319999807279999987e-04
4.061465820839416210e+03,1.299999086872799894e-04
4.060983690980187475e+03,1.280000536447200080e-04
4.060501561120959195e+03,1.259999816039999987e-04
4.060019431261730915e+03,1.239999095632799894e-04
4.059537301402502635e+03,1.220000545207199945e-04
4.059055171543274355e+03,1.199999824799999988e-04
4.058573041684046075e+03,1.190000549587199945e-04
4.058090911824817340e+03,1.169999829179999988e-04
4.057608781965589060e+03,1.149999108772800031e-04
4.057126652106360780e+03,1.139999833559999988e-04
4.056644522247132500e+03,1.119999113152800031e-04
4.056162392387904220e+03,1.109999837939999989e-04
4.055680262528675485e+03,1.089999117532800032e-04
4.055198132669447205e+03,1.079999842319999989e-04
4.054716002810218924e+03,1.070000567107199946e-04
4.054233872950990644e+03,1.059999121912800032e-04
4.053751743091762364e+03,1.049999846699999989e-04
4.053269613232534084e+03,1.040000571487199947e-04
4.052787483373305349e+03,1.029999126292800032e-04
4.052305353514077069e+03,1.019999851079999990e-04
4.051823223654848789e+03,1.010000575867199947e-04
4.051341093795620509e+03,9.999991306728000324e-05
4.050858963936392229e+03,9.939991315488000054e-05
4.050376834077163494e+03,9.879991324247999784e-05
4.049894704217935214e+03,9.829994948183999571e-05
4.049412574358706934e+03,9.790002187295999416e-05
4.048930444499478654e+03,9.750009426407999261e-05
4.048448314640250373e+03,9.709994965704000385e-05
4.047966184781022093e+03,9.690009435168000346e-05
4.047484054921793359e+03,9.659998589640000173e-05
4.047001925062565078e+03,9.639991359288000057e-05
4.046519795203336798e+03,9.630009443928000076e-05
4.046037665344108518e+03,9.620005828752000018e-05
4.045555535484880238e+03,9.620005828752000018e-05
4.045073405625651503e+03,9.630009443928000076e-05
4.044591275766423223e+03,9.649994974464000115e-05
4.044109145907194943e+03,9.670002204816000231e-05
4.043627016047966663e+03,9.709994965704000385e-05
4.043144886188738383e+03,9.750009426407999261e-05
4.042662756329510103e+03,9.800005802471999474e-05
4.042180626470281368e+03,9.860005793711999744e-05
4.041698496611053088e+03,9.920005784952000015e-05
4.041216366751824808e+03,9.999991306728000324e-05
4.040734236892596527e+03,1.010000575867199947e-04
4.040252107033368247e+03,1.019999851079999990e-04
4.039769977174139512e+03,1.029999126292800032e-04
4.039287847314911232e+03,1.040000571487199947e-04
4.038805717455682952e+03,1.049999846699999989e-04
4.038323587596454672e+03,1.059999121912800032e-04
4.037841457737226392e+03,1.070000567107199946e-04
4.037359327877998112e+03,1.089999117532800032e-04
4.036877198018769377e+03,1.109999837939999989e-04
4.036395068159541097e+03,1.119999113152800031e-04
4.035912938300312817e+03,1.139999833559999988e-04
4.035430808441084537e+03,1.160000553967199946e-04
4.034948678581856257e+03,1.179999104392800031e-04
4.034466548722627522e+03,1.199999824799999988e-04
4.033984418863399242e+03,1.220000545207199945e-04
4.033502289004170962e+03,1.239999095632799894e-04
4.033020159144942681e+03,1.259999816039999987e-04
4.032538029285714401e+03,1.280000536447200080e-04
4.032055899426486121e+03,1.299999086872799894e-04
4.031573769567257386e+03,1.319999807279999987e-04
4.031091639708029106e+03,1.340000527687200079e-04
4.030609509848800826e+03,1.359999078112799893e-04
4.030127379989572546e+03,1.379999798519999986e-04
4.029645250130344266e+03,1.400000518927200079e-04
4.029163120271115531e+03,1.430000514547199943e-04
4.028680990411887251e+03,1.439999789759999985e-04
4.028198860552658971e+03,1.460000510167200078e-04
4.027716730693430691e+03,1.479999060592799892e-04
4.027234600834202411e+03,1.499999780999999985e-04
4.026752470974974131e+03,1.509999056212800027e-04
4.026270341115745396e+03,1.529999776620000120e-04
4.025788211256517116e+03,1.539999051832799891e-04
4.025306081397288835e+03,1.550000497027199942e-04
4.024823951538060555e+03,1.569999047452800027e-04
4.024341821678832275e+03,1.580000492647200077e-04
4.023859691819603540e+03,1.589999767860000119e-04
4.023377561960375260e+03,1.599999043072799891e-04
4.022895432101146980e+03,1.610000488267199941e-04
4.022413302241918700e+03,1.619999763479999984e-04
4.021931172382690420e+03,1.629999038692800026e-04
4.021449042523462140e+03,1.640000483887200076e-04
4.020966912664233405e+03,1.649999759100000119e-04
4.020484782805005125e+03,1.659999034312799890e-04
4.020002652945776845e+03,1.670000479507199940e-04
4.019520523086548565e+03,1.679999754719999983e-04
4.019038393227320284e+03,1.689999029932800025e-04
4.018556263368091550e+03,1.700000475127200076e-04
4.018074133508863270e+03,1.709999750340000118e-04
4.017592003649634989e+03,1.719999025552799890e-04
4.017109873790406709e+03,1.719999025552799890e-04
4.016627743931178429e+03,1.730000470747199940e-04
4.016145614071950149e+03,1.739999745959999982e-04
4.015663484212721414e+03,1.749999021172800025e-04
4.015181354353493134e+03,1.760000466367200075e-04
4.014699224494264854e+03,1.760000466367200075e-04
4.014217094635036574e+03,1.769999741580000118e-04
4.013734964775808294e+03,1.779999016792799889e-04
4.013252834916579559e+03,1.779999016792799889e-04
4.012770705057351279e+03,1.790000461987199939e-04
4.012288575198122999e+03,1.790000461987199939e-04
4.011806445338894719e+03,1.790000461987199939e-04
4.011324315479666438e+03,1.799999737199999982e-04
4.010842185620438158e+03,1.799999737199999982e-04
4.010360055761209424e+03,1.809999012412800024e-04
4.009877925901981143e+03,1.809999012412800024e-04
4.009395796042752863e+03,1.809999012412800024e-04
4.008913666183524583e+03,1.820000457607200074e-04
4.008431536324296303e+03,1.820000457607200074e-04
4.007949406465067568e+03,1.829999732820000117e-04
4.007467276605839288e+03,1.829999732820000117e-04
4.006985146746611008e+03,1.829999732820000117e-04
4.006503016887382728e+03,1.839999008032799888e-04
4.006020887028154448e+03,1.839999008032799888e-04
4.005538757168926168e+03,1.839999008032799888e-04
4.005056627309697433e+03,1.850000453227199939e-04
4.004574497450469153e+03,1.850000453227199939e-04
4.004092367591240873e+03,1.850000453227199939e-04
4.003610237732012592e+03,1.859999728439999981e-04
4.003128107872784312e+03,1.859999728439999981e-04
4.002645978013555577e+03,1.859999728439999981e-04
4.002163848154327297e+03,1.869999003652800024e-04
4.001681718295099017e+03,1.869999003652800024e-04
4.001199588435870737e+03,1.869999003652800024e-04
4.000717458576642457e+03,1.869999003652800024e-04
4.000235328717414177e+03,1.869999003652800024e-04
3.999753198858185442e+03,1.869999003652800024e-04
3.999271068998957162e+03,1.869999003652800024e-04
3.998788939139728882e+03,1.869999003652800024e-04
3.998306809280500602e+03,1.869999003652800024e-04
3.997824679421272322e+03,1.859999728439999981e-04
3.997342549562043587e+03,1.859999728439999981e-04
3.996860419702815307e+03,1.859999728439999981e-04
3.996378289843587027e+03,1.859999728439999981e-04
3.995896159984358746e+03,1.859999728439999981e-04
3.995414030125130466e+03,1.859999728439999981e-04
3.994931900265902186e+03,1.869999003652800024e-04
3.994449770406673451e+03,1.869999003652800024e-04
3.993967640547445171e+03,1.869999003652800024e-04
3.993485510688216891e+03,1.880000448847200074e-04
3.993003380828988611e+03,1.880000448847200074e-04
3.992521250969760331e+03,1.889999724060000116e-04
3.992039121110531596e+03,1.899998999272799888e-04
3.991556991251303316e+03,1.910000444467199938e-04
3.991074861392075036e+03,1.919999719679999980e-04
3.990592731532846756e+03,1.929998994892800023e-04
3.990110601673618476e+03,1.940000440087200073e-04
3.989628471814390196e+03,1.959998990512799887e-04
3.989146341955161461e+03,1.970000435707199937e-04
3.988664212095933181e+03,1.989998986132800022e-04
3.988182082236704900e+03,2.009999706540000115e-04
3.987699952377476620e+03,2.030000426947199937e-04
3.987217822518248340e+03,2.049998977372800022e-04
3.986735692659019605e+03,2.060000422567200072e-04
3.986253562799791325e+03,2.079998972992799886e-04
3.985771432940563045e+03,2.099999693399999979e-04
3.985289303081334765e+03,2.120000413807200071e-04
3.984807173222106485e+03,2.139998964232799885e-04
3.984325043362878205e+03,2.169998959852800021e-04
3.983842913503649470e+03,2.189999680260000113e-04
3.983360783644421190e+03,2.210000400667199935e-04
3.982878653785192910e+03,2.229998951092800020e-04
3.982396523925964630e+03,2.249999671500000113e-04
3.981914394066736349e+03,2.270000391907199934e-04
3.981432264207507615e+03,2.300000387527200069e-04
3.980950134348279335e+03,2.320001107934399891e-04
3.980468004489051054e+03,2.339999658359999976e-04
3.979985874629822774e+03,2.360000378767200069e-04
3.979503744770594494e+03,2.379998929192799883e-04
3.979021614911366214e+03,2.410001094794400026e-04
3.978539485052137479e+03,2.429999645220000111e-04
3.978057355192909199e+03,2.450000365627200203e-04
3.977575225333680919e+03,2.469998916052799746e-04
3.977093095474452639e+03,2.489999636459999839e-04
3.976610965615224359e+03,2.519999632079999974e-04
3.976128835755995624e+03,2.540000352487200067e-04
3.975646705896767344e+03,2.560001072894400160e-04
3.975164576037539064e+03,2.579999623320000245e-04
3.974682446178310784e+03,2.600000343727199795e-04
3.974200316319082503e+03,2.619998894152799880e-04
3.973718186459854223e+03,2.639999614559999973e-04
3.973236056600625488e+03,2.660000334967200066e-04
3.972753926741397208e+03,2.669999610180000108e-04
3.972271796882168928e+03,2.690000330587200201e-04
3.971789667022940648e+03,2.699999605800000244e-04
3.971307537163712368e+03,2.720000326207199794e-04
3.970825407304483633e+03,2.729999601419999837e-04
3.970343277445255353e+03,2.739998876632799879e-04
3.969861147586027073e+03,2.739998876632799879e-04
3.969379017726798793e+03,2.750000321827199929e-04
3.968896887867570513e+03,2.750000321827199929e-04
3.968414758008342233e+03,2.750000321827199929e-04
3.967932628149113498e+03,2.750000321827199929e-04
3.967450498289885218e+03,2.739998876632799879e-04
3.966968368430656938e+03,2.739998876632799879e-04
3.966486238571428657e+03,2.729999601419999837e-04
3.966004108712200377e+03,2.710001050994399752e-04
3.965521978852971642e+03,2.699999605800000244e-04
3.965039848993743362e+03,2.680001055374400159e-04
3.964557719134515082e+03,2.660000334967200066e-04
3.964075589275286802e+03,2.639999614559999973e-04
3.963593459416058522e+03,2.619998894152799880e-04
3.963111329556829787e+03,2.589998898532799745e-04
3.962629199697601507e+03,2.560001072894400160e-04
3.962147069838373227e+03,2.540000352487200067e-04
3.961664939979144947e+03,2.510000356867199932e-04
3.961182810119916667e+03,2.469998916052799746e-04
3.960700680260688387e+03,2.439998920432799882e-04
3.960218550401459652e+03,2.410001094794400026e-04
3.959736420542231372e+03,2.379998929192799883e-04
3.959254290683003092e+03,2.339999658359999976e-04
3.958772160823774811e+03,2.309999662740000112e-04
3.958290030964546531e+03,2.270000391907199934e-04
3.957807901105317796e+03,2.229998951092800020e-04
3.957325771246089516e+03,2.199998955472799885e-04
3.956843641386861236e+03,2.159999684639999978e-04
3.956361511527632956e+03,2.129999689020000114e-04
3.955879381668404676e+03,2.090000418187199936e-04
3.955397251809176396e+03,2.060000422567200072e-04
3.954915121949947661e+03,2.019998981752799887e-04
3.954432992090719381e+03,1.989998986132800022e-04
3.953950862231491101e+03,1.959998990512799887e-04
3.953468732372262821e+03,1.929998994892800023e-04
3.952986602513034541e+03,1.889999724060000116e-04
3.952504472653805806e+03,1.859999728439999981e-04
3.952022342794577526e+03,1.829999732820000117e-04
3.951540212935349246e+03,1.809999012412800024e-04
3.951058083076120965e+03,1.779999016792799889e-04
3.950575953216892685e+03,1.749999021172800025e-04
3.950093823357664405e+03,1.730000470747199940e-04
3.949611693498435670e+03,1.700000475127200076e-04
3.949129563639207390e+03,1.679999754719999983e-04
3.948647433779979110e+03,1.659999034312799890e-04
3.948165303920750830e+03,1.640000483887200076e-04
3.947683174061522550e+03,1.619999763479999984e-04
3.947201044202293815e+03,1.599999043072799891e-04
3.946718914343065535e+03,1.580000492647200077e-04
3.946236784483837255e+03,1.559999772239999984e-04
3.945754654624608975e+03,1.550000497027199942e-04
3.945272524765380695e+03,1.529999776620000120e-04
3.944790394906152414e+03,1.520000501407200077e-04
3.944308265046923680e+03,1.509999056212800027e-04
3.943826135187695400e+03,1.490000505787199942e-04
3.943344005328467119e+03,1.479999060592799892e-04
3.942861875469238839e+03,1.469999785380000121e-04
3.942379745610010559e+03,1.469999785380000121e-04
3.941897615750781824e+03,1.460000510167200078e-04
3.941415485891553544e+03,1.449999064972800028e-04
3.940933356032325264e+03,1.449999064972800028e-04
3.940451226173096984e+03,1.439999789759999985e-04
3.939969096313868704e+03,1.439999789759999985e-04
3.939486966454640424e+03,1.439999789759999985e-04
3.939004836595411689e+03,1.439999789759999985e-04
3.938522706736183409e+03,1.439999789759999985e-04
3.938040576876955129e+03,1.439999789759999985e-04
3.937558447017726849e+03,1.439999789759999985e-04
3.937076317158498568e+03,1.449999064972800028e-04
3.936594187299269834e+03,1.449999064972800028e-04
3.936112057440041553e+03,1.460000510167200078e-04
3.935629927580813273e+03,1.460000510167200078e-04
3.935147797721584993e+03,1.469999785380000121e-04
3.934665667862356713e+03,1.479999060592799892e-04
3.934183538003128433e+03,1.490000505787199942e-04
3.933701408143899698e+03,1.499999780999999985e-04
3.933219278284671418e+03,1.509999056212800027e-04
3.932737148425443138e+03,1.529999776620000120e-04
3.932255018566214858e+03,1.539999051832799891e-04
3.931772888706986578e+03,1.550000497027199942e-04
3.931290758847757843e+03,1.569999047452800027e-04
3.930808628988529563e+03,1.580000492647200077e-04
3.930326499129301283e+03,1.599999043072799891e-04
3.929844369270073003e+03,1.619999763479999984e-04
3.929362239410844722e+03,1.629999038692800026e-04
3.928880109551616442e+03,1.649999759100000119e-04
3.928397979692387707e+03,1.670000479507199940e-04
3.927915849833159427e+03,1.689999029932800025e-04
3.927433719973931147e+03,1.709999750340000118e-04
3.926951590114702867e+03,1.719999025552799890e-04
3.926469460255474587e+03,1.739999745959999982e-04
3.925987330396245852e+03,1.760000466367200075e-04
3.925505200537017572e+03,1.779999016792799889e-04
3.925023070677789292e+03,1.790000461987199939e-04
3.924540940818561012e+03,1.799999737199999982e-04
3.924058810959332732e+03,1.820000457607200074e-04
3.923576681100104452e+03,1.829999732820000117e-04
3.923094551240875717e+03,1.839999008032799888e-04
3.922612421381647437e+03,1.850000453227199939e-04
3.922130291522419157e+03,1.859999728439999981e-04
3.921648161663190876e+03,1.859999728439999981e-04
3.921166031803962596e+03,1.869999003652800024e-04
3.920683901944733861e+03,1.869999003652800024e-04
3.920201772085505581e+03,1.869999003652800024e-04
3.919719642226277301e+03,1.869999003652800024e-04
3.919237512367049021e+03,1.869999003652800024e-04
3.918755382507820741e+03,1.859999728439999981e-04
3.918273252648592461e+03,1.850000453227199939e-04
3.917791122789363726e+03,1.839999008032799888e-04
3.917308992930135446e+03,1.829999732820000117e-04
3.916826863070907166e+03,1.820000457607200074e-04
3.916344733211678886e+03,1.809999012412800024e-04
3.915862603352450606e+03,1.799999737199999982e-04
3.915380473493221871e+03,1.779999016792799889e-04
3.914898343633993591e+03,1.769999741580000118e-04
3.914416213774765311e+03,1.749999021172800025e-04
3.913934083915537030e+03,1.739999745959999982e-04
3.913451954056308750e+03,1.719999025552799890e-04
3.912969824197080470e+03,1.700000475127200076e-04
3.912487694337851735e+03,1.679999754719999983e-04
3.912005564478623455e+03,1.659999034312799890e-04
3.911523434619395175e+03,1.640000483887200076e-04
3.911041304760166895e+03,1.619999763479999984e-04
3.910559174900938615e+03,1.599999043072799891e-04
3.910077045041709880e+03,1.580000492647200077e-04
3.909594915182481600e+03,1.559999772239999984e-04
3.909112785323253320e+03,1.529999776620000120e-04
3.908630655464025040e+03,1.509999056212800027e-04
3.908148525604796760e+03,1.490000505787199942e-04
3.907666395745568479e+03,1.469999785380000121e-04
3.907184265886339745e+03,1.449999064972800028e-04
3.906702136027111465e+03,1.430000514547199943e-04
3.906220006167883184e+03,1.409999794140000121e-04
3.905737876308654904e+03,1.389999073732800028e-04
3.905255746449426624e+03,1.370000523307199943e-04
3.904773616590197889e+03,1.349999802900000122e-04
3.904291486730969609e+03,1.329999082492800029e-04
3.903809356871741329e+03,1.310000532067199944e-04
3.903327227012513049e+03,1.289999811660000122e-04
3.902845097153284769e+03,1.280000536447200080e-04
3.902362967294056489e+03,1.259999816039999987e-04
3.901880837434827754e+03,1.250000540827199945e-04
3.901398707575599474e+03,1.239999095632799894e-04
3.900916577716371194e+03,1.229999820420000123e-04
3.900434447857142914e+03,1.220000545207199945e-04
3.899952317997914633e+03,1.209999100012800030e-04
3.899470188138685899e+03,1.199999824799999988e-04
3.898988058279457618e+03,1.190000549587199945e-04
3.898505928420229338e+03,1.179999104392800031e-04
3.898023798561001058e+03,1.169999829179999988e-04
3.897541668701772778e+03,1.160000553967199946e-04
3.897059538842544498e+03,1.160000553967199946e-04
3.896577408983315763e+03,1.149999108772800031e-04
3.896095279124087483e+03,1.149999108772800031e-04
3.895613149264859203e+03,1.139999833559999988e-04
3.895131019405630923e+03,1.139999833559999988e-04
3.894648889546402643e+03,1.130000558347199946e-04
3.894166759687173908e+03,1.130000558347199946e-04
3.893684629827945628e+03,1.119999113152800031e-04
3.893202499968717348e+03,1.119999113152800031e-04
3.892720370109489068e+03,1.109999837939999989e-04
3.892238240250260787e+03,1.109999837939999989e-04
3.891756110391032507e+03,1.100000562727199946e-04
3.891273980531803772e+03,1.100000562727199946e-04
3.890791850672575492e+03,1.089999117532800032e-04
3.890309720813347212e+03,1.079999842319999989e-04
3.889827590954118932e+03,1.079999842319999989e-04
3.889345461094890652e+03,1.070000567107199946e-04
3.888863331235661917e+03,1.059999121912800032e-04
3.888381201376433637e+03,1.059999121912800032e-04
3.887899071517205357e+03,1.049999846699999989e-04
3.887416941657977077e+03,1.040000571487199947e-04
3.886934811798748797e+03,1.029999126292800032e-04
3.886452681939520517e+03,1.029999126292800032e-04
3.885970552080291782e+03,1.019999851079999990e-04
3.885488422221063502e+03,1.010000575867199947e-04
3.885006292361835222e+03,9.949994930664000112e-05
3.884524162502606941e+03,9.839998563359999629e-05
3.884042032643378661e+03,9.719998580880000443e-05
3.883559902784149926e+03,9.599998598399999902e-05
3.883077772924921646e+03,9.479998615919999361e-05
3.882595643065693366e+03,9.349995018264000118e-05
3.882113513206465086e+03,9.219991420607999519e-05
3.881631383347236806e+03,9.090009522768000352e-05
3.881149253488008526e+03,8.960005925111999754e-05
3.880667123628779791e+03,8.819998712280000452e-05
3.880184993769551511e+03,8.670009584087999815e-05
3.879702863910323231e+03,8.530002371256000513e-05
3.879220734051094951e+03,8.389995158423999857e-05
3.878738604191866671e+03,8.240006030232000574e-05
3.878256474332637936e+03,8.079991587047999802e-05
3.877774344473409656e+03,7.930002458856000519e-05
3.877292214614181376e+03,7.779991630847999805e-05
3.876810084754953095e+03,7.630002502656000522e-05
3.876327954895724815e+03,7.479991674647999808e-05
3.875845825036496535e+03,7.330002546456000525e-05
3.875363695177267800e+03,7.179991718447999811e-05
3.874881565318039520e+03,7.040006205432000586e-05
3.874399435458811240e+03,6.899998992599999930e-05
3.873917305599582960e+03,6.769995394943999331e-05
3.873435175740354680e+03,6.630009881928000106e-05
3.872953045881125945e+03,6.500006284271999508e-05
3.872470916021897665e+03,6.370002686616000264e-05
3.871988786162669385e+03,6.239999088959999665e-05
3.871506656303441105e+03,6.109995491304000422e-05
3.871024526444212825e+03,5.989995508823999881e-05
3.870542396584984544e+03,5.869995526344000018e-05
3.870060266725755810e+03,5.759999159040000212e-05
3.869578136866527529e+03,5.650002791735999729e-05
3.869096007007299249e+03,5.540006424431999924e-05
3.868613877148070969e+03,5.439991972488000100e-05
3.868131747288842689e+03,5.350002835535999732e-05
3.867649617429613954e+03,5.259991998767999966e-05
3.867167487570385674e+03,5.180006476991999657e-05
3.866685357711157394e+03,5.089995640223999890e-05
3.866203227851929114e+03,5.010010118448000258e-05
3.865721097992700834e+03,4.930002896855999872e-05
3.865238968133472554e+03,4.849995675264000164e-05
3.864756838274243819e+03,4.770010153487999854e-05
3.864274708415015539e+03,4.690002931896000146e-05
3.863792578555787259e+03,4.619999325479999817e-05
3.863310448696558979e+03,4.559999334240000225e-05
3.862828318837330698e+03,4.499999342999999954e-05
3.862346188978101964e+03,4.439999351759999684e-05
3.861864059118873683e+03,4.390002975696000149e-05
3.861381929259645403e+03,4.340006599631999936e-05
3.860899799400417123e+03,4.299992138927999705e-05
3.860417669541188843e+03,4.249995762864000170e-05
3.859935539681960563e+03,4.220006617152000073e-05
3.859453409822731828e+03,4.179992156447999842e-05
3.858971279963503548e+03,4.139999395559999687e-05
3.858489150104275268e+03,4.110010249848000268e-05
3.858007020245046988e+03,4.079999404320000094e-05
3.857524890385818708e+03,4.050010258607999997e-05
3.857042760526589973e+03,4.019999413079999824e-05
3.856560630667361693e+03,3.999992182727999708e-05
3.856078500808133413e+03,3.990010267367999727e-05
3.855596370948905133e+03,3.980006652191999669e-05
3.855114241089676852e+03,3.970003037016000289e-05
3.854632111230448572e+03,3.959999421840000231e-05
3.854149981371219837e+03,3.959999421840000231e-05
3.853667851511991557e+03,3.959999421840000231e-05
3.853185721652763277e+03,3.959999421840000231e-05
3.852703591793534997e+03,3.959999421840000231e-05
3.852221461934306717e+03,3.970003037016000289e-05
3.851739332075077982e+03,3.970003037016000289e-05
3.851257202215849702e+03,3.970003037016000289e-05
3.850775072356621422e+03,3.959999421840000231e-05
3.850292942497393142e+03,3.959999421840000231e-05
3.849810812638164862e+03,3.959999421840000231e-05
3.849328682778936582e+03,3.959999421840000231e-05
3.848846552919707847e+03,3.959999421840000231e-05
3.848364423060479567e+03,3.949995806664000173e-05
3.847882293201251287e+03,3.949995806664000173e-05
3.847400163342023006e+03,3.949995806664000173e-05
3.846918033482794726e+03,3.939992191488000115e-05
3.846435903623565991e+03,3.930010276128000134e-05
3.845953773764337711e+03,3.910003045776000018e-05
3.845471643905109431e+03,3.889995815423999902e-05
3.844989514045881151e+03,3.870010284887999863e-05
3.844507384186652871e+03,3.850003054535999748e-05
3.844025254327424591e+03,3.819992209008000252e-05
3.843543124468195856e+03,3.790003063296000155e-05
3.843060994608967576e+03,3.759992217767999981e-05
3.842578864749739296e+03,3.740006687231999942e-05
3.842096734890511016e+03,3.709995841703999769e-05
3.841614605031282736e+03,3.680006695991999672e-05
3.841132475172054001e+03,3.659999465640000234e-05
3.840650345312825721e+03,3.630010319928000137e-05
3.840168215453597441e+03,3.589995859223999906e-05
3.839686085594369160e+03,3.560006713511999809e-05
3.839203955735140880e+03,3.529995867983999635e-05
3.838721825875912600e+03,3.490003107096000158e-05
3.838239696016683865e+03,3.440006731031999945e-05
3.837757566157455585e+03,3.390010354967999733e-05
3.837275436298227305e+03,3.349995894264000179e-05
3.836793306438999025e+03,3.299999518199999966e-05
3.836311176579770745e+03,3.250003142135999754e-05
3.835829046720542010e+03,3.200006766072000219e-05
3.835346916861313730e+03,3.150010390008000006e-05
3.834864787002085450e+03,3.099992314127999717e-05
3.834382657142857170e+03,3.049995938063999843e-05
3.833900527283628890e+03,2.999999561999999969e-05
3.833418397424400609e+03,2.950003185936000096e-05
3.832936267565171875e+03,2.890003194695999825e-05
3.832454137705943594e+03,2.840006818631999951e-05
3.831972007846715314e+03,2.770003212215999962e-05
3.831489877987487034e+03,2.710003220976000030e-05
3.831007748128258754e+03,2.650003229736000099e-05
3.830525618269030019e+03,2.590003238495999828e-05
3.830043488409801739e+03,2.519999632079999839e-05
3.829561358550573459e+03,2.459999640839999907e-05
3.829079228691345179e+03,2.399999649599999976e-05
3.828597098832116899e+03,2.350003273536000102e-05
3.828114968972888619e+03,2.300006897471999889e-05
3.827632839113659884e+03,2.250010521408000015e-05
3.827150709254431604e+03,2.199992445528000065e-05
3.826668579395203324e+03,2.149996069463999852e-05
3.826186449535975044e+03,2.099999693399999979e-05
3.825704319676746763e+03,2.060006932511999824e-05
3.825222189817518029e+03,2.010010556447999950e-05
3.824740059958289748e+03,1.959992480568000000e-05
3.824257930099061468e+03,1.919999719679999845e-05
3.823775800239833188e+03,1.870003343615999971e-05
3.823293670380604908e+03,1.830010582727999816e-05
3.822811540521376628e+03,1.799999737199999982e-05
3.822329410662147893e+03,1.770010591487999885e-05
3.821847280802919613e+03,1.739999745960000050e-05
3.821365150943691333e+03,1.719992515607999934e-05
3.820883021084463053e+03,1.700006985071999895e-05
3.820400891225234773e+03,1.690003369895999837e-05
3.819918761366006038e+03,1.679999754720000118e-05
3.819436631506777758e+03,1.669996139544000061e-05
3.818954501647549478e+03,1.659992524368000003e-05
3.818472371788321198e+03,1.650010609008000021e-05
3.817990241929092917e+03,1.650010609008000021e-05
3.817508112069864637e+03,1.640006993831999964e-05
3.817025982210635902e+03,1.640006993831999964e-05
3.816543852351407622e+03,1.650010609008000021e-05
3.816061722492179342e+03,1.659992524368000003e-05
3.815579592632951062e+03,1.669996139544000061e-05
3.815097462773722782e+03,1.679999754720000118e-05
3.814615332914494047e+03,1.710010600247999953e-05
3.814133203055265767e+03,1.729996130783999992e-05
3.813651073196037487e+03,1.760006976311999827e-05
3.813168943336809207e+03,1.779992506847999866e-05
3.812686813477580927e+03,1.810003352376000040e-05
3.812204683618352647e+03,1.830010582727999816e-05
3.811722553759123912e+03,1.849996113263999855e-05
3.811240423899895632e+03,1.880006958792000029e-05
3.810758294040667352e+03,1.899992489328000068e-05
3.810276164181439071e+03,1.930003334855999903e-05
3.809794034322210791e+03,1.950010565208000018e-05
3.809311904462982056e+03,1.969996095744000058e-05
3.808829774603753776e+03,2.000006941271999892e-05
3.808347644744525496e+03,2.029996086983999989e-05
3.807865514885297216e+03,2.060006932511999824e-05
3.807383385026068936e+03,2.079992463047999863e-05
3.806901255166840656e+03,2.099999693399999979e-05
3.806419125307611921e+03,2.120006923752000094e-05
3.805936995448383641e+03,2.139992454288000133e-05
3.805454865589155361e+03,2.159999684639999910e-05
3.804972735729927081e+03,2.170003299815999968e-05
3.804490605870698801e+03,2.180006914992000026e-05
3.804008476011470066e+03,2.180006914992000026e-05
3.803526346152241786e+03,2.190010530168000084e-05
3.803044216293013505e+03,2.190010530168000084e-05
3.802562086433785225e+03,2.199992445528000065e-05
3.802079956574556945e+03,2.209996060704000123e-05
3.801597826715328665e+03,2.219999675879999842e-05
3.801115696856099930e+03,2.230003291055999900e-05
3.800633566996871650e+03,2.240006906231999958e-05
3.800151437137643370e+03,2.259992436767999997e-05
3.799669307278415090e+03,2.269996051944000054e-05
3.799187177419186810e+03,2.279999667120000112e-05
3.798705047559958075e+03,2.290003282295999831e-05
3.798222917700729795e+03,2.310010512647999947e-05
3.797740787841501515e+03,2.319992428007999928e-05
3.797258657982273235e+03,2.339999658360000044e-05
3.796776528123044955e+03,2.360006888711999821e-05
3.796294398263816674e+03,2.379992419247999860e-05
3.795812268404587940e+03,2.410003264776000033e-05
3.795330138545359659e+03,2.439992410488000130e-05
3.794848008686131379e+03,2.480006871192000023e-05
3.794365878826903099e+03,2.509996016904000120e-05
3.793883748967674819e+03,2.559992392967999994e-05
3.793401619108446084e+03,2.600006853671999886e-05
3.792919489249217804e+03,2.650003229736000099e-05
3.792437359389989524e+03,2.689995990623999915e-05
3.791955229530761244e+03,2.739992366688000127e-05
3.791473099671532964e+03,2.780006827392000020e-05
3.790990969812304684e+03,2.830003203455999894e-05
3.790508839953075949e+03,2.890003194695999825e-05
3.790026710093847669e+03,2.939999570760000038e-05
3.789544580234619389e+03,2.999999561999999969e-05
3.789062450375391109e+03,3.059999553240000240e-05
3.788580320516162828e+03,3.130003159655999891e-05
3.788098190656934094e+03,3.210010381248000277e-05
3.787616060797705813e+03,3.289995903023999909e-05
3.787133930938477533e+03,3.370003124616000295e-05
3.786651801079249253e+03,3.450010346208000003e-05
3.786169671220020973e+03,3.529995867983999635e-05
3.785687541360792693e+03,3.620006704752000079e-05
3.785205411501563958e+03,3.699992226527999711e-05
3.784723281642335678e+03,3.790003063296000155e-05
3.784241151783107398e+03,3.879992200247999845e-05
3.783759021923879118e+03,3.970003037016000289e-05
3.783276892064650838e+03,4.059992173967999978e-05
3.782794762205422103e+03,4.160006625911999802e-05
3.782312632346193823e+03,4.270002993216000286e-05
3.781830502486965543e+03,4.369995745344000033e-05
3.781348372627737263e+03,4.479992112647999839e-05
3.780866242768508982e+03,4.599992095127999702e-05
3.780384112909280702e+03,4.719992077608000243e-05
3.779901983050051967e+03,4.839992060088000106e-05
3.779419853190823687e+03,4.950010127207999988e-05
3.778937723331595407e+03,5.070010109687999851e-05
3.778455593472367127e+03,5.190010092167999714e-05
3.777973463613138847e+03,5.310010074648000255e-05
3.777491333753910112e+03,5.430010057128000119e-05
3.777009203894681832e+03,5.550010039607999982e-05
3.776527074035453552e+03,5.670010022087999845e-05
3.776044944176225272e+03,5.790010004567999708e-05
3.775562814316996992e+03,5.919991902408000230e-05
3.775080684457768712e+03,6.039991884888000094e-05
3.774598554598539977e+03,6.169995482543999337e-05
3.774116424739311697e+03,6.289995465023999878e-05
3.773634294880083417e+03,6.409995447504000419e-05
3.773152165020855136e+03,6.529995429983999605e-05
3.772670035161626856e+03,6.649995412464000145e-05
3.772187905302398121e+03,6.759991779767999273e-05
3.771705775443169841e+03,6.870009846887999833e-05
3.771223645583941561e+03,6.970002599016000258e-05
3.770741515724713281e+03,7.069995351143999328e-05
3.770259385865485001e+03,7.170009803087999830e-05
3.769777256006256721e+03,7.259998940040000197e-05
3.769295126147027986e+03,7.350009776807999286e-05
3.768812996287799706e+03,7.439998913759999653e-05
3.768330866428571426e+03,7.530009750528000097e-05
3.767848736569343146e+03,7.609995272304000407e-05
3.767366606710114866e+03,7.690002493895999438e-05
3.766884476850886131e+03,7.760006100311999766e-05
3.766402346991657851e+03,7.830009706728000094e-05
3.765920217132429570e+03,7.899991613328000346e-05
3.765438087273201290e+03,7.959991604567999261e-05
3.764955957413973010e+03,8.019991595807999531e-05
3.764473827554744730e+03,8.070009671687999821e-05
3.763991697695515995e+03,8.120006047752000033e-05
3.763509567836287715e+03,8.159998808640000188e-05
3.763027437977059435e+03,8.209995184704000401e-05
3.762545308117831155e+03,8.250009645407999277e-05
3.762063178258602875e+03,8.300006021471999489e-05
3.761581048399374140e+03,8.339998782359999644e-05
3.761098918540145860e+03,8.379991543247999799e-05
3.760616788680917580e+03,8.420006003952000030e-05
3.760134658821689300e+03,8.459998764840000185e-05
3.759652528962461020e+03,8.499991525728000340e-05
3.759170399103232739e+03,8.530002371256000513e-05
3.758688269244004005e+03,8.559991516967999255e-05
3.758206139384775724e+03,8.590002362495999428e-05
3.757724009525547444e+03,8.610009592847999544e-05
3.757241879666319164e+03,8.629995123383999583e-05
3.756759749807090884e+03,8.650002353735999699e-05
3.756277619947862149e+03,8.670009584087999815e-05
3.755795490088633869e+03,8.679991499447999796e-05
3.755313360229405589e+03,8.699998729799999911e-05
3.754831230370177309e+03,8.710002344975999969e-05
3.754349100510949029e+03,8.720005960152000027e-05
3.753866970651720749e+03,8.730009575328000085e-05
3.753384840792492014e+03,8.739991490688000066e-05
3.752902710933263734e+03,8.739991490688000066e-05
3.752420581074035454e+03,8.739991490688000066e-05
3.751938451214807174e+03,8.739991490688000066e-05
3.751456321355578893e+03,8.739991490688000066e-05
3.750974191496350159e+03,8.730009575328000085e-05
3.750492061637121878e+03,8.720005960152000027e-05
3.750009931777893598e+03,8.720005960152000027e-05
3.749527801918665318e+03,8.710002344975999969e-05
3.749045672059437038e+03,8.699998729799999911e-05
3.748563542200208758e+03,8.699998729799999911e-05
3.748081412340980023e+03,8.699998729799999911e-05
3.747599282481751743e+03,8.710002344975999969e-05
3.747117152622523463e+03,8.710002344975999969e-05
3.746635022763295183e+03,8.720005960152000027e-05
3.746152892904066903e+03,8.730009575328000085e-05
3.745670763044838168e+03,8.739991490688000066e-05
3.745188633185609888e+03,8.749995105864000124e-05
3.744706503326381608e+03,8.770002336216000240e-05
3.744224373467153328e+03,8.780005951392000298e-05
3.743742243607925047e+03,8.809995097104000395e-05
3.743260113748696767e+03,8.830002327456000510e-05
3.742777983889468032e+03,8.869995088343999310e-05
3.742295854030239752e+03,8.910009549047999541e-05
3.741813724171011472e+03,8.950002309935999696e-05
3.741331594311783192e+03,8.999998685999999908e-05
3.740849464452554912e+03,9.049995062064000121e-05
3.740367334593326177e+03,9.109995053304000391e-05
3.739885204734097897e+03,9.179998659719999364e-05
3.739403074874869617e+03,9.250002266135999693e-05
3.738920945015641337e+03,9.320005872552000021e-05
3.738438815156413057e+03,9.399991394328000331e-05
3.737956685297184777e+03,9.479998615919999361e-05
3.737474555437956042e+03,9.560005837511999748e-05
3.736992425578727762e+03,9.649994974464000115e-05
3.736510295719499481e+03,9.750009426407999261e-05
3.736028165860271201e+03,9.850002178535999687e-05
3.735546036001042921e+03,9.959998545840000170e-05
3.735063906141814186e+03,1.010000575867199947e-04
3.734581776282585906e+03,1.019999851079999990e-04
3.734099646423357626e+03,1.029999126292800032e-04
3.733617516564129346e+03,1.040000571487199947e-04
3.733135386704901066e+03,1.059999121912800032e-04
3.732653256845672786e+03,1.070000567107199946e-04
3.732171126986444051e+03,1.079999842319999989e-04
3.731688997127215771e+03,1.100000562727199946e-04
3.731206867267987491e+03,1.109999837939999989e-04
3.730724737408759211e+03,1.130000558347199946e-04
3.730242607549530931e+03,1.139999833559999988e-04
3.729760477690302196e+03,1.160000553967199946e-04
3.729278347831073916e+03,1.169999829179999988e-04
3.728796217971845635e+03,1.190000549587199945e-04
3.728314088112617355e+03,1.199999824799999988e-04
3.727831958253389075e+03,1.220000545207199945e-04
3.727349828394160340e+03,1.229999820420000123e-04
3.726867698534932060e+03,1.250000540827199945e-04
3.726385568675703780e+03,1.269999091252800030e-04
3.725903438816475500e+03,1.280000536447200080e-04
3.725421308957247220e+03,1.299999086872799894e-04
3.724939179098018940e+03,1.310000532067199944e-04
3.724457049238790205e+03,1.329999082492800029e-04
3.723974919379561925e+03,1.340000527687200079e-04
3.723492789520333645e+03,1.359999078112799893e-04
3.723010659661105365e+03,1.370000523307199943e-04
3.722528529801877085e+03,1.389999073732800028e-04
3.722046399942648350e+03,1.400000518927200079e-04
3.721564270083420070e+03,1.419999069352799893e-04
3.721082140224191789e+03,1.430000514547199943e-04
3.720600010364963509e+03,1.439999789759999985e-04
3.720117880505735229e+03,1.460000510167200078e-04
3.719635750646506949e+03,1.469999785380000121e-04
3.719153620787278214e+03,1.479999060592799892e-04
3.718671490928049934e+03,1.490000505787199942e-04
3.718189361068821654e+03,1.499999780999999985e-04
3.717707231209593374e+03,1.509999056212800027e-04
3.717225101350365094e+03,1.509999056212800027e-04
3.716742971491136359e+03,1.520000501407200077e-04
3.716260841631908079e+03,1.529999776620000120e-04
3.715778711772679799e+03,1.529999776620000120e-04
3.715296581913451519e+03,1.529999776620000120e-04
3.714814452054223239e+03,1.529999776620000120e-04
3.714332322194994958e+03,1.529999776620000120e-04
3.713850192335766224e+03,1.529999776620000120e-04
3.713368062476537943e+03,1.529999776620000120e-04
3.712885932617309663e+03,1.529999776620000120e-04
3.712403802758081383e+03,1.520000501407200077e-04
3.711921672898853103e+03,1.520000501407200077e-04
3.711439543039624368e+03,1.509999056212800027e-04
3.710957413180396088e+03,1.499999780999999985e-04
3.710475283321167808e+03,1.490000505787199942e-04
3.709993153461939528e+03,1.479999060592799892e-04
3.709511023602711248e+03,1.469999785380000121e-04
3.709028893743482968e+03,1.449999064972800028e-04
3.708546763884254233e+03,1.439999789759999985e-04
3.708064634025025953e+03,1.430000514547199943e-04
3.707582504165797673e+03,1.419999069352799893e-04
3.707100374306569393e+03,1.400000518927200079e-04
3.706618244447341112e+03,1.389999073732800028e-04
3.706136114588112378e+03,1.379999798519999986e-04
3.705653984728884097e+03,1.370000523307199943e-04
3.705171854869655817e+03,1.349999802900000122e-04
3.704689725010427537e+03,1.340000527687200079e-04
3.704207595151199257e+03,1.329999082492800029e-04
3.703725465291970977e+03,1.319999807279999987e-04
3.703243335432742242e+03,1.310000532067199944e-04
3.702761205573513962e+03,1.299999086872799894e-04
3.702279075714285682e+03,1.289999811660000122e-04
3.701796945855057402e+03,1.280000536447200080e-04
3.701314815995829122e+03,1.280000536447200080e-04
3.700832686136600387e+03,1.269999091252800030e-04
3.700350556277372561e+03,1.269999091252800030e-04
3.699868426418143827e+03,1.259999816039999987e-04
3.699386296558915092e+03,1.259999816039999987e-04
3.698904166699687266e+03,1.259999816039999987e-04
3.698422036840458532e+03,1.259999816039999987e-04
3.697939906981230706e+03,1.259999816039999987e-04
3.697457777122001971e+03,1.259999816039999987e-04
3.696975647262774146e+03,1.259999816039999987e-04
3.696493517403545411e+03,1.259999816039999987e-04
3.696011387544316676e+03,1.259999816039999987e-04
3.695529257685088851e+03,1.259999816039999987e-04
3.695047127825860116e+03,1.269999091252800030e-04
3.694564997966632291e+03,1.269999091252800030e-04
3.694082868107403556e+03,1.280000536447200080e-04
3.693600738248174821e+03,1.289999811660000122e-04
3.693118608388946996e+03,1.299999086872799894e-04
3.692636478529718261e+03,1.299999086872799894e-04
3.692154348670490435e+03,1.310000532067199944e-04
3.691672218811261700e+03,1.319999807279999987e-04
3.691190088952032966e+03,1.329999082492800029e-04
3.690707959092805140e+03,1.349999802900000122e-04
3.690225829233576405e+03,1.359999078112799893e-04
3.689743699374348580e+03,1.370000523307199943e-04
3.689261569515119845e+03,1.379999798519999986e-04
3.688779439655891110e+03,1.400000518927200079e-04
3.688297309796663285e+03,1.409999794140000121e-04
3.687815179937434550e+03,1.419999069352799893e-04
3.687333050078206725e+03,1.439999789759999985e-04
3.686850920218977990e+03,1.460000510167200078e-04
3.686368790359750164e+03,1.469999785380000121e-04
3.685886660500521430e+03,1.490000505787199942e-04
3.685404530641292695e+03,1.509999056212800027e-04
3.684922400782064869e+03,1.529999776620000120e-04
3.684440270922836135e+03,1.539999051832799891e-04
3.683958141063608309e+03,1.559999772239999984e-04
3.683476011204379574e+03,1.580000492647200077e-04
3.682993881345150839e+03,1.599999043072799891e-04
3.682511751485923014e+03,1.619999763479999984e-04
3.682029621626694279e+03,1.640000483887200076e-04
3.681547491767466454e+03,1.659999034312799890e-04
3.681065361908237719e+03,1.679999754719999983e-04
3.680583232049008984e+03,1.709999750340000118e-04
3.680101102189781159e+03,1.730000470747199940e-04
3.679618972330552424e+03,1.749999021172800025e-04
3.679136842471324599e+03,1.779999016792799889e-04
3.678654712612095864e+03,1.799999737199999982e-04
3.678172582752867129e+03,1.820000457607200074e-04
3.677690452893639304e+03,1.850000453227199939e-04
3.677208323034410569e+03,1.869999003652800024e-04
3.676726193175182743e+03,1.899998999272799888e-04
3.676244063315954008e+03,1.919999719679999980e-04
3.675761933456726183e+03,1.949999715300000116e-04
3.675279803597497448e+03,1.970000435707199937e-04
3.674797673738268713e+03,1.989998986132800022e-04
3.674315543879040888e+03,2.019998981752799887e-04
3.673833414019812153e+03,2.039999702159999979e-04
3.673351284160584328e+03,2.060000422567200072e-04
3.672869154301355593e+03,2.079998972992799886e-04
3.672387024442126858e+03,2.099999693399999979e-04
3.671904894582899033e+03,2.120000413807200071e-04
3.671422764723670298e+03,2.139998964232799885e-04
3.670940634864442472e+03,2.150000409427199935e-04
3.670458505005213738e+03,2.159999684639999978e-04
3.669976375145985003e+03,2.169998959852800021e-04
3.669494245286757177e+03,2.180000405047200071e-04
3.669012115427528443e+03,2.189999680260000113e-04
3.668529985568300617e+03,2.189999680260000113e-04
3.668047855709071882e+03,2.189999680260000113e-04
3.667565725849843147e+03,2.189999680260000113e-04
3.667083595990615322e+03,2.189999680260000113e-04
3.666601466131386587e+03,2.189999680260000113e-04
3.666119336272158762e+03,2.180000405047200071e-04
3.665637206412930027e+03,2.169998959852800021e-04
3.665155076553702202e+03,2.159999684639999978e-04
3.664672946694473467e+03,2.150000409427199935e-04
3.664190816835244732e+03,2.139998964232799885e-04
3.663708686976016907e+03,2.129999689020000114e-04
3.663226557116788172e+03,2.110001138594400029e-04
3.662744427257560346e+03,2.099999693399999979e-04
3.662262297398331611e+03,2.079998972992799886e-04
3.661780167539102877e+03,2.060000422567200072e-04
3.661298037679875051e+03,2.049998977372800022e-04
3.660815907820646316e+03,2.030000426947199937e-04
3.660333777961418491e+03,2.009999706540000115e-04
3.659851648102189756e+03,1.989998986132800022e-04
3.659369518242961021e+03,1.970000435707199937e-04
3.658887388383733196e+03,1.949999715300000116e-04
3.658405258524504461e+03,1.929998994892800023e-04
3.657923128665276636e+03,1.919999719679999980e-04
3.657440998806047901e+03,1.899998999272799888e-04
3.656958868946819166e+03,1.880000448847200074e-04
3.656476739087591341e+03,1.859999728439999981e-04
3.655994609228362606e+03,1.839999008032799888e-04
3.655512479369134780e+03,1.820000457607200074e-04
3.655030349509906046e+03,1.809999012412800024e-04
3.654548219650678220e+03,1.790000461987199939e-04
3.654066089791449485e+03,1.769999741580000118e-04
3.653583959932220750e+03,1.760000466367200075e-04
3.653101830072992925e+03,1.739999745959999982e-04
3.652619700213764190e+03,1.719999025552799890e-04
3.652137570354536365e+03,1.709999750340000118e-04
3.651655440495307630e+03,1.689999029932800025e-04
3.651173310636078895e+03,1.679999754719999983e-04
3.650691180776851070e+03,1.659999034312799890e-04
3.650209050917622335e+03,1.649999759100000119e-04
3.649726921058394510e+03,1.629999038692800026e-04
3.649244791199165775e+03,1.619999763479999984e-04
3.648762661339937040e+03,1.599999043072799891e-04
3.648280531480709215e+03,1.589999767860000119e-04
3.647798401621480480e+03,1.580000492647200077e-04
3.647316271762252654e+03,1.559999772239999984e-04
3.646834141903023919e+03,1.550000497027199942e-04
3.646352012043795185e+03,1.539999051832799891e-04
3.645869882184567359e+03,1.520000501407200077e-04
3.645387752325338624e+03,1.509999056212800027e-04
3.644905622466110799e+03,1.499999780999999985e-04
3.644423492606882064e+03,1.490000505787199942e-04
3.643941362747654239e+03,1.479999060592799892e-04
3.643459232888425504e+03,1.460000510167200078e-04
3.642977103029196769e+03,1.449999064972800028e-04
3.642494973169968944e+03,1.439999789759999985e-04
3.642012843310740209e+03,1.430000514547199943e-04
3.641530713451512383e+03,1.419999069352799893e-04
3.641048583592283649e+03,1.409999794140000121e-04
3.640566453733054914e+03,1.400000518927200079e-04
3.640084323873827088e+03,1.389999073732800028e-04
3.639602194014598354e+03,1.379999798519999986e-04
3.639120064155370528e+03,1.379999798519999986e-04
3.638637934296141793e+03,1.370000523307199943e-04
3.638155804436913058e+03,1.359999078112799893e-04
3.637673674577685233e+03,1.349999802900000122e-04
3.637191544718456498e+03,1.349999802900000122e-04
3.636709414859228673e+03,1.340000527687200079e-04
3.636227284999999938e+03,1.329999082492800029e-04
3.635745155140771203e+03,1.329999082492800029e-04
3.635263025281543378e+03,1.319999807279999987e-04
3.634780895422314643e+03,1.319999807279999987e-04
3.634298765563086818e+03,1.310000532067199944e-04
3.633816635703858083e+03,1.310000532067199944e-04
3.633334505844630257e+03,1.299999086872799894e-04
3.632852375985401522e+03,1.299999086872799894e-04
3.632370246126172788e+03,1.299999086872799894e-04
3.631888116266944962e+03,1.289999811660000122e-04
3.631405986407716227e+03,1.289999811660000122e-04
3.630923856548488402e+03,1.289999811660000122e-04
3.630441726689259667e+03,1.289999811660000122e-04
3.629959596830030932e+03,1.280000536447200080e-04
3.629477466970803107e+03,1.280000536447200080e-04
3.628995337111574372e+03,1.280000536447200080e-04
3.628513207252346547e+03,1.280000536447200080e-04
3.628031077393117812e+03,1.280000536447200080e-04
3.627548947533889077e+03,1.280000536447200080e-04
3.627066817674661252e+03,1.269999091252800030e-04
3.626584687815432517e+03,1.269999091252800030e-04
3.626102557956204691e+03,1.269999091252800030e-04
3.625620428096975957e+03,1.269999091252800030e-04
3.625138298237747222e+03,1.280000536447200080e-04
3.624656168378519396e+03,1.280000536447200080e-04
3.624174038519290661e+03,1.280000536447200080e-04
3.623691908660062836e+03,1.280000536447200080e-04
3.623209778800834101e+03,1.280000536447200080e-04
3.622727648941606276e+03,1.280000536447200080e-04
3.622245519082377541e+03,1.280000536447200080e-04
3.621763389223148806e+03,1.280000536447200080e-04
3.621281259363920981e+03,1.289999811660000122e-04
3.620799129504692246e+03,1.289999811660000122e-04
3.620316999645464421e+03,1.289999811660000122e-04
3.619834869786235686e+03,1.299999086872799894e-04
3.619352739927006951e+03,1.299999086872799894e-04
3.618870610067779126e+03,1.299999086872799894e-04
3.618388480208550391e+03,1.310000532067199944e-04
3.617906350349322565e+03,1.310000532067199944e-04
3.617424220490093830e+03,1.319999807279999987e-04
3.616942090630865096e+03,1.319999807279999987e-04
3.616459960771637270e+03,1.329999082492800029e-04
3.615977830912408535e+03,1.329999082492800029e-04
3.615495701053180710e+03,1.340000527687200079e-04
3.615013571193951975e+03,1.340000527687200079e-04
3.614531441334723240e+03,1.349999802900000122e-04
3.614049311475495415e+03,1.349999802900000122e-04
3.613567181616266680e+03,1.359999078112799893e-04
3.613085051757038855e+03,1.359999078112799893e-04
3.612602921897810120e+03,1.370000523307199943e-04
3.612120792038581385e+03,1.379999798519999986e-04
3.611638662179353560e+03,1.389999073732800028e-04
3.611156532320124825e+03,1.389999073732800028e-04
3.610674402460896999e+03,1.400000518927200079e-04
3.610192272601668265e+03,1.409999794140000121e-04
3.609710142742440439e+03,1.419999069352799893e-04
3.609228012883211704e+03,1.419999069352799893e-04
3.608745883023982969e+03,1.430000514547199943e-04
3.608263753164755144e+03,1.439999789759999985e-04
3.607781623305526409e+03,1.449999064972800028e-04
3.607299493446298584e+03,1.460000510167200078e-04
3.606817363587069849e+03,1.469999785380000121e-04
3.606335233727841114e+03,1.479999060592799892e-04
3.605853103868613289e+03,1.479999060592799892e-04
3.605370974009384554e+03,1.490000505787199942e-04
3.604888844150156729e+03,1.499999780999999985e-04
3.604406714290927994e+03,1.509999056212800027e-04
3.603924584431699259e+03,1.520000501407200077e-04
3.603442454572471433e+03,1.520000501407200077e-04
3.602960324713242699e+03,1.529999776620000120e-04
3.602478194854014873e+03,1.539999051832799891e-04
3.601996064994786138e+03,1.539999051832799891e-04
3.601513935135557404e+03,1.550000497027199942e-04
3.601031805276329578e+03,1.550000497027199942e-04
3.600549675417100843e+03,1.559999772239999984e-04
3.600067545557873018e+03,1.559999772239999984e-04
3.599585415698644283e+03,1.559999772239999984e-04
3.599103285839416458e+03,1.569999047452800027e-04
3.598621155980187723e+03,1.569999047452800027e-04
3.598139026120958988e+03,1.569999047452800027e-04
3.597656896261731163e+03,1.569999047452800027e-04
3.597174766402502428e+03,1.569999047452800027e-04
3.596692636543274602e+03,1.569999047452800027e-04
3.596210506684045868e+03,1.569999047452800027e-04
3.595728376824817133e+03,1.569999047452800027e-04
3.595246246965589307e+03,1.569999047452800027e-04
3.594764117106360573e+03,1.569999047452800027e-04
3.594281987247132747e+03,1.569999047452800027e-04
3.593799857387904012e+03,1.569999047452800027e-04
3.593317727528675277e+03,1.569999047452800027e-04
3.592835597669447452e+03,1.569999047452800027e-04
3.592353467810218717e+03,1.569999047452800027e-04
3.591871337950990892e+03,1.559999772239999984e-04
3.591389208091762157e+03,1.559999772239999984e-04
3.590907078232533422e+03,1.559999772239999984e-04
3.590424948373305597e+03,1.559999772239999984e-04
3.589942818514076862e+03,1.559999772239999984e-04
3.589460688654849037e+03,1.559999772239999984e-04
3.588978558795620302e+03,1.559999772239999984e-04
3.588496428936392476e+03,1.559999772239999984e-04
3.588014299077163741e+03,1.550000497027199942e-04
3.587532169217935007e+03,1.550000497027199942e-04
3.587050039358707181e+03,1.550000497027199942e-04
3.586567909499478446e+03,1.550000497027199942e-04
3.586085779640250621e+03,1.550000497027199942e-04
3.585603649781021886e+03,1.550000497027199942e-04
3.585121519921793151e+03,1.550000497027199942e-04
3.584639390062565326e+03,1.550000497027199942e-04
3.584157260203336591e+03,1.550000497027199942e-04
3.583675130344108766e+03,1.550000497027199942e-04
3.583193000484880031e+03,1.539999051832799891e-04
3.582710870625651296e+03,1.539999051832799891e-04
3.582228740766423471e+03,1.539999051832799891e-04
3.581746610907194736e+03,1.539999051832799891e-04
3.581264481047966910e+03,1.529999776620000120e-04
3.580782351188738176e+03,1.529999776620000120e-04
3.580300221329509441e+03,1.529999776620000120e-04
3.579818091470281615e+03,1.529999776620000120e-04
3.579335961611052880e+03,1.520000501407200077e-04
3.578853831751825055e+03,1.520000501407200077e-04
3.578371701892596320e+03,1.520000501407200077e-04
3.577889572033368495e+03,1.509999056212800027e-04
3.577407442174139760e+03,1.509999056212800027e-04
3.576925312314911025e+03,1.509999056212800027e-04
3.576443182455683200e+03,1.499999780999999985e-04
3.575961052596454465e+03,1.499999780999999985e-04
3.575478922737226640e+03,1.490000505787199942e-04
3.574996792877997905e+03,1.490000505787199942e-04
3.574514663018769170e+03,1.479999060592799892e-04
3.574032533159541345e+03,1.469999785380000121e-04
3.573550403300312610e+03,1.469999785380000121e-04
3.573068273441084784e+03,1.469999785380000121e-04
3.572586143581856049e+03,1.460000510167200078e-04
3.572104013722627315e+03,1.460000510167200078e-04
3.571621883863399489e+03,1.449999064972800028e-04
3.571139754004170754e+03,1.449999064972800028e-04
3.570657624144942929e+03,1.439999789759999985e-04
3.570175494285714194e+03,1.439999789759999985e-04
3.569693364426485459e+03,1.430000514547199943e-04
3.569211234567257634e+03,1.430000514547199943e-04
3.568729104708028899e+03,1.419999069352799893e-04
3.568246974848801074e+03,1.409999794140000121e-04
3.567764844989572339e+03,1.409999794140000121e-04
3.567282715130344513e+03,1.400000518927200079e-04
3.566800585271115779e+03,1.400000518927200079e-04
3.566318455411887044e+03,1.389999073732800028e-04
3.565836325552659218e+03,1.389999073732800028e-04
3.565354195693430484e+03,1.389999073732800028e-04
3.564872065834202658e+03,1.379999798519999986e-04
3.564389935974973923e+03,1.379999798519999986e-04
3.563907806115745188e+03,1.370000523307199943e-04
3.563425676256517363e+03,1.370000523307199943e-04
3.562943546397288628e+03,1.370000523307199943e-04
3.562461416538060803e+03,1.359999078112799893e-04
3.561979286678832068e+03,1.359999078112799893e-04
3.561497156819603333e+03,1.349999802900000122e-04
3.561015026960375508e+03,1.349999802900000122e-04
3.560532897101146773e+03,1.340000527687200079e-04
3.560050767241918948e+03,1.340000527687200079e-04
3.559568637382690213e+03,1.340000527687200079e-04
3.559086507523461478e+03,1.329999082492800029e-04
3.558604377664233652e+03,1.329999082492800029e-04
3.558122247805004918e+03,1.329999082492800029e-04
3.557640117945777092e+03,1.319999807279999987e-04
3.557157988086548357e+03,1.319999807279999987e-04
3.556675858227320532e+03,1.319999807279999987e-04
3.556193728368091797e+03,1.310000532067199944e-04
3.555711598508863062e+03,1.310000532067199944e-04
3.555229468649635237e+03,1.310000532067199944e-04
3.554747338790406502e+03,1.310000532067199944e-04
3.554265208931178677e+03,1.299999086872799894e-04
3.553783079071949942e+03,1.299999086872799894e-04
3.553300949212721207e+03,1.299999086872799894e-04
3.552818819353493382e+03,1.299999086872799894e-04
3.552336689494264647e+03,1.299999086872799894e-04
3.551854559635036821e+03,1.289999811660000122e-04
3.551372429775808087e+03,1.289999811660000122e-04
3.550890299916579352e+03,1.289999811660000122e-04
3.550408170057351526e+03,1.289999811660000122e-04
3.549926040198122791e+03,1.289999811660000122e-04
3.549443910338894966e+03,1.289999811660000122e-04
3.548961780479666231e+03,1.289999811660000122e-04
3.548479650620437496e+03,1.289999811660000122e-04
3.547997520761209671e+03,1.289999811660000122e-04
3.547515390901980936e+03,1.289999811660000122e-04
3.547033261042753111e+03,1.289999811660000122e-04
3.546551131183524376e+03,1.289999811660000122e-04
3.546069001324296551e+03,1.289999811660000122e-04
3.545586871465067816e+03,1.289999811660000122e-04
3.545104741605839081e+03,1.289999811660000122e-04
3.544622611746611256e+03,1.289999811660000122e-04
3.544140481887382521e+03,1.289999811660000122e-04
3.543658352028154695e+03,1.289999811660000122e-04
3.543176222168925960e+03,1.289999811660000122e-04
3.542694092309697226e+03,1.299999086872799894e-04
3.542211962450469400e+03,1.299999086872799894e-04
3.541729832591240665e+03,1.299999086872799894e-04
3.541247702732012840e+03,1.299999086872799894e-04
3.540765572872784105e+03,1.299999086872799894e-04
3.540283443013555370e+03,1.299999086872799894e-04
3.539801313154327545e+03,1.310000532067199944e-04
3.539319183295098810e+03,1.310000532067199944e-04
3.538837053435870985e+03,1.310000532067199944e-04
3.538354923576642250e+03,1.319999807279999987e-04
3.537872793717413515e+03,1.319999807279999987e-04
3.537390663858185690e+03,1.319999807279999987e-04
3.536908533998956955e+03,1.319999807279999987e-04
3.536426404139729129e+03,1.329999082492800029e-04
3.535944274280500395e+03,1.329999082492800029e-04
3.535462144421272569e+03,1.329999082492800029e-04
3.534980014562043834e+03,1.340000527687200079e-04
3.534497884702815099e+03,1.340000527687200079e-04
3.534015754843587274e+03,1.340000527687200079e-04
3.533533624984358539e+03,1.349999802900000122e-04
3.533051495125130714e+03,1.349999802900000122e-04
3.532569365265901979e+03,1.349999802900000122e-04
3.532087235406673244e+03,1.359999078112799893e-04
3.531605105547445419e+03,1.359999078112799893e-04
3.531122975688216684e+03,1.359999078112799893e-04
3.530640845828988859e+03,1.370000523307199943e-04
3.530158715969760124e+03,1.370000523307199943e-04
3.529676586110531389e+03,1.370000523307199943e-04
3.529194456251303563e+03,1.379999798519999986e-04
3.528712326392074829e+03,1.379999798519999986e-04
3.528230196532847003e+03,1.379999798519999986e-04
3.527748066673618268e+03,1.379999798519999986e-04
3.527265936814389534e+03,1.389999073732800028e-04
3.526783806955161708e+03,1.389999073732800028e-04
3.526301677095932973e+03,1.389999073732800028e-04
3.525819547236705148e+03,1.389999073732800028e-04
3.525337417377476413e+03,1.389999073732800028e-04
3.524855287518248588e+03,1.389999073732800028e-04
3.524373157659019853e+03,1.389999073732800028e-04
3.523891027799791118e+03,1.389999073732800028e-04
3.523408897940563293e+03,1.389999073732800028e-04
3.522926768081334558e+03,1.389999073732800028e-04
3.522444638222106732e+03,1.389999073732800028e-04
3.521962508362877998e+03,1.389999073732800028e-04
3.521480378503649263e+03,1.379999798519999986e-04
3.520998248644421437e+03,1.379999798519999986e-04
3.520516118785192702e+03,1.379999798519999986e-04
3.520033988925964877e+03,1.379999798519999986e-04
3.519551859066736142e+03,1.370000523307199943e-04
3.519069729207507407e+03,1.370000523307199943e-04
3.518587599348279582e+03,1.370000523307199943e-04
3.518105469489050847e+03,1.370000523307199943e-04
3.517623339629823022e+03,1.359999078112799893e-04
3.517141209770594287e+03,1.359999078112799893e-04
3.516659079911365552e+03,1.359999078112799893e-04
3.516176950052137727e+03,1.359999078112799893e-04
3.515694820192908992e+03,1.349999802900000122e-04
3.515212690333681167e+03,1.349999802900000122e-04
3.514730560474452432e+03,1.349999802900000122e-04
3.514248430615224606e+03,1.340000527687200079e-04
3.513766300755995871e+03,1.340000527687200079e-04
3.513284170896767137e+03,1.340000527687200079e-04
3.512802041037539311e+03,1.329999082492800029e-04
3.512319911178310576e+03,1.329999082492800029e-04
3.511837781319082751e+03,1.329999082492800029e-04
3.511355651459854016e+03,1.329999082492800029e-04
3.510873521600625281e+03,1.319999807279999987e-04
3.510391391741397456e+03,1.319999807279999987e-04
3.509909261882168721e+03,1.319999807279999987e-04
3.509427132022940896e+03,1.310000532067199944e-04
3.508945002163712161e+03,1.310000532067199944e-04
3.508462872304483426e+03,1.310000532067199944e-04
3.507980742445255601e+03,1.299999086872799894e-04
3.507498612586026866e+03,1.299999086872799894e-04
3.507016482726799040e+03,1.299999086872799894e-04
3.506534352867570306e+03,1.289999811660000122e-04
3.506052223008341571e+03,1.289999811660000122e-04
3.505570093149113745e+03,1.289999811660000122e-04
3.505087963289885010e+03,1.280000536447200080e-04
3.504605833430657185e+03,1.280000536447200080e-04
3.504123703571428450e+03,1.280000536447200080e-04
3.503641573712200625e+03,1.269999091252800030e-04
3.503159443852971890e+03,1.269999091252800030e-04
3.502677313993743155e+03,1.259999816039999987e-04
3.502195184134515330e+03,1.259999816039999987e-04
3.501713054275286595e+03,1.259999816039999987e-04
3.501230924416058770e+03,1.250000540827199945e-04
3.500748794556830035e+03,1.250000540827199945e-04
3.500266664697601300e+03,1.239999095632799894e-04
3.499784534838373474e+03,1.239999095632799894e-04
3.499302404979144740e+03,1.239999095632799894e-04
3.498820275119916914e+03,1.229999820420000123e-04
3.498338145260688179e+03,1.229999820420000123e-04
3.497856015401459445e+03,1.220000545207199945e-04
3.497373885542231619e+03,1.220000545207199945e-04
3.496891755683002884e+03,1.220000545207199945e-04
3.496409625823775059e+03,1.209999100012800030e-04
3.495927495964546324e+03,1.209999100012800030e-04
3.495445366105317589e+03,1.199999824799999988e-04
3.494963236246089764e+03,1.199999824799999988e-04
3.494481106386861029e+03,1.190000549587199945e-04
3.493998976527633204e+03,1.190000549587199945e-04
3.493516846668404469e+03,1.190000549587199945e-04
3.493034716809176643e+03,1.179999104392800031e-04
3.492552586949947909e+03,1.179999104392800031e-04
3.492070457090719174e+03,1.169999829179999988e-04
3.491588327231491348e+03,1.169999829179999988e-04
3.491106197372262613e+03,1.160000553967199946e-04
3.490624067513034788e+03,1.160000553967199946e-04
3.490141937653806053e+03,1.160000553967199946e-04
3.489659807794577318e+03,1.149999108772800031e-04
3.489177677935349493e+03,1.149999108772800031e-04
3.488695548076120758e+03,1.139999833559999988e-04
3.488213418216892933e+03,1.139999833559999988e-04
3.487731288357664198e+03,1.130000558347199946e-04
3.487249158498435463e+03,1.130000558347199946e-04
3.486767028639207638e+03,1.119999113152800031e-04
3.486284898779978903e+03,1.119999113152800031e-04
3.485802768920751078e+03,1.109999837939999989e-04
3.485320639061522343e+03,1.109999837939999989e-04
3.484838509202293608e+03,1.100000562727199946e-04
3.484356379343065782e+03,1.100000562727199946e-04
3.483874249483837048e+03,1.089999117532800032e-04
3.483392119624609222e+03,1.089999117532800032e-04
3.482909989765380487e+03,1.079999842319999989e-04
3.482427859906152662e+03,1.079999842319999989e-04
3.481945730046923927e+03,1.070000567107199946e-04
3.481463600187695192e+03,1.070000567107199946e-04
3.480981470328467367e+03,1.059999121912800032e-04
3.480499340469238632e+03,1.049999846699999989e-04
3.480017210610010807e+03,1.049999846699999989e-04
3.479535080750782072e+03,1.040000571487199947e-04
3.479052950891553337e+03,1.040000571487199947e-04
3.478570821032325512e+03,1.029999126292800032e-04
3.478088691173096777e+03,1.029999126292800032e-04
3.477606561313868951e+03,1.019999851079999990e-04
3.477124431454640217e+03,1.010000575867199947e-04
3.476642301595411482e+03,1.010000575867199947e-04
3.476160171736183656e+03,9.999991306728000324e-05
3.475678041876954921e+03,9.970002161016000228e-05
3.475195912017727096e+03,9.910002169775999957e-05
3.474713782158498361e+03,9.839998563359999629e-05
3.474231652299269626e+03,9.779998572119999358e-05
3.473749522440041801e+03,9.719998580880000443e-05
3.473267392580813066e+03,9.649994974464000115e-05
3.472785262721585241e+03,9.589994983223999844e-05
3.472303132862356506e+03,9.529994991983999574e-05
3.471821003003128681e+03,9.469995000743999304e-05
3.471338873143899946e+03,9.419998624680000446e-05
3.470856743284671211e+03,9.359998633440000176e-05
3.470374613425443385e+03,9.299998642199999905e-05
3.469892483566214651e+03,9.239998650959999635e-05
3.469410353706986825e+03,9.179998659719999364e-05
3.468928223847758090e+03,9.119998668480000449e-05
3.468446093988529356e+03,9.059998677240000179e-05
3.467963964129301530e+03,8.999998685999999908e-05
3.467481834270072795e+03,8.939998694759999638e-05
3.466999704410844970e+03,8.879998703519999368e-05
3.466517574551616235e+03,8.819998712280000452e-05
3.466035444692387500e+03,8.759998721040000182e-05
3.465553314833159675e+03,8.710002344975999969e-05
3.465071184973930940e+03,8.650002353735999699e-05
3.464589055114703115e+03,8.600005977671999486e-05
3.464106925255474380e+03,8.559991516967999255e-05
3.463624795396245645e+03,8.509995140904000398e-05
3.463142665537017820e+03,8.459998764840000185e-05
3.462660535677789085e+03,8.410002388775999972e-05
3.462178405818561259e+03,8.350002397535999702e-05
3.461696275959332525e+03,8.300006021471999489e-05
3.461214146100104699e+03,8.240006030232000574e-05
3.460732016240875964e+03,8.190009654168000362e-05
3.460249886381647229e+03,8.130009662928000091e-05
3.459767756522419404e+03,8.079991587047999802e-05
3.459285626663190669e+03,8.019991595807999531e-05
3.458803496803962844e+03,7.979998834919999377e-05
3.458321366944734109e+03,7.930002458856000519e-05
3.457839237085505374e+03,7.880006082792000307e-05
3.457357107226277549e+03,7.839991622088000075e-05
3.456874977367048814e+03,7.789995246023999863e-05
3.456392847507820989e+03,7.739998869959999650e-05
3.455910717648592254e+03,7.679998878719999380e-05
3.455428587789363519e+03,7.630002502656000522e-05
3.454946457930135693e+03,7.570002511416000252e-05
3.454464328070906959e+03,7.510002520175999982e-05
3.453982198211679133e+03,7.460006144111999769e-05
3.453500068352450398e+03,7.400006152871999498e-05
3.453017938493221664e+03,7.340006161632000583e-05
3.452535808633993838e+03,7.290009785568000371e-05
3.452053678774765103e+03,7.230009794328000100e-05
3.451571548915537278e+03,7.170009803087999830e-05
3.451089419056308543e+03,7.119991727207999541e-05
3.450607289197080718e+03,7.059991735967999270e-05
3.450125159337851983e+03,7.009995359904000413e-05
3.449643029478623248e+03,6.949995368664000142e-05
3.449160899619395423e+03,6.889995377423999872e-05
3.448678769760166688e+03,6.819991771007999544e-05
3.448196639900938862e+03,6.759991779767999273e-05
3.447714510041710128e+03,6.690009873168000377e-05
3.447232380182481393e+03,6.620006266752000048e-05
3.446750250323253567e+03,6.550002660335999720e-05
3.446268120464024832e+03,6.490002669095999450e-05
3.445785990604797007e+03,6.419999062680000477e-05
3.445303860745568272e+03,6.359999071440000206e-05
3.444821730886339537e+03,6.289995465023999878e-05
3.444339601027111712e+03,6.229995473783999608e-05
3.443857471167882977e+03,6.169995482543999337e-05
3.443375341308655152e+03,6.099991876127999687e-05
3.442893211449426417e+03,6.039991884888000094e-05
3.442411081590197682e+03,5.970009978287999842e-05
3.441928951730969857e+03,5.900006371872000191e-05
3.441446821871741122e+03,5.830002765455999863e-05
3.440964692012513297e+03,5.770002774216000270e-05
3.440482562153284562e+03,5.699999167799999942e-05
3.440000432294056736e+03,5.629995561383999614e-05
3.439518302434828001e+03,5.569995570144000021e-05
3.439036172575599267e+03,5.499991963727999693e-05
3.438554042716371441e+03,5.449995587664000158e-05
3.438071912857142706e+03,5.389995596423999887e-05
3.437589782997914881e+03,5.329995605183999617e-05
3.437107653138686146e+03,5.279999229120000082e-05
3.436625523279457411e+03,5.219999237879999811e-05
3.436143393420229586e+03,5.159999246640000219e-05
3.435661263561000851e+03,5.110002870576000006e-05
3.435179133701773026e+03,5.050002879335999735e-05
3.434697003842544291e+03,5.000006503272000201e-05
3.434214873983315556e+03,4.940006512031999930e-05
3.433732744124087731e+03,4.890010135967999717e-05
3.433250614264858996e+03,4.830010144728000125e-05
3.432768484405631170e+03,4.779992068847999835e-05
3.432286354546402436e+03,4.739999307959999681e-05
3.431804224687173701e+03,4.690002931896000146e-05
3.431322094827945875e+03,4.650010171007999991e-05
3.430839964968717140e+03,4.609995710303999760e-05
3.430357835109489315e+03,4.570002949416000282e-05
3.429875705250260580e+03,4.530010188528000128e-05
3.429393575391032755e+03,4.489995727823999896e-05
3.428911445531804020e+03,4.450002966935999742e-05
3.428429315672575285e+03,4.410010206048000264e-05
3.427947185813347460e+03,4.369995745344000033e-05
3.427465055954118725e+03,4.330002984455999878e-05
3.426982926094890900e+03,4.290010223567999724e-05
3.426500796235662165e+03,4.249995762864000170e-05
3.426018666376433430e+03,4.220006617152000073e-05
3.425536536517205604e+03,4.179992156447999842e-05
3.425054406657976870e+03,4.150003010735999745e-05
3.424572276798749044e+03,4.129995780383999629e-05
3.424090146939520309e+03,4.100006634672000210e-05
3.423608017080291575e+03,4.069995789144000036e-05
3.423125887221063749e+03,4.050010258607999997e-05
3.422643757361835014e+03,4.019999413079999824e-05
3.422161627502607189e+03,3.990010267367999727e-05
3.421679497643378454e+03,3.959999421840000231e-05
3.421197367784149719e+03,3.930010276128000134e-05
3.420715237924921894e+03,3.899999430599999960e-05
3.420233108065693159e+03,3.870010284887999863e-05
3.419750978206465334e+03,3.839999439359999690e-05
3.419268848347236599e+03,3.810010293648000271e-05
3.418786718488008773e+03,3.790003063296000155e-05
3.418304588628780039e+03,3.769995832944000039e-05
3.417822458769551304e+03,3.750010302408000000e-05
3.417340328910323478e+03,3.719999456879999827e-05
3.416858199051094743e+03,3.699992226527999711e-05
3.416376069191866918e+03,3.680006695991999672e-05
3.415893939332638183e+03,3.659999465640000234e-05
3.415411809473409448e+03,3.630010319928000137e-05
3.414929679614181623e+03,3.599999474399999963e-05
3.414447549754952888e+03,3.570010328687999866e-05
3.413965419895725063e+03,3.539999483159999693e-05
3.413483290036496328e+03,3.510010337448000274e-05
3.413001160177267593e+03,3.479999491920000100e-05
3.412519030318039768e+03,3.450010346208000003e-05
3.412036900458811033e+03,3.419999500679999830e-05
3.411554770599583208e+03,3.390010354967999733e-05
3.411072640740354473e+03,3.359999509440000237e-05
3.410590510881125738e+03,3.330010363728000140e-05
3.410108381021897912e+03,3.310003133376000024e-05
3.409626251162669178e+03,3.279992287847999851e-05
3.409144121303441352e+03,3.239999526959999696e-05
3.408661991444212617e+03,3.210010381248000277e-05
3.408179861584984792e+03,3.169995920544000045e-05
3.407697731725756057e+03,3.130003159655999891e-05
3.407215601866527322e+03,3.090010398767999736e-05
3.406733472007299497e+03,3.059999553240000240e-05
3.406251342148070762e+03,3.020006792352000085e-05
3.405769212288842937e+03,2.989995946823999912e-05
3.405287082429614202e+03,2.950003185936000096e-05
3.404804952570385467e+03,2.919992340407999922e-05
3.404322822711157642e+03,2.890003194695999825e-05
3.403840692851928907e+03,2.869995964344000048e-05
3.403358562992701081e+03,2.840006818631999951e-05
3.402876433133472347e+03,2.809995973104000117e-05
3.402394303274243612e+03,2.780006827392000020e-05
3.401912173415015786e+03,2.759999597039999904e-05
3.401430043555787051e+03,2.730010451327999807e-05
3.400947913696559226e+03,2.699999605799999973e-05
3.400465783837330491e+03,2.670010460087999876e-05
3.399983653978101756e+03,2.639999614560000041e-05
3.399501524118873931e+03,2.619992384207999925e-05
3.399019394259645196e+03,2.610010468847999944e-05
3.398537264400417371e+03,2.600006853671999886e-05
3.398055134541188636e+03,2.590003238495999828e-05
3.397573004681960811e+03,2.590003238495999828e-05
3.397090874822732076e+03,2.579999623320000109e-05
3.396608744963503341e+03,2.579999623320000109e-05
3.396126615104275515e+03,2.579999623320000109e-05
3.395644485245046781e+03,2.579999623320000109e-05
3.395162355385818955e+03,2.579999623320000109e-05
3.394680225526590220e+03,2.569996008144000051e-05
3.394198095667361486e+03,2.569996008144000051e-05
3.393715965808133660e+03,2.569996008144000051e-05
3.393233835948904925e+03,2.569996008144000051e-05
3.392751706089677100e+03,2.569996008144000051e-05
3.392269576230448365e+03,2.579999623320000109e-05
3.391787446371219630e+03,2.590003238495999828e-05
3.391305316511991805e+03,2.600006853671999886e-05
3.390823186652763070e+03,2.610010468847999944e-05
3.390341056793535245e+03,2.629995999383999983e-05
3.389858926934306510e+03,2.650003229736000099e-05
3.389376797075077775e+03,2.660006844911999818e-05
3.388894667215849950e+03,2.670010460087999876e-05
3.388412537356621215e+03,2.679992375447999857e-05
3.387930407497393389e+03,2.689995990623999915e-05
3.387448277638164654e+03,2.699999605799999973e-05
3.386966147778936829e+03,2.720006836152000088e-05
3.386484017919708094e+03,2.730010451327999807e-05
3.386001888060479359e+03,2.739992366688000127e-05
3.385519758201251534e+03,2.759999597039999904e-05
3.385037628342022799e+03,2.780006827392000020e-05
3.384555498482794974e+03,2.809995973104000117e-05
3.384073368623566239e+03,2.830003203455999894e-05
3.383591238764337504e+03,2.859992349167999991e-05
3.383109108905109679e+03,2.890003194695999825e-05
3.382626979045880944e+03,2.919992340407999922e-05
3.382144849186653119e+03,2.950003185936000096e-05
3.381662719327424384e+03,2.979992331647999854e-05
3.381180589468195649e+03,2.999999561999999969e-05
3.380698459608967823e+03,3.030010407527999804e-05
3.380216329749739089e+03,3.059999553240000240e-05
3.379734199890511263e+03,3.090010398767999736e-05
3.379252070031282528e+03,3.130003159655999891e-05
3.378769940172053794e+03,3.169995920544000045e-05
3.378287810312825968e+03,3.210010381248000277e-05
3.377805680453597233e+03,3.250003142135999754e-05
3.377323550594369408e+03,3.289995903023999909e-05
3.376841420735140673e+03,3.339992279088000121e-05
3.376359290875911938e+03,3.380006739791999675e-05
3.375877161016684113e+03,3.419999500679999830e-05
3.375395031157455378e+03,3.469995876744000042e-05
3.374912901298227553e+03,3.510010337448000274e-05
3.374430771438998818e+03,3.550003098335999751e-05
3.373948641579770992e+03,3.579992244047999848e-05
3.373466511720542258e+03,3.620006704752000079e-05
3.372984381861313523e+03,3.659999465640000234e-05
3.372502252002085697e+03,3.690010311167999730e-05
3.372020122142856962e+03,3.730003072055999884e-05
3.371537992283629137e+03,3.769995832944000039e-05
3.371055862424400402e+03,3.810010293648000271e-05
3.370573732565171667e+03,3.850003054535999748e-05
3.370091602705943842e+03,3.879992200247999845e-05
3.369609472846715107e+03,3.920006660952000076e-05
3.369127342987487282e+03,3.959999421840000231e-05
3.368645213128258547e+03,3.990010267367999727e-05
3.368163083269029812e+03,4.019999413079999824e-05
3.367680953409801987e+03,4.050010258607999997e-05
3.367198823550573252e+03,4.090003019496000152e-05
3.366716693691345426e+03,4.119992165208000249e-05
3.366234563832116692e+03,4.150003010735999745e-05
3.365752433972887957e+03,4.189995771623999899e-05
3.365270304113660131e+03,4.230010232328000131e-05
3.364788174254431397e+03,4.280006608391999666e-05
3.364306044395203571e+03,4.330002984455999878e-05
3.363823914535974836e+03,4.379999360520000091e-05
3.363341784676747011e+03,4.429995736583999626e-05
3.362859654817518276e+03,4.489995727823999896e-05
3.362377524958289541e+03,4.549995719064000167e-05
3.361895395099061716e+03,4.609995710303999760e-05
3.361413265239832981e+03,4.669995701544000030e-05
3.360931135380605156e+03,4.739999307959999681e-05
3.360449005521376421e+03,4.799999299199999951e-05
3.359966875662147686e+03,4.880006520791999660e-05
3.359484745802919861e+03,4.959992042567999969e-05
3.359002615943691126e+03,5.039999264159999678e-05
3.358520486084463300e+03,5.130010100928000122e-05
3.358038356225234565e+03,5.230002853055999869e-05
3.357556226366005831e+03,5.329995605183999617e-05
3.357074096506778005e+03,5.430010057128000119e-05
3.356591966647549270e+03,5.540006424431999924e-05
3.356109836788321445e+03,5.650002791735999729e-05
3.355627706929092710e+03,5.759999159040000212e-05
3.355145577069863975e+03,5.859991911167999960e-05
3.354663447210636150e+03,5.970009978287999842e-05
3.354181317351407415e+03,6.080006345591999647e-05
3.353699187492179590e+03,6.179999097719999395e-05
3.353217057632950855e+03,6.289995465023999878e-05
3.352734927773723030e+03,6.390009916968000380e-05
3.352252797914494295e+03,6.500006284271999508e-05
3.351770668055265560e+03,6.599999036399999933e-05
3.351288538196037734e+03,6.699991788528000358e-05
3.350806408336809000e+03,6.800006240471999505e-05
3.350324278477581174e+03,6.889995377423999872e-05
3.349842148618352439e+03,6.980006214192000316e-05
3.349360018759123705e+03,7.059991735967999270e-05
3.348877888899895879e+03,7.129995342383999598e-05
3.348395759040667144e+03,7.199998948799999927e-05
3.347913629181439319e+03,7.259998940040000197e-05
3.347431499322210584e+03,7.319998931280000468e-05
3.346949369462981849e+03,7.369995307343999325e-05
3.346467239603754024e+03,7.410009768047999556e-05
3.345985109744525289e+03,7.460006144111999769e-05
3.345502979885297464e+03,7.499998904999999924e-05
3.345020850026068729e+03,7.539991665888000078e-05
3.344538720166839994e+03,7.570002511416000252e-05
3.344056590307612169e+03,7.609995272304000407e-05
3.343574460448383434e+03,7.640006117832000580e-05
3.343092330589155608e+03,7.669995263543999322e-05
3.342610200729926873e+03,7.710009724247999553e-05
3.342128070870699048e+03,7.739998869959999650e-05
3.341645941011470313e+03,7.770009715487999824e-05
3.341163811152241578e+03,7.799998861199999921e-05
3.340681681293013753e+03,7.839991622088000075e-05
3.340199551433785018e+03,7.880006082792000307e-05
3.339717421574557193e+03,7.919998843680000461e-05
3.339235291715328458e+03,7.959991604567999261e-05
3.338753161856099723e+03,8.010009680447999550e-05
3.338271031996871898e+03,8.070009671687999821e-05
3.337788902137643163e+03,8.130009662928000091e-05
3.337306772278415337e+03,8.199991569528000343e-05
3.336824642419186603e+03,8.279998791119999374e-05
3.336342512559957868e+03,8.350002397535999702e-05
3.335860382700730042e+03,8.430009619128000088e-05
3.335378252841501308e+03,8.509995140904000398e-05
3.334896122982273482e+03,8.600005977671999486e-05
3.334413993123044747e+03,8.679991499447999796e-05
3.333931863263816012e+03,8.770002336216000240e-05
3.333449733404588187e+03,8.859991473167999252e-05
3.332967603545359452e+03,8.950002309935999696e-05
3.332485473686131627e+03,9.049995062064000121e-05
3.332003343826902892e+03,9.140005898832000565e-05
3.331521213967675067e+03,9.239998650959999635e-05
3.331039084108446332e+03,9.349995018264000118e-05
3.330556954249217597e+03,9.450009470207999264e-05
3.330074824389989772e+03,9.550002222335999690e-05
3.329592694530761037e+03,9.649994974464000115e-05
3.329110564671533211e+03,9.740005811232000559e-05
3.328628434812304477e+03,9.839998563359999629e-05
3.328146304953075742e+03,9.930009400128000073e-05
3.327664175093847916e+03,9.999991306728000324e-05
3.327182045234619181e+03,1.010000575867199947e-04
3.326699915375391356e+03,1.019999851079999990e-04
3.326217785516162621e+03,1.019999851079999990e-04
3.325735655656933886e+03,1.029999126292800032e-04
3.325253525797706061e+03,1.040000571487199947e-04
3.324771395938477326e+03,1.049999846699999989e-04
3.324289266079249501e+03,1.049999846699999989e-04
3.323807136220020766e+03,1.059999121912800032e-04
3.323325006360792031e+03,1.059999121912800032e-04
3.322842876501564206e+03,1.070000567107199946e-04
3.322360746642335471e+03,1.070000567107199946e-04
3.321878616783107645e+03,1.079999842319999989e-04
3.321396486923878911e+03,1.079999842319999989e-04
3.320914357064651085e+03,1.079999842319999989e-04
3.320432227205422350e+03,1.089999117532800032e-04
3.319950097346193616e+03,1.089999117532800032e-04
3.319467967486965790e+03,1.089999117532800032e-04
3.318985837627737055e+03,1.089999117532800032e-04
3.318503707768509230e+03,1.089999117532800032e-04
3.318021577909280495e+03,1.089999117532800032e-04
3.317539448050051760e+03,1.089999117532800032e-04
3.317057318190823935e+03,1.089999117532800032e-04
3.316575188331595200e+03,1.089999117532800032e-04
3.316093058472367375e+03,1.089999117532800032e-04
3.315610928613138640e+03,1.089999117532800032e-04
3.315128798753909905e+03,1.089999117532800032e-04
3.314646668894682080e+03,1.089999117532800032e-04
3.314164539035453345e+03,1.089999117532800032e-04
3.313682409176225519e+03,1.089999117532800032e-04
3.313200279316996784e+03,1.089999117532800032e-04
3.312718149457768050e+03,1.079999842319999989e-04
3.312236019598540224e+03,1.079999842319999989e-04
3.311753889739311489e+03,1.079999842319999989e-04
3.311271759880083664e+03,1.079999842319999989e-04
3.310789630020854929e+03,1.070000567107199946e-04
3.310307500161627104e+03,1.070000567107199946e-04
3.309825370302398369e+03,1.070000567107199946e-04
3.309343240443169634e+03,1.070000567107199946e-04
3.308861110583941809e+03,1.059999121912800032e-04
3.308378980724713074e+03,1.059999121912800032e-04
3.307896850865485249e+03,1.059999121912800032e-04
3.307414721006256514e+03,1.049999846699999989e-04
3.306932591147027779e+03,1.049999846699999989e-04
3.306450461287799953e+03,1.049999846699999989e-04
3.305968331428571219e+03,1.040000571487199947e-04
3.305486201569343393e+03,1.040000571487199947e-04
3.305004071710114658e+03,1.040000571487199947e-04
3.304521941850885923e+03,1.029999126292800032e-04
3.304039811991658098e+03,1.029999126292800032e-04
3.303557682132429363e+03,1.029999126292800032e-04
3.303075552273201538e+03,1.019999851079999990e-04
3.302593422413972803e+03,1.019999851079999990e-04
3.302111292554744068e+03,1.019999851079999990e-04
3.301629162695516243e+03,1.010000575867199947e-04
3.301147032836287508e+03,1.010000575867199947e-04
3.300664902977059683e+03,1.010000575867199947e-04
3.300182773117830948e+03,1.010000575867199947e-04
3.299700643258603122e+03,9.999991306728000324e-05
3.299218513399374388e+03,9.999991306728000324e-05
3.298736383540145653e+03,9.990009391368000343e-05
3.298254253680917827e+03,9.970002161016000228e-05
3.297772123821689092e+03,9.959998545840000170e-05
3.297289993962461267e+03,9.949994930664000112e-05
3.296807864103232532e+03,9.949994930664000112e-05
3.296325734244003797e+03,9.949994930664000112e-05
3.295843604384775972e+03,9.949994930664000112e-05
3.295361474525547237e+03,9.949994930664000112e-05
3.294879344666319412e+03,9.949994930664000112e-05
3.294397214807090677e+03,9.959998545840000170e-05
3.293915084947861942e+03,9.959998545840000170e-05
3.293432955088634117e+03,9.970002161016000228e-05
3.292950825229405382e+03,9.980005776192000285e-05
3.292468695370177556e+03,9.999991306728000324e-05
3.291986565510948822e+03,9.999991306728000324e-05
3.291504435651720087e+03,9.999991306728000324e-05
3.291022305792492261e+03,1.010000575867199947e-04
3.290540175933263527e+03,1.010000575867199947e-04
3.290058046074035701e+03,1.010000575867199947e-04
3.289575916214806966e+03,1.010000575867199947e-04
3.289093786355579141e+03,1.010000575867199947e-04
3.288611656496350406e+03,1.019999851079999990e-04
3.288129526637121671e+03,1.019999851079999990e-04
3.287647396777893846e+03,1.019999851079999990e-04
3.287165266918665111e+03,1.019999851079999990e-04
3.286683137059437286e+03,1.019999851079999990e-04
3.286201007200208551e+03,1.019999851079999990e-04
3.285718877340979816e+03,1.029999126292800032e-04
3.285236747481751991e+03,1.029999126292800032e-04
3.284754617622523256e+03,1.029999126292800032e-04
3.284272487763295430e+03,1.029999126292800032e-04
3.283790357904066695e+03,1.029999126292800032e-04
3.283308228044837961e+03,1.029999126292800032e-04
3.282826098185610135e+03,1.029999126292800032e-04
3.282343968326381400e+03,1.029999126292800032e-04
3.281861838467153575e+03,1.040000571487199947e-04
3.281379708607924840e+03,1.040000571487199947e-04
3.280897578748696105e+03,1.040000571487199947e-04
3.280415448889468280e+03,1.040000571487199947e-04
3.279933319030239545e+03,1.040000571487199947e-04
3.279451189171011720e+03,1.040000571487199947e-04
3.278969059311782985e+03,1.040000571487199947e-04
3.278486929452555160e+03,1.040000571487199947e-04
3.278004799593326425e+03,1.040000571487199947e-04
3.277522669734097690e+03,1.040000571487199947e-04
3.277040539874869864e+03,1.040000571487199947e-04
3.276558410015641130e+03,1.040000571487199947e-04
3.276076280156413304e+03,1.040000571487199947e-04
3.275594150297184569e+03,1.049999846699999989e-04
3.275112020437955834e+03,1.049999846699999989e-04
3.274629890578728009e+03,1.049999846699999989e-04
3.274147760719499274e+03,1.049999846699999989e-04
3.273665630860271449e+03,1.049999846699999989e-04
3.273183501001042714e+03,1.049999846699999989e-04
3.272701371141813979e+03,1.059999121912800032e-04
3.272219241282586154e+03,1.059999121912800032e-04
3.271737111423357419e+03,1.059999121912800032e-04
3.271254981564129594e+03,1.059999121912800032e-04
3.270772851704900859e+03,1.070000567107199946e-04
3.270290721845672124e+03,1.070000567107199946e-04
3.269808591986444299e+03,1.070000567107199946e-04
3.269326462127215564e+03,1.079999842319999989e-04
3.268844332267987738e+03,1.079999842319999989e-04
3.268362202408759003e+03,1.079999842319999989e-04
3.267880072549531178e+03,1.089999117532800032e-04
3.267397942690302443e+03,1.089999117532800032e-04
3.266915812831073708e+03,1.089999117532800032e-04
3.266433682971845883e+03,1.100000562727199946e-04
3.265951553112617148e+03,1.100000562727199946e-04
3.265469423253389323e+03,1.109999837939999989e-04
3.264987293394160588e+03,1.109999837939999989e-04
3.264505163534931853e+03,1.109999837939999989e-04
3.264023033675704028e+03,1.119999113152800031e-04
3.263540903816475293e+03,1.119999113152800031e-04
3.263058773957247467e+03,1.130000558347199946e-04
3.262576644098018733e+03,1.130000558347199946e-04
3.262094514238789998e+03,1.139999833559999988e-04
3.261612384379562172e+03,1.139999833559999988e-04
3.261130254520333438e+03,1.149999108772800031e-04
3.260648124661105612e+03,1.149999108772800031e-04
3.260165994801876877e+03,1.160000553967199946e-04
3.259683864942648142e+03,1.169999829179999988e-04
3.259201735083420317e+03,1.169999829179999988e-04
3.258719605224191582e+03,1.179999104392800031e-04
3.258237475364963757e+03,1.190000549587199945e-04
3.257755345505735022e+03,1.190000549587199945e-04
3.257273215646507197e+03,1.199999824799999988e-04
3.256791085787278462e+03,1.209999100012800030e-04
3.256308955928049727e+03,1.220000545207199945e-04
3.255826826068821902e+03,1.229999820420000123e-04
3.255344696209593167e+03,1.229999820420000123e-04
3.254862566350365341e+03,1.239999095632799894e-04
3.254380436491136606e+03,1.250000540827199945e-04
3.253898306631907872e+03,1.259999816039999987e-04
3.253416176772680046e+03,1.269999091252800030e-04
3.252934046913451311e+03,1.280000536447200080e-04
3.252451917054223486e+03,1.289999811660000122e-04
3.251969787194994751e+03,1.299999086872799894e-04
3.251487657335766016e+03,1.310000532067199944e-04
3.251005527476538191e+03,1.329999082492800029e-04
3.250523397617309456e+03,1.340000527687200079e-04
3.250041267758081631e+03,1.349999802900000122e-04
3.249559137898852896e+03,1.359999078112799893e-04
3.249077008039624161e+03,1.379999798519999986e-04
3.248594878180396336e+03,1.389999073732800028e-04
3.248112748321167601e+03,1.409999794140000121e-04
3.247630618461939775e+03,1.419999069352799893e-04
3.247148488602711041e+03,1.439999789759999985e-04
3.246666358743483215e+03,1.449999064972800028e-04
3.246184228884254480e+03,1.469999785380000121e-04
3.245702099025025746e+03,1.479999060592799892e-04
3.245219969165797920e+03,1.499999780999999985e-04
3.244737839306569185e+03,1.520000501407200077e-04
3.244255709447341360e+03,1.539999051832799891e-04
3.243773579588112625e+03,1.559999772239999984e-04
3.243291449728883890e+03,1.580000492647200077e-04
3.242809319869656065e+03,1.599999043072799891e-04
3.242327190010427330e+03,1.619999763479999984e-04
3.241845060151199505e+03,1.640000483887200076e-04
3.241362930291970770e+03,1.659999034312799890e-04
3.240880800432742035e+03,1.679999754719999983e-04
3.240398670573514210e+03,1.700000475127200076e-04
3.239916540714285475e+03,1.719999025552799890e-04
3.239434410855057649e+03,1.739999745959999982e-04
3.238952280995828914e+03,1.760000466367200075e-04
3.238470151136600180e+03,1.779999016792799889e-04
3.237988021277372354e+03,1.809999012412800024e-04
3.237505891418143619e+03,1.829999732820000117e-04
3.237023761558915794e+03,1.850000453227199939e-04
3.236541631699687059e+03,1.869999003652800024e-04
3.236059501840459234e+03,1.899998999272799888e-04
3.235577371981230499e+03,1.919999719679999980e-04
3.235095242122001764e+03,1.940000440087200073e-04
3.234613112262773939e+03,1.959998990512799887e-04
3.234130982403545204e+03,1.979999710919999980e-04
3.233648852544317378e+03,2.000000431327200073e-04
3.233166722685088644e+03,2.019998981752799887e-04
3.232684592825859909e+03,2.039999702159999979e-04
3.232202462966632083e+03,2.060000422567200072e-04
3.231720333107403349e+03,2.079998972992799886e-04
3.231238203248175523e+03,2.099999693399999979e-04
3.230756073388946788e+03,2.120000413807200071e-04
3.230273943529718053e+03,2.139998964232799885e-04
3.229791813670490228e+03,2.159999684639999978e-04
3.229309683811261493e+03,2.180000405047200071e-04
3.228827553952033668e+03,2.199998955472799885e-04
3.228345424092804933e+03,2.210000400667199935e-04
3.227863294233576198e+03,2.229998951092800020e-04
3.227381164374348373e+03,2.249999671500000113e-04
3.226899034515119638e+03,2.270000391907199934e-04
3.226416904655891813e+03,2.289998942332800019e-04
3.225934774796663078e+03,2.300000387527200069e-04
3.225452644937435252e+03,2.320001107934399891e-04
3.224970515078206518e+03,2.339999658359999976e-04
3.224488385218977783e+03,2.360000378767200069e-04
3.224006255359749957e+03,2.379998929192799883e-04
3.223524125500521222e+03,2.399999649599999976e-04
3.223041995641293397e+03,2.420000370007200068e-04
3.222559865782064662e+03,2.439998920432799882e-04
3.222077735922835927e+03,2.459999640840000246e-04
3.221595606063608102e+03,2.480000361247199797e-04
3.221113476204379367e+03,2.500001081654399889e-04
3.220631346345151542e+03,2.519999632079999974e-04
3.220149216485922807e+03,2.540000352487200067e-04
3.219667086626694072e+03,2.560001072894400160e-04
3.219184956767466247e+03,2.579999623320000245e-04
3.218702826908237512e+03,2.600000343727199795e-04
3.218220697049009686e+03,2.619998894152799880e-04
3.217738567189780952e+03,2.639999614559999973e-04
3.217256437330552217e+03,2.669999610180000108e-04
3.216774307471324391e+03,2.690000330587200201e-04
3.216292177612095657e+03,2.710001050994399752e-04
3.215810047752867831e+03,2.729999601419999837e-04
3.215327917893639096e+03,2.750000321827199929e-04
3.214845788034411271e+03,2.770001042234400022e-04
3.214363658175182536e+03,2.800001037854400157e-04
3.213881528315953801e+03,2.819999588280000242e-04
3.213399398456725976e+03,2.840000308687199793e-04
3.212917268597497241e+03,2.860001029094399886e-04
3.212435138738269416e+03,2.879999579519999971e-04
3.211953008879040681e+03,2.900000299927200063e-04
3.211470879019811946e+03,2.930000295547200199e-04
3.210988749160584121e+03,2.950001015954399749e-04
3.210506619301355386e+03,2.969999566379999834e-04
3.210024489442127560e+03,2.990000286787199927e-04
3.209542359582898825e+03,3.010001007194400020e-04
3.209060229723670091e+03,3.029999557620000105e-04
3.208578099864442265e+03,3.059999553240000240e-04
3.208095970005213530e+03,3.080000273647199791e-04
3.207613840145985705e+03,3.100000994054399883e-04
3.207131710286756970e+03,3.119999544479999968e-04
3.206649580427528235e+03,3.140000264887200061e-04
3.206167450568300410e+03,3.160000985294400154e-04
3.205685320709071675e+03,3.170000260507200196e-04
3.205203190849843850e+03,3.190000980914399747e-04
3.204721060990615115e+03,3.209999531339999832e-04
3.204238931131387289e+03,3.230000251747199925e-04
3.203756801272158555e+03,3.250000972154400017e-04
3.203274671412929820e+03,3.269999522580000102e-04
3.202792541553701994e+03,3.280000967774400152e-04
3.202310411694473260e+03,3.299999518200000237e-04
3.201828281835245434e+03,3.320000238607199788e-04
3.201346151976016699e+03,3.329999513819999831e-04
3.200864022116787964e+03,3.350000234227199923e-04
3.200381892257560139e+03,3.359999509439999966e-04
3.199899762398331404e+03,3.380000229847200059e-04
3.199417632539103579e+03,3.389999505060000101e-04
3.198935502679874844e+03,3.400000950254400151e-04
3.198453372820646109e+03,3.410000225467200194e-04
3.197971242961418284e+03,3.419999500680000236e-04
3.197489113102189549e+03,3.440000221087199787e-04
3.197006983242961724e+03,3.449999496299999829e-04
3.196524853383732989e+03,3.460000941494399880e-04
3.196042723524504254e+03,3.470000216707199922e-04
3.195560593665276429e+03,3.470000216707199922e-04
3.195078463806047694e+03,3.479999491919999965e-04
3.194596333946819868e+03,3.490000937114400015e-04
3.194114204087591133e+03,3.500000212327200057e-04
3.193632074228363308e+03,3.500000212327200057e-04
3.193149944369134573e+03,3.509999487540000100e-04
3.192667814509905838e+03,3.520000932734400150e-04
3.192185684650678013e+03,3.520000932734400150e-04
3.191703554791449278e+03,3.530000207947200193e-04
3.191221424932221453e+03,3.530000207947200193e-04
3.190739295072992718e+03,3.530000207947200193e-04
3.190257165213763983e+03,3.539999483160000235e-04
3.189775035354536158e+03,3.539999483160000235e-04
3.189292905495307423e+03,3.539999483160000235e-04
3.188810775636079597e+03,3.539999483160000235e-04
3.188328645776850863e+03,3.550000928354399743e-04
3.187846515917622128e+03,3.550000928354399743e-04
3.187364386058394302e+03,3.550000928354399743e-04
3.186882256199165568e+03,3.550000928354399743e-04
3.186400126339937742e+03,3.550000928354399743e-04
3.185917996480709007e+03,3.550000928354399743e-04
3.185435866621480272e+03,3.539999483160000235e-04
3.184953736762252447e+03,3.539999483160000235e-04
3.184471606903023712e+03,3.539999483160000235e-04
3.183989477043795887e+03,3.539999483160000235e-04
3.183507347184567152e+03,3.539999483160000235e-04
3.183025217325339327e+03,3.530000207947200193e-04
3.182543087466110592e+03,3.530000207947200193e-04
3.182060957606881857e+03,3.530000207947200193e-04
3.181578827747654032e+03,3.520000932734400150e-04
3.181096697888425297e+03,3.520000932734400150e-04
3.180614568029197471e+03,3.509999487540000100e-04
3.180132438169968736e+03,3.509999487540000100e-04
3.179650308310740002e+03,3.500000212327200057e-04
3.179168178451512176e+03,3.490000937114400015e-04
3.178686048592283441e+03,3.490000937114400015e-04
3.178203918733055616e+03,3.479999491919999965e-04
3.177721788873826881e+03,3.479999491919999965e-04
3.177239659014598146e+03,3.470000216707199922e-04
3.176757529155370321e+03,3.470000216707199922e-04
3.176275399296141586e+03,3.460000941494399880e-04
3.175793269436913761e+03,3.449999496299999829e-04
3.175311139577685026e+03,3.449999496299999829e-04
3.174829009718456291e+03,3.440000221087199787e-04
3.174346879859228466e+03,3.430000945874399744e-04
3.173864749999999731e+03,3.430000945874399744e-04
3.173382620140771905e+03,3.419999500680000236e-04
3.172900490281543171e+03,3.419999500680000236e-04
3.172418360422315345e+03,3.410000225467200194e-04
3.171936230563086610e+03,3.400000950254400151e-04
3.171454100703857875e+03,3.400000950254400151e-04
3.170971970844630050e+03,3.389999505060000101e-04
3.170489840985401315e+03,3.389999505060000101e-04
3.170007711126173490e+03,3.389999505060000101e-04
3.169525581266944755e+03,3.380000229847200059e-04
3.169043451407716020e+03,3.380000229847200059e-04
3.168561321548488195e+03,3.370000954634400016e-04
3.168079191689259460e+03,3.370000954634400016e-04
3.167597061830031635e+03,3.359999509439999966e-04
3.167114931970802900e+03,3.359999509439999966e-04
3.166632802111574165e+03,3.359999509439999966e-04
3.166150672252346340e+03,3.350000234227199923e-04
3.165668542393117605e+03,3.350000234227199923e-04
3.165186412533889779e+03,3.350000234227199923e-04
3.164704282674661044e+03,3.350000234227199923e-04
3.164222152815432310e+03,3.340000959014399881e-04
3.163740022956204484e+03,3.340000959014399881e-04
3.163257893096975749e+03,3.340000959014399881e-04
3.162775763237747924e+03,3.340000959014399881e-04
3.162293633378519189e+03,3.340000959014399881e-04
3.161811503519291364e+03,3.340000959014399881e-04
3.161329373660062629e+03,3.340000959014399881e-04
3.160847243800833894e+03,3.340000959014399881e-04
3.160365113941606069e+03,3.340000959014399881e-04
3.159882984082377334e+03,3.340000959014399881e-04
3.159400854223149508e+03,3.340000959014399881e-04
3.158918724363920774e+03,3.340000959014399881e-04
3.158436594504692039e+03,3.340000959014399881e-04
3.157954464645464213e+03,3.340000959014399881e-04
3.157472334786235479e+03,3.340000959014399881e-04
3.156990204927007653e+03,3.340000959014399881e-04
3.156508075067778918e+03,3.340000959014399881e-04
3.156025945208550183e+03,3.340000959014399881e-04
3.155543815349322358e+03,3.340000959014399881e-04
3.155061685490093623e+03,3.340000959014399881e-04
3.154579555630865798e+03,3.340000959014399881e-04
3.154097425771637063e+03,3.340000959014399881e-04
3.153615295912408328e+03,3.340000959014399881e-04
3.153133166053180503e+03,3.350000234227199923e-04
3.152651036193951768e+03,3.350000234227199923e-04
3.152168906334723943e+03,3.350000234227199923e-04
3.151686776475495208e+03,3.350000234227199923e-04
3.151204646616267382e+03,3.350000234227199923e-04
3.150722516757038647e+03,3.350000234227199923e-04
3.150240386897809913e+03,3.359999509439999966e-04
3.149758257038582087e+03,3.359999509439999966e-04
3.149276127179353352e+03,3.359999509439999966e-04
3.148793997320125527e+03,3.359999509439999966e-04
3.148311867460896792e+03,3.370000954634400016e-04
3.147829737601668057e+03,3.370000954634400016e-04
3.147347607742440232e+03,3.370000954634400016e-04
3.146865477883211497e+03,3.370000954634400016e-04
3.146383348023983672e+03,3.380000229847200059e-04
3.145901218164754937e+03,3.380000229847200059e-04
3.145419088305526202e+03,3.380000229847200059e-04
3.144936958446298377e+03,3.389999505060000101e-04
3.144454828587069642e+03,3.389999505060000101e-04
3.143972698727841816e+03,3.400000950254400151e-04
3.143490568868613082e+03,3.400000950254400151e-04
3.143008439009384347e+03,3.400000950254400151e-04
3.142526309150156521e+03,3.410000225467200194e-04
3.142044179290927786e+03,3.410000225467200194e-04
3.141562049431699961e+03,3.419999500680000236e-04
3.141079919572471226e+03,3.419999500680000236e-04
3.140597789713242491e+03,3.430000945874399744e-04
3.140115659854014666e+03,3.430000945874399744e-04
3.139633529994785931e+03,3.440000221087199787e-04
3.139151400135558106e+03,3.440000221087199787e-04
3.138669270276329371e+03,3.449999496299999829e-04
3.138187140417101546e+03,3.460000941494399880e-04
3.137705010557872811e+03,3.460000941494399880e-04
3.137222880698644076e+03,3.470000216707199922e-04
3.136740750839416251e+03,3.479999491919999965e-04
3.136258620980187516e+03,3.490000937114400015e-04
3.135776491120959690e+03,3.490000937114400015e-04
3.135294361261730955e+03,3.500000212327200057e-04
3.134812231402502221e+03,3.509999487540000100e-04
3.134330101543274395e+03,3.520000932734400150e-04
3.133847971684045660e+03,3.530000207947200193e-04
3.133365841824817835e+03,3.530000207947200193e-04
3.132883711965589100e+03,3.539999483160000235e-04
3.132401582106360365e+03,3.550000928354399743e-04
3.131919452247132540e+03,3.560000203567199786e-04
3.131437322387903805e+03,3.569999478779999828e-04
3.130955192528675980e+03,3.580000923974399878e-04
3.130473062669447245e+03,3.590000199187199921e-04
3.129990932810218510e+03,3.610000919594400014e-04
3.129508802950990685e+03,3.620000194807200056e-04
3.129026673091761950e+03,3.629999470020000099e-04
3.128544543232534124e+03,3.640000915214400149e-04
3.128062413373305390e+03,3.650000190427200191e-04
3.127580283514077564e+03,3.659999465640000234e-04
3.127098153654848829e+03,3.680000186047199784e-04
3.126616023795620094e+03,3.689999461259999827e-04
3.126133893936392269e+03,3.700000906454399877e-04
3.125651764077163534e+03,3.719999456879999962e-04
3.125169634217935709e+03,3.730000902074400012e-04
3.124687504358706974e+03,3.740000177287200055e-04
3.124205374499478239e+03,3.760000897694400148e-04
3.123723244640250414e+03,3.779999448120000233e-04
3.123241114781021679e+03,3.790000893314399741e-04
3.122758984921793854e+03,3.809999443739999826e-04
3.122276855062565119e+03,3.820000888934399876e-04
3.121794725203336384e+03,3.839999439359999961e-04
3.121312595344108558e+03,3.860000159767200054e-04
3.120830465484879824e+03,3.869999434980000096e-04
3.120348335625651998e+03,3.890000155387200189e-04
3.119866205766423263e+03,3.910000875794399739e-04
3.119384075907194529e+03,3.929999426219999824e-04
3.118901946047966703e+03,3.950000146627199917e-04
3.118419816188737968e+03,3.970000867034400010e-04
3.117937686329510143e+03,3.989999417460000095e-04
3.117455556470281408e+03,4.010000137867200188e-04
3.116973426611053583e+03,4.030000858274399738e-04
3.116491296751824848e+03,4.049999408699999823e-04
3.116009166892596113e+03,4.070000129107199916e-04
3.115527037033368288e+03,4.090000849514400009e-04
3.115044907174139553e+03,4.109999399940000094e-04
3.114562777314911727e+03,4.130000120347200186e-04
3.114080647455682993e+03,4.160000115967199780e-04
3.113598517596454258e+03,4.180000836374399872e-04
3.113116387737226432e+03,4.199999386799999957e-04
3.112634257877997698e+03,4.229999382420000092e-04
3.112152128018769872e+03,4.250000102827200185e-04
3.111669998159541137e+03,4.280000098447199778e-04
3.111187868300312402e+03,4.300000818854399871e-04
3.110705738441084577e+03,4.330000814474400006e-04
3.110223608581855842e+03,4.360000810094400141e-04
3.109741478722628017e+03,4.379999360520000226e-04
3.109259348863399282e+03,4.409999356139999820e-04
3.108777219004170547e+03,4.439999351759999955e-04
3.108295089144942722e+03,4.460000072167200048e-04
3.107812959285713987e+03,4.490000067787200183e-04
3.107330829426486162e+03,4.520000063407199776e-04
3.106848699567257427e+03,4.550000059027199911e-04
3.106366569708029601e+03,4.580000054647200046e-04
3.105884439848800866e+03,4.610000050267200182e-04
3.105402309989572132e+03,4.640000045887199775e-04
3.104920180130344306e+03,4.670000041507199910e-04
3.104438050271115571e+03,4.700000037127200045e-04
3.103955920411887746e+03,4.730000032747200180e-04
3.103473790552659011e+03,4.760000028367199773e-04
3.102991660693430276e+03,4.790000023987199909e-04
3.102509530834202451e+03,4.820000019607200044e-04
3.102027400974973716e+03,4.859999290440000222e-04
3.101545271115745891e+03,4.889999286059999815e-04
3.101063141256517156e+03,4.919999281680000492e-04
3.100581011397288421e+03,4.949999277300000085e-04
3.100098881538060596e+03,4.990000718114400271e-04
3.099616751678831861e+03,5.020000713734399864e-04
3.099134621819604035e+03,5.059999984567200041e-04
3.098652491960375301e+03,5.089999980187199635e-04
3.098170362101146566e+03,5.129999251019999812e-04
3.097688232241918740e+03,5.159999246640000490e-04
3.097206102382690005e+03,5.200000687454399591e-04
3.096723972523462180e+03,5.230000683074400268e-04
3.096241842664233445e+03,5.269999953907200446e-04
3.095759712805005620e+03,5.309999224739999539e-04
3.095277582945776885e+03,5.339999220360000217e-04
3.094795453086548150e+03,5.380000661174400402e-04
3.094313323227320325e+03,5.419999932007199496e-04
3.093831193368091590e+03,5.449999927627200173e-04
3.093349063508863765e+03,5.489999198460000351e-04
3.092866933649635030e+03,5.530000639274399452e-04
3.092384803790406295e+03,5.569999910107199630e-04
3.091902673931178470e+03,5.609999180939999807e-04
3.091420544071949735e+03,5.650000621754399993e-04
3.090938414212721909e+03,5.689999892587200171e-04
3.090456284353493174e+03,5.729999163420000348e-04
3.089974154494264440e+03,5.770000604234399449e-04
3.089492024635036614e+03,5.809999875067199627e-04
3.089009894775807879e+03,5.849999145899999805e-04
3.088527764916580054e+03,5.890000586714399990e-04
3.088045635057351319e+03,5.929999857547200168e-04
3.087563505198122584e+03,5.969999128380000346e-04
3.087081375338894759e+03,6.010000569194399447e-04
3.086599245479666024e+03,6.049999840027199625e-04
3.086117115620438199e+03,6.100000556054400395e-04
3.085634985761209464e+03,6.139999826887199488e-04
3.085152855901981638e+03,6.179999097719999666e-04
3.084670726042752904e+03,6.220000538534399851e-04
3.084188596183524169e+03,6.269999084579999530e-04
3.083706466324296343e+03,6.310000525394399715e-04
3.083224336465067609e+03,6.359999071440000477e-04
3.082742206605839783e+03,6.400000512254399579e-04
3.082260076746611048e+03,6.450001228281600349e-04
3.081777946887382313e+03,6.490000499114399442e-04
3.081295817028154488e+03,6.539999045160000204e-04
3.080813687168925753e+03,6.580000485974400390e-04
3.080331557309697928e+03,6.629999032020000068e-04
3.079849427450469193e+03,6.670000472834400253e-04
3.079367297591240458e+03,6.719999018879999932e-04
3.078885167732012633e+03,6.769999734907199617e-04
3.078403037872783898e+03,6.809999005739999795e-04
3.077920908013556073e+03,6.859999721767199481e-04
3.077438778154327338e+03,6.910000437794400251e-04
3.076956648295098603e+03,6.949999708627200429e-04
3.076474518435870777e+03,7.000000424654400115e-04
3.075992388576642043e+03,7.050001140681599800e-04
3.075510258717414217e+03,7.090000411514399978e-04
3.075028128858185482e+03,7.140001127541599664e-04
3.074545998998957657e+03,7.189999673587200426e-04
3.074063869139728922e+03,7.229998944419999520e-04
3.073581739280500187e+03,7.279999660447200290e-04
3.073099609421272362e+03,7.330000376474399976e-04
3.072617479562043627e+03,7.379998922519999654e-04
3.072135349702815802e+03,7.429999638547200424e-04
3.071653219843587067e+03,7.480000354574400110e-04
3.071171089984358332e+03,7.529998900619999788e-04
3.070688960125130507e+03,7.579999616647199474e-04
3.070206830265901772e+03,7.630000332674400244e-04
3.069724700406673946e+03,7.680001048701599929e-04
3.069242570547445212e+03,7.729999594747199608e-04
3.068760440688216477e+03,7.780000310774400378e-04
3.068278310828988651e+03,7.830001026801600063e-04
3.067796180969759916e+03,7.879999572847199742e-04
3.067314051110532091e+03,7.939999564087200012e-04
3.066831921251303356e+03,7.990000280114399698e-04
3.066349791392074621e+03,8.040000996141599384e-04
3.065867661532846796e+03,8.100000987381599654e-04
3.065385531673618061e+03,8.149999533427200417e-04
3.064903401814390236e+03,8.209999524667199603e-04
3.064421271955161501e+03,8.269999515907199873e-04
3.063939142095933676e+03,8.329999507147200144e-04
3.063457012236704941e+03,8.380000223174399829e-04
3.062974882377476206e+03,8.440000214414400100e-04
3.062492752518248381e+03,8.500000205654400370e-04
3.062010622659019646e+03,8.560000196894399557e-04
3.061528492799791820e+03,8.620000188134399827e-04
3.061046362940563085e+03,8.680000179374400097e-04
3.060564233081334351e+03,8.740000170614400368e-04
3.060082103222106525e+03,8.800000161854399554e-04
3.059599973362877790e+03,8.860000153094399825e-04
3.059117843503649965e+03,8.920000144334400095e-04
3.058635713644421230e+03,8.989999410787199866e-04
3.058153583785192495e+03,9.049999402027200136e-04
3.057671453925964670e+03,9.109999393267200407e-04
3.057189324066735935e+03,9.180000829701600185e-04
3.056707194207508110e+03,9.250000096154399956e-04
3.056225064348279375e+03,9.310000087394400227e-04
3.055742934489050640e+03,9.379999353847199997e-04
3.055260804629822815e+03,9.450000790281599776e-04
3.054778674770594080e+03,9.520000056734399547e-04
3.054296544911366254e+03,9.589999323187200402e-04
3.053814415052137520e+03,9.660000759621600180e-04
3.053332285192909694e+03,9.739999301287199452e-04
3.052850155333680959e+03,9.810000737721599230e-04
3.052368025474452224e+03,9.880000004174399001e-04
3.051885895615224399e+03,9.960000715821600448e-04
3.051403765755995664e+03,9.999999986654399542e-04
3.050921635896767839e+03,1.009999924872719999e-03
3.050439506037539104e+03,1.020000068078159936e-03
3.049957376178310369e+03,1.029999994285439981e-03
3.049475246319082544e+03,1.039999920492720026e-03
3.048993116459853809e+03,1.050000063698159963e-03
3.048510986600625984e+03,1.059999989905440008e-03
3.048028856741397249e+03,1.059999989905440008e-03
3.047546726882168514e+03,1.069999916112720053e-03
3.047064597022940688e+03,1.080000059318159990e-03
3.046582467163711954e+03,1.089999985525440035e-03
3.046100337304484128e+03,1.099999911732720079e-03
3.045618207445255393e+03,1.099999911732720079e-03
3.045136077586026659e+03,1.110000054938160017e-03
3.044653947726798833e+03,1.119999981145440061e-03
3.044171817867570098e+03,1.129999907352719889e-03
3.043689688008342273e+03,1.140000050558160043e-03
3.043207558149113538e+03,1.149999976765440088e-03
3.042725428289885713e+03,1.159999902972719916e-03
3.042243298430656978e+03,1.170000046178160070e-03
3.041761168571428243e+03,1.179999972385439898e-03
3.041279038712200418e+03,1.189999898592719943e-03
3.040796908852971683e+03,1.200000041798160097e-03
3.040314778993743857e+03,1.209999968005439925e-03
3.039832649134515123e+03,1.230000037418159907e-03
3.039350519275286388e+03,1.239999963625439952e-03
3.038868389416058562e+03,1.249999889832719997e-03
3.038386259556829827e+03,1.269999959245439979e-03
3.037904129697602002e+03,1.279999885452720023e-03
3.037421999838373267e+03,1.290000028658159961e-03
3.036939869979144532e+03,1.299999954865440005e-03
3.036457740119916707e+03,1.309999881072720050e-03
3.035975610260687972e+03,1.329999950485440032e-03
3.035493480401460147e+03,1.339999876692720077e-03
3.035011350542231412e+03,1.350000019898160014e-03
3.034529220683002677e+03,1.359999946105440059e-03
3.034047090823774852e+03,1.369999872312719887e-03
3.033564960964546117e+03,1.389999941725440086e-03
3.033082831105318292e+03,1.399999867932719914e-03
3.032600701246089557e+03,1.419999937345439896e-03
3.032118571386861731e+03,1.440000006758160095e-03
3.031636441527632996e+03,1.449999932965439923e-03
3.031154311668404262e+03,1.470000002378159904e-03
3.030672181809176436e+03,1.490000071790879886e-03
3.030190051949947701e+03,1.509999924205439976e-03
3.029707922090719876e+03,1.529999993618159958e-03
3.029225792231491141e+03,1.550000063030879940e-03
3.028743662372262406e+03,1.569999915445440030e-03
3.028261532513034581e+03,1.580000058650879967e-03
3.027779402653805846e+03,1.599999911065440057e-03
3.027297272794578021e+03,1.629999906685440083e-03
3.026815142935349286e+03,1.649999976098160065e-03
3.026333013076120551e+03,1.679999971718160092e-03
3.025850883216892726e+03,1.700000041130880074e-03
3.025368753357663991e+03,1.719999893545439947e-03
3.024886623498436165e+03,1.750000106163600083e-03
3.024404493639207431e+03,1.769999958578159956e-03
3.023922363779978696e+03,1.799999954198159982e-03
3.023440233920750870e+03,1.829999949818160009e-03
3.022958104061522135e+03,1.859999945438160036e-03
3.022475974202294310e+03,1.889999941058160063e-03
3.021993844343065575e+03,1.919999936678160090e-03
3.021511714483837750e+03,1.960000075503599837e-03
3.021029584624609015e+03,1.990000071123600080e-03
3.020547454765380280e+03,2.020000066743599890e-03
3.020065324906152455e+03,2.059999988570879962e-03
3.019583195046923720e+03,2.099999910398160034e-03
3.019101065187695895e+03,2.149999975430879826e-03
3.018618935328467160e+03,2.200000040463600051e-03
3.018136805469238425e+03,2.249999888498159951e-03
3.017654675610010599e+03,2.290000027323599915e-03
3.017172545750781865e+03,2.339999875358159814e-03
3.016690415891554039e+03,2.400000083596320194e-03
3.016208286032325304e+03,2.449999931630880094e-03
3.015726156173096570e+03,2.509999922870880147e-03
3.015244026313868744e+03,2.569999914110879767e-03
3.014761896454640009e+03,2.629999905350879821e-03
3.014279766595412184e+03,2.689999896590879874e-03
3.013797636736183449e+03,2.760000031036320082e-03
3.013315506876954714e+03,2.829999948483599963e-03
3.012833377017726889e+03,2.899999865930879845e-03
3.012351247158498154e+03,2.970000000376320053e-03
3.011869117299270329e+03,3.040000134821759827e-03
3.011386987440041594e+03,3.100000126061759880e-03
3.010904857580813768e+03,3.169999826510879869e-03
3.010422727721585034e+03,3.239999960956320077e-03
3.009940597862356299e+03,3.310000095401759851e-03
3.009458468003128473e+03,3.379999795850879840e-03
3.008976338143899738e+03,3.439999787090879894e-03
3.008494208284671913e+03,3.509999921536320101e-03
3.008012078425443178e+03,3.569999912776320155e-03
3.007529948566214443e+03,3.629999904016319775e-03
3.007047818706986618e+03,3.670000042841760172e-03
3.006565688847757883e+03,3.719999890876320072e-03
3.006083558988530058e+03,3.760000029701760036e-03
3.005601429129301323e+03,3.809999877736319936e-03
3.005119299270072588e+03,3.850000016561759900e-03
3.004637169410844763e+03,3.899999864596319799e-03
3.004155039551616028e+03,3.949999712630879699e-03
3.003672909692388203e+03,4.000000211659919709e-03
3.003190779833159468e+03,4.050000059694480042e-03
3.002708649973930733e+03,4.100000124727200268e-03
3.002226520114702907e+03,4.149999972761759734e-03
3.001744390255474173e+03,4.220000107207200375e-03
3.001262260396246347e+03,4.280000098447199995e-03
3.000780130537017612e+03,4.350000015894479877e-03
3.000298000677789787e+03,4.420000150339919651e-03
2.999815870818561052e+03,4.499999776996319902e-03
2.999333740959332317e+03,4.580000054647199829e-03
2.998851611100104492e+03,4.670000258505360019e-03
2.998369481240875757e+03,4.760000028367199557e-03
2.997887351381647932e+03,4.860000158432640008e-03
2.997405221522419197e+03,4.960000071499919699e-03
2.996923091663190462e+03,5.080000053979919807e-03
2.996440961803962637e+03,5.200000036459919914e-03
2.995958831944733902e+03,5.320000018939920021e-03
2.995476702085506076e+03,5.460000070832639676e-03
2.994994572226277342e+03,5.599999905727200307e-03
2.994512442367048607e+03,5.750000100825360116e-03
2.994030312507820781e+03,5.909999788134479536e-03
2.993548182648592046e+03,6.070000126438080366e-03
2.993066052789364221e+03,6.250000100158080094e-03
2.992583922930135486e+03,6.440000217083519975e-03
2.992101793070906751e+03,6.649999969425359619e-03
2.991619663211678926e+03,6.870000081970800178e-03
2.991137533352450191e+03,7.110000046930799525e-03
2.990655403493222366e+03,7.369999864305360263e-03
2.990173273633993631e+03,7.649999968090799574e-03
2.989691143774765806e+03,7.950000358287119193e-03
2.989209013915537071e+03,8.270000166901679550e-03
2.988726884056308336e+03,8.620000405132560370e-03
2.988244754197080510e+03,8.999999553992639803e-03
2.987762624337851776e+03,9.410000434457999052e-03
2.987280494478623950e+03,9.850000008554399625e-03
2.986798364619395215e+03,1.030000015985256014e-02
2.986316234760166481e+03,1.090000007225255980e-02
2.985834104900938655e+03,1.140000028858344054e-02
2.985351975041709920e+03,1.200000020098344021e-02
2.984869845182482095e+03,1.269999980945256055e-02
2.984387715323253360e+03,1.339999963491983991e-02
2.983905585464024625e+03,1.410000032837976057e-02
2.983423455604796800e+03,1.489999984991616060e-02
2.982941325745568065e+03,1.569999937145255889e-02
2.982459195886340240e+03,1.659999967404887991e-02
2.981977066027111505e+03,1.759999988971247889e-02
2.981494936167882770e+03,1.850000019230879991e-02
2.981012806308654945e+03,1.960000032103968032e-02
2.980530676449426210e+03,2.060000031970512027e-02
2.980048546590198384e+03,2.160000053536871925e-02
2.979566416730969650e+03,2.270000044710144063e-02
2.979084286871741824e+03,2.370000066276503961e-02
2.978602157012513089e+03,2.480000079149592002e-02
2.978120027153284354e+03,2.580000079016135997e-02
2.977637897294056529e+03,2.669999935677239838e-02
2.977155767434827794e+03,2.759999965936871941e-02
2.976673637575599969e+03,2.849999996196504043e-02
2.976191507716371234e+03,2.930000056849223905e-02
2.975709377857142499e+03,2.999999930896871808e-02
2.975227247997914674e+03,3.060000008936136079e-02
2.974745118138685939e+03,3.119999913376872089e-02
2.974262988279458114e+03,3.180000186714480176e-02
2.973780858420229379e+03,3.229999904550143880e-02
2.973298728561000644e+03,3.269999848077240201e-02
2.972816598701772818e+03,3.310000160501207905e-02
2.972334468842544084e+03,3.350000082328487977e-02
2.971852338983316258e+03,3.390000004155768049e-02
2.971370209124087523e+03,3.420000151674480043e-02
2.970888079264858789e+03,3.449999908596503712e-02
2.970405949405630963e+03,3.480000056115215706e-02
2.969923819546402228e+03,3.500000017028855742e-02
2.969441689687174403e+03,3.519999977942495778e-02
2.968959559827945668e+03,3.539999938856135814e-02
2.968477429968717843e+03,3.550000125461207773e-02
2.967995300109489108e+03,3.559999921469592099e-02
2.967513170250260373e+03,3.570000086374847809e-02
2.967031040391032548e+03,3.559999921469592099e-02
2.966548910531803813e+03,3.559999921469592099e-02
2.966066780672575987e+03,3.539999938856135814e-02
2.965584650813347253e+03,3.519999977942495778e-02
2.965102520954118518e+03,3.489999852123600033e-02
2.964620391094890692e+03,3.449999908596503712e-02
2.964138261235661957e+03,3.409999986769223640e-02
2.963656131376434132e+03,3.359999878336872303e-02
2.963174001517205397e+03,3.299999973896135946e-02
2.962691871657976662e+03,3.240000091155215839e-02
2.962209741798748837e+03,3.170000021809223772e-02
2.961727611939520102e+03,3.099999952463232053e-02
2.961245482080292277e+03,3.020000087108856007e-02
2.960763352221063542e+03,2.940000026456136145e-02
2.960281222361834807e+03,2.859999987503231839e-02
2.959799092502606982e+03,2.769999957243600083e-02
2.959316962643378247e+03,2.690000091889224038e-02
2.958834832784150422e+03,2.600000061629591935e-02
2.958352702924921687e+03,2.520000000976872073e-02
2.957870573065693861e+03,2.439999962023968114e-02
2.957388443206465126e+03,2.360000096669592068e-02
2.956906313347236392e+03,2.280000036016871859e-02
2.956424183488008566e+03,2.209999966670880139e-02
2.955942053628779831e+03,2.140000092623231889e-02
2.955459923769552006e+03,2.070000023277239823e-02
2.954977793910323271e+03,2.009999945237975899e-02
2.954495664051094536e+03,1.950000040797239889e-02
2.954013534191866711e+03,1.889999962757975965e-02
2.953531404332637976e+03,1.840000049623968098e-02
2.953049274473410151e+03,1.789999941191616067e-02
2.952567144614181416e+03,1.749999997664520093e-02
2.952085014754952681e+03,1.710000075837240022e-02
2.951602884895724856e+03,1.669999958711616134e-02
2.951120755036496121e+03,1.630000015184519813e-02
2.950638625177268295e+03,1.600000084663967884e-02
2.950156495318039561e+03,1.569999937145255889e-02
2.949674365458810826e+03,1.549999976231616027e-02
2.949192235599583000e+03,1.520000024011248022e-02
2.948710105740354265e+03,1.499999976298344029e-02
2.948227975881126440e+03,1.479999993684887917e-02
2.947745846021897705e+03,1.460000032771248055e-02
2.947263716162669880e+03,1.449999954665255955e-02
2.946781586303441145e+03,1.429999993751615919e-02
2.946299456444212410e+03,1.420000002444887950e-02
2.945817326584984585e+03,1.410000032837976057e-02
2.945335196725755850e+03,1.410000032837976057e-02
2.944853066866528025e+03,1.400000041531247914e-02
2.944370937007299290e+03,1.400000041531247914e-02
2.943888807148070555e+03,1.400000041531247914e-02
2.943406677288842729e+03,1.400000041531247914e-02
2.942924547429613995e+03,1.410000032837976057e-02
2.942442417570386169e+03,1.420000002444887950e-02
2.941960287711157434e+03,1.429999993751615919e-02
2.941478157851928700e+03,1.439999985058344062e-02
2.940996027992700874e+03,1.460000032771248055e-02
2.940513898133472139e+03,1.489999984991616060e-02
2.940031768274244314e+03,1.510000032704520052e-02
2.939549638415015579e+03,1.549999976231616027e-02
2.939067508555786844e+03,1.579999928451984031e-02
2.938585378696559019e+03,1.630000015184519813e-02
2.938103248837330284e+03,1.669999958711616134e-02
2.937621118978102459e+03,1.730000036750880058e-02
2.937138989118873724e+03,1.789999941191616067e-02
2.936656859259645898e+03,1.850000019230879991e-02
2.936174729400417164e+03,1.920000088576872058e-02
2.935692599541188429e+03,1.989999962624519961e-02
2.935210469681960603e+03,2.070000023277239823e-02
2.934728339822731868e+03,2.150000062230144129e-02
2.934246209963504043e+03,2.239999918891247971e-02
2.933764080104275308e+03,2.319999979543967833e-02
2.933281950245046573e+03,2.410000009803599935e-02
2.932799820385818748e+03,2.490000048756503895e-02
2.932317690526590013e+03,2.569999914110879941e-02
2.931835560667362188e+03,2.639999983456872007e-02
2.931353430808133453e+03,2.710000052802864073e-02
2.930871300948904718e+03,2.769999957243600083e-02
2.930389171089676893e+03,2.810000074369223971e-02
2.929907041230448158e+03,2.849999996196504043e-02
2.929424911371220333e+03,2.879999948416871874e-02
2.928942781511991598e+03,2.899999909330511910e-02
2.928460651652762863e+03,2.910000074235767967e-02
2.927978521793535037e+03,2.899999909330511910e-02
2.927496391934306303e+03,2.889999939723600017e-02
2.927014262075078477e+03,2.869999957110144079e-02
2.926532132215849742e+03,2.840000026589591803e-02
2.926050002356621917e+03,2.800000083062495829e-02
2.925567872497393182e+03,2.759999965936871941e-02
2.925085742638164447e+03,2.710000052802864073e-02
2.924603612778936622e+03,2.659999944370512043e-02
2.924121482919707887e+03,2.610000031236503829e-02
2.923639353060480062e+03,2.549999953197239905e-02
2.923157223201251327e+03,2.500000040063232037e-02
2.922675093342022592e+03,2.439999962023968114e-02
2.922192963482794767e+03,2.390000027190143997e-02
2.921710833623566032e+03,2.329999949150880073e-02
2.921228703764338206e+03,2.280000036016871859e-02
2.920746573905109472e+03,2.229999927584519828e-02
2.920264444045880737e+03,2.180000014450511961e-02
2.919782314186652911e+03,2.129999927717975833e-02
2.919300184327424176e+03,2.080000014583967965e-02
2.918818054468196351e+03,2.030000079750143849e-02
2.918335924608967616e+03,1.979999993017608068e-02
2.917853794749738881e+03,1.940000049490512093e-02
2.917371664890511056e+03,1.889999962757975965e-02
2.916889535031282321e+03,1.850000019230879991e-02
2.916407405172054496e+03,1.810000097403599920e-02
2.915925275312825761e+03,1.759999988971247889e-02
2.915443145453597026e+03,1.720000067143967817e-02
2.914961015594369201e+03,1.679999950018343929e-02
2.914478885735140466e+03,1.649999997797976098e-02
2.913996755875912640e+03,1.610000054270880124e-02
2.913514626016683906e+03,1.569999937145255889e-02
2.913032496157456080e+03,1.539999984924888057e-02
2.912550366298227345e+03,1.510000032704520052e-02
2.912068236438998611e+03,1.470000024077976024e-02
2.911586106579770785e+03,1.439999985058344062e-02
2.911103976720542050e+03,1.410000032837976057e-02
2.910621846861314225e+03,1.379999993818343922e-02
2.910139717002085490e+03,1.360000011204887983e-02
2.909657587142856755e+03,1.329999972185256021e-02
2.909175457283628930e+03,1.300000019964888016e-02
2.908693327424400195e+03,1.279999972251984024e-02
2.908211197565172370e+03,1.250000020031616019e-02
2.907729067705943635e+03,1.229999950618895950e-02
2.907246937846714900e+03,1.200000020098344021e-02
2.906764807987487075e+03,1.180000037484887909e-02
2.906282678128258340e+03,1.159999989771983916e-02
2.905800548269030514e+03,1.140000028858344054e-02
2.905318418409801779e+03,1.119999959445623985e-02
2.904836288550573045e+03,1.099999998531983950e-02
2.904354158691345219e+03,1.080000037618343914e-02
2.903872028832116484e+03,1.059999968205624019e-02
2.903389898972888659e+03,1.040000007291983983e-02
2.902907769113659924e+03,1.020000046378343947e-02
2.902425639254432099e+03,1.009999968272352021e-02
2.901943509395203364e+03,9.890000364377999481e-03
2.901461379535974629e+03,9.730000026074400385e-03
2.900979249676746804e+03,9.569999687770799554e-03
2.900497119817518069e+03,9.419999926668960397e-03
2.900014989958290244e+03,9.259999805363520325e-03
2.899532860099061509e+03,9.100000335052559064e-03
2.899050730239832774e+03,8.949999705958080337e-03
2.898568600380604948e+03,8.799999944856239445e-03
2.898086470521376214e+03,8.650000183754400288e-03
2.897604340662148388e+03,8.510000131861679765e-03
2.897122210802919653e+03,8.360000370759840607e-03
2.896640080943690919e+03,8.229999811078079694e-03
2.896157951084463093e+03,8.100000119388960085e-03
2.895675821225234358e+03,7.969999776705359931e-03
2.895193691366006533e+03,7.840000085016240322e-03
2.894711561506777798e+03,7.720000102536240215e-03
2.894229431647549063e+03,7.610000263261680262e-03
2.893747301788321238e+03,7.499999772992639764e-03
2.893265171929092503e+03,7.400000076923519965e-03
2.892783042069864678e+03,7.309999873065359775e-03
2.892300912210635943e+03,7.230000029410799632e-03
2.891818782351408117e+03,7.160000111963519751e-03
2.891336652492179383e+03,7.100000120723520131e-03
2.890854522632950648e+03,7.040000129483519643e-03
2.890372392773722822e+03,7.000000207656239572e-03
2.889890262914494087e+03,6.959999851832639715e-03
2.889408133055266262e+03,6.930000073210799798e-03
2.888926003196037527e+03,6.910000003798080249e-03
2.888443873336808792e+03,6.899999860592640095e-03
2.887961743477580967e+03,6.889999934385359834e-03
2.887479613618352232e+03,6.899999860592640095e-03
2.886997483759124407e+03,6.920000147003519536e-03
2.886515353899895672e+03,6.949999925625360321e-03
2.886033224040666937e+03,6.990000064450800285e-03
2.885551094181439112e+03,7.029999986278080357e-03
2.885068964322210377e+03,7.100000120723520131e-03
2.884586834462982551e+03,7.170000038170800012e-03
2.884104704603753817e+03,7.249999881825360155e-03
2.883622574744525082e+03,7.340000085683520345e-03
2.883140444885297256e+03,7.449999924958080298e-03
2.882658315026068522e+03,7.559999764232640251e-03
2.882176185166840696e+03,7.689999889918079645e-03
2.881694055307611961e+03,7.829999507814480383e-03
2.881211925448384136e+03,7.980000136908959110e-03
2.880729795589155401e+03,8.150000184421680310e-03
2.880247665729926666e+03,8.329999724145359385e-03
2.879765535870698841e+03,8.519999624072639374e-03
2.879283406011470106e+03,8.720000318199840061e-03
2.878801276152242281e+03,8.939999996748959968e-03
2.878319146293013546e+03,9.170000469498000573e-03
2.877837016433784811e+03,9.410000434457999052e-03
2.877354886574556986e+03,9.669999600838079246e-03
2.876872756715328251e+03,9.929999635210800743e-03
2.876390626856100425e+03,1.020000046378343947e-02
2.875908496996871690e+03,1.049999976898896049e-02
2.875426367137642956e+03,1.080000037618343914e-02
2.874944237278415130e+03,1.099999998531983950e-02
2.874462107419186395e+03,1.130000037551615912e-02
2.873979977559958570e+03,1.159999989771983916e-02
2.873497847700729835e+03,1.180000037484887909e-02
2.873015717841501100e+03,1.200000020098344021e-02
2.872533587982273275e+03,1.219999981011984057e-02
2.872051458123044540e+03,1.229999950618895950e-02
2.871569328263816715e+03,1.240000028724888050e-02
2.871087198404587980e+03,1.240000028724888050e-02
2.870605068545360155e+03,1.240000028724888050e-02
2.870122938686131420e+03,1.229999950618895950e-02
2.869640808826902685e+03,1.209999989705255914e-02
2.869158678967674859e+03,1.190000028791616052e-02
2.868676549108446125e+03,1.169999959378895983e-02
2.868194419249218299e+03,1.140000028858344054e-02
2.867712289389989564e+03,1.109999968138896016e-02
2.867230159530760830e+03,1.080000037618343914e-02
2.866748029671533004e+03,1.049999976898896049e-02
2.866265899812304269e+03,1.009999968272352021e-02
2.865783769953076444e+03,9.829999939141680076e-03
2.865301640093847709e+03,9.530000416938000027e-03
2.864819510234618974e+03,9.250000096154399956e-03
2.864337380375391149e+03,8.980000352572559824e-03
2.863855250516162414e+03,8.729999810410799671e-03
2.863373120656934589e+03,8.500000422652559395e-03
2.862890990797705854e+03,8.290000236314399099e-03
2.862408860938477119e+03,8.109999828598080454e-03
2.861926731079249294e+03,7.950000358287119193e-03
2.861444601220020559e+03,7.809999872398079752e-03
2.860962471360792733e+03,7.689999889918079645e-03
2.860480341501563998e+03,7.589999976850799954e-03
2.859998211642336173e+03,7.509999916198079918e-03
2.859516081783107438e+03,7.449999924958080298e-03
2.859033951923878703e+03,7.389999933718079811e-03
2.858551822064650878e+03,7.350000011890799739e-03
2.858069692205422143e+03,7.319999799272640037e-03
2.857587562346194318e+03,7.300000163856240273e-03
2.857105432486965583e+03,7.269999951238079704e-03
2.856623302627736848e+03,7.240000172616239786e-03
2.856141172768509023e+03,7.199999816792639930e-03
2.855659042909280288e+03,7.139999825552640310e-03
2.855176913050052462e+03,7.079999834312639823e-03
2.854694783190823728e+03,7.000000207656239572e-03
2.854212653331594993e+03,6.910000003798080249e-03
2.853730523472367167e+03,6.800000164523520296e-03
2.853248393613138433e+03,6.680000182043520189e-03
2.852766263753910607e+03,6.539999913152639774e-03
2.852284133894681872e+03,6.399999861259920118e-03
2.851802004035453137e+03,6.239999956952639940e-03
2.851319874176225312e+03,6.080000269643519653e-03
2.850837744316996577e+03,5.919999931339919690e-03
2.850355614457768752e+03,5.750000100825360116e-03
2.849873484598540017e+03,5.570000127105359522e-03
2.849391354739312192e+03,5.400000079592640057e-03
2.848909224880083457e+03,5.229999815081759831e-03
2.848427095020854722e+03,5.080000053979919807e-03
2.847944965161626897e+03,4.920000149672639628e-03
2.847462835302398162e+03,4.769999954574479818e-03
2.846980705443170336e+03,4.629999902681760163e-03
2.846498575583941602e+03,4.499999776996319902e-03
2.846016445724712867e+03,4.370000302305360185e-03
2.845534315865485041e+03,4.259999812036319687e-03
2.845052186006256306e+03,4.160000115967199888e-03
2.844570056147028481e+03,4.069999695110879806e-03
2.844087926287799746e+03,3.990000068454479555e-03
2.843605796428571011e+03,3.920000151007199674e-03
2.843123666569343186e+03,3.860000159767200054e-03
2.842641536710114451e+03,3.809999877736319936e-03
2.842159406850886626e+03,3.760000029701760036e-03
2.841677276991657891e+03,3.730000034081759792e-03
2.841195147132429156e+03,3.700000038461759982e-03
2.840713017273201331e+03,3.680000186047199893e-03
2.840230887413972596e+03,3.670000042841760172e-03
2.839748757554744770e+03,3.659999899636320018e-03
2.839266627695516036e+03,3.659999899636320018e-03
2.838784497836288210e+03,3.670000042841760172e-03
2.838302367977059475e+03,3.680000186047199893e-03
2.837820238117830741e+03,3.689999895256319828e-03
2.837338108258602915e+03,3.710000181667200136e-03
2.836855978399374180e+03,3.730000034081759792e-03
2.836373848540146355e+03,3.749999886496319882e-03
2.835891718680917620e+03,3.770000172907199756e-03
2.835409588821688885e+03,3.790000025321759846e-03
2.834927458962461060e+03,3.809999877736319936e-03
2.834445329103232325e+03,3.820000020941760090e-03
2.833963199244004500e+03,3.830000164147199810e-03
2.833481069384775765e+03,3.839999873356320179e-03
2.832998939525547030e+03,3.839999873356320179e-03
2.832516809666319205e+03,3.839999873356320179e-03
2.832034679807090470e+03,3.830000164147199810e-03
2.831552549947862644e+03,3.820000020941760090e-03
2.831070420088633909e+03,3.790000025321759846e-03
2.830588290229405175e+03,3.770000172907199756e-03
2.830106160370177349e+03,3.730000034081759792e-03
2.829624030510948614e+03,3.689999895256319828e-03
2.829141900651720789e+03,3.640000047221759929e-03
2.828659770792492054e+03,3.590000199187200029e-03
2.828177640933264229e+03,3.539999917156319911e-03
2.827695511074035494e+03,3.479999925916319858e-03
2.827213381214806759e+03,3.419999934676319804e-03
2.826731251355578934e+03,3.349999800230880030e-03
2.826249121496350199e+03,3.280000099781760041e-03
2.825766991637122374e+03,3.199999822130880113e-03
2.825284861777893639e+03,3.119999978476319970e-03
2.824802731918664904e+03,3.040000134821759827e-03
2.824320602059437078e+03,2.959999857170879899e-03
2.823838472200208344e+03,2.880000013516320189e-03
2.823356342340980518e+03,2.799999952863600153e-03
2.822874212481751783e+03,2.719999892210880118e-03
2.822392082622523048e+03,2.649999974763599803e-03
2.821909952763295223e+03,2.569999914110879767e-03
2.821427822904066488e+03,2.490000070456320058e-03
2.820945693044838663e+03,2.410000009803600022e-03
2.820463563185609928e+03,2.339999875358159814e-03
2.819981433326381193e+03,2.260000031703600105e-03
2.819499303467153368e+03,2.189999897258159897e-03
2.819017173607924633e+03,2.129999906018159844e-03
2.818535043748696808e+03,2.069999914778159790e-03
2.818052913889468073e+03,1.999999997330879908e-03
2.817570784030240247e+03,1.940000006090880072e-03
2.817088654171011513e+03,1.880000014850880018e-03
2.816606524311782778e+03,1.820000023610879964e-03
2.816124394452554952e+03,1.769999958578159956e-03
2.815642264593326217e+03,1.709999967338159902e-03
2.815160134734098392e+03,1.659999902305439893e-03
2.814678004874869657e+03,1.610000054270879994e-03
2.814195875015640922e+03,1.559999989238159985e-03
2.813713745156413097e+03,1.509999924205439976e-03
2.813231615297184362e+03,1.470000002378159904e-03
2.812749485437956537e+03,1.429999863552719941e-03
2.812267355578727802e+03,1.389999941725440086e-03
2.811785225719499067e+03,1.359999946105440059e-03
2.811303095860271242e+03,1.320000024278159987e-03
2.810820966001042507e+03,1.290000028658159961e-03
2.810338836141814681e+03,1.260000033038159934e-03
2.809856706282585947e+03,1.230000037418159907e-03
2.809374576423357212e+03,1.200000041798160097e-03
2.808892446564129386e+03,1.179999972385439898e-03
2.808410316704900652e+03,1.149999976765440088e-03
2.807928186845672826e+03,1.129999907352719889e-03
2.807446056986444091e+03,1.110000054938160017e-03
2.806963927127216266e+03,1.089999985525440035e-03
2.806481797267987531e+03,1.069999916112720053e-03
2.805999667408758796e+03,1.050000063698159963e-03
2.805517537549530971e+03,1.029999994285439981e-03
2.805035407690302236e+03,1.020000068078159936e-03
2.804553277831074411e+03,9.999999986654399542e-04
2.804071147971845676e+03,9.860001453748800000e-04
2.803589018112616941e+03,9.709999305667199859e-04
2.803106888253389116e+03,9.570000772761600317e-04
2.802624758394160381e+03,9.439999345087200268e-04
2.802142628534932555e+03,9.310000087394400227e-04
2.801660498675703820e+03,9.180000829701600185e-04
2.801178368816475086e+03,9.059998677239999637e-04
2.800696238957247260e+03,8.940000864741600188e-04
2.800214109098018525e+03,8.820000882261599647e-04
2.799731979238790700e+03,8.710000174994399691e-04
2.799249849379561965e+03,8.590000192514400234e-04
2.798767719520333230e+03,8.479999485247200278e-04
2.798285589661105405e+03,8.359999502767199737e-04
2.797803459801876670e+03,8.250000965481599788e-04
2.797321329942648845e+03,8.130000983001600331e-04
2.796839200083420110e+03,8.009998830539999783e-04
2.796357070224192285e+03,7.890001018041600334e-04
2.795874940364963550e+03,7.769998865579999785e-04
2.795392810505734815e+03,7.650001053081600336e-04
2.794910680646506989e+03,7.529998900619999788e-04
2.794428550787278255e+03,7.409998918140000331e-04
2.793946420928050429e+03,7.279999660447200290e-04
2.793464291068821694e+03,7.159999677967199749e-04
2.792982161209592959e+03,7.039999695487200292e-04
2.792500031350365134e+03,6.910000437794400251e-04
2.792017901491136399e+03,6.790000455314399710e-04
2.791535771631908574e+03,6.670000472834400253e-04
2.791053641772679839e+03,6.550000490354399713e-04
2.790571511913451104e+03,6.439999783087199756e-04
2.790089382054223279e+03,6.319999800607200300e-04
2.789607252194994544e+03,6.209999093340000343e-04
2.789125122335766719e+03,6.100000556054400395e-04
2.788642992476537984e+03,5.989999848787200439e-04
2.788160862617309249e+03,5.879999141520000482e-04
2.787678732758081424e+03,5.770000604234399449e-04
2.787196602898852689e+03,5.669999172180000078e-04
2.786714473039624863e+03,5.569999910107199630e-04
2.786232343180396128e+03,5.479999923247199766e-04
2.785750213321168303e+03,5.380000661174400402e-04
2.785268083461939568e+03,5.290000674314399454e-04
2.784785953602710833e+03,5.200000687454399591e-04
2.784303823743483008e+03,5.119999975807200312e-04
2.783821693884254273e+03,5.039999264159999949e-04
2.783339564025026448e+03,4.960000722494399593e-04
2.782857434165797713e+03,4.880000010847199772e-04
2.782375304306568978e+03,4.810000744394400001e-04
2.781893174447341153e+03,4.730000032747200180e-04
2.781411044588112418e+03,4.660000766294399867e-04
2.780928914728884592e+03,4.600000775054400139e-04
2.780446784869655858e+03,4.529999338619999818e-04
2.779964655010427123e+03,4.469999347380000090e-04
2.779482525151199297e+03,4.409999356139999820e-04
2.779000395291970563e+03,4.349999364900000091e-04
2.778518265432742737e+03,4.289999373659999821e-04
2.778036135573514002e+03,4.240000827614400143e-04
2.777554005714285267e+03,4.190000111587199915e-04
2.777071875855057442e+03,4.139999395560000229e-04
2.776589745995828707e+03,4.090000849514400009e-04
2.776107616136600882e+03,4.040000133487199781e-04
2.775625486277372147e+03,4.000000862654400145e-04
2.775143356418144322e+03,3.950000146627199917e-04
2.774661226558915587e+03,3.910000875794399739e-04
2.774179096699686852e+03,3.869999434980000096e-04
2.773696966840459027e+03,3.830000164147199918e-04
2.773214836981230292e+03,3.800000168527199783e-04
2.772732707122002466e+03,3.760000897694400148e-04
2.772250577262773731e+03,3.730000902074400012e-04
2.771768447403544997e+03,3.700000906454399877e-04
2.771286317544317171e+03,3.670000910834399742e-04
2.770804187685088436e+03,3.640000915214400149e-04
2.770322057825860611e+03,3.610000919594400014e-04
2.769839927966631876e+03,3.590000199187199921e-04
2.769357798107403141e+03,3.560000203567199786e-04
2.768875668248175316e+03,3.539999483160000235e-04
2.768393538388946581e+03,3.520000932734400150e-04
2.767911408529718756e+03,3.500000212327200057e-04
2.767429278670490021e+03,3.479999491919999965e-04
2.766947148811261286e+03,3.470000216707199922e-04
2.766465018952033461e+03,3.449999496299999829e-04
2.765982889092804726e+03,3.440000221087199787e-04
2.765500759233576900e+03,3.430000945874399744e-04
2.765018629374348166e+03,3.419999500680000236e-04
2.764536499515120340e+03,3.410000225467200194e-04
2.764054369655891605e+03,3.400000950254400151e-04
2.763572239796662871e+03,3.400000950254400151e-04
2.763090109937435045e+03,3.389999505060000101e-04
2.762607980078206310e+03,3.389999505060000101e-04
2.762125850218978485e+03,3.389999505060000101e-04
2.761643720359749750e+03,3.389999505060000101e-04
2.761161590500521015e+03,3.389999505060000101e-04
2.760679460641293190e+03,3.389999505060000101e-04
2.760197330782064455e+03,3.400000950254400151e-04
2.759715200922836630e+03,3.410000225467200194e-04
2.759233071063607895e+03,3.419999500680000236e-04
2.758750941204379160e+03,3.430000945874399744e-04
2.758268811345151335e+03,3.440000221087199787e-04
2.757786681485922600e+03,3.460000941494399880e-04
2.757304551626694774e+03,3.470000216707199922e-04
2.756822421767466039e+03,3.490000937114400015e-04
2.756340291908237305e+03,3.509999487540000100e-04
2.755858162049009479e+03,3.530000207947200193e-04
2.755376032189780744e+03,3.560000203567199786e-04
2.754893902330552919e+03,3.590000199187199921e-04
2.754411772471324184e+03,3.620000194807200056e-04
2.753929642612096359e+03,3.650000190427200191e-04
2.753447512752867624e+03,3.689999461259999827e-04
2.752965382893638889e+03,3.730000902074400012e-04
2.752483253034411064e+03,3.770000172907200190e-04
2.752001123175182329e+03,3.809999443739999826e-04
2.751518993315954503e+03,3.860000159767200054e-04
2.751036863456725769e+03,3.920000151007199782e-04
2.750554733597497034e+03,3.970000867034400010e-04
2.750072603738269208e+03,4.030000858274399738e-04
2.749590473879040474e+03,4.100000124727200051e-04
2.749108344019812648e+03,4.169999391179999822e-04
2.748626214160583913e+03,4.240000827614400143e-04
2.748144084301355178e+03,4.319999369279999956e-04
2.747661954442127353e+03,4.400000080927199777e-04
2.747179824582898618e+03,4.490000067787200183e-04
2.746697694723670793e+03,4.580000054647200046e-04
2.746215564864442058e+03,4.679999316719999952e-04
2.745733435005213323e+03,4.780000748774399866e-04
2.745251305145985498e+03,4.889999286059999815e-04
2.744769175286756763e+03,5.009999268540000356e-04
2.744287045427528938e+03,5.129999251019999812e-04
2.743804915568300203e+03,5.260000678694399861e-04
2.743322785709072377e+03,5.389999936387199903e-04
2.742840655849843642e+03,5.530000639274399452e-04
2.742358525990614908e+03,5.680000617374399586e-04
2.741876396131387082e+03,5.830000595474399720e-04
2.741394266272158347e+03,6.000001293981599947e-04
2.740912136412930522e+03,6.169999822507200166e-04
2.740430006553701787e+03,6.349999796227199893e-04
2.739947876694473052e+03,6.529999769947199620e-04
2.739465746835245227e+03,6.730000464074399440e-04
2.738983616976016492e+03,6.929998988220000336e-04
2.738501487116788667e+03,7.140001127541599664e-04
2.738019357257559932e+03,7.360000372094399569e-04
2.737537227398331197e+03,7.579999616647199474e-04
2.737055097539103372e+03,7.810000306394399971e-04
2.736572967679874637e+03,8.040000996141599384e-04
2.736090837820646811e+03,8.269999515907199873e-04
2.735608707961418077e+03,8.500000205654400370e-04
2.735126578102189342e+03,8.730000895401599783e-04
2.734644448242961516e+03,8.950000139954399688e-04
2.734162318383732782e+03,9.150000834081599508e-04
2.733680188524504956e+03,9.340000083014399820e-04
2.733198058665276221e+03,9.499999336327199454e-04
2.732715928806048396e+03,9.640000039214400088e-04
2.732233798946819661e+03,9.750000746481600044e-04
2.731751669087590926e+03,9.820000012934399815e-04
2.731269539228363101e+03,9.860001453748800000e-04
2.730787409369134366e+03,9.860001453748800000e-04
2.730305279509906541e+03,9.829999288147200399e-04
2.729823149650677806e+03,9.760000021694399544e-04
2.729341019791449071e+03,9.649999314427199588e-04
2.728858889932221246e+03,9.520000056734399547e-04
2.728376760072992511e+03,9.370000078634399413e-04
2.727894630213764685e+03,9.199999380127200270e-04
2.727412500354535950e+03,9.019999406407199459e-04
2.726930370495307216e+03,8.830000157474400231e-04
2.726448240636079390e+03,8.640000908541599920e-04
2.725966110776850655e+03,8.449999489627199600e-04
2.725483980917622830e+03,8.269999515907199873e-04
2.725001851058394095e+03,8.089999542187200146e-04
2.724519721199165360e+03,7.919998843679999919e-04
2.724037591339937535e+03,7.759999590367200285e-04
2.723555461480708800e+03,7.619998887479999651e-04
2.723073331621480975e+03,7.489999629787199610e-04
2.722591201762252240e+03,7.369999647307200153e-04
2.722109071903024414e+03,7.259998940040000197e-04
2.721626942043795680e+03,7.159999677967199749e-04
2.721144812184566945e+03,7.069999691107199885e-04
2.720662682325339119e+03,6.979999704247200022e-04
2.720180552466110385e+03,6.910000437794400251e-04
2.719698422606882559e+03,6.840001171341599396e-04
2.719216292747653824e+03,6.769999734907199617e-04
2.718734162888425089e+03,6.709999743667200431e-04
2.718252033029197264e+03,6.640000477214399576e-04
2.717769903169968529e+03,6.580000485974400390e-04
2.717287773310740704e+03,6.509999049539999527e-04
2.716805643451511969e+03,6.450001228281600349e-04
2.716323513592283234e+03,6.379999791847199486e-04
2.715841383733055409e+03,6.310000525394399715e-04
2.715359253873826674e+03,6.239999088959999936e-04
2.714877124014598849e+03,6.169999822507200166e-04
2.714394994155370114e+03,6.089999110859999802e-04
2.713912864296141379e+03,6.019999844407200032e-04
2.713430734436913554e+03,5.950000577954400261e-04
2.712948604577684819e+03,5.879999141520000482e-04
2.712466474718456993e+03,5.819999150280000212e-04
2.711984344859228258e+03,5.749999883827200441e-04
2.711502215000000433e+03,5.689999892587200171e-04
2.711020085140771698e+03,5.629999901347199900e-04
2.710537955281542963e+03,5.579999185320000214e-04
2.710055825422315138e+03,5.530000639274399452e-04
2.709573695563086403e+03,5.489999198460000351e-04
2.709091565703858578e+03,5.449999927627200173e-04
2.708609435844629843e+03,5.419999932007199496e-04
2.708127305985401108e+03,5.389999936387199903e-04
2.707645176126173283e+03,5.369999215979999810e-04
2.707163046266944548e+03,5.359999940767200309e-04
2.706680916407716722e+03,5.350000665554399725e-04
2.706198786548487988e+03,5.339999220360000217e-04
2.705716656689259253e+03,5.329999945147199632e-04
2.705234526830031427e+03,5.329999945147199632e-04
2.704752396970802693e+03,5.339999220360000217e-04
2.704270267111574867e+03,5.339999220360000217e-04
2.703788137252346132e+03,5.350000665554399725e-04
2.703306007393117397e+03,5.359999940767200309e-04
2.702823877533889572e+03,5.369999215979999810e-04
2.702341747674660837e+03,5.369999215979999810e-04
2.701859617815433012e+03,5.380000661174400402e-04
2.701377487956204277e+03,5.389999936387199903e-04
2.700895358096976452e+03,5.399999211600000487e-04
2.700413228237747717e+03,5.410000656794399995e-04
2.699931098378518982e+03,5.410000656794399995e-04
2.699448968519291157e+03,5.410000656794399995e-04
2.698966838660062422e+03,5.410000656794399995e-04
2.698484708800834596e+03,5.410000656794399995e-04
2.698002578941605861e+03,5.410000656794399995e-04
2.697520449082377127e+03,5.399999211600000487e-04
2.697038319223149301e+03,5.380000661174400402e-04
2.696556189363920566e+03,5.359999940767200309e-04
2.696074059504692741e+03,5.339999220360000217e-04
2.695591929645464006e+03,5.309999224739999539e-04
2.695109799786235271e+03,5.279999229119999946e-04
2.694627669927007446e+03,5.239999958287199769e-04
2.694145540067778711e+03,5.200000687454399591e-04
2.693663410208550886e+03,5.149999971427199905e-04
2.693181280349322151e+03,5.089999980187199635e-04
2.692699150490093416e+03,5.029999988947200448e-04
2.692217020630865591e+03,4.969999997707200178e-04
2.691734890771636856e+03,4.900000731254400407e-04
2.691252760912409030e+03,4.820000019607200044e-04
2.690770631053180296e+03,4.739999307960000223e-04
2.690288501193952470e+03,4.660000766294399867e-04
2.689806371334723735e+03,4.570000779434400004e-04
2.689324241475495000e+03,4.480000792574400140e-04
2.688842111616267175e+03,4.390000805714399735e-04
2.688359981757038440e+03,4.300000818854399871e-04
2.687877851897810615e+03,4.199999386799999957e-04
2.687395722038581880e+03,4.100000124727200051e-04
2.686913592179353145e+03,4.010000137867200188e-04
2.686431462320125320e+03,3.910000875794399739e-04
2.685949332460896585e+03,3.809999443739999826e-04
2.685467202601668760e+03,3.710000181667199920e-04
2.684985072742440025e+03,3.620000194807200056e-04
2.684502942883211290e+03,3.520000932734400150e-04
2.684020813023983465e+03,3.430000945874399744e-04
2.683538683164754730e+03,3.329999513819999831e-04
2.683056553305526904e+03,3.250000972154400017e-04
2.682574423446298169e+03,3.160000985294400154e-04
2.682092293587069435e+03,3.080000273647199791e-04
2.681610163727841609e+03,2.999999561999999969e-04
2.681128033868612874e+03,2.920001020334400156e-04
2.680645904009385049e+03,2.849999583899999835e-04
2.680163774150156314e+03,2.780000317447200065e-04
2.679681644290927579e+03,2.710001050994399752e-04
2.679199514431699754e+03,2.650001059754400023e-04
2.678717384572471019e+03,2.589998898532799745e-04
2.678235254713243194e+03,2.530001077274400025e-04
2.677753124854014459e+03,2.480000361247199797e-04
2.677270994994786633e+03,2.429999645220000111e-04
2.676788865135557899e+03,2.379998929192799883e-04
2.676306735276329164e+03,2.330000383147199934e-04
2.675824605417101338e+03,2.289998942332800019e-04
2.675342475557872604e+03,2.249999671500000113e-04
2.674860345698644778e+03,2.210000400667199935e-04
2.674378215839416043e+03,2.180000405047200071e-04
2.673896085980187308e+03,2.150000409427199935e-04
2.673413956120959483e+03,2.120000413807200071e-04
2.672931826261730748e+03,2.090000418187199936e-04
2.672449696402502923e+03,2.060000422567200072e-04
2.671967566543274188e+03,2.039999702159999979e-04
2.671485436684045453e+03,2.009999706540000115e-04
2.671003306824817628e+03,1.989998986132800022e-04
2.670521176965588893e+03,1.970000435707199937e-04
2.670039047106361068e+03,1.949999715300000116e-04
2.669556917247132333e+03,1.929998994892800023e-04
2.669074787387903598e+03,1.910000444467199938e-04
2.668592657528675772e+03,1.889999724060000116e-04
2.668110527669447038e+03,1.880000448847200074e-04
2.667628397810219212e+03,1.859999728439999981e-04
2.667146267950990477e+03,1.850000453227199939e-04
2.666664138091762652e+03,1.839999008032799888e-04
2.666182008232533917e+03,1.829999732820000117e-04
2.665699878373305182e+03,1.820000457607200074e-04
2.665217748514077357e+03,1.820000457607200074e-04
2.664735618654848622e+03,1.809999012412800024e-04
2.664253488795620797e+03,1.809999012412800024e-04
2.663771358936392062e+03,1.809999012412800024e-04
2.663289229077163327e+03,1.820000457607200074e-04
2.662807099217935502e+03,1.820000457607200074e-04
2.662324969358706767e+03,1.829999732820000117e-04
2.661842839499478941e+03,1.839999008032799888e-04
2.661360709640250207e+03,1.850000453227199939e-04
2.660878579781021472e+03,1.869999003652800024e-04
2.660396449921793646e+03,1.880000448847200074e-04
2.659914320062564911e+03,1.889999724060000116e-04
2.659432190203337086e+03,1.910000444467199938e-04
2.658950060344108351e+03,1.919999719679999980e-04
2.658467930484879616e+03,1.929998994892800023e-04
2.657985800625651791e+03,1.929998994892800023e-04
2.657503670766423056e+03,1.940000440087200073e-04
2.657021540907195231e+03,1.929998994892800023e-04
2.656539411047966496e+03,1.919999719679999980e-04
2.656057281188738671e+03,1.910000444467199938e-04
2.655575151329509936e+03,1.899998999272799888e-04
2.655093021470281201e+03,1.880000448847200074e-04
2.654610891611053376e+03,1.859999728439999981e-04
2.654128761751824641e+03,1.829999732820000117e-04
2.653646631892596815e+03,1.809999012412800024e-04
2.653164502033368080e+03,1.790000461987199939e-04
2.652682372174139346e+03,1.760000466367200075e-04
2.652200242314911520e+03,1.739999745959999982e-04
2.651718112455682785e+03,1.719999025552799890e-04
2.651235982596454960e+03,1.709999750340000118e-04
2.650753852737226225e+03,1.689999029932800025e-04
2.650271722877997490e+03,1.679999754719999983e-04
2.649789593018769665e+03,1.670000479507199940e-04
2.649307463159540930e+03,1.670000479507199940e-04
2.648825333300313105e+03,1.670000479507199940e-04
2.648343203441084370e+03,1.670000479507199940e-04
2.647861073581855635e+03,1.679999754719999983e-04
2.647378943722627810e+03,1.689999029932800025e-04
2.646896813863399075e+03,1.700000475127200076e-04
2.646414684004171249e+03,1.719999025552799890e-04
2.645932554144942515e+03,1.749999021172800025e-04
2.645450424285714689e+03,1.779999016792799889e-04
2.644968294426485954e+03,1.809999012412800024e-04
2.644486164567257219e+03,1.839999008032799888e-04
2.644004034708029394e+03,1.880000448847200074e-04
2.643521904848800659e+03,1.919999719679999980e-04
2.643039774989572834e+03,1.959998990512799887e-04
2.642557645130344099e+03,2.000000431327200073e-04
2.642075515271115364e+03,2.039999702159999979e-04
2.641593385411887539e+03,2.079998972992799886e-04
2.641111255552658804e+03,2.120000413807200071e-04
2.640629125693430979e+03,2.159999684639999978e-04
2.640146995834202244e+03,2.189999680260000113e-04
2.639664865974973509e+03,2.219999675879999977e-04
2.639182736115745683e+03,2.240000396287200070e-04
2.638700606256516949e+03,2.260001116694399892e-04
2.638218476397289123e+03,2.270000391907199934e-04
2.637736346538060388e+03,2.270000391907199934e-04
2.637254216678831654e+03,2.260001116694399892e-04
2.636772086819603828e+03,2.249999671500000113e-04
2.636289956960375093e+03,2.219999675879999977e-04
2.635807827101147268e+03,2.189999680260000113e-04
2.635325697241918533e+03,2.150000409427199935e-04
2.634843567382690708e+03,2.099999693399999979e-04
2.634361437523461973e+03,2.049998977372800022e-04
2.633879307664233238e+03,2.000000431327200073e-04
2.633397177805005413e+03,1.929998994892800023e-04
2.632915047945776678e+03,1.869999003652800024e-04
2.632432918086548852e+03,1.799999737199999982e-04
2.631950788227320118e+03,1.739999745959999982e-04
2.631468658368091383e+03,1.670000479507199940e-04
2.630986528508863557e+03,1.599999043072799891e-04
2.630504398649634823e+03,1.539999051832799891e-04
2.630022268790406997e+03,1.469999785380000121e-04
2.629540138931178262e+03,1.409999794140000121e-04
2.629058009071949527e+03,1.349999802900000122e-04
2.628575879212721702e+03,1.299999086872799894e-04
2.628093749353492967e+03,1.250000540827199945e-04
2.627611619494265142e+03,1.199999824799999988e-04
2.627129489635036407e+03,1.149999108772800031e-04
2.626647359775807672e+03,1.109999837939999989e-04
2.626165229916579847e+03,1.070000567107199946e-04
2.625683100057351112e+03,1.040000571487199947e-04
2.625200970198123287e+03,9.999991306728000324e-05
2.624718840338894552e+03,9.719998580880000443e-05
2.624236710479666726e+03,9.440005855032000562e-05
2.623754580620437991e+03,9.179998659719999364e-05
2.623272450761209257e+03,8.939998694759999638e-05
2.622790320901981431e+03,8.720005960152000027e-05
2.622308191042752696e+03,8.519998756080000455e-05
2.621826061183524871e+03,8.350002397535999702e-05
2.621343931324296136e+03,8.190009654168000362e-05
2.620861801465067401e+03,8.050002441335999705e-05
2.620379671605839576e+03,7.919998843680000461e-05
2.619897541746610841e+03,7.810002476375999978e-05
2.619415411887383016e+03,7.710009724247999553e-05
2.618933282028154281e+03,7.619998887480000465e-05
2.618451152168925546e+03,7.530009750528000097e-05
2.617969022309697721e+03,7.460006144111999769e-05
2.617486892450468986e+03,7.390002537695999441e-05
2.617004762591241160e+03,7.319998931280000468e-05
2.616522632732012426e+03,7.259998940040000197e-05
2.616040502872783691e+03,7.199998948799999927e-05
2.615558373013555865e+03,7.150002572735999714e-05
2.615076243154327130e+03,7.110009811847999559e-05
2.614594113295099305e+03,7.079998966319999386e-05
2.614111983435870570e+03,7.059991735967999270e-05
2.613629853576642745e+03,7.040006205432000586e-05
2.613147723717414010e+03,7.030002590256000528e-05
2.612665593858185275e+03,7.030002590256000528e-05
2.612183463998957450e+03,7.030002590256000528e-05
2.611701334139728715e+03,7.030002590256000528e-05
2.611219204280500890e+03,7.040006205432000586e-05
2.610737074421272155e+03,7.040006205432000586e-05
2.610254944562043420e+03,7.050009820607999289e-05
2.609772814702815595e+03,7.059991735967999270e-05
2.609290684843586860e+03,7.079998966319999386e-05
2.608808554984359034e+03,7.100006196671999502e-05
2.608326425125130299e+03,7.119991727207999541e-05
2.607844295265901565e+03,7.150002572735999714e-05
2.607362165406673739e+03,7.189995333623999869e-05
2.606880035547445004e+03,7.230009794328000100e-05
2.606397905688217179e+03,7.270002555216000255e-05
2.605915775828988444e+03,7.319998931280000468e-05
2.605433645969759709e+03,7.369995307343999325e-05
2.604951516110531884e+03,7.419991683407999538e-05
2.604469386251303149e+03,7.470009759287999827e-05
2.603987256392075324e+03,7.530009750528000097e-05
2.603505126532846589e+03,7.580006126592000310e-05
2.603022996673618763e+03,7.640006117832000580e-05
2.602540866814390029e+03,7.690002493895999438e-05
2.602058736955161294e+03,7.750002485135999708e-05
2.601576607095933468e+03,7.810002476375999978e-05
2.601094477236704734e+03,7.870002467616000249e-05
2.600612347377476908e+03,7.930002458856000519e-05
2.600130217518248173e+03,7.990002450095999435e-05
2.599648087659019438e+03,8.039998826159999647e-05
2.599165957799791613e+03,8.089995202223999860e-05
2.598683827940562878e+03,8.139991578288000072e-05
2.598201698081335053e+03,8.180006038992000304e-05
2.597719568222106318e+03,8.219998799880000458e-05
2.597237438362877583e+03,8.240006030232000574e-05
2.596755308503649758e+03,8.269995175943999316e-05
2.596273178644421023e+03,8.290002406295999431e-05
2.595791048785193198e+03,8.310009636647999547e-05
2.595308918925964463e+03,8.329995167183999586e-05
2.594826789066735728e+03,8.350002397535999702e-05
2.594344659207507902e+03,8.379991543247999799e-05
2.593862529348279168e+03,8.399998773599999915e-05
2.593380399489051342e+03,8.430009619128000088e-05
2.592898269629822607e+03,8.470002380016000243e-05
2.592416139770594782e+03,8.509995140904000398e-05
2.591934009911366047e+03,8.540005986432000571e-05
2.591451880052137312e+03,8.579998747319999371e-05
2.590969750192909487e+03,8.619991508207999525e-05
2.590487620333680752e+03,8.670009584087999815e-05
2.590005490474452927e+03,8.720005960152000027e-05
2.589523360615224192e+03,8.770002336216000240e-05
2.589041230755995457e+03,8.819998712280000452e-05
2.588559100896767632e+03,8.879998703519999368e-05
2.588076971037538897e+03,8.950002309935999696e-05
2.587594841178311071e+03,9.030009531528000082e-05
2.587112711319082337e+03,9.109995053304000391e-05
2.586630581459853602e+03,9.200005890071999480e-05
2.586148451600625776e+03,9.289995027023999848e-05
2.585666321741397041e+03,9.390009478968000349e-05
2.585184191882169216e+03,9.490002231095999419e-05
2.584702062022940481e+03,9.589994983223999844e-05
2.584219932163711746e+03,9.699991350528000328e-05
2.583737802304483921e+03,9.810009417647999532e-05
2.583255672445255186e+03,9.920005784952000015e-05
2.582773542586027361e+03,9.999991306728000324e-05
2.582291412726798626e+03,1.019999851079999990e-04
2.581809282867570801e+03,1.029999126292800032e-04
2.581327153008342066e+03,1.040000571487199947e-04
2.580845023149113331e+03,1.059999121912800032e-04
2.580362893289885506e+03,1.070000567107199946e-04
2.579880763430656771e+03,1.079999842319999989e-04
2.579398633571428945e+03,1.100000562727199946e-04
2.578916503712200210e+03,1.109999837939999989e-04
2.578434373852971476e+03,1.130000558347199946e-04
2.577952243993743650e+03,1.139999833559999988e-04
2.577470114134514915e+03,1.149999108772800031e-04
2.576987984275287090e+03,1.160000553967199946e-04
2.576505854416058355e+03,1.169999829179999988e-04
2.576023724556829620e+03,1.179999104392800031e-04
2.575541594697601795e+03,1.190000549587199945e-04
2.575059464838373060e+03,1.199999824799999988e-04
2.574577334979145235e+03,1.199999824799999988e-04
2.574095205119916500e+03,1.209999100012800030e-04
2.573613075260687765e+03,1.209999100012800030e-04
2.573130945401459940e+03,1.209999100012800030e-04
2.572648815542231205e+03,1.209999100012800030e-04
2.572166685683003379e+03,1.209999100012800030e-04
2.571684555823774645e+03,1.199999824799999988e-04
2.571202425964546819e+03,1.190000549587199945e-04
2.570720296105318084e+03,1.179999104392800031e-04
2.570238166246089349e+03,1.169999829179999988e-04
2.569756036386861524e+03,1.160000553967199946e-04
2.569273906527632789e+03,1.139999833559999988e-04
2.568791776668404964e+03,1.130000558347199946e-04
2.568309646809176229e+03,1.109999837939999989e-04
2.567827516949947494e+03,1.100000562727199946e-04
2.567345387090719669e+03,1.079999842319999989e-04
2.566863257231490934e+03,1.059999121912800032e-04
2.566381127372263109e+03,1.049999846699999989e-04
2.565898997513034374e+03,1.029999126292800032e-04
2.565416867653805639e+03,1.010000575867199947e-04
2.564934737794577813e+03,9.990009391368000343e-05
2.564452607935349079e+03,9.839998563359999629e-05
2.563970478076121253e+03,9.699991350528000328e-05
2.563488348216892518e+03,9.570009452687999805e-05
2.563006218357663784e+03,9.440005855032000562e-05
2.562524088498435958e+03,9.320005872552000021e-05
2.562041958639207223e+03,9.219991420607999519e-05
2.561559828779979398e+03,9.130002283656000507e-05
2.561077698920750663e+03,9.049995062064000121e-05
2.560595569061522838e+03,8.979991455647999793e-05
2.560113439202294103e+03,8.919991464407999522e-05
2.559631309343065368e+03,8.879998703519999368e-05
2.559149179483837543e+03,8.840005942632000568e-05
2.558667049624608808e+03,8.799991481928000337e-05
2.558184919765380982e+03,8.780005951392000298e-05
2.557702789906152248e+03,8.759998721040000182e-05
2.557220660046923513e+03,8.739991490688000066e-05
2.556738530187695687e+03,8.730009575328000085e-05
2.556256400328466952e+03,8.720005960152000027e-05
2.555774270469239127e+03,8.720005960152000027e-05
2.555292140610010392e+03,8.730009575328000085e-05
2.554810010750781657e+03,8.739991490688000066e-05
2.554327880891553832e+03,8.749995105864000124e-05
2.553845751032325097e+03,8.770002336216000240e-05
2.553363621173097272e+03,8.790009566568000355e-05
2.552881491313868537e+03,8.799991481928000337e-05
2.552399361454639802e+03,8.819998712280000452e-05
2.551917231595411977e+03,8.830002327456000510e-05
2.551435101736183242e+03,8.830002327456000510e-05
2.550952971876955417e+03,8.830002327456000510e-05
2.550470842017726682e+03,8.819998712280000452e-05
2.549988712158498856e+03,8.809995097104000395e-05
2.549506582299270121e+03,8.790009566568000355e-05
2.549024452440041387e+03,8.759998721040000182e-05
2.548542322580813561e+03,8.730009575328000085e-05
2.548060192721584826e+03,8.699998729799999911e-05
2.547578062862357001e+03,8.670009584087999815e-05
2.547095933003128266e+03,8.639998738559999641e-05
2.546613803143899531e+03,8.610009592847999544e-05
2.546131673284671706e+03,8.590002362495999428e-05
2.545649543425442971e+03,8.559991516967999255e-05
2.545167413566215146e+03,8.530002371256000513e-05
2.544685283706986411e+03,8.499991525728000340e-05
2.544203153847757676e+03,8.470002380016000243e-05
2.543721023988529851e+03,8.449995149664000127e-05
2.543238894129301116e+03,8.420006003952000030e-05
2.542756764270073290e+03,8.399998773599999915e-05
2.542274634410844556e+03,8.379991543247999799e-05
2.541792504551615821e+03,8.370009627887999818e-05
2.541310374692387995e+03,8.360006012711999760e-05
2.540828244833159260e+03,8.360006012711999760e-05
2.540346114973931435e+03,8.370009627887999818e-05
2.539863985114702700e+03,8.379991543247999799e-05
2.539381855255474875e+03,8.399998773599999915e-05
2.538899725396246140e+03,8.430009619128000088e-05
2.538417595537017405e+03,8.459998764840000185e-05
2.537935465677789580e+03,8.490009610368000358e-05
2.537453335818560845e+03,8.530002371256000513e-05
2.536971205959333020e+03,8.579998747319999371e-05
2.536489076100104285e+03,8.629995123383999583e-05
2.536006946240875550e+03,8.689995114623999854e-05
2.535524816381647724e+03,8.749995105864000124e-05
2.535042686522418990e+03,8.819998712280000452e-05
2.534560556663191164e+03,8.900005933871999483e-05
2.534078426803962429e+03,8.979991455647999793e-05
2.533596296944733695e+03,9.070002292416000237e-05
2.533114167085505869e+03,9.159991429367999249e-05
2.532632037226277134e+03,9.250002266135999693e-05
2.532149907367049309e+03,9.339991403088000060e-05
2.531667777507820574e+03,9.419998624680000446e-05
2.531185647648591839e+03,9.500005846271999477e-05
2.530703517789364014e+03,9.570009452687999805e-05
2.530221387930135279e+03,9.639991359288000057e-05
2.529739258070907454e+03,9.709994965704000385e-05
2.529257128211678719e+03,9.769994956943999301e-05
2.528774998352450893e+03,9.829994948183999571e-05
2.528292868493222159e+03,9.899998554599999899e-05
2.527810738633993424e+03,9.959998545840000170e-05
2.527328608774765598e+03,9.999991306728000324e-05
2.526846478915536863e+03,1.010000575867199947e-04
2.526364349056309038e+03,1.019999851079999990e-04
2.525882219197080303e+03,1.019999851079999990e-04
2.525400089337851568e+03,1.029999126292800032e-04
2.524917959478623743e+03,1.040000571487199947e-04
2.524435829619395008e+03,1.049999846699999989e-04
2.523953699760167183e+03,1.059999121912800032e-04
2.523471569900938448e+03,1.059999121912800032e-04
2.522989440041709713e+03,1.079999842319999989e-04
2.522507310182481888e+03,1.089999117532800032e-04
2.522025180323253153e+03,1.100000562727199946e-04
2.521543050464025328e+03,1.109999837939999989e-04
2.521060920604796593e+03,1.130000558347199946e-04
2.520578790745567858e+03,1.149999108772800031e-04
2.520096660886340032e+03,1.169999829179999988e-04
2.519614531027111298e+03,1.190000549587199945e-04
2.519132401167883472e+03,1.209999100012800030e-04
2.518650271308654737e+03,1.229999820420000123e-04
2.518168141449426912e+03,1.259999816039999987e-04
2.517686011590198177e+03,1.280000536447200080e-04
2.517203881730969442e+03,1.310000532067199944e-04
2.516721751871741617e+03,1.340000527687200079e-04
2.516239622012512882e+03,1.370000523307199943e-04
2.515757492153285057e+03,1.400000518927200079e-04
2.515275362294056322e+03,1.439999789759999985e-04
2.514793232434827587e+03,1.469999785380000121e-04
2.514311102575599762e+03,1.509999056212800027e-04
2.513828972716371027e+03,1.539999051832799891e-04
2.513346842857143201e+03,1.580000492647200077e-04
2.512864712997914467e+03,1.619999763479999984e-04
2.512382583138685732e+03,1.659999034312799890e-04
2.511900453279457906e+03,1.709999750340000118e-04
2.511418323420229171e+03,1.749999021172800025e-04
2.510936193561001346e+03,1.790000461987199939e-04
2.510454063701772611e+03,1.839999008032799888e-04
2.509971933842543876e+03,1.889999724060000116e-04
2.509489803983316051e+03,1.940000440087200073e-04
2.509007674124087316e+03,1.989998986132800022e-04
2.508525544264859491e+03,2.049998977372800022e-04
2.508043414405630756e+03,2.110001138594400029e-04
2.507561284546402931e+03,2.169998959852800021e-04
2.507079154687174196e+03,2.240000396287200070e-04
2.506597024827945461e+03,2.300000387527200069e-04
2.506114894968717635e+03,2.369999653980000111e-04
2.505632765109488901e+03,2.439998920432799882e-04
2.505150635250261075e+03,2.519999632079999974e-04
2.504668505391032340e+03,2.589998898532799745e-04
2.504186375531803606e+03,2.669999610180000108e-04
2.503704245672575780e+03,2.750000321827199929e-04
2.503222115813347045e+03,2.819999588280000242e-04
2.502739985954119220e+03,2.900000299927200063e-04
2.502257856094890485e+03,2.980001011574399884e-04
2.501775726235661750e+03,3.050000278027200197e-04
2.501293596376433925e+03,3.130000989674400018e-04
2.500811466517205190e+03,3.200000256127199789e-04
2.500329336657977365e+03,3.269999522580000102e-04
2.499847206798748630e+03,3.340000959014399881e-04
2.499365076939519895e+03,3.400000950254400151e-04
2.498882947080292070e+03,3.460000941494399880e-04
2.498400817221063335e+03,3.520000932734400150e-04
2.497918687361835509e+03,3.569999478779999828e-04
2.497436557502606775e+03,3.620000194807200056e-04
2.496954427643378949e+03,3.659999465640000234e-04
2.496472297784150214e+03,3.689999461259999827e-04
2.495990167924921479e+03,3.719999456879999962e-04
2.495508038065693654e+03,3.740000177287200055e-04
2.495025908206464919e+03,3.749999452500000097e-04
2.494543778347237094e+03,3.749999452500000097e-04
2.494061648488008359e+03,3.749999452500000097e-04
2.493579518628779624e+03,3.740000177287200055e-04
2.493097388769551799e+03,3.719999456879999962e-04
2.492615258910323064e+03,3.689999461259999827e-04
2.492133129051095239e+03,3.659999465640000234e-04
2.491650999191866504e+03,3.629999470020000099e-04
2.491168869332637769e+03,3.590000199187199921e-04
2.490686739473409943e+03,3.539999483160000235e-04
2.490204609614181209e+03,3.500000212327200057e-04
2.489722479754953383e+03,3.449999496299999829e-04
2.489240349895724648e+03,3.400000950254400151e-04
2.488758220036495914e+03,3.359999509439999966e-04
2.488276090177268088e+03,3.310000963394399746e-04
2.487793960318039353e+03,3.260000247367200060e-04
2.487311830458811528e+03,3.220000976534399882e-04
2.486829700599582793e+03,3.170000260507200196e-04
2.486347570740354968e+03,3.130000989674400018e-04
2.485865440881126233e+03,3.100000994054399883e-04
2.485383311021897498e+03,3.059999553240000240e-04
2.484901181162669673e+03,3.029999557620000105e-04
2.484419051303440938e+03,2.999999561999999969e-04
2.483936921444213112e+03,2.969999566379999834e-04
2.483454791584984378e+03,2.939999570760000241e-04
2.482972661725755643e+03,2.920001020334400156e-04
2.482490531866527817e+03,2.900000299927200063e-04
2.482008402007299082e+03,2.889998854732800013e-04
2.481526272148071257e+03,2.870000304307199928e-04
2.481044142288842522e+03,2.860001029094399886e-04
2.480562012429613787e+03,2.849999583899999835e-04
2.480079882570385962e+03,2.849999583899999835e-04
2.479597752711157227e+03,2.840000308687199793e-04
2.479115622851929402e+03,2.840000308687199793e-04
2.478633492992700667e+03,2.830001033474399750e-04
2.478151363133471932e+03,2.830001033474399750e-04
2.477669233274244107e+03,2.819999588280000242e-04
2.477187103415015372e+03,2.819999588280000242e-04
2.476704973555787547e+03,2.810000313067200200e-04
2.476222843696558812e+03,2.800001037854400157e-04
2.475740713837330986e+03,2.780000317447200065e-04
2.475258583978102251e+03,2.770001042234400022e-04
2.474776454118873517e+03,2.750000321827199929e-04
2.474294324259645691e+03,2.729999601419999837e-04
2.473812194400416956e+03,2.710001050994399752e-04
2.473330064541189131e+03,2.680001055374400159e-04
2.472847934681960396e+03,2.660000334967200066e-04
2.472365804822731661e+03,2.630000339347199931e-04
2.471883674963503836e+03,2.600000343727199795e-04
2.471401545104275101e+03,2.570000348107200202e-04
2.470919415245047276e+03,2.540000352487200067e-04
2.470437285385818541e+03,2.510000356867199932e-04
2.469955155526589806e+03,2.480000361247199797e-04
2.469473025667361981e+03,2.450000365627200203e-04
2.468990895808133246e+03,2.420000370007200068e-04
2.468508765948905420e+03,2.379998929192799883e-04
2.468026636089676686e+03,2.349998933572800019e-04
2.467544506230447951e+03,2.320001107934399891e-04
2.467062376371220125e+03,2.289998942332800019e-04
2.466580246511991390e+03,2.260001116694399892e-04
2.466098116652763565e+03,2.240000396287200070e-04
2.465615986793534830e+03,2.210000400667199935e-04
2.465133856934307005e+03,2.180000405047200071e-04
2.464651727075078270e+03,2.159999684639999978e-04
2.464169597215849535e+03,2.139998964232799885e-04
2.463687467356621710e+03,2.110001138594400029e-04
2.463205337497392975e+03,2.090000418187199936e-04
2.462723207638165150e+03,2.069999697780000114e-04
2.462241077778936415e+03,2.049998977372800022e-04
2.461758947919707680e+03,2.030000426947199937e-04
2.461276818060479854e+03,2.019998981752799887e-04
2.460794688201251120e+03,2.000000431327200073e-04
2.460312558342023294e+03,1.989998986132800022e-04
2.459830428482794559e+03,1.979999710919999980e-04
2.459348298623565825e+03,1.970000435707199937e-04
2.458866168764337999e+03,1.959998990512799887e-04
2.458384038905109264e+03,1.949999715300000116e-04
2.457901909045881439e+03,1.940000440087200073e-04
2.457419779186652704e+03,1.929998994892800023e-04
2.456937649327423969e+03,1.919999719679999980e-04
2.456455519468196144e+03,1.919999719679999980e-04
2.455973389608967409e+03,1.910000444467199938e-04
2.455491259749739584e+03,1.899998999272799888e-04
2.455009129890510849e+03,1.899998999272799888e-04
2.454527000031283023e+03,1.889999724060000116e-04
2.454044870172054289e+03,1.889999724060000116e-04
2.453562740312825554e+03,1.880000448847200074e-04
2.453080610453597728e+03,1.880000448847200074e-04
2.452598480594368993e+03,1.880000448847200074e-04
2.452116350735141168e+03,1.880000448847200074e-04
2.451634220875912433e+03,1.880000448847200074e-04
2.451152091016683698e+03,1.880000448847200074e-04
2.450669961157455873e+03,1.889999724060000116e-04
2.450187831298227138e+03,1.889999724060000116e-04
2.449705701438999313e+03,1.899998999272799888e-04
2.449223571579770578e+03,1.910000444467199938e-04
2.448741441720541843e+03,1.919999719679999980e-04
2.448259311861314018e+03,1.929998994892800023e-04
2.447777182002085283e+03,1.940000440087200073e-04
2.447295052142857458e+03,1.959998990512799887e-04
2.446812922283628723e+03,1.970000435707199937e-04
2.446330792424399988e+03,1.989998986132800022e-04
2.445848662565172162e+03,2.009999706540000115e-04
2.445366532705943428e+03,2.039999702159999979e-04
2.444884402846715602e+03,2.060000422567200072e-04
2.444402272987486867e+03,2.079998972992799886e-04
2.443920143128258132e+03,2.110001138594400029e-04
2.443438013269030307e+03,2.139998964232799885e-04
2.442955883409801572e+03,2.169998959852800021e-04
2.442473753550573747e+03,2.210000400667199935e-04
2.441991623691345012e+03,2.249999671500000113e-04
2.441509493832117187e+03,2.289998942332800019e-04
2.441027363972888452e+03,2.330000383147199934e-04
2.440545234113659717e+03,2.379998929192799883e-04
2.440063104254431892e+03,2.429999645220000111e-04
2.439580974395203157e+03,2.489999636459999839e-04
2.439098844535975331e+03,2.549999627700000110e-04
2.438616714676746597e+03,2.609999618939999838e-04
2.438134584817517862e+03,2.680001055374400159e-04
2.437652454958290036e+03,2.739998876632799879e-04
2.437170325099061301e+03,2.819999588280000242e-04
2.436688195239833476e+03,2.889998854732800013e-04
2.436206065380604741e+03,2.969999566379999834e-04
2.435723935521376006e+03,3.050000278027200197e-04
2.435241805662148181e+03,3.130000989674400018e-04
2.434759675802919446e+03,3.209999531339999832e-04
2.434277545943691621e+03,3.299999518200000237e-04
2.433795416084462886e+03,3.389999505060000101e-04
2.433313286225234151e+03,3.470000216707199922e-04
2.432831156366006326e+03,3.560000203567199786e-04
2.432349026506777591e+03,3.650000190427200191e-04
2.431866896647549765e+03,3.740000177287200055e-04
2.431384766788321031e+03,3.820000888934399876e-04
2.430902636929093205e+03,3.899999430600000231e-04
2.430420507069864470e+03,3.980000142247200052e-04
2.429938377210635736e+03,4.060000853894399873e-04
2.429456247351407910e+03,4.130000120347200186e-04
2.428974117492179175e+03,4.199999386799999957e-04
2.428491987632951350e+03,4.270000823234399736e-04
2.428009857773722615e+03,4.330000814474400006e-04
2.427527727914493880e+03,4.390000805714399735e-04
2.427045598055266055e+03,4.450000796954400005e-04
2.426563468196037320e+03,4.510000788194399733e-04
2.426081338336809495e+03,4.559999334239999954e-04
2.425599208477580760e+03,4.610000050267200182e-04
2.425117078618352025e+03,4.660000766294399867e-04
2.424634948759124200e+03,4.709999312340000088e-04
2.424152818899895465e+03,4.750000753154399731e-04
2.423670689040667639e+03,4.790000023987199909e-04
2.423188559181438904e+03,4.840000740014400137e-04
2.422706429322210170e+03,4.880000010847199772e-04
2.422224299462982344e+03,4.919999281680000492e-04
2.421742169603753609e+03,4.949999277300000085e-04
2.421260039744525784e+03,4.990000718114400271e-04
2.420777909885297049e+03,5.029999988947200448e-04
2.420295780026069224e+03,5.069999259779999542e-04
2.419813650166840489e+03,5.099999255400000219e-04
2.419331520307611754e+03,5.129999251019999812e-04
2.418849390448383929e+03,5.159999246640000490e-04
2.418367260589155194e+03,5.189999242260000083e-04
2.417885130729927369e+03,5.209999962667200175e-04
2.417403000870698634e+03,5.230000683074400268e-04
2.416920871011469899e+03,5.239999958287199769e-04
2.416438741152242073e+03,5.249999233500000353e-04
2.415956611293013339e+03,5.239999958287199769e-04
2.415474481433785513e+03,5.230000683074400268e-04
2.414992351574556778e+03,5.209999962667200175e-04
2.414510221715328044e+03,5.170000691834399998e-04
2.414028091856100218e+03,5.129999251019999812e-04
2.413545961996871483e+03,5.089999980187199635e-04
2.413063832137643658e+03,5.029999988947200448e-04
2.412581702278414923e+03,4.969999997707200178e-04
2.412099572419186188e+03,4.910000006467199907e-04
2.411617442559958363e+03,4.840000740014400137e-04
2.411135312700729628e+03,4.769999303579999816e-04
2.410653182841501803e+03,4.709999312340000088e-04
2.410171052982273068e+03,4.649999321099999817e-04
2.409688923123045242e+03,4.589999329860000089e-04
2.409206793263816508e+03,4.529999338619999818e-04
2.408724663404587773e+03,4.480000792574400140e-04
2.408242533545359947e+03,4.439999351759999955e-04
2.407760403686131212e+03,4.409999356139999820e-04
2.407278273826903387e+03,4.379999360520000226e-04
2.406796143967674652e+03,4.360000810094400141e-04
2.406314014108445917e+03,4.349999364900000091e-04
2.405831884249218092e+03,4.340000089687200049e-04
2.405349754389989357e+03,4.340000089687200049e-04
2.404867624530761532e+03,4.349999364900000091e-04
2.404385494671532797e+03,4.360000810094400141e-04
2.403903364812304062e+03,4.370000085307200184e-04
2.403421234953076237e+03,4.390000805714399735e-04
2.402939105093847502e+03,4.409999356139999820e-04
2.402456975234619676e+03,4.439999351759999955e-04
2.401974845375390942e+03,4.469999347380000090e-04
2.401492715516162207e+03,4.499999343000000225e-04
2.401010585656934381e+03,4.529999338619999818e-04
2.400528455797705647e+03,4.559999334239999954e-04
2.400046325938477821e+03,4.600000775054400139e-04
2.399564196079249086e+03,4.630000770674399732e-04
2.399082066220021261e+03,4.660000766294399867e-04
2.398599936360792526e+03,4.690000761914400003e-04
2.398117806501563791e+03,4.720000757534400138e-04
2.397635676642335966e+03,4.739999307960000223e-04
2.397153546783107231e+03,4.760000028367199773e-04
2.396671416923879406e+03,4.780000748774399866e-04
2.396189287064650671e+03,4.799999299199999951e-04
2.395707157205421936e+03,4.810000744394400001e-04
2.395225027346194111e+03,4.820000019607200044e-04
2.394742897486965376e+03,4.820000019607200044e-04
2.394260767627737550e+03,4.820000019607200044e-04
2.393778637768508815e+03,4.820000019607200044e-04
2.393296507909280081e+03,4.820000019607200044e-04
2.392814378050052255e+03,4.810000744394400001e-04
2.392332248190823520e+03,4.799999299199999951e-04
2.391850118331595695e+03,4.790000023987199909e-04
2.391367988472366960e+03,4.780000748774399866e-04
2.390885858613138225e+03,4.760000028367199773e-04
2.390403728753910400e+03,4.730000032747200180e-04
2.389921598894681665e+03,4.709999312340000088e-04
2.389439469035453840e+03,4.670000041507199910e-04
2.388957339176225105e+03,4.630000770674399732e-04
2.388475209316997280e+03,4.589999329860000089e-04
2.387993079457768545e+03,4.529999338619999818e-04
2.387510949598539810e+03,4.480000792574400140e-04
2.387028819739311984e+03,4.409999356139999820e-04
2.386546689880083250e+03,4.340000089687200049e-04
2.386064560020855424e+03,4.259999378040000228e-04
2.385582430161626689e+03,4.180000836374399872e-04
2.385100300302397955e+03,4.100000124727200051e-04
2.384618170443170129e+03,4.010000137867200188e-04
2.384136040583941394e+03,3.920000151007199782e-04
2.383653910724713569e+03,3.820000888934399876e-04
2.383171780865484834e+03,3.730000902074400012e-04
2.382689651006256099e+03,3.640000915214400149e-04
2.382207521147028274e+03,3.539999483160000235e-04
2.381725391287799539e+03,3.449999496299999829e-04
2.381243261428571714e+03,3.359999509439999966e-04
2.380761131569342979e+03,3.269999522580000102e-04
2.380279001710114244e+03,3.179999535720000239e-04
2.379796871850886419e+03,3.100000994054399883e-04
2.379314741991657684e+03,3.010001007194400020e-04
2.378832612132429858e+03,2.930000295547200199e-04
2.378350482273201123e+03,2.860001029094399886e-04
2.377868352413973298e+03,2.780000317447200065e-04
2.377386222554744563e+03,2.710001050994399752e-04
2.376904092695515828e+03,2.650001059754400023e-04
2.376421962836288003e+03,2.579999623320000245e-04
2.375939832977059268e+03,2.519999632079999974e-04
2.375457703117831443e+03,2.459999640840000246e-04
2.374975573258602708e+03,2.410001094794400026e-04
2.374493443399373973e+03,2.360000378767200069e-04
2.374011313540146148e+03,2.309999662740000112e-04
2.373529183680917413e+03,2.260001116694399892e-04
2.373047053821689587e+03,2.219999675879999977e-04
2.372564923962460853e+03,2.180000405047200071e-04
2.372082794103232118e+03,2.139998964232799885e-04
2.371600664244004292e+03,2.110001138594400029e-04
2.371118534384775558e+03,2.079998972992799886e-04
2.370636404525547732e+03,2.049998977372800022e-04
2.370154274666318997e+03,2.019998981752799887e-04
2.369672144807090262e+03,1.989998986132800022e-04
2.369190014947862437e+03,1.970000435707199937e-04
2.368707885088633702e+03,1.949999715300000116e-04
2.368225755229405877e+03,1.929998994892800023e-04
2.367743625370177142e+03,1.910000444467199938e-04
2.367261495510949317e+03,1.899998999272799888e-04
2.366779365651720582e+03,1.889999724060000116e-04
2.366297235792491847e+03,1.880000448847200074e-04
2.365815105933264022e+03,1.869999003652800024e-04
2.365332976074035287e+03,1.869999003652800024e-04
2.364850846214807461e+03,1.869999003652800024e-04
2.364368716355578727e+03,1.869999003652800024e-04
2.363886586496349992e+03,1.880000448847200074e-04
2.363404456637122166e+03,1.880000448847200074e-04
2.362922326777893431e+03,1.899998999272799888e-04
2.362440196918665606e+03,1.910000444467199938e-04
2.361958067059436871e+03,1.929998994892800023e-04
2.361475937200208136e+03,1.949999715300000116e-04
2.360993807340980311e+03,1.970000435707199937e-04
2.360511677481751576e+03,2.000000431327200073e-04
2.360029547622523751e+03,2.030000426947199937e-04
2.359547417763295016e+03,2.060000422567200072e-04
2.359065287904066281e+03,2.090000418187199936e-04
2.358583158044838456e+03,2.129999689020000114e-04
2.358101028185609721e+03,2.169998959852800021e-04
2.357618898326381895e+03,2.199998955472799885e-04
2.357136768467153161e+03,2.240000396287200070e-04
2.356654638607925335e+03,2.270000391907199934e-04
2.356172508748696600e+03,2.309999662740000112e-04
2.355690378889467866e+03,2.330000383147199934e-04
2.355208249030240040e+03,2.360000378767200069e-04
2.354726119171011305e+03,2.379998929192799883e-04
2.354243989311783480e+03,2.399999649599999976e-04
2.353761859452554745e+03,2.410001094794400026e-04
2.353279729593326010e+03,2.420000370007200068e-04
2.352797599734098185e+03,2.420000370007200068e-04
2.352315469874869450e+03,2.420000370007200068e-04
2.351833340015641625e+03,2.420000370007200068e-04
2.351351210156412890e+03,2.410001094794400026e-04
2.350869080297184155e+03,2.399999649599999976e-04
2.350386950437956330e+03,2.390000374387199933e-04
2.349904820578727595e+03,2.379998929192799883e-04
2.349422690719499769e+03,2.369999653980000111e-04
2.348940560860271034e+03,2.360000378767200069e-04
2.348458431001042300e+03,2.360000378767200069e-04
2.347976301141814474e+03,2.349998933572800019e-04
2.347494171282585739e+03,2.339999658359999976e-04
2.347012041423357914e+03,2.339999658359999976e-04
2.346529911564129179e+03,2.339999658359999976e-04
2.346047781704901354e+03,2.330000383147199934e-04
2.345565651845672619e+03,2.330000383147199934e-04
2.345083521986443884e+03,2.330000383147199934e-04
2.344601392127216059e+03,2.330000383147199934e-04
2.344119262267987324e+03,2.330000383147199934e-04
2.343637132408759499e+03,2.330000383147199934e-04
2.343155002549530764e+03,2.330000383147199934e-04
2.342672872690302029e+03,2.330000383147199934e-04
2.342190742831074203e+03,2.320001107934399891e-04
2.341708612971845469e+03,2.309999662740000112e-04
2.341226483112617643e+03,2.300000387527200069e-04
2.340744353253388908e+03,2.279999667119999977e-04
2.340262223394160173e+03,2.270000391907199934e-04
2.339780093534932348e+03,2.249999671500000113e-04
2.339297963675703613e+03,2.240000396287200070e-04
2.338815833816475788e+03,2.229998951092800020e-04
2.338333703957247053e+03,2.210000400667199935e-04
2.337851574098018318e+03,2.199998955472799885e-04
2.337369444238790493e+03,2.199998955472799885e-04
2.336887314379561758e+03,2.189999680260000113e-04
2.336405184520333933e+03,2.169998959852800021e-04
2.335923054661105198e+03,2.150000409427199935e-04
2.335440924801877372e+03,2.120000413807200071e-04
2.334958794942648638e+03,2.079998972992799886e-04
2.334476665083419903e+03,2.039999702159999979e-04
2.333994535224192077e+03,2.000000431327200073e-04
2.333512405364963342e+03,1.959998990512799887e-04
2.333030275505735517e+03,1.919999719679999980e-04
2.332548145646506782e+03,1.889999724060000116e-04
2.332066015787278047e+03,1.859999728439999981e-04
2.331583885928050222e+03,1.839999008032799888e-04
2.331101756068821487e+03,1.820000457607200074e-04
2.330619626209593662e+03,1.790000461987199939e-04
2.330137496350364927e+03,1.779999016792799889e-04
2.329655366491136192e+03,1.760000466367200075e-04
2.329173236631908367e+03,1.739999745959999982e-04
2.328691106772679632e+03,1.730000470747199940e-04
2.328208976913451806e+03,1.709999750340000118e-04
2.327726847054223072e+03,1.700000475127200076e-04
2.327244717194994337e+03,1.689999029932800025e-04
2.326762587335766511e+03,1.679999754719999983e-04
2.326280457476537777e+03,1.670000479507199940e-04
2.325798327617309951e+03,1.659999034312799890e-04
2.325316197758081216e+03,1.649999759100000119e-04
2.324834067898853391e+03,1.649999759100000119e-04
2.324351938039624656e+03,1.640000483887200076e-04
2.323869808180395921e+03,1.629999038692800026e-04
2.323387678321168096e+03,1.629999038692800026e-04
2.322905548461939361e+03,1.619999763479999984e-04
2.322423418602711536e+03,1.619999763479999984e-04
2.321941288743482801e+03,1.610000488267199941e-04
2.321459158884254066e+03,1.599999043072799891e-04
2.320977029025026241e+03,1.589999767860000119e-04
2.320494899165797506e+03,1.589999767860000119e-04
2.320012769306569680e+03,1.580000492647200077e-04
2.319530639447340945e+03,1.569999047452800027e-04
2.319048509588112211e+03,1.559999772239999984e-04
2.318566379728884385e+03,1.559999772239999984e-04
2.318084249869655650e+03,1.550000497027199942e-04
2.317602120010427825e+03,1.539999051832799891e-04
2.317119990151199090e+03,1.529999776620000120e-04
2.316637860291970355e+03,1.529999776620000120e-04
2.316155730432742530e+03,1.520000501407200077e-04
2.315673600573513795e+03,1.509999056212800027e-04
2.315191470714285970e+03,1.499999780999999985e-04
2.314709340855057235e+03,1.490000505787199942e-04
2.314227210995829410e+03,1.479999060592799892e-04
2.313745081136600675e+03,1.469999785380000121e-04
2.313262951277371940e+03,1.460000510167200078e-04
2.312780821418144114e+03,1.449999064972800028e-04
2.312298691558915380e+03,1.439999789759999985e-04
2.311816561699687554e+03,1.419999069352799893e-04
2.311334431840458819e+03,1.409999794140000121e-04
2.310852301981230084e+03,1.400000518927200079e-04
2.310370172122002259e+03,1.389999073732800028e-04
2.309888042262773524e+03,1.379999798519999986e-04
2.309405912403545699e+03,1.370000523307199943e-04
2.308923782544316964e+03,1.359999078112799893e-04
2.308441652685088229e+03,1.349999802900000122e-04
2.307959522825860404e+03,1.329999082492800029e-04
2.307477392966631669e+03,1.319999807279999987e-04
2.306995263107403844e+03,1.310000532067199944e-04
2.306513133248175109e+03,1.299999086872799894e-04
2.306031003388946374e+03,1.289999811660000122e-04
2.305548873529718549e+03,1.280000536447200080e-04
2.305066743670489814e+03,1.269999091252800030e-04
2.304584613811261988e+03,1.259999816039999987e-04
2.304102483952033253e+03,1.250000540827199945e-04
2.303620354092805428e+03,1.239999095632799894e-04
2.303138224233576693e+03,1.229999820420000123e-04
2.302656094374347958e+03,1.229999820420000123e-04
2.302173964515120133e+03,1.220000545207199945e-04
2.301691834655891398e+03,1.209999100012800030e-04
2.301209704796663573e+03,1.209999100012800030e-04
2.300727574937434838e+03,1.199999824799999988e-04
2.300245445078206103e+03,1.199999824799999988e-04
2.299763315218978278e+03,1.199999824799999988e-04
2.299281185359749543e+03,1.190000549587199945e-04
2.298799055500521717e+03,1.190000549587199945e-04
2.298316925641292983e+03,1.199999824799999988e-04
2.297834795782064248e+03,1.199999824799999988e-04
2.297352665922836422e+03,1.199999824799999988e-04
2.296870536063607688e+03,1.199999824799999988e-04
2.296388406204379862e+03,1.199999824799999988e-04
2.295906276345151127e+03,1.199999824799999988e-04
2.295424146485922392e+03,1.199999824799999988e-04
2.294942016626694567e+03,1.209999100012800030e-04
2.294459886767465832e+03,1.209999100012800030e-04
2.293977756908238007e+03,1.209999100012800030e-04
2.293495627049009272e+03,1.209999100012800030e-04
2.293013497189781447e+03,1.209999100012800030e-04
2.292531367330552712e+03,1.220000545207199945e-04
2.292049237471323977e+03,1.220000545207199945e-04
2.291567107612096152e+03,1.220000545207199945e-04
2.291084977752867417e+03,1.229999820420000123e-04
2.290602847893639591e+03,1.229999820420000123e-04
2.290120718034410856e+03,1.229999820420000123e-04
2.289638588175182122e+03,1.239999095632799894e-04
2.289156458315954296e+03,1.239999095632799894e-04
2.288674328456725561e+03,1.239999095632799894e-04
2.288192198597497736e+03,1.239999095632799894e-04
2.287710068738269001e+03,1.239999095632799894e-04
2.287227938879040266e+03,1.250000540827199945e-04
2.286745809019812441e+03,1.250000540827199945e-04
2.286263679160583706e+03,1.250000540827199945e-04
2.285781549301355881e+03,1.250000540827199945e-04
2.285299419442127146e+03,1.259999816039999987e-04
2.284817289582898411e+03,1.259999816039999987e-04
2.284335159723670586e+03,1.259999816039999987e-04
2.283853029864441851e+03,1.269999091252800030e-04
2.283370900005214025e+03,1.269999091252800030e-04
2.282888770145985291e+03,1.269999091252800030e-04
2.282406640286757465e+03,1.269999091252800030e-04
2.281924510427528730e+03,1.269999091252800030e-04
2.281442380568299996e+03,1.269999091252800030e-04
2.280960250709072170e+03,1.280000536447200080e-04
2.280478120849843435e+03,1.280000536447200080e-04
2.279995990990615610e+03,1.280000536447200080e-04
2.279513861131386875e+03,1.280000536447200080e-04
2.279031731272158140e+03,1.289999811660000122e-04
2.278549601412930315e+03,1.289999811660000122e-04
2.278067471553701580e+03,1.299999086872799894e-04
2.277585341694473755e+03,1.299999086872799894e-04
2.277103211835245020e+03,1.310000532067199944e-04
2.276621081976016285e+03,1.310000532067199944e-04
2.276138952116788460e+03,1.319999807279999987e-04
2.275656822257559725e+03,1.329999082492800029e-04
2.275174692398331899e+03,1.340000527687200079e-04
2.274692562539103164e+03,1.340000527687200079e-04
2.274210432679874430e+03,1.349999802900000122e-04
2.273728302820646604e+03,1.370000523307199943e-04
2.273246172961417869e+03,1.379999798519999986e-04
2.272764043102190044e+03,1.389999073732800028e-04
2.272281913242961309e+03,1.409999794140000121e-04
2.271799783383733484e+03,1.430000514547199943e-04
2.271317653524504749e+03,1.439999789759999985e-04
2.270835523665276014e+03,1.460000510167200078e-04
2.270353393806048189e+03,1.479999060592799892e-04
2.269871263946819454e+03,1.509999056212800027e-04
2.269389134087591628e+03,1.529999776620000120e-04
2.268907004228362894e+03,1.550000497027199942e-04
2.268424874369134159e+03,1.569999047452800027e-04
2.267942744509906333e+03,1.599999043072799891e-04
2.267460614650677599e+03,1.629999038692800026e-04
2.266978484791449773e+03,1.649999759100000119e-04
2.266496354932221038e+03,1.679999754719999983e-04
2.266014225072992303e+03,1.709999750340000118e-04
2.265532095213764478e+03,1.739999745959999982e-04
2.265049965354535743e+03,1.779999016792799889e-04
2.264567835495307918e+03,1.809999012412800024e-04
2.264085705636079183e+03,1.850000453227199939e-04
2.263603575776850448e+03,1.880000448847200074e-04
2.263121445917622623e+03,1.919999719679999980e-04
2.262639316058393888e+03,1.949999715300000116e-04
2.262157186199166063e+03,1.989998986132800022e-04
2.261675056339937328e+03,2.030000426947199937e-04
2.261192926480709502e+03,2.069999697780000114e-04
2.260710796621480767e+03,2.099999693399999979e-04
2.260228666762252033e+03,2.139998964232799885e-04
2.259746536903024207e+03,2.180000405047200071e-04
2.259264407043795472e+03,2.219999675879999977e-04
2.258782277184567647e+03,2.260001116694399892e-04
2.258300147325338912e+03,2.300000387527200069e-04
2.257818017466110177e+03,2.339999658359999976e-04
2.257335887606882352e+03,2.379998929192799883e-04
2.256853757747653617e+03,2.420000370007200068e-04
2.256371627888425792e+03,2.450000365627200203e-04
2.255889498029197057e+03,2.489999636459999839e-04
2.255407368169968322e+03,2.519999632079999974e-04
2.254925238310740497e+03,2.560001072894400160e-04
2.254443108451511762e+03,2.589998898532799745e-04
2.253960978592283936e+03,2.619998894152799880e-04
2.253478848733055202e+03,2.660000334967200066e-04
2.252996718873826467e+03,2.690000330587200201e-04
2.252514589014598641e+03,2.720000326207199794e-04
2.252032459155369907e+03,2.759999597039999972e-04
2.251550329296142081e+03,2.789999592660000107e-04
2.251068199436913346e+03,2.830001033474399750e-04
2.250586069577685521e+03,2.860001029094399886e-04
2.250103939718456786e+03,2.900000299927200063e-04
2.249621809859228051e+03,2.930000295547200199e-04
2.249139680000000226e+03,2.960000291167199792e-04
2.248657550140771491e+03,2.999999561999999969e-04
2.248175420281543666e+03,3.029999557620000105e-04
2.247693290422314931e+03,3.059999553240000240e-04
2.247211160563086196e+03,3.089999548859999833e-04
2.246729030703858371e+03,3.119999544479999968e-04
2.246246900844629636e+03,3.140000264887200061e-04
2.245764770985401810e+03,3.170000260507200196e-04
2.245282641126173075e+03,3.200000256127199789e-04
2.244800511266944341e+03,3.220000976534399882e-04
2.244318381407716515e+03,3.250000972154400017e-04
2.243836251548487780e+03,3.269999522580000102e-04
2.243354121689259955e+03,3.290000242987200195e-04
2.242871991830031220e+03,3.310000963394399746e-04
2.242389861970802485e+03,3.340000959014399881e-04
2.241907732111574660e+03,3.359999509439999966e-04
2.241425602252345925e+03,3.380000229847200059e-04
2.240943472393118100e+03,3.410000225467200194e-04
2.240461342533889365e+03,3.430000945874399744e-04
2.239979212674661539e+03,3.449999496299999829e-04
2.239497082815432805e+03,3.479999491919999965e-04
2.239014952956204070e+03,3.500000212327200057e-04
2.238532823096976244e+03,3.530000207947200193e-04
2.238050693237747510e+03,3.550000928354399743e-04
2.237568563378519684e+03,3.569999478779999828e-04
2.237086433519290949e+03,3.599999474399999963e-04
2.236604303660062214e+03,3.620000194807200056e-04
2.236122173800834389e+03,3.640000915214400149e-04
2.235640043941605654e+03,3.650000190427200191e-04
2.235157914082377829e+03,3.670000910834399742e-04
2.234675784223149094e+03,3.680000186047199784e-04
2.234193654363920359e+03,3.680000186047199784e-04
2.233711524504692534e+03,3.689999461259999827e-04
2.233229394645463799e+03,3.689999461259999827e-04
2.232747264786235974e+03,3.689999461259999827e-04
2.232265134927007239e+03,3.689999461259999827e-04
2.231783005067778504e+03,3.680000186047199784e-04
2.231300875208550679e+03,3.680000186047199784e-04
2.230818745349321944e+03,3.659999465640000234e-04
2.230336615490094118e+03,3.650000190427200191e-04
2.229854485630865383e+03,3.629999470020000099e-04
2.229372355771637558e+03,3.620000194807200056e-04
2.228890225912408823e+03,3.590000199187199921e-04
2.228408096053180088e+03,3.569999478779999828e-04
2.227925966193952263e+03,3.550000928354399743e-04
2.227443836334723528e+03,3.530000207947200193e-04
2.226961706475495703e+03,3.500000212327200057e-04
2.226479576616266968e+03,3.479999491919999965e-04
2.225997446757038233e+03,3.449999496299999829e-04
2.225515316897810408e+03,3.430000945874399744e-04
2.225033187038581673e+03,3.410000225467200194e-04
2.224551057179353847e+03,3.389999505060000101e-04
2.224068927320125113e+03,3.370000954634400016e-04
2.223586797460896378e+03,3.350000234227199923e-04
2.223104667601668552e+03,3.329999513819999831e-04
2.222622537742439818e+03,3.320000238607199788e-04
2.222140407883211992e+03,3.299999518200000237e-04
2.221658278023983257e+03,3.290000242987200195e-04
2.221176148164754522e+03,3.280000967774400152e-04
2.220694018305526697e+03,3.269999522580000102e-04
2.220211888446297962e+03,3.260000247367200060e-04
2.219729758587070137e+03,3.250000972154400017e-04
2.219247628727841402e+03,3.239999526959999967e-04
2.218765498868612667e+03,3.230000251747199925e-04
2.218283369009384842e+03,3.230000251747199925e-04
2.217801239150156107e+03,3.220000976534399882e-04
2.217319109290928282e+03,3.209999531339999832e-04
2.216836979431699547e+03,3.209999531339999832e-04
2.216354849572471721e+03,3.200000256127199789e-04
2.215872719713242986e+03,3.190000980914399747e-04
2.215390589854014252e+03,3.179999535720000239e-04
2.214908459994786426e+03,3.170000260507200196e-04
2.214426330135557691e+03,3.149999540100000103e-04
2.213944200276329866e+03,3.140000264887200061e-04
2.213462070417101131e+03,3.130000989674400018e-04
2.212979940557872396e+03,3.110000269267199926e-04
2.212497810698644571e+03,3.100000994054399883e-04
2.212015680839415836e+03,3.080000273647199791e-04
2.211533550980188011e+03,3.070000998434399748e-04
2.211051421120959276e+03,3.050000278027200197e-04
2.210569291261730541e+03,3.039998832832800147e-04
2.210087161402502716e+03,3.029999557620000105e-04
2.209605031543273981e+03,3.020000282407200062e-04
2.209122901684046155e+03,2.999999561999999969e-04
2.208640771824817421e+03,2.990000286787199927e-04
2.208158641965588686e+03,2.980001011574399884e-04
2.207676512106360860e+03,2.980001011574399884e-04
2.207194382247132125e+03,2.969999566379999834e-04
2.206712252387904300e+03,2.960000291167199792e-04
2.206230122528675565e+03,2.960000291167199792e-04
2.205747992669447740e+03,2.960000291167199792e-04
2.205265862810219005e+03,2.960000291167199792e-04
2.204783732950990270e+03,2.960000291167199792e-04
2.204301603091762445e+03,2.969999566379999834e-04
2.203819473232533710e+03,2.980001011574399884e-04
2.203337343373305885e+03,2.980001011574399884e-04
2.202855213514077150e+03,2.990000286787199927e-04
2.202373083654848415e+03,3.010001007194400020e-04
2.201890953795620590e+03,3.020000282407200062e-04
2.201408823936391855e+03,3.029999557620000105e-04
2.200926694077164029e+03,3.039998832832800147e-04
2.200444564217935294e+03,3.059999553240000240e-04
2.199962434358706560e+03,3.070000998434399748e-04
2.199480304499478734e+03,3.089999548859999833e-04
2.198998174640249999e+03,3.110000269267199926e-04
2.198516044781022174e+03,3.119999544479999968e-04
2.198033914921793439e+03,3.140000264887200061e-04
2.197551785062564704e+03,3.160000985294400154e-04
2.197069655203336879e+03,3.170000260507200196e-04
2.196587525344108144e+03,3.190000980914399747e-04
2.196105395484880319e+03,3.200000256127199789e-04
2.195623265625651584e+03,3.209999531339999832e-04
2.195141135766423758e+03,3.230000251747199925e-04
2.194659005907195024e+03,3.239999526959999967e-04
2.194176876047966289e+03,3.250000972154400017e-04
2.193694746188738463e+03,3.260000247367200060e-04
2.193212616329509729e+03,3.269999522580000102e-04
2.192730486470281903e+03,3.280000967774400152e-04
2.192248356611053168e+03,3.290000242987200195e-04
2.191766226751824433e+03,3.299999518200000237e-04
2.191284096892596608e+03,3.310000963394399746e-04
2.190801967033367873e+03,3.320000238607199788e-04
2.190319837174140048e+03,3.340000959014399881e-04
2.189837707314911313e+03,3.350000234227199923e-04
2.189355577455682578e+03,3.359999509439999966e-04
2.188873447596454753e+03,3.380000229847200059e-04
2.188391317737226018e+03,3.400000950254400151e-04
2.187909187877998193e+03,3.410000225467200194e-04
2.187427058018769458e+03,3.430000945874399744e-04
2.186944928159540723e+03,3.449999496299999829e-04
2.186462798300312897e+03,3.470000216707199922e-04
2.185980668441084163e+03,3.490000937114400015e-04
2.185498538581856337e+03,3.520000932734400150e-04
2.185016408722627602e+03,3.539999483160000235e-04
2.184534278863399777e+03,3.569999478779999828e-04
2.184052149004171042e+03,3.590000199187199921e-04
2.183570019144942307e+03,3.620000194807200056e-04
2.183087889285714482e+03,3.650000190427200191e-04
2.182605759426485747e+03,3.680000186047199784e-04
2.182123629567257922e+03,3.710000181667199920e-04
2.181641499708029187e+03,3.730000902074400012e-04
2.181159369848800452e+03,3.760000897694400148e-04
2.180677239989572627e+03,3.790000893314399741e-04
2.180195110130343892e+03,3.820000888934399876e-04
2.179712980271116066e+03,3.850000884554400011e-04
2.179230850411887332e+03,3.880000880174400146e-04
2.178748720552658597e+03,3.910000875794399739e-04
2.178266590693430771e+03,3.929999426219999824e-04
2.177784460834202036e+03,3.959999421839999960e-04
2.177302330974974211e+03,3.989999417460000095e-04
2.176820201115745476e+03,4.010000137867200188e-04
2.176338071256516741e+03,4.040000133487199781e-04
2.175855941397288916e+03,4.060000853894399873e-04
2.175373811538060181e+03,4.079999404319999958e-04
2.174891681678832356e+03,4.100000124727200051e-04
2.174409551819603621e+03,4.120000845134400144e-04
2.173927421960375796e+03,4.130000120347200186e-04
2.173445292101147061e+03,4.150000840754399737e-04
2.172963162241918326e+03,4.160000115967199780e-04
2.172481032382690501e+03,4.169999391179999822e-04
2.171998902523461766e+03,4.180000836374399872e-04
2.171516772664233940e+03,4.190000111587199915e-04
2.171034642805005205e+03,4.199999386799999957e-04
2.170552512945776471e+03,4.210000831994400007e-04
2.170070383086548645e+03,4.210000831994400007e-04
2.169588253227319910e+03,4.210000831994400007e-04
2.169106123368092085e+03,4.210000831994400007e-04
2.168623993508863350e+03,4.210000831994400007e-04
2.168141863649634615e+03,4.210000831994400007e-04
2.167659733790406790e+03,4.199999386799999957e-04
2.167177603931178055e+03,4.199999386799999957e-04
2.166695474071950230e+03,4.190000111587199915e-04
2.166213344212721495e+03,4.180000836374399872e-04
2.165731214353492760e+03,4.180000836374399872e-04
2.165249084494264935e+03,4.169999391179999822e-04
2.164766954635036200e+03,4.160000115967199780e-04
2.164284824775808374e+03,4.150000840754399737e-04
2.163802694916579640e+03,4.130000120347200186e-04
2.163320565057351814e+03,4.120000845134400144e-04
2.162838435198123079e+03,4.109999399940000094e-04
2.162356305338894344e+03,4.090000849514400009e-04
2.161874175479666519e+03,4.070000129107199916e-04
2.161392045620437784e+03,4.060000853894399873e-04
2.160909915761209959e+03,4.040000133487199781e-04
2.160427785901981224e+03,4.019999413080000230e-04
2.159945656042752489e+03,3.989999417460000095e-04
2.159463526183524664e+03,3.970000867034400010e-04
2.158981396324295929e+03,3.950000146627199917e-04
2.158499266465068104e+03,3.920000151007199782e-04
2.158017136605839369e+03,3.899999430600000231e-04
2.157535006746610634e+03,3.869999434980000096e-04
2.157052876887382808e+03,3.850000884554400011e-04
2.156570747028154074e+03,3.820000888934399876e-04
2.156088617168926248e+03,3.800000168527199783e-04
2.155606487309697513e+03,3.770000172907200190e-04
2.155124357450468779e+03,3.749999452500000097e-04
2.154642227591240953e+03,3.719999456879999962e-04
2.154160097732012218e+03,3.689999461259999827e-04
2.153677967872784393e+03,3.659999465640000234e-04
2.153195838013555658e+03,3.629999470020000099e-04
2.152713708154327833e+03,3.599999474399999963e-04
2.152231578295099098e+03,3.569999478779999828e-04
2.151749448435870363e+03,3.539999483160000235e-04
2.151267318576642538e+03,3.500000212327200057e-04
2.150785188717413803e+03,3.470000216707199922e-04
2.150303058858185977e+03,3.430000945874399744e-04
2.149820928998957243e+03,3.389999505060000101e-04
2.149338799139728508e+03,3.350000234227199923e-04
2.148856669280500682e+03,3.299999518200000237e-04
2.148374539421271948e+03,3.250000972154400017e-04
2.147892409562044122e+03,3.200000256127199789e-04
2.147410279702815387e+03,3.140000264887200061e-04
2.146928149843586652e+03,3.089999548859999833e-04
2.146446019984358827e+03,3.029999557620000105e-04
2.145963890125130092e+03,2.969999566379999834e-04
2.145481760265902267e+03,2.900000299927200063e-04
2.144999630406673532e+03,2.840000308687199793e-04
2.144517500547444797e+03,2.780000317447200065e-04
2.144035370688216972e+03,2.710001050994399752e-04
2.143553240828988237e+03,2.650001059754400023e-04
2.143071110969760412e+03,2.589998898532799745e-04
2.142588981110531677e+03,2.530001077274400025e-04
2.142106851251303851e+03,2.469998916052799746e-04
2.141624721392075116e+03,2.410001094794400026e-04
2.141142591532846382e+03,2.349998933572800019e-04
2.140660461673618556e+03,2.289998942332800019e-04
2.140178331814389821e+03,2.240000396287200070e-04
2.139696201955161996e+03,2.189999680260000113e-04
2.139214072095933261e+03,2.139998964232799885e-04
2.138731942236704526e+03,2.099999693399999979e-04
2.138249812377476701e+03,2.049998977372800022e-04
2.137767682518247966e+03,2.009999706540000115e-04
2.137285552659020141e+03,1.979999710919999980e-04
2.136803422799791406e+03,1.940000440087200073e-04
2.136321292940562671e+03,1.910000444467199938e-04
2.135839163081334846e+03,1.880000448847200074e-04
2.135357033222106111e+03,1.850000453227199939e-04
2.134874903362878285e+03,1.829999732820000117e-04
2.134392773503649551e+03,1.799999737199999982e-04
2.133910643644420816e+03,1.779999016792799889e-04
2.133428513785192990e+03,1.760000466367200075e-04
2.132946383925964255e+03,1.739999745959999982e-04
2.132464254066736430e+03,1.719999025552799890e-04
2.131982124207507695e+03,1.700000475127200076e-04
2.131499994348279870e+03,1.689999029932800025e-04
2.131017864489051135e+03,1.670000479507199940e-04
2.130535734629822400e+03,1.659999034312799890e-04
2.130053604770594575e+03,1.640000483887200076e-04
2.129571474911365840e+03,1.629999038692800026e-04
2.129089345052138015e+03,1.610000488267199941e-04
2.128607215192909280e+03,1.589999767860000119e-04
2.128125085333680545e+03,1.580000492647200077e-04
2.127642955474452719e+03,1.559999772239999984e-04
2.127160825615223985e+03,1.539999051832799891e-04
2.126678695755996159e+03,1.520000501407200077e-04
2.126196565896767424e+03,1.499999780999999985e-04
2.125714436037538690e+03,1.479999060592799892e-04
2.125232306178310864e+03,1.460000510167200078e-04
2.124750176319082129e+03,1.439999789759999985e-04
2.124268046459854304e+03,1.419999069352799893e-04
2.123785916600625569e+03,1.400000518927200079e-04
2.123303786741396834e+03,1.379999798519999986e-04
2.122821656882169009e+03,1.359999078112799893e-04
2.122339527022940274e+03,1.340000527687200079e-04
2.121857397163712449e+03,1.319999807279999987e-04
2.121375267304483714e+03,1.299999086872799894e-04
2.120893137445255888e+03,1.280000536447200080e-04
2.120411007586027154e+03,1.259999816039999987e-04
2.119928877726798419e+03,1.239999095632799894e-04
2.119446747867570593e+03,1.229999820420000123e-04
2.118964618008341859e+03,1.209999100012800030e-04
2.118482488149114033e+03,1.199999824799999988e-04
2.118000358289885298e+03,1.190000549587199945e-04
2.117518228430656563e+03,1.179999104392800031e-04
2.117036098571428738e+03,1.169999829179999988e-04
2.116553968712200003e+03,1.160000553967199946e-04
2.116071838852972178e+03,1.149999108772800031e-04
2.115589708993743443e+03,1.139999833559999988e-04
2.115107579134514708e+03,1.130000558347199946e-04
2.114625449275286883e+03,1.130000558347199946e-04
2.114143319416058148e+03,1.119999113152800031e-04
2.113661189556830323e+03,1.109999837939999989e-04
2.113179059697601588e+03,1.100000562727199946e-04
2.112696929838372853e+03,1.100000562727199946e-04
2.112214799979145027e+03,1.089999117532800032e-04
2.111732670119916293e+03,1.089999117532800032e-04
2.111250540260688467e+03,1.079999842319999989e-04
2.110768410401459732e+03,1.079999842319999989e-04
2.110286280542231907e+03,1.070000567107199946e-04
2.109804150683003172e+03,1.070000567107199946e-04
2.109322020823774437e+03,1.070000567107199946e-04
2.108839890964546612e+03,1.070000567107199946e-04
2.108357761105317877e+03,1.070000567107199946e-04
2.107875631246090052e+03,1.059999121912800032e-04
2.107393501386861317e+03,1.059999121912800032e-04
2.106911371527632582e+03,1.059999121912800032e-04
2.106429241668404757e+03,1.059999121912800032e-04
2.105947111809176022e+03,1.070000567107199946e-04
2.105464981949948196e+03,1.070000567107199946e-04
2.104982852090719462e+03,1.070000567107199946e-04
2.104500722231490727e+03,1.079999842319999989e-04
2.104018592372262901e+03,1.079999842319999989e-04
2.103536462513034166e+03,1.089999117532800032e-04
2.103054332653806341e+03,1.100000562727199946e-04
2.102572202794577606e+03,1.100000562727199946e-04
2.102090072935348871e+03,1.109999837939999989e-04
2.101607943076121046e+03,1.119999113152800031e-04
2.101125813216892311e+03,1.130000558347199946e-04
2.100643683357664486e+03,1.139999833559999988e-04
2.100161553498435751e+03,1.160000553967199946e-04
2.099679423639207926e+03,1.169999829179999988e-04
2.099197293779979191e+03,1.179999104392800031e-04
2.098715163920750456e+03,1.199999824799999988e-04
2.098233034061522631e+03,1.220000545207199945e-04
2.097750904202293896e+03,1.239999095632799894e-04
2.097268774343066070e+03,1.259999816039999987e-04
2.096786644483837335e+03,1.280000536447200080e-04
2.096304514624608601e+03,1.310000532067199944e-04
2.095822384765380775e+03,1.329999082492800029e-04
2.095340254906152040e+03,1.359999078112799893e-04
2.094858125046924215e+03,1.379999798519999986e-04
2.094375995187695480e+03,1.409999794140000121e-04
2.093893865328466745e+03,1.430000514547199943e-04
2.093411735469238920e+03,1.460000510167200078e-04
2.092929605610010185e+03,1.479999060592799892e-04
2.092447475750782360e+03,1.509999056212800027e-04
2.091965345891553625e+03,1.539999051832799891e-04
2.091483216032324890e+03,1.569999047452800027e-04
2.091001086173097065e+03,1.589999767860000119e-04
2.090518956313868330e+03,1.619999763479999984e-04
2.090036826454640504e+03,1.649999759100000119e-04
2.089554696595411770e+03,1.679999754719999983e-04
2.089072566736183944e+03,1.719999025552799890e-04
2.088590436876955209e+03,1.749999021172800025e-04
2.088108307017726474e+03,1.779999016792799889e-04
2.087626177158498649e+03,1.809999012412800024e-04
2.087144047299269914e+03,1.839999008032799888e-04
2.086661917440042089e+03,1.869999003652800024e-04
2.086179787580813354e+03,1.910000444467199938e-04
2.085697657721584619e+03,1.940000440087200073e-04
2.085215527862356794e+03,1.970000435707199937e-04
2.084733398003128059e+03,2.000000431327200073e-04
2.084251268143900234e+03,2.030000426947199937e-04
2.083769138284671499e+03,2.049998977372800022e-04
2.083287008425442764e+03,2.079998972992799886e-04
2.082804878566214938e+03,2.099999693399999979e-04
2.082322748706986204e+03,2.120000413807200071e-04
2.081840618847758378e+03,2.139998964232799885e-04
2.081358488988529643e+03,2.159999684639999978e-04
2.080876359129300909e+03,2.169998959852800021e-04
2.080394229270073083e+03,2.180000405047200071e-04
2.079912099410844348e+03,2.189999680260000113e-04
2.079429969551616523e+03,2.189999680260000113e-04
2.078947839692387788e+03,2.189999680260000113e-04
2.078465709833159963e+03,2.189999680260000113e-04
2.077983579973931228e+03,2.189999680260000113e-04
2.077501450114702493e+03,2.189999680260000113e-04
2.077019320255474668e+03,2.189999680260000113e-04
2.076537190396245933e+03,2.180000405047200071e-04
2.076055060537018107e+03,2.169998959852800021e-04
2.075572930677789373e+03,2.169998959852800021e-04
2.075090800818560638e+03,2.159999684639999978e-04
2.074608670959332812e+03,2.150000409427199935e-04
2.074126541100104077e+03,2.139998964232799885e-04
2.073644411240876252e+03,2.129999689020000114e-04
2.073162281381647517e+03,2.120000413807200071e-04
2.072680151522418782e+03,2.110001138594400029e-04
2.072198021663190957e+03,2.099999693399999979e-04
2.071715891803962222e+03,2.090000418187199936e-04
2.071233761944734397e+03,2.090000418187199936e-04
2.070751632085505662e+03,2.090000418187199936e-04
2.070269502226276927e+03,2.090000418187199936e-04
2.069787372367049102e+03,2.099999693399999979e-04
2.069305242507820367e+03,2.110001138594400029e-04
2.068823112648592542e+03,2.120000413807200071e-04
2.068340982789363807e+03,2.129999689020000114e-04
2.067858852930135981e+03,2.150000409427199935e-04
2.067376723070907246e+03,2.169998959852800021e-04
2.066894593211678512e+03,2.189999680260000113e-04
2.066412463352450686e+03,2.210000400667199935e-04
2.065930333493221951e+03,2.240000396287200070e-04
2.065448203633994126e+03,2.270000391907199934e-04
2.064966073774765391e+03,2.300000387527200069e-04
2.064483943915536656e+03,2.330000383147199934e-04
2.064001814056308831e+03,2.360000378767200069e-04
2.063519684197080096e+03,2.390000374387199933e-04
2.063037554337852271e+03,2.429999645220000111e-04
2.062555424478623536e+03,2.450000365627200203e-04
2.062073294619394801e+03,2.480000361247199797e-04
2.061591164760166976e+03,2.500001081654399889e-04
2.061109034900938241e+03,2.519999632079999974e-04
2.060626905041710415e+03,2.540000352487200067e-04
2.060144775182481681e+03,2.549999627700000110e-04
2.059662645323252946e+03,2.549999627700000110e-04
2.059180515464025120e+03,2.549999627700000110e-04
2.058698385604796385e+03,2.549999627700000110e-04
2.058216255745568560e+03,2.540000352487200067e-04
2.057734125886339825e+03,2.519999632079999974e-04
2.057251996027112000e+03,2.500001081654399889e-04
2.056769866167883265e+03,2.480000361247199797e-04
2.056287736308654530e+03,2.450000365627200203e-04
2.055805606449426705e+03,2.420000370007200068e-04
2.055323476590197970e+03,2.390000374387199933e-04
2.054841346730970145e+03,2.349998933572800019e-04
2.054359216871741410e+03,2.309999662740000112e-04
2.053877087012512675e+03,2.260001116694399892e-04
2.053394957153284849e+03,2.219999675879999977e-04
2.052912827294056115e+03,2.180000405047200071e-04
2.052430697434828289e+03,2.129999689020000114e-04
2.051948567575599554e+03,2.090000418187199936e-04
2.051466437716370820e+03,2.039999702159999979e-04
2.050984307857142994e+03,2.000000431327200073e-04
2.050502177997914259e+03,1.959998990512799887e-04
2.050020048138686434e+03,1.919999719679999980e-04
2.049537918279457699e+03,1.889999724060000116e-04
2.049055788420228964e+03,1.850000453227199939e-04
2.048573658561001139e+03,1.820000457607200074e-04
2.048091528701772404e+03,1.790000461987199939e-04
2.047609398842544579e+03,1.760000466367200075e-04
2.047127268983315844e+03,1.730000470747199940e-04
2.046645139124088018e+03,1.700000475127200076e-04
2.046163009264859284e+03,1.679999754719999983e-04
2.045680879405630549e+03,1.659999034312799890e-04
2.045198749546402723e+03,1.640000483887200076e-04
2.044716619687173988e+03,1.619999763479999984e-04
2.044234489827946163e+03,1.610000488267199941e-04
2.043752359968717428e+03,1.599999043072799891e-04
2.043270230109488693e+03,1.589999767860000119e-04
2.042788100250260868e+03,1.589999767860000119e-04
2.042305970391032133e+03,1.580000492647200077e-04
2.041823840531804308e+03,1.580000492647200077e-04
2.041341710672575573e+03,1.580000492647200077e-04
2.040859580813346838e+03,1.580000492647200077e-04
2.040377450954119013e+03,1.580000492647200077e-04
2.039895321094890278e+03,1.580000492647200077e-04
2.039413191235662453e+03,1.589999767860000119e-04
2.038931061376433718e+03,1.589999767860000119e-04
2.038448931517204983e+03,1.599999043072799891e-04
2.037966801657977157e+03,1.599999043072799891e-04
2.037484671798748423e+03,1.610000488267199941e-04
2.037002541939520597e+03,1.619999763479999984e-04
2.036520412080291862e+03,1.619999763479999984e-04
2.036038282221064037e+03,1.629999038692800026e-04
2.035556152361835302e+03,1.640000483887200076e-04
2.035074022502606567e+03,1.649999759100000119e-04
2.034591892643378742e+03,1.659999034312799890e-04
2.034109762784150007e+03,1.670000479507199940e-04
2.033627632924922182e+03,1.679999754719999983e-04
2.033145503065693447e+03,1.689999029932800025e-04
2.032663373206464712e+03,1.700000475127200076e-04
2.032181243347236887e+03,1.709999750340000118e-04
2.031699113488008152e+03,1.730000470747199940e-04
2.031216983628780326e+03,1.739999745959999982e-04
2.030734853769551592e+03,1.760000466367200075e-04
2.030252723910322857e+03,1.779999016792799889e-04
2.029770594051095031e+03,1.799999737199999982e-04
2.029288464191866296e+03,1.820000457607200074e-04
2.028806334332638471e+03,1.850000453227199939e-04
2.028324204473409736e+03,1.869999003652800024e-04
2.027842074614181001e+03,1.889999724060000116e-04
2.027359944754953176e+03,1.919999719679999980e-04
2.026877814895724441e+03,1.940000440087200073e-04
2.026395685036496616e+03,1.970000435707199937e-04
2.025913555177267881e+03,1.989998986132800022e-04
2.025431425318040056e+03,2.019998981752799887e-04
2.024949295458811321e+03,2.049998977372800022e-04
2.024467165599582586e+03,2.079998972992799886e-04
2.023985035740354760e+03,2.110001138594400029e-04
2.023502905881126026e+03,2.139998964232799885e-04
2.023020776021898200e+03,2.180000405047200071e-04
2.022538646162669465e+03,2.210000400667199935e-04
2.022056516303440731e+03,2.249999671500000113e-04
2.021574386444212905e+03,2.289998942332800019e-04
2.021092256584984170e+03,2.320001107934399891e-04
2.020610126725756345e+03,2.360000378767200069e-04
2.020127996866527610e+03,2.390000374387199933e-04
2.019645867007298875e+03,2.429999645220000111e-04
2.019163737148071050e+03,2.459999640840000246e-04
2.018681607288842315e+03,2.489999636459999839e-04
2.018199477429614490e+03,2.519999632079999974e-04
2.017717347570385755e+03,2.549999627700000110e-04
2.017235217711157020e+03,2.579999623320000245e-04
2.016753087851929195e+03,2.600000343727199795e-04
2.016270957992700460e+03,2.630000339347199931e-04
2.015788828133472634e+03,2.650001059754400023e-04
2.015306698274243900e+03,2.660000334967200066e-04
2.014824568415016074e+03,2.680001055374400159e-04
2.014342438555787339e+03,2.690000330587200201e-04
2.013860308696558604e+03,2.699999605800000244e-04
2.013378178837330779e+03,2.710001050994399752e-04
2.012896048978102044e+03,2.710001050994399752e-04
2.012413919118874219e+03,2.720000326207199794e-04
2.011931789259645484e+03,2.729999601419999837e-04
2.011449659400416749e+03,2.729999601419999837e-04
2.010967529541188924e+03,2.739998876632799879e-04
2.010485399681960189e+03,2.750000321827199929e-04
2.010003269822732364e+03,2.759999597039999972e-04
2.009521139963503629e+03,2.770001042234400022e-04
2.009039010104274894e+03,2.780000317447200065e-04
2.008556880245047068e+03,2.789999592660000107e-04
2.008074750385818334e+03,2.800001037854400157e-04
2.007592620526590508e+03,2.819999588280000242e-04
2.007110490667361773e+03,2.830001033474399750e-04
2.006628360808133039e+03,2.840000308687199793e-04
2.006146230948905213e+03,2.860001029094399886e-04
2.005664101089676478e+03,2.870000304307199928e-04
2.005181971230448653e+03,2.889998854732800013e-04
2.004699841371219918e+03,2.909999575140000106e-04
2.004217711511992093e+03,2.920001020334400156e-04
2.003735581652763358e+03,2.939999570760000241e-04
2.003253451793534623e+03,2.960000291167199792e-04
2.002771321934306798e+03,2.980001011574399884e-04
2.002289192075078063e+03,2.999999561999999969e-04
2.001807062215850237e+03,3.010001007194400020e-04
2.001324932356621503e+03,3.029999557620000105e-04
2.000842802497392768e+03,3.050000278027200197e-04
2.000360672638164942e+03,3.059999553240000240e-04
1.999878542778936207e+03,3.080000273647199791e-04
1.999396412919708382e+03,3.089999548859999833e-04
1.998914283060479647e+03,3.100000994054399883e-04
1.998432153201250912e+03,3.110000269267199926e-04
1.997950023342023087e+03,3.119999544479999968e-04
1.997467893482794352e+03,3.119999544479999968e-04
1.996985763623566527e+03,3.130000989674400018e-04
1.996503633764337792e+03,3.130000989674400018e-04
1.996021503905109057e+03,3.130000989674400018e-04
1.995539374045881232e+03,3.130000989674400018e-04
1.995057244186652497e+03,3.130000989674400018e-04
1.994575114327424672e+03,3.130000989674400018e-04
1.994092984468195937e+03,3.119999544479999968e-04
1.993610854608968111e+03,3.110000269267199926e-04
1.993128724749739376e+03,3.100000994054399883e-04
1.992646594890510642e+03,3.089999548859999833e-04
1.992164465031282816e+03,3.070000998434399748e-04
1.991682335172054081e+03,3.059999553240000240e-04
1.991200205312826256e+03,3.039998832832800147e-04
1.990718075453597521e+03,3.020000282407200062e-04
1.990235945594368786e+03,2.999999561999999969e-04
1.989753815735140961e+03,2.969999566379999834e-04
1.989271685875912226e+03,2.950001015954399749e-04
1.988789556016684401e+03,2.920001020334400156e-04
1.988307426157455666e+03,2.889998854732800013e-04
1.987825296298226931e+03,2.849999583899999835e-04
1.987343166438999106e+03,2.819999588280000242e-04
1.986861036579770371e+03,2.780000317447200065e-04
1.986378906720542545e+03,2.739998876632799879e-04
1.985896776861313811e+03,2.690000330587200201e-04
1.985414647002085076e+03,2.650001059754400023e-04
1.984932517142857250e+03,2.600000343727199795e-04
1.984450387283628515e+03,2.549999627700000110e-04
1.983968257424400690e+03,2.500001081654399889e-04
1.983486127565171955e+03,2.450000365627200203e-04
1.983003997705943220e+03,2.399999649599999976e-04
1.982521867846715395e+03,2.349998933572800019e-04
1.982039737987486660e+03,2.300000387527200069e-04
1.981557608128258835e+03,2.240000396287200070e-04
1.981075478269030100e+03,2.189999680260000113e-04
1.980593348409802275e+03,2.139998964232799885e-04
1.980111218550573540e+03,2.079998972992799886e-04
1.979629088691344805e+03,2.030000426947199937e-04
1.979146958832116979e+03,1.970000435707199937e-04
1.978664828972888245e+03,1.919999719679999980e-04
1.978182699113660419e+03,1.869999003652800024e-04
1.977700569254431684e+03,1.820000457607200074e-04
1.977218439395202950e+03,1.769999741580000118e-04
1.976736309535975124e+03,1.719999025552799890e-04
1.976254179676746389e+03,1.679999754719999983e-04
1.975772049817518564e+03,1.629999038692800026e-04
1.975289919958289829e+03,1.589999767860000119e-04
1.974807790099061094e+03,1.550000497027199942e-04
1.974325660239833269e+03,1.509999056212800027e-04
1.973843530380604534e+03,1.469999785380000121e-04
1.973361400521376709e+03,1.430000514547199943e-04
1.972879270662147974e+03,1.400000518927200079e-04
1.972397140802919239e+03,1.359999078112799893e-04
1.971915010943691414e+03,1.329999082492800029e-04
1.971432881084462679e+03,1.299999086872799894e-04
1.970950751225234853e+03,1.269999091252800030e-04
1.970468621366006118e+03,1.250000540827199945e-04
1.969986491506778293e+03,1.229999820420000123e-04
1.969504361647549558e+03,1.209999100012800030e-04
1.969022231788320823e+03,1.190000549587199945e-04
1.968540101929092998e+03,1.169999829179999988e-04
1.968057972069864263e+03,1.160000553967199946e-04
1.967575842210636438e+03,1.149999108772800031e-04
1.967093712351407703e+03,1.139999833559999988e-04
1.966611582492178968e+03,1.139999833559999988e-04
1.966129452632951143e+03,1.130000558347199946e-04
1.965647322773722408e+03,1.130000558347199946e-04
1.965165192914494583e+03,1.130000558347199946e-04
1.964683063055265848e+03,1.130000558347199946e-04
1.964200933196037113e+03,1.130000558347199946e-04
1.963718803336809287e+03,1.130000558347199946e-04
1.963236673477580553e+03,1.130000558347199946e-04
1.962754543618352727e+03,1.139999833559999988e-04
1.962272413759123992e+03,1.139999833559999988e-04
1.961790283899895257e+03,1.139999833559999988e-04
1.961308154040667432e+03,1.149999108772800031e-04
1.960826024181438697e+03,1.149999108772800031e-04
1.960343894322210872e+03,1.149999108772800031e-04
1.959861764462982137e+03,1.149999108772800031e-04
1.959379634603754312e+03,1.149999108772800031e-04
1.958897504744525577e+03,1.149999108772800031e-04
1.958415374885296842e+03,1.139999833559999988e-04
1.957933245026069017e+03,1.139999833559999988e-04
1.957451115166840282e+03,1.139999833559999988e-04
1.956968985307612456e+03,1.130000558347199946e-04
1.956486855448383722e+03,1.130000558347199946e-04
1.956004725589154987e+03,1.119999113152800031e-04
1.955522595729927161e+03,1.119999113152800031e-04
1.955040465870698426e+03,1.109999837939999989e-04
1.954558336011470601e+03,1.109999837939999989e-04
1.954076206152241866e+03,1.100000562727199946e-04
1.953594076293013131e+03,1.089999117532800032e-04
1.953111946433785306e+03,1.089999117532800032e-04
1.952629816574556571e+03,1.079999842319999989e-04
1.952147686715328746e+03,1.079999842319999989e-04
1.951665556856100011e+03,1.070000567107199946e-04
1.951183426996871276e+03,1.070000567107199946e-04
1.950701297137643451e+03,1.070000567107199946e-04
1.950219167278414716e+03,1.070000567107199946e-04
1.949737037419186890e+03,1.070000567107199946e-04
1.949254907559958156e+03,1.079999842319999989e-04
1.948772777700730330e+03,1.079999842319999989e-04
1.948290647841501595e+03,1.089999117532800032e-04
1.947808517982272861e+03,1.089999117532800032e-04
1.947326388123045035e+03,1.100000562727199946e-04
1.946844258263816300e+03,1.109999837939999989e-04
1.946362128404588475e+03,1.109999837939999989e-04
1.945879998545359740e+03,1.119999113152800031e-04
1.945397868686131005e+03,1.119999113152800031e-04
1.944915738826903180e+03,1.130000558347199946e-04
1.944433608967674445e+03,1.130000558347199946e-04
1.943951479108446620e+03,1.130000558347199946e-04
1.943469349249217885e+03,1.130000558347199946e-04
1.942987219389989150e+03,1.139999833559999988e-04
1.942505089530761325e+03,1.139999833559999988e-04
1.942022959671532590e+03,1.139999833559999988e-04
1.941540829812304764e+03,1.130000558347199946e-04
1.941058699953076029e+03,1.130000558347199946e-04
1.940576570093847295e+03,1.130000558347199946e-04
1.940094440234619469e+03,1.119999113152800031e-04
1.939612310375390734e+03,1.119999113152800031e-04
1.939130180516162909e+03,1.109999837939999989e-04
1.938648050656934174e+03,1.100000562727199946e-04
1.938165920797706349e+03,1.089999117532800032e-04
1.937683790938477614e+03,1.079999842319999989e-04
1.937201661079248879e+03,1.070000567107199946e-04
1.936719531220021054e+03,1.049999846699999989e-04
1.936237401360792319e+03,1.040000571487199947e-04
1.935755271501564494e+03,1.029999126292800032e-04
1.935273141642335759e+03,1.010000575867199947e-04
1.934791011783107024e+03,9.999991306728000324e-05
1.934308881923879198e+03,9.829994948183999571e-05
1.933826752064650464e+03,9.659998589640000173e-05
1.933344622205422638e+03,9.469995000743999304e-05
1.932862492346193903e+03,9.279991411847999790e-05
1.932380362486965169e+03,9.070002292416000237e-05
1.931898232627737343e+03,8.859991473167999252e-05
1.931416102768508608e+03,8.639998738559999641e-05
1.930933972909280783e+03,8.430009619128000088e-05
1.930451843050052048e+03,8.230002415056000516e-05
1.929969713190823313e+03,8.029995210983999589e-05
1.929487583331595488e+03,7.830009706728000094e-05
1.929005453472366753e+03,7.640006117832000580e-05
1.928523323613138928e+03,7.460006144111999769e-05
1.928041193753910193e+03,7.270002555216000255e-05
1.927559063894682367e+03,7.100006196671999502e-05
1.927076934035453633e+03,6.920006222952000045e-05
1.926594804176224898e+03,6.750009864407999292e-05
1.926112674316997072e+03,6.570009890687999836e-05
1.925630544457768337e+03,6.409995447504000419e-05
1.925148414598540512e+03,6.260006319311999781e-05
1.924666284739311777e+03,6.119999106480000480e-05
1.924184154880083042e+03,5.989995508823999881e-05
1.923702025020855217e+03,5.879999141520000076e-05
1.923219895161626482e+03,5.780006389391999650e-05
1.922737765302398657e+03,5.699999167799999942e-05
1.922255635443169922e+03,5.629995561383999614e-05
1.921773505583941187e+03,5.569995570144000021e-05
1.921291375724713362e+03,5.509995578903999750e-05
1.920809245865484627e+03,5.459999202840000215e-05
1.920327116006256801e+03,5.410002826776000003e-05
1.919844986147028067e+03,5.370010065887999848e-05
1.919362856287799332e+03,5.319991990008000237e-05
1.918880726428571506e+03,5.290002844296000140e-05
1.918398596569342772e+03,5.250010083407999985e-05
1.917916466710114946e+03,5.219999237879999811e-05
1.917434336850886211e+03,5.190010092167999714e-05
1.916952206991658386e+03,5.159999246640000219e-05
1.916470077132429651e+03,5.139992016288000103e-05
1.915987947273200916e+03,5.120006485752000064e-05
1.915505817413973091e+03,5.099999255399999948e-05
1.915023687554744356e+03,5.060006494511999793e-05
1.914541557695516531e+03,5.019992033808000240e-05
1.914059427836287796e+03,4.959992042567999969e-05
1.913577297977059061e+03,4.890010135967999717e-05
1.913095168117831236e+03,4.799999299199999951e-05
1.912613038258602501e+03,4.690002931896000146e-05
1.912130908399374675e+03,4.570002949416000282e-05
1.911648778540145940e+03,4.439999351759999684e-05
1.911166648680917206e+03,4.309995754103999763e-05
1.910684518821689380e+03,4.160006625911999802e-05
1.910202388962460645e+03,4.019999413079999824e-05
1.909720259103232820e+03,3.870010284887999863e-05
1.909238129244004085e+03,3.719999456879999827e-05
1.908755999384775350e+03,3.560006713511999809e-05
1.908273869525547525e+03,3.409995885503999772e-05
1.907791739666318790e+03,3.250003142135999754e-05
1.907309609807090965e+03,3.090010398767999736e-05
1.906827479947862230e+03,2.929995955583999980e-05
1.906345350088634405e+03,2.770003212215999962e-05
1.905863220229405670e+03,2.610010468847999944e-05
1.905381090370176935e+03,2.449996025663999849e-05
1.904898960510949109e+03,2.310010512647999947e-05
1.904416830651720375e+03,2.180006914992000026e-05
1.903934700792492549e+03,2.070010547687999882e-05
1.903452570933263814e+03,1.969996095744000058e-05
1.902970441074035080e+03,1.890010573968000087e-05
1.902488311214807254e+03,1.830010582727999816e-05
1.902006181355578519e+03,1.779992506847999866e-05
1.901524051496350694e+03,1.750003361136000108e-05
1.901041921637121959e+03,1.719992515607999934e-05
1.900559791777893224e+03,1.700006985071999895e-05
1.900077661918665399e+03,1.690003369895999837e-05
1.899595532059436664e+03,1.679999754720000118e-05
1.899113402200208839e+03,1.690003369895999837e-05
1.898631272340980104e+03,1.690003369895999837e-05
1.898149142481751369e+03,1.700006985071999895e-05
1.897667012622523544e+03,1.710010600247999953e-05
1.897184882763294809e+03,1.729996130783999992e-05
1.896702752904066983e+03,1.760006976311999827e-05
1.896220623044838248e+03,1.789996122023999924e-05
1.895738493185610423e+03,1.820006967552000097e-05
1.895256363326381688e+03,1.849996113263999855e-05
1.894774233467152953e+03,1.880006958792000029e-05
1.894292103607925128e+03,1.899992489328000068e-05
1.893809973748696393e+03,1.909996104504000126e-05
1.893327843889468568e+03,1.919999719679999845e-05
1.892845714030239833e+03,1.919999719679999845e-05
1.892363584171011098e+03,1.919999719679999845e-05
1.891881454311783273e+03,1.930003334855999903e-05
1.891399324452554538e+03,1.930003334855999903e-05
1.890917194593326712e+03,1.950010565208000018e-05
1.890435064734097978e+03,1.969996095744000058e-05
1.889952934874869243e+03,2.000006941271999892e-05
1.889470805015641417e+03,2.039999702160000047e-05
1.888988675156412683e+03,2.079992463047999863e-05
1.888506545297184857e+03,2.120006923752000094e-05
1.888024415437956122e+03,2.149996069463999852e-05
1.887542285578727387e+03,2.170003299815999968e-05
1.887060155719499562e+03,2.190010530168000084e-05
1.886578025860270827e+03,2.190010530168000084e-05
1.886095896001043002e+03,2.170003299815999968e-05
1.885613766141814267e+03,2.139992454288000133e-05
1.885131636282586442e+03,2.099999693399999979e-05
1.884649506423357707e+03,2.060006932511999824e-05
1.884167376564128972e+03,2.000006941271999892e-05
1.883685246704901147e+03,1.930003334855999903e-05
1.883203116845672412e+03,1.859999728439999913e-05
1.882720986986444586e+03,1.789996122023999924e-05
1.882238857127215852e+03,1.729996130783999992e-05
1.881756727267987117e+03,1.659992524368000003e-05
1.881274597408759291e+03,1.580007002592000032e-05
1.880792467549530556e+03,1.499999780999999985e-05
1.880310337690302731e+03,1.419992559407999937e-05
1.879828207831073996e+03,1.330003422455999909e-05
1.879346077971845261e+03,1.239992585687999973e-05
1.878863948112617436e+03,1.150003448735999945e-05
1.878381818253388701e+03,1.069996227144000067e-05
1.877899688394160876e+03,9.879926224799999215e-06
1.877417558534932141e+03,9.210052904880000708e-06
1.876935428675703406e+03,8.659962569279999604e-06
1.876453298816475581e+03,8.260034960399999750e-06
1.875971168957246846e+03,8.000071164720000738e-06
1.875489039098019020e+03,7.849908437999999488e-06
1.875006909238790286e+03,7.780035030480000297e-06
1.874524779379562460e+03,7.790016945839999939e-06
1.874042649520333725e+03,7.890053097600000518e-06
1.873560519661104991e+03,8.030016910799999666e-06
1.873078389801877165e+03,8.220107298959999486e-06
1.872596259942648430e+03,8.470089179280000549e-06
1.872114130083420605e+03,8.809908297840000088e-06
1.871632000224191870e+03,9.300107141279999949e-06
1.871149870364963135e+03,9.989944291919999436e-06
1.870667740505735310e+03,1.090003457496000013e-05
1.870185610646506575e+03,1.199999824799999988e-05
1.869703480787278750e+03,1.319999807280000020e-05
1.869221350928050015e+03,1.470010635288000057e-05
1.868739221068821280e+03,1.619999763479999848e-05
1.868257091209593455e+03,1.789996122023999924e-05
1.867774961350364720e+03,1.959992480568000000e-05
1.867292831491136894e+03,2.120006923752000094e-05
1.866810701631908159e+03,2.279999667120000112e-05
1.866328571772679425e+03,2.410003264776000033e-05
1.865846441913451599e+03,2.519999632079999839e-05
1.865364312054222864e+03,2.619992384207999925e-05
1.864882182194995039e+03,2.679992375447999857e-05
1.864400052335766304e+03,2.720006836152000088e-05
1.863917922476538479e+03,2.739992366688000127e-05
1.863435792617309744e+03,2.720006836152000088e-05
1.862953662758081009e+03,2.689995990623999915e-05
1.862471532898853184e+03,2.639999614560000041e-05
1.861989403039624449e+03,2.569996008144000051e-05
1.861507273180396624e+03,2.480006871192000023e-05
1.861025143321167889e+03,2.389996034423999918e-05
1.860543013461939154e+03,2.279999667120000112e-05
1.860060883602711328e+03,2.170003299815999968e-05
1.859578753743482594e+03,2.050003317336000105e-05
1.859096623884254768e+03,1.940006950031999961e-05
1.858614494025026033e+03,1.830010582727999816e-05
1.858132364165797298e+03,1.729996130783999992e-05
1.857650234306569473e+03,1.640006993831999964e-05
1.857168104447340738e+03,1.570003387415999974e-05
1.856685974588112913e+03,1.510003396176000043e-05
1.856203844728884178e+03,1.470010635288000057e-05
1.855721714869655443e+03,1.439999789760000053e-05
1.855239585010427618e+03,1.419992559407999937e-05
1.854757455151198883e+03,1.400007028872000068e-05
1.854275325291971058e+03,1.390003413696000010e-05
1.853793195432742323e+03,1.379999798519999952e-05
1.853311065573514497e+03,1.359992568168000006e-05
1.852828935714285763e+03,1.340007037631999967e-05
1.852346805855057028e+03,1.319999807280000020e-05
1.851864675995829202e+03,1.290010661567999924e-05
1.851382546136600467e+03,1.259999816039999919e-05
1.850900416277372642e+03,1.230010670327999992e-05
1.850418286418143907e+03,1.199999824799999988e-05
1.849936156558915172e+03,1.170010679088000060e-05
1.849454026699687347e+03,1.150003448735999945e-05
1.848971896840458612e+03,1.119992603207999940e-05
1.848489766981230787e+03,1.090003457496000013e-05
1.848007637122002052e+03,1.069996227144000067e-05
1.847525507262773317e+03,1.030003466255999912e-05
1.847043377403545492e+03,9.930052799759999887e-06
1.846561247544316757e+03,9.440070954479999098e-06
1.846079117685088931e+03,8.909944449600000667e-06
1.845596987825860197e+03,8.360071112160000328e-06
1.845114857966631462e+03,7.839926522639999846e-06
1.844632728107403636e+03,7.349944677359999903e-06
1.844150598248174902e+03,6.910089407039999786e-06
1.843668468388947076e+03,6.540107544239999706e-06
1.843186338529718341e+03,6.259962919679999797e-06
1.842704208670490516e+03,6.080071445039999538e-06
1.842222078811261781e+03,5.980035293279999807e-06
1.841739948952033046e+03,5.899962972240000208e-06
1.841257819092805221e+03,5.799926820479999629e-06
1.840775689233576486e+03,5.659963007279999634e-06
1.840293559374348661e+03,5.490053447999999864e-06
1.839811429515119926e+03,5.279999229119999912e-06
1.839329299655891191e+03,5.039999264160000186e-06
1.838847169796663366e+03,4.780035468480000327e-06
1.838365039937434631e+03,4.510089757439999979e-06
1.837882910078206805e+03,4.270089792480000253e-06
1.837400780218978070e+03,4.079999404319999586e-06
1.836918650359749336e+03,3.999927083279999986e-06
1.836436520500521510e+03,4.030089827519999679e-06
1.835954390641292775e+03,4.150089809999999543e-06
1.835472260782064950e+03,4.339963200000000291e-06
1.834990130922836215e+03,4.579963164960000018e-06
1.834508001063607480e+03,4.870089704879999569e-06
1.834025871204379655e+03,5.189944992719999824e-06
1.833543741345150920e+03,5.529981109440000128e-06
1.833061611485923095e+03,5.850053395440000301e-06
1.832579481626694360e+03,6.169908683279999709e-06
1.832097351767466535e+03,6.509944800000000013e-06
1.831615221908237800e+03,6.930053237759999918e-06
1.831133092049009065e+03,7.449980829119999635e-06
1.830650962189781239e+03,8.079926487599999572e-06
1.830168832330552505e+03,8.840071042079999781e-06
1.829686702471324679e+03,9.710016665519999445e-06
1.829204572612095944e+03,1.069996227144000067e-05
1.828722442752867209e+03,1.179992594448000042e-05
1.828240312893639384e+03,1.299992576927999905e-05
1.827758183034410649e+03,1.419992559407999937e-05
1.827276053175182824e+03,1.539992541888000140e-05
1.826793923315954089e+03,1.659992524368000003e-05
1.826311793456725354e+03,1.789996122023999924e-05
1.825829663597497529e+03,1.909996104504000126e-05
1.825347533738268794e+03,2.039999702160000047e-05
1.824865403879040969e+03,2.180006914992000026e-05
1.824383274019812234e+03,2.319992428007999928e-05
1.823901144160583499e+03,2.470003256015999965e-05
1.823419014301355674e+03,2.639999614560000041e-05
1.822936884442126939e+03,2.809995973104000117e-05
1.822454754582899113e+03,2.999999561999999969e-05
1.821972624723670378e+03,3.190003150896000161e-05
1.821490494864442553e+03,3.380006739791999675e-05
1.821008365005213818e+03,3.579992244047999848e-05
1.820526235145985083e+03,3.769995832944000039e-05
1.820044105286757258e+03,3.959999421840000231e-05
1.819561975427528523e+03,4.150003010735999745e-05
1.819079845568300698e+03,4.340006599631999936e-05
1.818597715709071963e+03,4.520006573352000070e-05
1.818115585849843228e+03,4.710010162248000261e-05
1.817633455990615403e+03,4.899992051327999699e-05
1.817151326131386668e+03,5.099999255399999948e-05
1.816669196272158842e+03,5.300006459472000197e-05
1.816187066412930108e+03,5.499991963727999693e-05
1.815704936553701373e+03,5.699999167799999942e-05
1.815222806694473547e+03,5.890002756696000134e-05
1.814740676835244813e+03,6.080006345591999647e-05
1.814258546976016987e+03,6.250002704135999723e-05
1.813776417116788252e+03,6.409995447504000419e-05
1.813294287257559517e+03,6.539999045159999662e-05
1.812812157398331692e+03,6.659999027640000203e-05
1.812330027539102957e+03,6.750009864407999292e-05
1.811847897679875132e+03,6.829995386183999602e-05
1.811365767820646397e+03,6.889995377423999872e-05
1.810883637961418572e+03,6.930009838128000103e-05
1.810401508102189837e+03,6.970002599016000258e-05
1.809919378242961102e+03,6.990009829368000374e-05
1.809437248383733277e+03,7.009995359904000413e-05
1.808955118524504542e+03,7.019998975080000471e-05
1.808472988665276716e+03,7.019998975080000471e-05
1.807990858806047981e+03,7.009995359904000413e-05
1.807508728946819247e+03,6.990009829368000374e-05
1.807026599087591421e+03,6.959998983840000200e-05
1.806544469228362686e+03,6.920006222952000045e-05
1.806062339369134861e+03,6.870009846887999833e-05
1.805580209509906126e+03,6.819991771007999544e-05
1.805098079650677391e+03,6.759991779767999273e-05
1.804615949791449566e+03,6.709995403704000416e-05
1.804133819932220831e+03,6.649995412464000145e-05
1.803651690072993006e+03,6.599999036399999933e-05
1.803169560213764271e+03,6.560006275511999778e-05
1.802687430354535536e+03,6.529995429983999605e-05
1.802205300495307711e+03,6.500006284271999508e-05
1.801723170636078976e+03,6.479999053919999392e-05
1.801241040776851150e+03,6.450009908207999295e-05
1.800758910917622416e+03,6.419999062680000477e-05
1.800276781058394590e+03,6.390009916968000380e-05
1.799794651199165855e+03,6.359999071440000206e-05
1.799312521339937121e+03,6.320006310552000052e-05
1.798830391480709295e+03,6.279991849847999820e-05
1.798348261621480560e+03,6.239999088959999665e-05
1.797866131762252735e+03,6.200006328071999511e-05
1.797384001903024000e+03,6.159991867367999279e-05
1.796901872043795265e+03,6.140006336832000595e-05
1.796419742184567440e+03,6.119999106480000480e-05
1.795937612325338705e+03,6.099991876127999687e-05
1.795455482466110880e+03,6.090009960767999705e-05
1.794973352606882145e+03,6.080006345591999647e-05
1.794491222747653410e+03,6.070002730416000267e-05
1.794009092888425585e+03,6.059999115240000209e-05
1.793526963029196850e+03,6.049995500064000152e-05
1.793044833169969024e+03,6.030009969528000112e-05
1.792562703310740289e+03,5.999999123999999939e-05
1.792080573451511555e+03,5.979991893647999823e-05
1.791598443592283729e+03,5.960006363111999784e-05
1.791116313733054994e+03,5.939999132759999668e-05
1.790634183873827169e+03,5.929995517583999611e-05
1.790152054014598434e+03,5.929995517583999611e-05
1.789669924155370609e+03,5.929995517583999611e-05
1.789187794296141874e+03,5.950002747935999726e-05
1.788705664436913139e+03,5.970009978287999842e-05
1.788223534577685314e+03,5.999999123999999939e-05
1.787741404718456579e+03,6.030009969528000112e-05
1.787259274859228753e+03,6.049995500064000152e-05
1.786777145000000019e+03,6.070002730416000267e-05
1.786295015140771284e+03,6.090009960767999705e-05
1.785812885281543458e+03,6.109995491304000422e-05
1.785330755422314724e+03,6.119999106480000480e-05
1.784848625563086898e+03,6.130002721656000538e-05
1.784366495703858163e+03,6.150009952007999298e-05
1.783884365844629428e+03,6.169995482543999337e-05
1.783402235985401603e+03,6.190002712895999453e-05
1.782920106126172868e+03,6.229995473783999608e-05
1.782437976266945043e+03,6.270009934487999839e-05
1.781955846407716308e+03,6.320006310552000052e-05
1.781473716548487573e+03,6.359999071440000206e-05
1.780991586689259748e+03,6.399991832328000361e-05
1.780509456830031013e+03,6.440006293032000592e-05
1.780027326970803188e+03,6.469995438743999334e-05
1.779545197111574453e+03,6.490002669095999450e-05
1.779063067252346627e+03,6.510009899447999565e-05
1.778580937393117892e+03,6.519991814807999547e-05
1.778098807533889158e+03,6.529995429983999605e-05
1.777616677674661332e+03,6.529995429983999605e-05
1.777134547815432597e+03,6.539999045159999662e-05
1.776652417956204772e+03,6.550002660335999720e-05
1.776170288096976037e+03,6.570009890687999836e-05
1.775688158237747302e+03,6.579991806047999817e-05
1.775206028378519477e+03,6.599999036399999933e-05
1.774723898519290742e+03,6.620006266752000048e-05
1.774241768660062917e+03,6.649995412464000145e-05
1.773759638800834182e+03,6.670002642816000261e-05
1.773277508941605447e+03,6.699991788528000358e-05
1.772795379082377622e+03,6.730002634056000532e-05
1.772313249223148887e+03,6.769995394943999331e-05
1.771831119363921061e+03,6.819991771007999544e-05
1.771348989504692327e+03,6.889995377423999872e-05
1.770866859645463592e+03,6.980006214192000316e-05
1.770384729786235766e+03,7.079998966319999386e-05
1.769902599927007032e+03,7.199998948799999927e-05
1.769420470067779206e+03,7.340006161632000583e-05
1.768938340208550471e+03,7.499998904999999924e-05
1.768456210349322646e+03,7.669995263543999322e-05
1.767974080490093911e+03,7.859998852440000191e-05
1.767491950630865176e+03,8.060006056511999763e-05
1.767009820771637351e+03,8.259991560767999258e-05
1.766527690912408616e+03,8.470002380016000243e-05
1.766045561053180791e+03,8.679991499447999796e-05
1.765563431193952056e+03,8.890002318695999425e-05
1.765081301334723321e+03,9.119998668480000449e-05
1.764599171475495496e+03,9.349995018264000118e-05
1.764117041616266761e+03,9.579991368047999787e-05
1.763634911757038935e+03,9.829994948183999571e-05
1.763152781897810200e+03,1.010000575867199947e-04
1.762670652038581466e+03,1.040000571487199947e-04
1.762188522179353640e+03,1.059999121912800032e-04
1.761706392320124905e+03,1.089999117532800032e-04
1.761224262460897080e+03,1.119999113152800031e-04
1.760742132601668345e+03,1.139999833559999988e-04
1.760260002742439610e+03,1.169999829179999988e-04
1.759777872883211785e+03,1.190000549587199945e-04
1.759295743023983050e+03,1.209999100012800030e-04
1.758813613164755225e+03,1.239999095632799894e-04
1.758331483305526490e+03,1.259999816039999987e-04
1.757849353446298664e+03,1.280000536447200080e-04
1.757367223587069930e+03,1.299999086872799894e-04
1.756885093727841195e+03,1.329999082492800029e-04
1.756402963868613369e+03,1.349999802900000122e-04
1.755920834009384635e+03,1.370000523307199943e-04
1.755438704150156809e+03,1.400000518927200079e-04
1.754956574290928074e+03,1.430000514547199943e-04
1.754474444431699339e+03,1.449999064972800028e-04
1.753992314572471514e+03,1.479999060592799892e-04
1.753510184713242779e+03,1.509999056212800027e-04
1.753028054854014954e+03,1.539999051832799891e-04
1.752545924994786219e+03,1.569999047452800027e-04
1.752063795135557484e+03,1.610000488267199941e-04
1.751581665276329659e+03,1.640000483887200076e-04
1.751099535417100924e+03,1.679999754719999983e-04
1.750617405557873099e+03,1.719999025552799890e-04
1.750135275698644364e+03,1.749999021172800025e-04
1.749653145839415629e+03,1.790000461987199939e-04
1.749171015980187804e+03,1.829999732820000117e-04
1.748688886120959069e+03,1.869999003652800024e-04
1.748206756261731243e+03,1.910000444467199938e-04
1.747724626402502508e+03,1.949999715300000116e-04
1.747242496543273774e+03,1.979999710919999980e-04
1.746760366684045948e+03,2.009999706540000115e-04
1.746278236824817213e+03,2.030000426947199937e-04
1.745796106965589388e+03,2.060000422567200072e-04
1.745313977106360653e+03,2.079998972992799886e-04
1.744831847247132828e+03,2.090000418187199936e-04
1.744349717387904093e+03,2.110001138594400029e-04
1.743867587528675358e+03,2.129999689020000114e-04
1.743385457669447533e+03,2.150000409427199935e-04
1.742903327810218798e+03,2.169998959852800021e-04
1.742421197950990972e+03,2.199998955472799885e-04
1.741939068091762238e+03,2.229998951092800020e-04
1.741456938232533503e+03,2.260001116694399892e-04
1.740974808373305677e+03,2.300000387527200069e-04
1.740492678514076943e+03,2.339999658359999976e-04
1.740010548654849117e+03,2.390000374387199933e-04
1.739528418795620382e+03,2.439998920432799882e-04
1.739046288936391647e+03,2.489999636459999839e-04
1.738564159077163822e+03,2.549999627700000110e-04
1.738082029217935087e+03,2.619998894152799880e-04
1.737599899358707262e+03,2.680001055374400159e-04
1.737117769499478527e+03,2.750000321827199929e-04
1.736635639640249792e+03,2.819999588280000242e-04
1.736153509781021967e+03,2.889998854732800013e-04
1.735671379921793232e+03,2.960000291167199792e-04
1.735189250062565407e+03,3.020000282407200062e-04
1.734707120203336672e+03,3.089999548859999833e-04
1.734224990344108846e+03,3.149999540100000103e-04
1.733742860484880111e+03,3.209999531339999832e-04
1.733260730625651377e+03,3.260000247367200060e-04
1.732778600766423551e+03,3.320000238607199788e-04
1.732296470907194816e+03,3.389999505060000101e-04
1.731814341047966991e+03,3.449999496299999829e-04
1.731332211188738256e+03,3.530000207947200193e-04
1.730850081329509521e+03,3.610000919594400014e-04
1.730367951470281696e+03,3.710000181667199920e-04
1.729885821611052961e+03,3.820000888934399876e-04
1.729403691751825136e+03,3.940000871414399875e-04
1.728921561892596401e+03,4.079999404319999958e-04
1.728439432033367666e+03,4.240000827614400143e-04
1.727957302174139841e+03,4.409999356139999820e-04
1.727475172314911106e+03,4.600000775054400139e-04
1.726993042455683280e+03,4.810000744394400001e-04
1.726510912596454546e+03,5.029999988947200448e-04
1.726028782737225811e+03,5.269999953907200446e-04
1.725546652877997985e+03,5.530000639274399452e-04
1.725064523018769250e+03,5.789999154659999534e-04
1.724582393159541425e+03,6.059999115240000209e-04
1.724100263300312690e+03,6.329999075819999800e-04
1.723618133441084865e+03,6.600001206381599398e-04
1.723136003581856130e+03,6.859999721767199481e-04
1.722653873722627395e+03,7.109998961940000063e-04
1.722171743863399570e+03,7.339999651687199476e-04
1.721689614004170835e+03,7.540000345814400380e-04
1.721207484144943010e+03,7.699999599127200015e-04
1.720725354285714275e+03,7.830001026801600063e-04
1.720243224426485540e+03,7.909999568467200419e-04
1.719761094567257715e+03,7.950001009281599520e-04
1.719278964708028980e+03,7.939999564087200012e-04
1.718796834848801154e+03,7.890001018041600334e-04
1.718314704989572419e+03,7.789999585987199878e-04
1.717832575130343685e+03,7.650001053081600336e-04
1.717350445271115859e+03,7.480000354574400110e-04
1.716868315411887124e+03,7.279999660447200290e-04
1.716386185552659299e+03,7.060000415894400385e-04
1.715904055693430564e+03,6.829999726147199888e-04
1.715421925834201829e+03,6.589999761187199890e-04
1.714939795974974004e+03,6.340000521014400392e-04
1.714457666115745269e+03,6.089999110859999802e-04
1.713975536256517444e+03,5.849999145899999805e-04
1.713493406397288709e+03,5.609999180939999807e-04
1.713011276538060883e+03,5.389999936387199903e-04
1.712529146678832149e+03,5.179999967047199498e-04
1.712047016819603414e+03,4.979999272919999678e-04
1.711564886960375588e+03,4.799999299199999951e-04
1.711082757101146854e+03,4.630000770674399732e-04
1.710600627241919028e+03,4.469999347380000090e-04
1.710118497382690293e+03,4.330000814474400006e-04
1.709636367523461558e+03,4.210000831994400007e-04
1.709154237664233733e+03,4.100000124727200051e-04
1.708672107805004998e+03,4.000000862654400145e-04
1.708189977945777173e+03,3.910000875794399739e-04
1.707707848086548438e+03,3.830000164147199918e-04
1.707225718227319703e+03,3.770000172907200190e-04
1.706743588368091878e+03,3.710000181667199920e-04
1.706261458508863143e+03,3.650000190427200191e-04
1.705779328649635318e+03,3.599999474399999963e-04
1.705297198790406583e+03,3.560000203567199786e-04
1.704815068931177848e+03,3.520000932734400150e-04
1.704332939071950022e+03,3.479999491919999965e-04
1.703850809212721288e+03,3.449999496299999829e-04
1.703368679353493462e+03,3.410000225467200194e-04
1.702886549494264727e+03,3.380000229847200059e-04
1.702404419635036902e+03,3.359999509439999966e-04
1.701922289775808167e+03,3.329999513819999831e-04
1.701440159916579432e+03,3.310000963394399746e-04
1.700958030057351607e+03,3.299999518200000237e-04
1.700475900198122872e+03,3.280000967774400152e-04
1.699993770338895047e+03,3.269999522580000102e-04
1.699511640479666312e+03,3.260000247367200060e-04
1.699029510620437577e+03,3.260000247367200060e-04
1.698547380761209752e+03,3.260000247367200060e-04
1.698065250901981017e+03,3.260000247367200060e-04
1.697583121042753191e+03,3.260000247367200060e-04
1.697100991183524457e+03,3.269999522580000102e-04
1.696618861324295722e+03,3.269999522580000102e-04
1.696136731465067896e+03,3.280000967774400152e-04
1.695654601605839161e+03,3.290000242987200195e-04
1.695172471746611336e+03,3.299999518200000237e-04
1.694690341887382601e+03,3.310000963394399746e-04
1.694208212028153866e+03,3.310000963394399746e-04
1.693726082168926041e+03,3.320000238607199788e-04
1.693243952309697306e+03,3.320000238607199788e-04
1.692761822450469481e+03,3.310000963394399746e-04
1.692279692591240746e+03,3.310000963394399746e-04
1.691797562732012921e+03,3.299999518200000237e-04
1.691315432872784186e+03,3.290000242987200195e-04
1.690833303013555451e+03,3.280000967774400152e-04
1.690351173154327626e+03,3.269999522580000102e-04
1.689869043295098891e+03,3.260000247367200060e-04
1.689386913435871065e+03,3.260000247367200060e-04
1.688904783576642330e+03,3.250000972154400017e-04
1.688422653717413596e+03,3.239999526959999967e-04
1.687940523858185770e+03,3.239999526959999967e-04
1.687458393998957035e+03,3.239999526959999967e-04
1.686976264139729210e+03,3.230000251747199925e-04
1.686494134280500475e+03,3.230000251747199925e-04
1.686012004421271740e+03,3.230000251747199925e-04
1.685529874562043915e+03,3.230000251747199925e-04
1.685047744702815180e+03,3.230000251747199925e-04
1.684565614843587355e+03,3.230000251747199925e-04
1.684083484984358620e+03,3.239999526959999967e-04
1.683601355125129885e+03,3.239999526959999967e-04
1.683119225265902060e+03,3.250000972154400017e-04
1.682637095406673325e+03,3.260000247367200060e-04
1.682154965547445499e+03,3.260000247367200060e-04
1.681672835688216765e+03,3.269999522580000102e-04
1.681190705828988939e+03,3.290000242987200195e-04
1.680708575969760204e+03,3.299999518200000237e-04
1.680226446110531469e+03,3.310000963394399746e-04
1.679744316251303644e+03,3.320000238607199788e-04
1.679262186392074909e+03,3.329999513819999831e-04
1.678780056532847084e+03,3.340000959014399881e-04
1.678297926673618349e+03,3.350000234227199923e-04
1.677815796814389614e+03,3.359999509439999966e-04
1.677333666955161789e+03,3.370000954634400016e-04
1.676851537095933054e+03,3.380000229847200059e-04
1.676369407236705229e+03,3.389999505060000101e-04
1.675887277377476494e+03,3.400000950254400151e-04
1.675405147518247759e+03,3.410000225467200194e-04
1.674923017659019933e+03,3.430000945874399744e-04
1.674440887799791199e+03,3.440000221087199787e-04
1.673958757940563373e+03,3.449999496299999829e-04
1.673476628081334638e+03,3.460000941494399880e-04
1.672994498222105904e+03,3.470000216707199922e-04
1.672512368362878078e+03,3.479999491919999965e-04
1.672030238503649343e+03,3.479999491919999965e-04
1.671548108644421518e+03,3.490000937114400015e-04
1.671065978785192783e+03,3.500000212327200057e-04
1.670583848925964958e+03,3.509999487540000100e-04
1.670101719066736223e+03,3.520000932734400150e-04
1.669619589207507488e+03,3.530000207947200193e-04
1.669137459348279663e+03,3.539999483160000235e-04
1.668655329489050928e+03,3.550000928354399743e-04
1.668173199629823102e+03,3.560000203567199786e-04
1.667691069770594368e+03,3.580000923974399878e-04
1.667208939911365633e+03,3.590000199187199921e-04
1.666726810052137807e+03,3.610000919594400014e-04
1.666244680192909073e+03,3.620000194807200056e-04
1.665762550333681247e+03,3.640000915214400149e-04
1.665280420474452512e+03,3.650000190427200191e-04
1.664798290615223777e+03,3.670000910834399742e-04
1.664316160755995952e+03,3.680000186047199784e-04
1.663834030896767217e+03,3.700000906454399877e-04
1.663351901037539392e+03,3.719999456879999962e-04
1.662869771178310657e+03,3.740000177287200055e-04
1.662387641319081922e+03,3.760000897694400148e-04
1.661905511459854097e+03,3.779999448120000233e-04
1.661423381600625362e+03,3.800000168527199783e-04
1.660941251741397537e+03,3.830000164147199918e-04
1.660459121882168802e+03,3.850000884554400011e-04
1.659976992022940976e+03,3.860000159767200054e-04
1.659494862163712241e+03,3.880000880174400146e-04
1.659012732304483507e+03,3.890000155387200189e-04
1.658530602445255681e+03,3.910000875794399739e-04
1.658048472586026946e+03,3.920000151007199782e-04
1.657566342726799121e+03,3.929999426219999824e-04
1.657084212867570386e+03,3.929999426219999824e-04
1.656602083008341651e+03,3.940000871414399875e-04
1.656119953149113826e+03,3.940000871414399875e-04
1.655637823289885091e+03,3.940000871414399875e-04
1.655155693430657266e+03,3.950000146627199917e-04
1.654673563571428531e+03,3.950000146627199917e-04
1.654191433712199796e+03,3.940000871414399875e-04
1.653709303852971971e+03,3.940000871414399875e-04
1.653227173993743236e+03,3.940000871414399875e-04
1.652745044134515410e+03,3.929999426219999824e-04
1.652262914275286676e+03,3.929999426219999824e-04
1.651780784416057941e+03,3.920000151007199782e-04
1.651298654556830115e+03,3.910000875794399739e-04
1.650816524697601380e+03,3.910000875794399739e-04
1.650334394838373555e+03,3.899999430600000231e-04
1.649852264979144820e+03,3.899999430600000231e-04
1.649370135119916995e+03,3.890000155387200189e-04
1.648888005260688260e+03,3.890000155387200189e-04
1.648405875401459525e+03,3.890000155387200189e-04
1.647923745542231700e+03,3.899999430600000231e-04
1.647441615683002965e+03,3.899999430600000231e-04
1.646959485823775140e+03,3.899999430600000231e-04
1.646477355964546405e+03,3.910000875794399739e-04
1.645995226105317670e+03,3.910000875794399739e-04
1.645513096246089844e+03,3.920000151007199782e-04
1.645030966386861110e+03,3.929999426219999824e-04
1.644548836527633284e+03,3.940000871414399875e-04
1.644066706668404549e+03,3.950000146627199917e-04
1.643584576809175815e+03,3.959999421839999960e-04
1.643102446949947989e+03,3.970000867034400010e-04
1.642620317090719254e+03,3.980000142247200052e-04
1.642138187231491429e+03,3.989999417460000095e-04
1.641656057372262694e+03,3.989999417460000095e-04
1.641173927513033959e+03,4.000000862654400145e-04
1.640691797653806134e+03,4.010000137867200188e-04
1.640209667794577399e+03,4.010000137867200188e-04
1.639727537935349574e+03,4.019999413080000230e-04
1.639245408076120839e+03,4.019999413080000230e-04
1.638763278216893013e+03,4.019999413080000230e-04
1.638281148357664279e+03,4.030000858274399738e-04
1.637799018498435544e+03,4.030000858274399738e-04
1.637316888639207718e+03,4.030000858274399738e-04
1.636834758779978984e+03,4.040000133487199781e-04
1.636352628920751158e+03,4.049999408699999823e-04
1.635870499061522423e+03,4.049999408699999823e-04
1.635388369202293688e+03,4.060000853894399873e-04
1.634906239343065863e+03,4.079999404319999958e-04
1.634424109483837128e+03,4.090000849514400009e-04
1.633941979624609303e+03,4.100000124727200051e-04
1.633459849765380568e+03,4.120000845134400144e-04
1.632977719906151833e+03,4.130000120347200186e-04
1.632495590046924008e+03,4.150000840754399737e-04
1.632013460187695273e+03,4.169999391179999822e-04
1.631531330328467448e+03,4.180000836374399872e-04
1.631049200469238713e+03,4.199999386799999957e-04
1.630567070610009978e+03,4.220000107207200050e-04
1.630084940750782152e+03,4.240000827614400143e-04
1.629602810891553418e+03,4.259999378040000228e-04
1.629120681032325592e+03,4.280000098447199778e-04
1.628638551173096857e+03,4.300000818854399871e-04
1.628156421313869032e+03,4.319999369279999956e-04
1.627674291454640297e+03,4.340000089687200049e-04
1.627192161595411562e+03,4.370000085307200184e-04
1.626710031736183737e+03,4.390000805714399735e-04
1.626227901876955002e+03,4.420000801334399870e-04
1.625745772017727177e+03,4.450000796954400005e-04
1.625263642158498442e+03,4.480000792574400140e-04
1.624781512299269707e+03,4.510000788194399733e-04
1.624299382440041882e+03,4.550000059027199911e-04
1.623817252580813147e+03,4.580000054647200046e-04
1.623335122721585321e+03,4.619999325480000224e-04
1.622852992862356587e+03,4.660000766294399867e-04
1.622370863003127852e+03,4.700000037127200045e-04
1.621888733143900026e+03,4.750000753154399731e-04
1.621406603284671291e+03,4.790000023987199909e-04
1.620924473425443466e+03,4.840000740014400137e-04
1.620442343566214731e+03,4.889999286059999815e-04
1.619960213706985996e+03,4.940000002087199501e-04
1.619478083847758171e+03,4.990000718114400271e-04
1.618995953988529436e+03,5.039999264159999949e-04
1.618513824129301611e+03,5.089999980187199635e-04
1.618031694270072876e+03,5.140000696214400405e-04
1.617549564410845051e+03,5.200000687454399591e-04
1.617067434551616316e+03,5.249999233500000353e-04
1.616585304692387581e+03,5.309999224739999539e-04
1.616103174833159756e+03,5.359999940767200309e-04
1.615621044973931021e+03,5.419999932007199496e-04
1.615138915114703195e+03,5.479999923247199766e-04
1.614656785255474460e+03,5.539999914487200037e-04
1.614174655396245726e+03,5.590000630514399722e-04
1.613692525537017900e+03,5.639999176560000485e-04
1.613210395677789165e+03,5.689999892587200171e-04
1.612728265818561340e+03,5.740000608614399856e-04
1.612246135959332605e+03,5.779999879447200034e-04
1.611764006100103870e+03,5.809999875067199627e-04
1.611281876240876045e+03,5.839999870687200305e-04
1.610799746381647310e+03,5.869999866307199898e-04
1.610317616522419485e+03,5.879999141520000482e-04
1.609835486663190750e+03,5.890000586714399990e-04
1.609353356803962015e+03,5.899999861927199491e-04
1.608871226944734190e+03,5.890000586714399990e-04
1.608389097085505455e+03,5.879999141520000482e-04
1.607906967226277629e+03,5.860000591094400397e-04
1.607424837367048895e+03,5.839999870687200305e-04
1.606942707507821069e+03,5.800000599854400127e-04
1.606460577648592334e+03,5.759999159039999941e-04
1.605978447789363599e+03,5.719999888207199764e-04
1.605496317930135774e+03,5.669999172180000078e-04
1.605014188070907039e+03,5.609999180939999807e-04
1.604532058211679214e+03,5.549999189699999537e-04
1.604049928352450479e+03,5.489999198460000351e-04
1.603567798493221744e+03,5.429999207220000080e-04
1.603085668633993919e+03,5.359999940767200309e-04
1.602603538774765184e+03,5.299999949527200039e-04
1.602121408915537359e+03,5.239999958287199769e-04
1.601639279056308624e+03,5.179999967047199498e-04
1.601157149197079889e+03,5.119999975807200312e-04
1.600675019337852063e+03,5.069999259779999542e-04
1.600192889478623329e+03,5.009999268540000356e-04
1.599710759619395503e+03,4.960000722494399593e-04
1.599228629760166768e+03,4.910000006467199907e-04
1.598746499900938034e+03,4.870000735634399730e-04
1.598264370041710208e+03,4.820000019607200044e-04
1.597782240182481473e+03,4.780000748774399866e-04
1.597300110323253648e+03,4.750000753154399731e-04
1.596817980464024913e+03,4.709999312340000088e-04
1.596335850604797088e+03,4.679999316719999952e-04
1.595853720745568353e+03,4.660000766294399867e-04
1.595371590886339618e+03,4.630000770674399732e-04
1.594889461027111793e+03,4.610000050267200182e-04
1.594407331167883058e+03,4.589999329860000089e-04
1.593925201308655232e+03,4.580000054647200046e-04
1.593443071449426498e+03,4.570000779434400004e-04
1.592960941590197763e+03,4.550000059027199911e-04
1.592478811730969937e+03,4.540000783814399869e-04
1.591996681871741202e+03,4.540000783814399869e-04
1.591514552012513377e+03,4.529999338619999818e-04
1.591032422153284642e+03,4.529999338619999818e-04
1.590550292294055907e+03,4.520000063407199776e-04
1.590068162434828082e+03,4.520000063407199776e-04
1.589586032575599347e+03,4.529999338619999818e-04
1.589103902716371522e+03,4.529999338619999818e-04
1.588621772857142787e+03,4.540000783814399869e-04
1.588139642997914052e+03,4.550000059027199911e-04
1.587657513138686227e+03,4.559999334239999954e-04
1.587175383279457492e+03,4.570000779434400004e-04
1.586693253420229667e+03,4.580000054647200046e-04
1.586211123561000932e+03,4.600000775054400139e-04
1.585728993701773106e+03,4.610000050267200182e-04
1.585246863842544371e+03,4.630000770674399732e-04
1.584764733983315637e+03,4.649999321099999817e-04
1.584282604124087811e+03,4.670000041507199910e-04
1.583800474264859076e+03,4.690000761914400003e-04
1.583318344405631251e+03,4.720000757534400138e-04
1.582836214546402516e+03,4.739999307960000223e-04
1.582354084687173781e+03,4.769999303579999816e-04
1.581871954827945956e+03,4.799999299199999951e-04
1.581389824968717221e+03,4.829999294820000086e-04
1.580907695109489396e+03,4.870000735634399730e-04
1.580425565250260661e+03,4.900000731254400407e-04
1.579943435391031926e+03,4.930000726874400000e-04
1.579461305531804101e+03,4.969999997707200178e-04
1.578979175672575366e+03,4.999999993327199771e-04
1.578497045813347540e+03,5.039999264159999949e-04
1.578014915954118806e+03,5.080000704974400134e-04
1.577532786094890071e+03,5.119999975807200312e-04
1.577050656235662245e+03,5.159999246640000490e-04
1.576568526376433510e+03,5.200000687454399591e-04
1.576086396517205685e+03,5.239999958287199769e-04
1.575604266657976950e+03,5.290000674314399454e-04
1.575122136798749125e+03,5.329999945147199632e-04
1.574640006939520390e+03,5.369999215979999810e-04
1.574157877080291655e+03,5.419999932007199496e-04
1.573675747221063830e+03,5.459999202839999673e-04
1.573193617361835095e+03,5.500000643654399859e-04
1.572711487502607270e+03,5.549999189699999537e-04
1.572229357643378535e+03,5.590000630514399722e-04
1.571747227784149800e+03,5.629999901347199900e-04
1.571265097924921974e+03,5.680000617374399586e-04
1.570782968065693240e+03,5.729999163420000348e-04
1.570300838206465414e+03,5.779999879447200034e-04
1.569818708347236679e+03,5.830000595474399720e-04
1.569336578488007945e+03,5.879999141520000482e-04
1.568854448628780119e+03,5.929999857547200168e-04
1.568372318769551384e+03,5.989999848787200439e-04
1.567890188910323559e+03,6.040000564814400124e-04
1.567408059051094824e+03,6.089999110859999802e-04
1.566925929191866089e+03,6.139999826887199488e-04
1.566443799332638264e+03,6.179999097719999666e-04
1.565961669473409529e+03,6.209999093340000343e-04
1.565479539614181704e+03,6.239999088959999936e-04
1.564997409754952969e+03,6.269999084579999530e-04
1.564515279895725143e+03,6.289999804987199622e-04
1.564033150036496409e+03,6.310000525394399715e-04
1.563551020177267674e+03,6.329999075819999800e-04
1.563068890318039848e+03,6.349999796227199893e-04
1.562586760458811113e+03,6.370000516634399985e-04
1.562104630599583288e+03,6.389999067060000070e-04
1.561622500740354553e+03,6.409999787467200163e-04
1.561140370881125818e+03,6.439999783087199756e-04
1.560658241021897993e+03,6.469999778707200434e-04
1.560176111162669258e+03,6.499999774327200027e-04
1.559693981303441433e+03,6.539999045160000204e-04
1.559211851444212698e+03,6.569999040779999798e-04
1.558729721584983963e+03,6.610000481594399983e-04
1.558247591725756138e+03,6.649999752427200161e-04
1.557765461866527403e+03,6.689999023260000338e-04
1.557283332007299578e+03,6.739999739287200024e-04
1.556801202148070843e+03,6.790000455314399710e-04
1.556319072288842108e+03,6.840001171341599396e-04
1.555836942429614282e+03,6.889999717387200158e-04
1.555354812570385548e+03,6.940000433414399844e-04
1.554872682711157722e+03,6.990001149441599530e-04
1.554390552851928987e+03,7.039999695487200292e-04
1.553908422992701162e+03,7.099999686727199479e-04
1.553426293133472427e+03,7.150000402754400249e-04
1.552944163274243692e+03,7.210000393994399435e-04
1.552462033415015867e+03,7.270000385234399705e-04
1.551979903555787132e+03,7.319998931280000468e-04
1.551497773696559307e+03,7.379998922519999654e-04
1.551015643837330572e+03,7.440001083741599932e-04
1.550533513978101837e+03,7.510000350194399703e-04
1.550051384118874012e+03,7.570000341434399973e-04
1.549569254259645277e+03,7.639999607887199744e-04
1.549087124400417451e+03,7.709998874339999515e-04
1.548604994541188717e+03,7.780000310774400378e-04
1.548122864681959982e+03,7.849999577227200149e-04
1.547640734822732156e+03,7.919998843679999919e-04
1.547158604963503421e+03,7.990000280114399698e-04
1.546676475104275596e+03,8.059999546567199469e-04
1.546194345245046861e+03,8.130000983001600331e-04
1.545712215385818126e+03,8.209999524667199603e-04
1.545230085526590301e+03,8.280000961101599381e-04
1.544747955667361566e+03,8.359999502767199737e-04
1.544265825808133741e+03,8.440000214414400100e-04
1.543783695948905006e+03,8.509999480867199871e-04
1.543301566089677181e+03,8.590000192514400234e-04
1.542819436230448446e+03,8.670000904161599513e-04
1.542337306371219711e+03,8.759998721040000453e-04
1.541855176511991885e+03,8.839999432687199732e-04
1.541373046652763151e+03,8.920000144334400095e-04
1.540890916793535325e+03,9.000000855981599374e-04
1.540408786934306590e+03,9.090000842841600322e-04
1.539926657075077856e+03,9.169999384507199593e-04
1.539444527215850030e+03,9.259999371367199457e-04
1.538962397356621295e+03,9.340000083014399820e-04
1.538480267497393470e+03,9.430000069874399683e-04
1.537998137638164735e+03,9.520000056734399547e-04
1.537516007778936000e+03,9.610000043594399410e-04
1.537033877919708175e+03,9.709999305667199859e-04
1.536551748060479440e+03,9.799999292527199722e-04
1.536069618201251615e+03,9.900000724581599094e-04
1.535587488342022880e+03,9.990000711441598957e-04
1.535105358482794145e+03,1.009999924872719999e-03
1.534623228623566320e+03,1.020000068078159936e-03
1.534141098764337585e+03,1.029999994285439981e-03
1.533658968905109759e+03,1.039999920492720026e-03
1.533176839045881025e+03,1.050000063698159963e-03
1.532694709186653199e+03,1.059999989905440008e-03
1.532212579327424464e+03,1.069999916112720053e-03
1.531730449468195729e+03,1.080000059318159990e-03
1.531248319608967904e+03,1.089999985525440035e-03
1.530766189749739169e+03,1.099999911732720079e-03
1.530284059890511344e+03,1.119999981145440061e-03
1.529801930031282609e+03,1.129999907352719889e-03
1.529319800172053874e+03,1.140000050558160043e-03
1.528837670312826049e+03,1.149999976765440088e-03
1.528355540453597314e+03,1.159999902972719916e-03
1.527873410594369489e+03,1.179999972385439898e-03
1.527391280735140754e+03,1.189999898592719943e-03
1.526909150875912019e+03,1.200000041798160097e-03
1.526427021016684193e+03,1.219999894212719970e-03
1.525944891157455459e+03,1.230000037418159907e-03
1.525462761298227633e+03,1.239999963625439952e-03
1.524980631438998898e+03,1.260000033038159934e-03
1.524498501579770164e+03,1.269999959245439979e-03
1.524016371720542338e+03,1.290000028658159961e-03
1.523534241861313603e+03,1.299999954865440005e-03
1.523052112002085778e+03,1.309999881072720050e-03
1.522569982142857043e+03,1.329999950485440032e-03
1.522087852283628308e+03,1.339999876692720077e-03
1.521605722424400483e+03,1.359999946105440059e-03
1.521123592565171748e+03,1.369999872312719887e-03
1.520641462705943923e+03,1.389999941725440086e-03
1.520159332846715188e+03,1.410000011138160068e-03
1.519677202987487362e+03,1.419999937345439896e-03
1.519195073128258628e+03,1.440000006758160095e-03
1.518712943269029893e+03,1.460000076170880077e-03
1.518230813409802067e+03,1.470000002378159904e-03
1.517748683550573332e+03,1.490000071790879886e-03
1.517266553691345507e+03,1.509999924205439976e-03
1.516784423832116772e+03,1.529999993618159958e-03
1.516302293972888037e+03,1.550000063030879940e-03
1.515820164113660212e+03,1.569999915445440030e-03
1.515338034254431477e+03,1.580000058650879967e-03
1.514855904395203652e+03,1.599999911065440057e-03
1.514373774535974917e+03,1.619999980478160038e-03
1.513891644676746182e+03,1.640000049890880020e-03
1.513409514817518357e+03,1.659999902305439893e-03
1.512927384958289622e+03,1.679999971718160092e-03
1.512445255099061796e+03,1.700000041130880074e-03
1.511963125239833062e+03,1.719999893545439947e-03
1.511480995380604327e+03,1.739999962958159929e-03
1.510998865521376501e+03,1.760000032370879911e-03
1.510516735662147767e+03,1.780000101783599893e-03
1.510034605802919941e+03,1.799999954198159982e-03
1.509552475943691206e+03,1.820000023610879964e-03
1.509070346084463381e+03,1.840000093023599946e-03
1.508588216225234646e+03,1.859999945438160036e-03
1.508106086366005911e+03,1.880000014850880018e-03
1.507623956506778086e+03,1.900000084263600000e-03
1.507141826647549351e+03,1.919999936678160090e-03
1.506659696788321526e+03,1.940000006090880072e-03
1.506177566929092791e+03,1.949999932298159900e-03
1.505695437069864056e+03,1.970000001710880098e-03
1.505213307210636231e+03,1.990000071123600080e-03
1.504731177351407496e+03,2.009999923538160170e-03
1.504249047492179670e+03,2.020000066743599890e-03
1.503766917632950936e+03,2.039999919158159980e-03
1.503284787773722201e+03,2.059999988570879962e-03
1.502802657914494375e+03,2.069999914778159790e-03
1.502320528055265640e+03,2.089999984190879772e-03
1.501838398196037815e+03,2.110000053603600188e-03
1.501356268336809080e+03,2.129999906018159844e-03
1.500874138477580345e+03,2.149999975430879826e-03
1.500392008618352520e+03,2.159999901638160087e-03
1.499909878759123785e+03,2.179999971050880069e-03
1.499427748899895960e+03,2.200000040463600051e-03
1.498945619040667225e+03,2.219999892878160141e-03
1.498463489181439400e+03,2.249999888498159951e-03
1.497981359322210665e+03,2.269999957910879933e-03
1.497499229462981930e+03,2.290000027323599915e-03
1.497017099603754104e+03,2.320000022943600158e-03
1.496534969744525370e+03,2.339999875358159814e-03
1.496052839885297544e+03,2.369999870978160058e-03
1.495570710026068809e+03,2.400000083596320194e-03
1.495088580166840075e+03,2.419999936010879850e-03
1.494606450307612249e+03,2.449999931630880094e-03
1.494124320448383514e+03,2.479999927250879904e-03
1.493642190589155689e+03,2.509999922870880147e-03
1.493160060729926954e+03,2.539999918490879957e-03
1.492677930870698219e+03,2.580000057316319921e-03
1.492195801011470394e+03,2.610000052936320165e-03
1.491713671152241659e+03,2.649999974763599803e-03
1.491231541293013834e+03,2.679999970383600046e-03
1.490749411433785099e+03,2.719999892210880118e-03
1.490267281574556364e+03,2.760000031036320082e-03
1.489785151715328539e+03,2.799999952863600153e-03
1.489303021856099804e+03,2.850000017896319945e-03
1.488820891996871978e+03,2.889999939723600017e-03
1.488338762137643243e+03,2.940000004756319809e-03
1.487856632278415418e+03,2.980000143581759773e-03
1.487374502419186683e+03,3.029999991616320106e-03
1.486892372559957948e+03,3.089999982856320160e-03
1.486410242700730123e+03,3.139999830890880059e-03
1.485928112841501388e+03,3.199999822130880113e-03
1.485445982982273563e+03,3.250000104161759797e-03
1.484963853123044828e+03,3.310000095401759851e-03
1.484481723263816093e+03,3.379999795850879840e-03
1.483999593404588268e+03,3.439999787090879894e-03
1.483517463545359533e+03,3.509999921536320101e-03
1.483035333686131708e+03,3.580000055981759875e-03
1.482553203826902973e+03,3.650000190427200083e-03
1.482071073967674238e+03,3.730000034081759792e-03
1.481588944108446412e+03,3.800000168527200000e-03
1.481106814249217678e+03,3.890000155387199864e-03
1.480624684389989852e+03,3.969999999041760007e-03
1.480142554530761117e+03,4.060000202899920196e-03
1.479660424671532382e+03,4.149999972761759734e-03
1.479178294812304557e+03,4.240000176619919924e-03
1.478696164953075822e+03,4.340000089687199615e-03
1.478214035093847997e+03,4.469999998374479984e-03
1.477731905234619262e+03,4.580000054647199829e-03
1.477249775375391437e+03,4.700000037127199937e-03
1.476767645516162702e+03,4.869999867641760377e-03
1.476285515656933967e+03,5.049999841361760104e-03
1.475803385797706142e+03,5.239999958287199985e-03
1.475321255938477407e+03,5.440000001419920128e-03
1.474839126079249581e+03,5.640000044552640271e-03
1.474356996220020847e+03,5.859999940099920070e-03
1.473874866360792112e+03,6.080000269643519653e-03
1.473392736501564286e+03,6.310000091398079713e-03
1.472910606642335551e+03,6.560000199563520082e-03
1.472428476783107726e+03,6.810000090730799691e-03
1.471946346923878991e+03,7.089999977518079977e-03
1.471464217064650256e+03,7.319999799272640037e-03
1.470982087205422431e+03,7.569999907438079538e-03
1.470499957346193696e+03,7.840000085016240322e-03
1.470017827486965871e+03,8.120000405799840393e-03
1.469535697627737136e+03,8.430000288207119621e-03
1.469053567768508401e+03,8.750000096821679979e-03
1.468571437909280576e+03,8.969999775370799885e-03
1.468089308050051841e+03,9.340000300012559278e-03
1.467607178190824015e+03,9.730000026074400385e-03
1.467125048331595281e+03,1.020000046378343947e-02
1.466642918472367455e+03,1.059999968205624019e-02
1.466160788613138720e+03,1.109999968138896016e-02
1.465678658753909986e+03,1.159999989771983916e-02
1.465196528894682160e+03,1.219999981011984057e-02
1.464714399035453425e+03,1.279999972251984024e-02
1.464232269176225600e+03,1.350000041597975917e-02
1.463750139316996865e+03,1.429999993751615919e-02
1.463268009457768130e+03,1.510000032704520052e-02
1.462785879598540305e+03,1.590000093357240088e-02
1.462303749739311570e+03,1.689999919625255823e-02
1.461821619880083745e+03,1.789999941191616067e-02
1.461339490020855010e+03,1.909999923671616001e-02
1.460857360161626275e+03,2.030000079750143849e-02
1.460375230302398450e+03,2.160000053536871925e-02
1.459893100443169715e+03,2.299999996930511895e-02
1.459410970583941889e+03,2.449999931630880007e-02
1.458928840724713154e+03,2.610000031236503829e-02
1.458446710865484420e+03,2.769999957243600083e-02
1.457964581006256594e+03,2.920000065542496109e-02
1.457482451147027859e+03,3.070000000242863875e-02
1.457000321287800034e+03,3.209999943636503844e-02
1.456518191428571299e+03,3.350000082328487977e-02
1.456036061569343474e+03,3.469999869510143747e-02
1.455553931710114739e+03,3.570000086374847809e-02
1.455071801850886004e+03,3.669999912642864237e-02
1.454589671991658179e+03,3.759999942902495645e-02
1.454107542132429444e+03,3.849999973162127748e-02
1.453625412273201619e+03,3.929999838516504140e-02
1.453143282413972884e+03,3.999999907862496207e-02
1.452661152554744149e+03,4.060000181200103947e-02
1.452179022695516323e+03,4.100000103027384019e-02
1.451696892836287589e+03,4.129999881649223936e-02
1.451214762977059763e+03,4.140000046554479646e-02
1.450732633117831028e+03,4.129999881649223936e-02
1.450250503258602293e+03,4.120000085640840304e-02
1.449768373399374468e+03,4.109999899035767651e-02
1.449286243540145733e+03,4.100000103027384019e-02
1.448804113680917908e+03,4.100000103027384019e-02
1.448321983821689173e+03,4.120000085640840304e-02
1.447839853962460438e+03,4.149999842562863972e-02
1.447357724103232613e+03,4.199999950995216003e-02
1.446875594244003878e+03,4.259999833736136110e-02
1.446393464384776053e+03,4.329999903082128176e-02
1.445911334525547318e+03,4.410000137333375952e-02
1.445429204666319492e+03,4.490000002687751651e-02
1.444947074807090758e+03,4.549999907128488008e-02
1.444464944947862023e+03,4.600000015560840039e-02
1.443982815088634197e+03,4.619999976474480075e-02
1.443500685229405462e+03,4.610000180466095748e-02
1.443018555370177637e+03,4.569999868042128044e-02
1.442536425510948902e+03,4.500000167593008055e-02
1.442054295651720167e+03,4.399999972428120243e-02
1.441572165792492342e+03,4.289999981254848105e-02
1.441090035933263607e+03,4.149999842562863972e-02
1.440607906074035782e+03,4.019999868776136243e-02
1.440125776214807047e+03,3.880000120680839742e-02
1.439643646355578312e+03,3.739999981988856304e-02
1.439161516496350487e+03,3.599999843296872171e-02
1.438679386637121752e+03,3.469999869510143747e-02
1.438197256777893926e+03,3.350000082328487977e-02
1.437715126918665192e+03,3.229999904550143880e-02
1.437232997059436457e+03,3.119999913376872089e-02
1.436750867200208631e+03,3.009999922203599951e-02
1.436268737340979897e+03,2.910000074235767967e-02
1.435786607481752071e+03,2.820000043976135864e-02
1.435304477622523336e+03,2.740000005023231905e-02
1.434822347763295511e+03,2.659999944370512043e-02
1.434340217904066776e+03,2.590000070322864140e-02
1.433858088044838041e+03,2.520000000976872073e-02
1.433375958185610216e+03,2.470000087842863859e-02
1.432893828326381481e+03,2.419999979410511828e-02
1.432411698467153656e+03,2.380000057583232104e-02
1.431929568607924921e+03,2.349999910064520109e-02
1.431447438748696186e+03,2.329999949150880073e-02
1.430965308889468361e+03,2.309999988237240037e-02
1.430483179030239626e+03,2.309999988237240037e-02
1.430001049171011800e+03,2.319999979543967833e-02
1.429518919311783065e+03,2.339999940457607869e-02
1.429036789452554331e+03,2.370000066276503961e-02
1.428554659593326505e+03,2.400000018496872140e-02
1.428072529734097770e+03,2.429999970717239971e-02
1.427590399874869945e+03,2.470000087842863859e-02
1.427108270015641210e+03,2.500000040063232037e-02
1.426626140156412475e+03,2.529999992283599869e-02
1.426144010297184650e+03,2.559999944503968047e-02
1.425661880437955915e+03,2.569999914110879941e-02
1.425179750578728090e+03,2.569999914110879941e-02
1.424697620719499355e+03,2.559999944503968047e-02
1.424215490860271530e+03,2.539999961890512109e-02
1.423733361001042795e+03,2.500000040063232037e-02
1.423251231141814060e+03,2.449999931630880007e-02
1.422769101282586234e+03,2.390000027190143997e-02
1.422286971423357500e+03,2.309999988237240037e-02
1.421804841564129674e+03,2.229999927584519828e-02
1.421322711704900939e+03,2.140000092623231889e-02
1.420840581845672205e+03,2.040000071056871991e-02
1.420358451986444379e+03,1.950000040797239889e-02
1.419876322127215644e+03,1.860000010537608134e-02
1.419394192267987819e+03,1.769999980277976032e-02
1.418912062408759084e+03,1.679999950018343929e-02
1.418429932549530349e+03,1.600000084663967884e-02
1.417947802690302524e+03,1.530000015317975991e-02
1.417465672831073789e+03,1.460000032771248055e-02
1.416983542971845964e+03,1.400000041531247914e-02
1.416501413112617229e+03,1.350000041597975917e-02
1.416019283253388494e+03,1.300000019964888016e-02
1.415537153394160669e+03,1.260000011338343988e-02
1.415055023534931934e+03,1.219999981011984057e-02
1.414572893675704108e+03,1.190000028791616052e-02
1.414090763816475373e+03,1.169999959378895983e-02
1.413608633957247548e+03,1.149999998465255947e-02
1.413126504098018813e+03,1.130000037551615912e-02
1.412644374238790078e+03,1.119999959445623985e-02
1.412162244379562253e+03,1.109999968138896016e-02
1.411680114520333518e+03,1.109999968138896016e-02
1.411197984661105693e+03,1.119999959445623985e-02
1.410715854801876958e+03,1.119999959445623985e-02
1.410233724942648223e+03,1.130000037551615912e-02
1.409751595083420398e+03,1.149999998465255947e-02
1.409269465224191663e+03,1.159999989771983916e-02
1.408787335364963837e+03,1.180000037484887909e-02
1.408305205505735103e+03,1.190000028791616052e-02
1.407823075646506368e+03,1.200000020098344021e-02
1.407340945787278542e+03,1.209999989705255914e-02
1.406858815928049808e+03,1.209999989705255914e-02
1.406376686068821982e+03,1.209999989705255914e-02
1.405894556209593247e+03,1.200000020098344021e-02
1.405412426350364512e+03,1.190000028791616052e-02
1.404930296491136687e+03,1.169999959378895983e-02
1.404448166631907952e+03,1.140000028858344054e-02
1.403966036772680127e+03,1.119999959445623985e-02
1.403483906913451392e+03,1.090000007225255980e-02
1.403001777054223567e+03,1.059999968205624019e-02
1.402519647194994832e+03,1.020000046378343947e-02
1.402037517335766097e+03,9.850000008554399625e-03
1.401555387476538272e+03,9.490000061114400171e-03
1.401073257617309537e+03,9.130000113674400716e-03
1.400591127758081711e+03,8.790000235647119076e-03
1.400108997898852977e+03,8.460000066828959539e-03
1.399626868039624242e+03,8.159999676632639920e-03
1.399144738180396416e+03,7.880000440839840178e-03
1.398662608321167681e+03,7.629999898678080025e-03
1.398180478461939856e+03,7.400000076923519965e-03
1.397698348602711121e+03,7.189999890585359668e-03
1.397216218743482386e+03,7.019999843072640203e-03
1.396734088884254561e+03,6.860000155763519916e-03
1.396251959025025826e+03,6.719999886872640368e-03
1.395769829165798001e+03,6.599999904392640261e-03
1.395287699306569266e+03,6.500000208323519595e-03
1.394805569447340531e+03,6.419999930672639667e-03
1.394323439588112706e+03,6.350000013225359785e-03
1.393841309728883971e+03,6.299999948192639559e-03
1.393359179869656145e+03,6.260000243363520248e-03
1.392877050010427411e+03,6.230000030745359678e-03
1.392394920151199585e+03,6.219999887539919524e-03
1.391912790291970850e+03,6.219999887539919524e-03
1.391430660432742116e+03,6.239999956952639940e-03
1.390948530573514290e+03,6.269999735574479857e-03
1.390466400714285555e+03,6.310000091398079713e-03
1.389984270855057730e+03,6.370000082638080201e-03
1.389502140995828995e+03,6.450000143290800236e-03
1.389020011136600260e+03,6.539999913152639774e-03
1.388537881277372435e+03,6.649999969425359619e-03
1.388055751418143700e+03,6.790000021318080142e-03
1.387573621558915875e+03,6.940000216416239952e-03
1.387091491699687140e+03,7.129999899345360048e-03
1.386609361840458405e+03,7.340000085683520345e-03
1.386127231981230580e+03,7.589999976850799954e-03
1.385645102122001845e+03,7.880000440839840178e-03
1.385162972262774019e+03,8.200000032456239776e-03
1.384680842403545284e+03,8.550000270687120596e-03
1.384198712544316550e+03,8.939999996748959968e-03
1.383716582685088724e+03,9.359999501432639257e-03
1.383234452825859989e+03,9.840000516343440015e-03
1.382752322966632164e+03,1.040000007291983983e-02
1.382270193107403429e+03,1.099999998531983950e-02
1.381788063248175604e+03,1.169999959378895983e-02
1.381305933388946869e+03,1.250000020031616019e-02
1.380823803529718134e+03,1.339999963491983991e-02
1.380341673670490309e+03,1.439999985058344062e-02
1.379859543811261574e+03,1.549999976231616027e-02
1.379377413952033749e+03,1.659999967404887991e-02
1.378895284092805014e+03,1.779999949884887925e-02
1.378413154233576279e+03,1.889999962757975965e-02
1.377931024374348453e+03,1.999999953931248103e-02
1.377448894515119719e+03,2.089999984190879859e-02
1.376966764655891893e+03,2.150000062230144129e-02
1.376484634796663158e+03,2.180000014450511961e-02
1.376002504937434423e+03,2.170000044843600068e-02
1.375520375078206598e+03,2.119999936411248037e-02
1.375038245218977863e+03,2.030000079750143849e-02
1.374556115359750038e+03,1.909999923671616001e-02
1.374073985500521303e+03,1.779999949884887925e-02
1.373591855641292568e+03,1.640000006491247955e-02
1.373109725782064743e+03,1.489999984991616060e-02
1.372627595922836008e+03,1.360000011204887983e-02
1.372145466063608183e+03,1.229999950618895950e-02
1.371663336204379448e+03,1.119999959445623985e-02
1.371181206345151622e+03,1.020000046378343947e-02
1.370699076485922888e+03,9.379999787843519565e-03
1.370216946626694153e+03,8.630000114341680739e-03
1.369734816767466327e+03,7.989999846118079480e-03
1.369252686908237592e+03,7.430000289541679667e-03
1.368770557049009767e+03,6.959999851832639715e-03
1.368288427189781032e+03,6.539999913152639774e-03
1.367806297330552297e+03,6.190000108918079606e-03
1.367324167471324472e+03,5.870000083305360224e-03
1.366842037612095737e+03,5.599999905727200307e-03
1.366359907752867912e+03,5.350000231558079723e-03
1.365877777893639177e+03,5.129999902014480140e-03
1.365395648034410442e+03,4.929999858881759997e-03
1.364913518175182617e+03,4.739999741956320116e-03
1.364431388315953882e+03,4.580000054647199829e-03
1.363949258456726056e+03,4.430000293545359805e-03
1.363467128597497322e+03,4.300000167859919543e-03
1.362984998738268587e+03,4.170000042174480150e-03
1.362502868879040761e+03,4.060000202899920196e-03
1.362020739019812027e+03,3.959999855836319853e-03
1.361538609160584201e+03,3.869999868976319989e-03
1.361056479301355466e+03,3.790000025321759846e-03
1.360574349442127641e+03,3.710000181667200136e-03
1.360092219582898906e+03,3.650000190427200083e-03
1.359610089723670171e+03,3.580000055981759875e-03
1.359127959864442346e+03,3.530000207947199976e-03
1.358645830005213611e+03,3.470000216707199922e-03
1.358163700145985786e+03,3.430000077881759958e-03
1.357681570286757051e+03,3.379999795850879840e-03
1.357199440427528316e+03,3.340000091021760095e-03
1.356717310568300491e+03,3.310000095401759851e-03
1.356235180709071756e+03,3.269999956576319887e-03
1.355753050849843930e+03,3.239999960956320077e-03
1.355270920990615195e+03,3.209999965336319833e-03
1.354788791131386461e+03,3.179999969716320023e-03
1.354306661272158635e+03,3.149999974096319780e-03
1.353824531412929900e+03,3.130000121681760124e-03
1.353342401553702075e+03,3.100000126061759880e-03
1.352860271694473340e+03,3.079999839650880006e-03
1.352378141835244605e+03,3.059999987236319916e-03
1.351896011976016780e+03,3.040000134821759827e-03
1.351413882116788045e+03,3.019999848410879952e-03
1.350931752257560220e+03,2.999999995996319863e-03
1.350449622398331485e+03,2.980000143581759773e-03
1.349967492539103660e+03,2.970000000376320053e-03
1.349485362679874925e+03,2.950000147961759963e-03
1.349003232820646190e+03,2.940000004756319809e-03
1.348521102961418364e+03,2.920000152341760153e-03
1.348038973102189630e+03,2.910000009136319999e-03
1.347556843242961804e+03,2.899999865930879845e-03
1.347074713383733069e+03,2.889999939723600017e-03
1.346592583524504334e+03,2.880000013516320189e-03
1.346110453665276509e+03,2.880000013516320189e-03
1.345628323806047774e+03,2.869999870310880035e-03
1.345146193946819949e+03,2.869999870310880035e-03
1.344664064087591214e+03,2.859999944103599773e-03
1.344181934228362479e+03,2.859999944103599773e-03
1.343699804369134654e+03,2.859999944103599773e-03
1.343217674509905919e+03,2.869999870310880035e-03
1.342735544650678094e+03,2.869999870310880035e-03
1.342253414791449359e+03,2.869999870310880035e-03
1.341771284932220624e+03,2.869999870310880035e-03
1.341289155072992799e+03,2.880000013516320189e-03
1.340807025213764064e+03,2.880000013516320189e-03
1.340324895354536238e+03,2.889999939723600017e-03
1.339842765495307503e+03,2.899999865930879845e-03
1.339360635636079678e+03,2.899999865930879845e-03
1.338878505776850943e+03,2.910000009136319999e-03
1.338396375917622208e+03,2.920000152341760153e-03
1.337914246058394383e+03,2.929999861550880089e-03
1.337432116199165648e+03,2.940000004756319809e-03
1.336949986339937823e+03,2.950000147961759963e-03
1.336467856480709088e+03,2.959999857170879899e-03
1.335985726621480353e+03,2.970000000376320053e-03
1.335503596762252528e+03,2.989999852790880142e-03
1.335021466903023793e+03,2.999999995996319863e-03
1.334539337043795967e+03,3.019999848410879952e-03
1.334057207184567233e+03,3.040000134821759827e-03
1.333575077325338498e+03,3.059999987236319916e-03
1.333092947466110672e+03,3.079999839650880006e-03
1.332610817606881938e+03,3.100000126061759880e-03
1.332128687747654112e+03,3.130000121681760124e-03
1.331646557888425377e+03,3.160000117301759934e-03
1.331164428029196642e+03,3.190000112921760177e-03
1.330682298169968817e+03,3.220000108541759987e-03
1.330200168310740082e+03,3.259999813370880167e-03
1.329718038451512257e+03,3.299999952196320131e-03
1.329235908592283522e+03,3.340000091021760095e-03
1.328753778733055697e+03,3.389999939056319994e-03
1.328271648873826962e+03,3.439999787090879894e-03
1.327789519014598227e+03,3.490000069121760012e-03
1.327307389155370402e+03,3.539999917156319911e-03
1.326825259296141667e+03,3.599999908396319965e-03
1.326343129436913841e+03,3.659999899636320018e-03
1.325860999577685106e+03,3.730000034081759792e-03
1.325378869718456372e+03,3.790000025321759846e-03
1.324896739859228546e+03,3.860000159767200054e-03
1.324414609999999811e+03,3.930000077214479935e-03
1.323932480140771986e+03,4.009999703870880186e-03
1.323450350281543251e+03,4.079999838316319960e-03
1.322968220422314516e+03,4.160000115967199888e-03
1.322486090563086691e+03,4.240000176619919924e-03
1.322003960703857956e+03,4.319999803276320174e-03
1.321521830844630131e+03,4.410000007134480364e-03
1.321039700985401396e+03,4.499999776996319902e-03
1.320557571126172661e+03,4.600000124059920245e-03
1.320075441266944836e+03,4.709999963334480198e-03
1.319593311407716101e+03,4.820000019607200044e-03
1.319111181548488275e+03,4.940000002087200151e-03
1.318629051689259541e+03,5.080000053979919807e-03
1.318146921830031715e+03,5.220000105872640329e-03
1.317664791970802980e+03,5.369999866974480354e-03
1.317182662111574246e+03,5.530000205278080318e-03
1.316700532252346420e+03,5.710000178998080045e-03
1.316218402393117685e+03,5.900000295923519926e-03
1.315736272533889860e+03,6.099999905059920284e-03
1.315254142674661125e+03,6.320000234603519867e-03
1.314772012815432390e+03,6.560000199563520082e-03
1.314289882956204565e+03,6.810000090730799691e-03
1.313807753096975830e+03,7.079999834312639823e-03
1.313325623237748005e+03,7.379999790512639657e-03
1.312843493378519270e+03,7.689999889918079645e-03
1.312361363519290535e+03,8.030000201941679336e-03
1.311879233660062710e+03,8.399999641592640134e-03
1.311397103800833975e+03,8.790000235647119076e-03
1.310914973941606149e+03,9.209999740330800100e-03
1.310432844082377414e+03,9.659999891628960611e-03
1.309950714223148680e+03,1.009999968272352021e-02
1.309468584363920854e+03,1.059999968205624019e-02
1.308986454504692119e+03,1.119999959445623985e-02
1.308504324645464294e+03,1.180000037484887909e-02
1.308022194786235559e+03,1.240000028724888050e-02
1.307540064927007734e+03,1.300000019964888016e-02
1.307057935067778999e+03,1.360000011204887983e-02
1.306575805208550264e+03,1.429999993751615919e-02
1.306093675349322439e+03,1.499999976298344029e-02
1.305611545490093704e+03,1.559999967538343996e-02
1.305129415630865878e+03,1.630000015184519813e-02
1.304647285771637144e+03,1.689999919625255823e-02
1.304165155912408409e+03,1.749999997664520093e-02
1.303683026053180583e+03,1.799999932498343863e-02
1.303200896193951849e+03,1.850000019230879991e-02
1.302718766334724023e+03,1.889999962757975965e-02
1.302236636475495288e+03,1.930000079883599853e-02
1.301754506616266553e+03,1.960000032103968032e-02
1.301272376757038728e+03,1.979999993017608068e-02
1.300790246897809993e+03,1.989999962624519961e-02
1.300308117038582168e+03,1.999999953931248103e-02
1.299825987179353433e+03,2.009999945237975899e-02
1.299343857320124698e+03,2.019999914844888139e-02
1.298861727460896873e+03,2.030000079750143849e-02
1.298379597601668138e+03,2.040000071056871991e-02
1.297897467742440313e+03,2.050000062363600134e-02
1.297415337883211578e+03,2.070000023277239823e-02
1.296933208023983752e+03,2.099999975497608001e-02
1.296451078164755017e+03,2.129999927717975833e-02
1.295968948305526283e+03,2.170000044843600068e-02
1.295486818446298457e+03,2.219999957977607935e-02
1.295004688587069722e+03,2.270000044710144063e-02
1.294522558727841897e+03,2.329999949150880073e-02
1.294040428868613162e+03,2.390000027190143997e-02
1.293558299009384427e+03,2.459999922937608149e-02
1.293076169150156602e+03,2.520000000976872073e-02
1.292594039290927867e+03,2.580000079016135997e-02
1.292111909431700042e+03,2.629999992150143864e-02
1.291629779572471307e+03,2.669999935677239838e-02
1.291147649713242572e+03,2.700000061496135931e-02
1.290665519854014747e+03,2.710000052802864073e-02
1.290183389994786012e+03,2.710000052802864073e-02
1.289701260135558186e+03,2.690000091889224038e-02
1.289219130276329452e+03,2.659999944370512043e-02
1.288737000417100717e+03,2.610000031236503829e-02
1.288254870557872891e+03,2.549999953197239905e-02
1.287772740698644157e+03,2.480000079149592002e-02
1.287290610839416331e+03,2.419999979410511828e-02
1.286808480980187596e+03,2.360000096669592068e-02
1.286326351120958861e+03,2.299999996930511895e-02
1.285844221261731036e+03,2.250000083796504027e-02
1.285362091402502301e+03,2.199999997063967899e-02
1.284879961543274476e+03,2.170000044843600068e-02
1.284397831684045741e+03,2.150000062230144129e-02
1.283915701824817916e+03,2.140000092623231889e-02
1.283433571965589181e+03,2.140000092623231889e-02
1.282951442106360446e+03,2.150000062230144129e-02
1.282469312247132621e+03,2.150000062230144129e-02
1.281987182387903886e+03,2.160000053536871925e-02
1.281505052528676060e+03,2.180000014450511961e-02
1.281022922669447325e+03,2.180000014450511961e-02
1.280540792810218591e+03,2.190000005757240104e-02
1.280058662950990765e+03,2.199999997063967899e-02
1.279576533091762030e+03,2.209999966670880139e-02
1.279094403232534205e+03,2.219999957977607935e-02
1.278612273373305470e+03,2.229999927584519828e-02
1.278130143514076735e+03,2.250000083796504027e-02
1.277648013654848910e+03,2.270000044710144063e-02
1.277165883795620175e+03,2.299999996930511895e-02
1.276683753936392350e+03,2.329999949150880073e-02
1.276201624077163615e+03,2.360000096669592068e-02
1.275719494217934880e+03,2.400000018496872140e-02
1.275237364358707055e+03,2.439999962023968114e-02
1.274755234499478320e+03,2.490000048756503895e-02
1.274273104640250494e+03,2.539999961890512109e-02
1.273790974781021760e+03,2.600000061629591935e-02
1.273308844921793934e+03,2.669999935677239838e-02
1.272826715062565199e+03,2.749999974630144145e-02
1.272344585203336464e+03,2.849999996196504043e-02
1.271862455344108639e+03,2.950000017762863941e-02
1.271380325484879904e+03,3.070000000242863875e-02
1.270898195625652079e+03,3.200000147628120212e-02
1.270416065766423344e+03,3.339999917423232267e-02
1.269933935907194609e+03,3.480000056115215706e-02
1.269451806047966784e+03,3.629999969115767916e-02
1.268969676188738049e+03,3.770000107807752049e-02
1.268487546329510224e+03,3.900000081594479778e-02
1.268005416470281489e+03,4.019999868776136243e-02
1.267523286611052754e+03,4.140000046554479646e-02
1.267041156751824929e+03,4.239999872822496074e-02
1.266559026892596194e+03,4.329999903082128176e-02
1.266076897033368368e+03,4.430000119946832238e-02
1.265594767174139633e+03,4.509999963601391687e-02
1.265112637314910899e+03,4.600000015560840039e-02
1.264630507455683073e+03,4.690000045820472141e-02
1.264148377596454338e+03,4.769999911174847840e-02
1.263666247737226513e+03,4.839999980520839906e-02
1.263184117877997778e+03,4.879999902348119978e-02
1.262701988018769953e+03,4.910000049866831973e-02
1.262219858159541218e+03,4.899999863261760014e-02
1.261737728300312483e+03,4.850000145426095616e-02
1.261255598441084658e+03,4.760000115166464207e-02
1.260773468581855923e+03,4.639999937388120110e-02
1.260291338722628097e+03,4.470000041774111615e-02
1.259809208863399363e+03,4.280000185246463779e-02
1.259327079004170628e+03,4.069999977208488273e-02
1.258844949144942802e+03,3.849999973162127748e-02
1.258362819285714068e+03,3.620000173107384284e-02
1.257880689426486242e+03,3.390000004155768049e-02
1.257398559567257507e+03,3.170000021809223772e-02
1.256916429708028772e+03,2.950000017762863941e-02
1.256434299848800947e+03,2.749999974630144145e-02
1.255952169989572212e+03,2.569999914110879941e-02
1.255470040130344387e+03,2.400000018496872140e-02
1.254987910271115652e+03,2.239999918891247971e-02
1.254505780411886917e+03,2.099999975497608001e-02
1.254023650552659092e+03,1.979999993017608068e-02
1.253541520693430357e+03,1.860000010537608134e-02
1.253059390834202532e+03,1.769999980277976032e-02
1.252577260974973797e+03,1.679999950018343929e-02
1.252095131115745971e+03,1.610000054270880124e-02
1.251613001256517236e+03,1.539999984924888057e-02
1.251130871397288502e+03,1.489999984991616060e-02
1.250648741538060676e+03,1.449999954665255955e-02
1.250166611678831941e+03,1.410000032837976057e-02
1.249684481819604116e+03,1.379999993818343922e-02
1.249202351960375381e+03,1.350000041597975917e-02
1.248720222101146646e+03,1.320000002578343955e-02
1.248238092241918821e+03,1.300000019964888016e-02
1.247755962382690086e+03,1.279999972251984024e-02
1.247273832523462261e+03,1.260000011338343988e-02
1.246791702664233526e+03,1.240000028724888050e-02
1.246309572805004791e+03,1.209999989705255914e-02
1.245827442945776966e+03,1.180000037484887909e-02
1.245345313086548231e+03,1.149999998465255947e-02
1.244863183227320405e+03,1.119999959445623985e-02
1.244381053368091671e+03,1.080000037618343914e-02
1.243898923508862936e+03,1.040000007291983983e-02
1.243416793649635110e+03,1.009999968272352021e-02
1.242934663790406375e+03,9.720000533863439041e-03
1.242452533931178550e+03,9.370000078634399196e-03
1.241970404071949815e+03,9.050000487017999598e-03
1.241488274212721990e+03,8.740000387612559610e-03
1.241006144353493255e+03,8.469999776038079908e-03
1.240524014494264520e+03,8.209999741665360146e-03
1.240041884635036695e+03,7.980000136908959110e-03
1.239559754775807960e+03,7.780000093776239835e-03
1.239077624916580135e+03,7.589999976850799954e-03
1.238595495057351400e+03,7.420000146336239513e-03
1.238113365198122665e+03,7.269999951238079704e-03
1.237631235338894840e+03,7.139999825552640310e-03
1.237149105479666105e+03,7.019999843072640203e-03
1.236666975620438279e+03,6.910000003798080249e-03
1.236184845761209544e+03,6.810000090730799691e-03
1.235702715901980810e+03,6.730000030078079655e-03
1.235220586042752984e+03,6.649999969425359619e-03
1.234738456183524249e+03,6.589999978185359999e-03
1.234256326324296424e+03,6.529999986945359512e-03
1.233774196465067689e+03,6.490000065118080308e-03
1.233292066605838954e+03,6.459999852499919738e-03
1.232809936746611129e+03,6.440000217083519975e-03
1.232327806887382394e+03,6.430000073878079821e-03
1.231845677028154569e+03,6.430000073878079821e-03
1.231363547168925834e+03,6.450000143290800236e-03
1.230881417309698008e+03,6.479999921912640154e-03
1.230399287450469274e+03,6.529999986945359512e-03
1.229917157591240539e+03,6.589999978185359999e-03
1.229435027732012713e+03,6.680000182043520189e-03
1.228952897872783979e+03,6.779999878112639988e-03
1.228470768013556153e+03,6.899999860592640095e-03
1.227988638154327418e+03,7.050000055690799905e-03
1.227506508295098683e+03,7.220000103203520238e-03
1.227024378435870858e+03,7.420000146336239513e-03
1.226542248576642123e+03,7.660000111296239728e-03
1.226060118717414298e+03,7.939999998083520014e-03
1.225577988858185563e+03,8.249999880490799242e-03
1.225095858998956828e+03,8.620000405132560370e-03
1.224613729139729003e+03,9.039999909816239659e-03
1.224131599280500268e+03,9.539999909148959636e-03
1.223649469421272443e+03,1.009999968272352021e-02
1.223167339562043708e+03,1.080000037618343914e-02
1.222685209702814973e+03,1.159999989771983916e-02
1.222203079843587147e+03,1.250000020031616019e-02
1.221720949984358413e+03,1.360000011204887983e-02
1.221238820125130587e+03,1.489999984991616060e-02
1.220756690265901852e+03,1.640000006491247955e-02
1.220274560406674027e+03,1.830000058317239955e-02
1.219792430547445292e+03,2.050000062363600134e-02
1.219310300688216557e+03,2.319999979543967833e-02
1.218828170828988732e+03,2.639999983456872007e-02
1.218346040969759997e+03,3.020000087108856007e-02
1.217863911110532172e+03,3.480000056115215706e-02
1.217381781251303437e+03,4.010000072767751916e-02
1.216899651392074702e+03,4.630000141379735784e-02
1.216417521532846877e+03,5.339999871354479677e-02
1.215935391673618142e+03,6.120000039572087713e-02
1.215453261814390316e+03,6.949999925625359454e-02
1.214971131955161582e+03,7.779999811678632582e-02
1.214489002095932847e+03,8.550000183887855598e-02
1.214006872236705021e+03,9.160000087594584450e-02
1.213524742377476286e+03,9.510000043727856456e-02
1.213042612518248461e+03,9.520000208633111471e-02
1.212560482659019726e+03,9.179999679611351715e-02
1.212078352799790991e+03,8.540000018982600583e-02
1.211596222940563166e+03,7.720000297834583858e-02
1.211114093081334431e+03,6.840000303348960087e-02
1.210631963222106606e+03,5.970000104871719948e-02
1.210149833362877871e+03,5.169999975740471876e-02
1.209667703503650046e+03,4.450000080860472274e-02
1.209185573644421311e+03,3.840000177153744115e-02
1.208703443785192576e+03,3.319999956509592232e-02
1.208221313925964751e+03,2.879999948416871874e-02
1.207739184066736016e+03,2.510000009670143931e-02
1.207257054207508190e+03,2.199999997063967899e-02
1.206774924348279455e+03,1.950000040797239889e-02
1.206292794489050721e+03,1.730000036750880058e-02
1.205810664629822895e+03,1.549999976231616027e-02
1.205328534770594160e+03,1.400000041531247914e-02
1.204846404911366335e+03,1.269999980945256055e-02
1.204364275052137600e+03,1.159999989771983916e-02
1.203882145192908865e+03,1.059999968205624019e-02
1.203400015333681040e+03,9.820000229932559707e-03
1.202917885474452305e+03,9.130000113674400716e-03
1.202435755615224480e+03,8.519999624072639374e-03
1.201953625755995745e+03,8.000000423319839418e-03
1.201471495896767010e+03,7.550000272021679774e-03
1.200989366037539185e+03,7.149999968758079597e-03
1.200507236178310450e+03,6.800000164523520296e-03
1.200025106319082624e+03,6.490000065118080308e-03
1.199542976459853890e+03,6.219999887539919524e-03
1.199060846600626064e+03,5.969999779374480023e-03
1.198578716741397329e+03,5.760000027032640378e-03
1.198096586882168594e+03,5.570000127105359522e-03
1.197614457022940769e+03,5.390000153385359795e-03
1.197132327163712034e+03,5.239999958287199985e-03
1.196650197304484209e+03,5.100000123392640222e-03
1.196168067445255474e+03,4.970000214705359853e-03
1.195685937586026739e+03,4.860000158432640008e-03
1.195203807726798914e+03,4.749999885161760270e-03
1.194721677867570179e+03,4.649999972094479711e-03
1.194239548008342354e+03,4.559999768236320389e-03
1.193757418149113619e+03,4.460000072167199722e-03
1.193275288289884884e+03,4.360000159099920031e-03
1.192793158430657058e+03,4.269999955241759841e-03
1.192311028571428324e+03,4.170000042174480150e-03
1.191828898712200498e+03,4.069999695110879806e-03
1.191346768852971763e+03,3.980000142247200161e-03
1.190864638993743029e+03,3.880000012181760143e-03
1.190382509134515203e+03,3.779999882116320126e-03
1.189900379275286468e+03,3.680000186047199893e-03
1.189418249416058643e+03,3.580000055981759875e-03
1.188936119556829908e+03,3.490000069121760012e-03
1.188453989697602083e+03,3.400000082261760148e-03
1.187971859838373348e+03,3.310000095401759851e-03
1.187489729979144613e+03,3.229999817750879923e-03
1.187007600119916788e+03,3.149999974096319780e-03
1.186525470260688053e+03,3.079999839650880006e-03
1.186043340401460227e+03,2.999999995996319863e-03
1.185561210542231493e+03,2.940000004756319809e-03
1.185079080683002758e+03,2.880000013516320189e-03
1.184596950823774932e+03,2.820000022276320135e-03
1.184114820964546198e+03,2.769999957243599910e-03
1.183632691105318372e+03,2.730000035416319838e-03
1.183150561246089637e+03,2.689999896590879874e-03
1.182668431386860902e+03,2.659999900970880064e-03
1.182186301527633077e+03,2.629999905350879821e-03
1.181704171668404342e+03,2.610000052936320165e-03
1.181222041809176517e+03,2.589999983523600183e-03
1.180739911949947782e+03,2.569999914110879767e-03
1.180257782090719047e+03,2.550000061696320111e-03
1.179775652231491222e+03,2.529999992283600129e-03
1.179293522372262487e+03,2.499999996663599885e-03
1.178811392513034662e+03,2.470000001043600076e-03
1.178329262653805927e+03,2.440000005423599832e-03
1.177847132794578101e+03,2.410000009803600022e-03
1.177365002935349366e+03,2.380000014183599778e-03
1.176882873076120632e+03,2.359999944770879796e-03
1.176400743216892806e+03,2.339999875358159814e-03
1.175918613357664071e+03,2.320000022943600158e-03
1.175436483498436246e+03,2.309999879738160004e-03
1.174954353639207511e+03,2.290000027323599915e-03
1.174472223779978776e+03,2.279999884118160194e-03
1.173990093920750951e+03,2.260000031703600105e-03
1.173507964061522216e+03,2.249999888498159951e-03
1.173025834202294391e+03,2.239999962290880123e-03
1.172543704343065656e+03,2.230000036083599861e-03
1.172061574483836921e+03,2.219999892878160141e-03
1.171579444624609096e+03,2.209999966670879879e-03
1.171097314765380361e+03,2.209999966670879879e-03
1.170615184906152535e+03,2.200000040463600051e-03
1.170133055046923801e+03,2.189999897258159897e-03
1.169650925187695066e+03,2.189999897258159897e-03
1.169168795328467240e+03,2.179999971050880069e-03
1.168686665469238505e+03,2.170000044843599808e-03
1.168204535610010680e+03,2.170000044843599808e-03
1.167722405750781945e+03,2.159999901638160087e-03
1.167240275891554120e+03,2.159999901638160087e-03
1.166758146032325385e+03,2.159999901638160087e-03
1.166276016173096650e+03,2.149999975430879826e-03
1.165793886313868825e+03,2.140000049223599998e-03
1.165311756454640090e+03,2.129999906018159844e-03
1.164829626595412265e+03,2.119999979810880016e-03
1.164347496736183530e+03,2.119999979810880016e-03
1.163865366876954795e+03,2.110000053603600188e-03
1.163383237017726969e+03,2.099999910398160034e-03
1.162901107158498235e+03,2.089999984190879772e-03
1.162418977299270409e+03,2.089999984190879772e-03
1.161936847440041674e+03,2.080000057983599944e-03
1.161454717580812940e+03,2.080000057983599944e-03
1.160972587721585114e+03,2.069999914778159790e-03
1.160490457862356379e+03,2.069999914778159790e-03
1.160008328003128554e+03,2.069999914778159790e-03
1.159526198143899819e+03,2.069999914778159790e-03
1.159044068284671084e+03,2.069999914778159790e-03
1.158561938425443259e+03,2.069999914778159790e-03
1.158079808566214524e+03,2.080000057983599944e-03
1.157597678706986699e+03,2.080000057983599944e-03
1.157115548847757964e+03,2.089999984190879772e-03
1.156633418988530138e+03,2.099999910398160034e-03
1.156151289129301404e+03,2.110000053603600188e-03
1.155669159270072669e+03,2.119999979810880016e-03
1.155187029410844843e+03,2.129999906018159844e-03
1.154704899551616109e+03,2.149999975430879826e-03
1.154222769692388283e+03,2.170000044843599808e-03
1.153740639833159548e+03,2.189999897258159897e-03
1.153258509973930813e+03,2.219999892878160141e-03
1.152776380114702988e+03,2.239999962290880123e-03
1.152294250255474253e+03,2.279999884118160194e-03
1.151812120396246428e+03,2.309999879738160004e-03
1.151329990537017693e+03,2.350000018563599968e-03
1.150847860677788958e+03,2.389999940390880040e-03
1.150365730818561133e+03,2.440000005423599832e-03
1.149883600959332398e+03,2.499999996663599885e-03
1.149401471100104573e+03,2.559999987903599939e-03
1.148919341240875838e+03,2.640000048556319975e-03
1.148437211381647103e+03,2.719999892210880118e-03
1.147955081522419277e+03,2.809999879070879981e-03
1.147472951663190543e+03,2.910000009136319999e-03
1.146990821803962717e+03,3.029999991616320106e-03
1.146508691944733982e+03,3.149999974096319780e-03
1.146026562085506157e+03,3.269999956576319887e-03
1.145544432226277422e+03,3.400000082261760148e-03
1.145062302367048687e+03,3.520000064741759822e-03
1.144580172507820862e+03,3.629999904016319775e-03
1.144098042648592127e+03,3.730000034081759792e-03
1.143615912789364302e+03,3.800000168527200000e-03
1.143133782930135567e+03,3.850000016561759900e-03
1.142651653070906832e+03,3.880000012181760143e-03
1.142169523211679007e+03,3.890000155387199864e-03
1.141687393352450272e+03,3.869999868976319989e-03
1.141205263493222446e+03,3.850000016561759900e-03
1.140723133633993712e+03,3.830000164147199810e-03
1.140241003774764977e+03,3.809999877736319936e-03
1.139758873915537151e+03,3.800000168527200000e-03
1.139276744056308416e+03,3.790000025321759846e-03
1.138794614197080591e+03,3.800000168527200000e-03
1.138312484337851856e+03,3.830000164147199810e-03
1.137830354478623121e+03,3.869999868976319989e-03
1.137348224619395296e+03,3.930000077214479935e-03
1.136866094760166561e+03,4.009999703870880186e-03
1.136383964900938736e+03,4.120000194139919816e-03
1.135901835041710001e+03,4.250000319825360078e-03
1.135419705182482176e+03,4.420000150339919651e-03
1.134937575323253441e+03,4.619999759476320009e-03
1.134455445464024706e+03,4.850000232225359746e-03
1.133973315604796881e+03,5.119999975807199878e-03
1.133491185745568146e+03,5.440000001419920128e-03
1.133009055886340320e+03,5.799999948859919582e-03
1.132526926027111585e+03,6.209999744334480237e-03
1.132044796167882851e+03,6.680000182043520189e-03
1.131562666308655025e+03,7.189999890585359668e-03
1.131080536449426290e+03,7.749999881158080133e-03
1.130598406590198465e+03,8.349999793558080668e-03
1.130116276730969730e+03,8.980000352572559824e-03
1.129634146871740995e+03,9.610000043594399410e-03
1.129152017012513170e+03,1.020000046378343947e-02
1.128669887153284435e+03,1.080000037618343914e-02
1.128187757294056610e+03,1.119999959445623985e-02
1.127705627434827875e+03,1.159999989771983916e-02
1.127223497575599140e+03,1.180000037484887909e-02
1.126741367716371315e+03,1.180000037484887909e-02
1.126259237857142580e+03,1.169999959378895983e-02
1.125777107997914754e+03,1.140000028858344054e-02
1.125294978138686020e+03,1.099999998531983950e-02
1.124812848279458194e+03,1.049999976898896049e-02
1.124330718420229459e+03,9.920000142999839399e-03
1.123848588561000724e+03,9.309999653398079791e-03
1.123366458701772899e+03,8.700000031788959753e-03
1.122884328842544164e+03,8.100000119388960085e-03
1.122402198983316339e+03,7.529999985610800334e-03
1.121920069124087604e+03,7.009999916865359941e-03
1.121437939264858869e+03,6.539999913152639774e-03
1.120955809405631044e+03,6.110000048265359571e-03
1.120473679546402309e+03,5.719999888207199547e-03
1.119991549687174484e+03,5.380000010179919641e-03
1.119509419827945749e+03,5.080000053979919807e-03
1.119027289968717014e+03,4.809999876401759890e-03
1.118545160109489188e+03,4.569999911441759675e-03
1.118063030250260454e+03,4.360000159099920031e-03
1.117580900391032628e+03,4.160000115967199888e-03
1.117098770531803893e+03,3.990000068454479555e-03
1.116616640672575159e+03,3.830000164147199810e-03
1.116134510813347333e+03,3.689999895256319828e-03
1.115652380954118598e+03,3.560000203567199786e-03
1.115170251094890773e+03,3.439999787090879894e-03
1.114688121235662038e+03,3.329999947816319941e-03
1.114205991376434213e+03,3.229999817750879923e-03
1.113723861517205478e+03,3.130000121681760124e-03
1.113241731657976743e+03,3.040000134821759827e-03
1.112759601798748918e+03,2.959999857170879899e-03
1.112277471939520183e+03,2.889999939723600017e-03
1.111795342080292357e+03,2.809999879070879981e-03
1.111313212221063623e+03,2.739999961623600100e-03
1.110831082361834888e+03,2.679999970383600046e-03
1.110348952502607062e+03,2.619999979143599993e-03
1.109866822643378327e+03,2.559999987903599939e-03
1.109384692784150502e+03,2.509999922870880147e-03
1.108902562924921767e+03,2.460000074836319814e-03
1.108420433065693032e+03,2.410000009803600022e-03
1.107938303206465207e+03,2.359999944770879796e-03
1.107456173347236472e+03,2.320000022943600158e-03
1.106974043488008647e+03,2.279999884118160194e-03
1.106491913628779912e+03,2.249999888498159951e-03
1.106009783769551177e+03,2.209999966670879879e-03
1.105527653910323352e+03,2.179999971050880069e-03
1.105045524051094617e+03,2.149999975430879826e-03
1.104563394191866792e+03,2.119999979810880016e-03
1.104081264332638057e+03,2.099999910398160034e-03
1.103599134473410231e+03,2.080000057983599944e-03
1.103117004614181496e+03,2.059999988570879962e-03
1.102634874754952762e+03,2.039999919158159980e-03
1.102152744895724936e+03,2.020000066743599890e-03
1.101670615036496201e+03,1.999999997330879908e-03
1.101188485177268376e+03,1.979999927918159926e-03
1.100706355318039641e+03,1.970000001710880098e-03
1.100224225458810906e+03,1.960000075503599837e-03
1.099742095599583081e+03,1.949999932298159900e-03
1.099259965740354346e+03,1.940000006090880072e-03
1.098777835881126521e+03,1.930000079883600027e-03
1.098295706021897786e+03,1.930000079883600027e-03
1.097813576162669051e+03,1.919999936678160090e-03
1.097331446303441226e+03,1.919999936678160090e-03
1.096849316444212491e+03,1.919999936678160090e-03
1.096367186584984665e+03,1.919999936678160090e-03
1.095885056725755931e+03,1.910000010470880045e-03
1.095402926866527196e+03,1.910000010470880045e-03
1.094920797007299370e+03,1.910000010470880045e-03
1.094438667148070635e+03,1.910000010470880045e-03
1.093956537288842810e+03,1.910000010470880045e-03
1.093474407429614075e+03,1.910000010470880045e-03
1.092992277570386250e+03,1.919999936678160090e-03
1.092510147711157515e+03,1.919999936678160090e-03
1.092028017851928780e+03,1.919999936678160090e-03
1.091545887992700955e+03,1.919999936678160090e-03
1.091063758133472220e+03,1.919999936678160090e-03
1.090581628274244395e+03,1.919999936678160090e-03
1.090099498415015660e+03,1.919999936678160090e-03
1.089617368555786925e+03,1.930000079883600027e-03
1.089135238696559099e+03,1.930000079883600027e-03
1.088653108837330365e+03,1.940000006090880072e-03
1.088170978978102539e+03,1.949999932298159900e-03
1.087688849118873804e+03,1.960000075503599837e-03
1.087206719259645070e+03,1.979999927918159926e-03
1.086724589400417244e+03,1.990000071123600080e-03
1.086242459541188509e+03,2.009999923538160170e-03
1.085760329681960684e+03,2.029999992950880152e-03
1.085278199822731949e+03,2.050000062363600134e-03
1.084796069963503214e+03,2.069999914778159790e-03
1.084313940104275389e+03,2.099999910398160034e-03
1.083831810245046654e+03,2.119999979810880016e-03
1.083349680385818829e+03,2.149999975430879826e-03
1.082867550526590094e+03,2.179999971050880069e-03
1.082385420667362268e+03,2.209999966670879879e-03
1.081903290808133534e+03,2.249999888498159951e-03
1.081421160948904799e+03,2.279999884118160194e-03
1.080939031089676973e+03,2.320000022943600158e-03
1.080456901230448238e+03,2.350000018563599968e-03
1.079974771371220413e+03,2.389999940390880040e-03
1.079492641511991678e+03,2.430000079216320004e-03
1.079010511652762943e+03,2.470000001043600076e-03
1.078528381793535118e+03,2.509999922870880147e-03
1.078046251934306383e+03,2.550000061696320111e-03
1.077564122075078558e+03,2.599999909730880011e-03
1.077081992215849823e+03,2.649999974763599803e-03
1.076599862356621088e+03,2.709999966003599856e-03
1.076117732497393263e+03,2.769999957243599910e-03
1.075635602638164528e+03,2.839999874690879791e-03
1.075153472778936703e+03,2.910000009136319999e-03
1.074671342919707968e+03,2.980000143581759773e-03
1.074189213060479233e+03,3.059999987236319916e-03
1.073707083201251407e+03,3.149999974096319780e-03
1.073224953342022673e+03,3.239999960956320077e-03
1.072742823482794847e+03,3.329999947816319941e-03
1.072260693623566112e+03,3.430000077881759958e-03
1.071778563764338287e+03,3.539999917156319911e-03
1.071296433905109552e+03,3.650000190427200083e-03
1.070814304045880817e+03,3.770000172907199756e-03
1.070332174186652992e+03,3.890000155387199864e-03
1.069850044327424257e+03,4.019999847076320340e-03
1.069367914468196432e+03,4.160000115967199888e-03
1.068885784608967697e+03,4.300000167859919543e-03
1.068403654749738962e+03,4.439999785756320282e-03
1.067921524890511137e+03,4.580000054647199829e-03
1.067439395031282402e+03,4.730000249745359639e-03
1.066957265172054576e+03,4.869999867641760377e-03
1.066475135312825842e+03,5.030000205945360341e-03
1.065993005453597107e+03,5.189999893254479760e-03
1.065510875594369281e+03,5.350000231558079723e-03
1.065028745735140546e+03,5.520000062072640164e-03
1.064546615875912721e+03,5.700000035792639891e-03
1.064064486016683986e+03,5.900000295923519926e-03
1.063582356157455251e+03,6.119999974472639832e-03
1.063100226298227426e+03,6.359999939432640047e-03
1.062618096438998691e+03,6.639999826219920333e-03
1.062135966579770866e+03,6.940000216416239952e-03
1.061653836720542131e+03,7.280000094443519858e-03
1.061171706861314306e+03,7.660000111296239728e-03
1.060689577002085571e+03,8.070000340767120167e-03
1.060207447142856836e+03,8.510000131861679765e-03
1.059725317283629010e+03,8.949999705958080337e-03
1.059243187424400276e+03,9.390000148047120479e-03
1.058761057565172450e+03,9.809999652730799768e-03
1.058278927705943715e+03,1.020000046378343947e-02
1.057796797846714981e+03,1.049999976898896049e-02
1.057314667987487155e+03,1.080000037618343914e-02
1.056832538128258420e+03,1.109999968138896016e-02
1.056350408269030595e+03,1.130000037551615912e-02
1.055868278409801860e+03,1.149999998465255947e-02
1.055386148550573125e+03,1.159999989771983916e-02
1.054904018691345300e+03,1.159999989771983916e-02
1.054421888832116565e+03,1.159999989771983916e-02
1.053939758972888740e+03,1.149999998465255947e-02
1.053457629113660005e+03,1.130000037551615912e-02
1.052975499254431270e+03,1.109999968138896016e-02
1.052493369395203445e+03,1.070000046311615945e-02
1.052011239535974710e+03,1.030000015985256014e-02
1.051529109676746884e+03,9.890000364377999481e-03
1.051046979817518150e+03,9.460000282492560253e-03
1.050564849958289415e+03,9.039999909816239659e-03
1.050082720099061589e+03,8.650000183754400288e-03
1.049600590239832854e+03,8.299999945523519468e-03
1.049118460380605029e+03,7.989999846118079480e-03
1.048636330521376294e+03,7.730000245741679502e-03
1.048154200662148469e+03,7.520000059403520072e-03
1.047672070802919734e+03,7.360000155096239893e-03
1.047189940943690999e+03,7.249999881825360155e-03
1.046707811084463174e+03,7.180000181376240166e-03
1.046225681225234439e+03,7.149999968758079597e-03
1.045743551366006614e+03,7.170000038170800012e-03
1.045261421506777879e+03,7.230000029410799632e-03
1.044779291647549144e+03,7.319999799272640037e-03
1.044297161788321318e+03,7.449999924958080298e-03
1.043815031929092584e+03,7.610000263261680262e-03
1.043332902069864758e+03,7.780000093776239835e-03
1.042850772210636023e+03,7.980000136908959110e-03
1.042368642351407289e+03,8.179999963043520228e-03
1.041886512492179463e+03,8.399999641592640134e-03
1.041404382632950728e+03,8.620000405132560370e-03
1.040922252773722903e+03,8.849999792890800646e-03
1.040440122914494168e+03,9.100000335052559064e-03
1.039957993055265433e+03,9.359999501432639257e-03
1.039475863196037608e+03,9.650000399417999267e-03
1.038993733336808873e+03,9.940000212412560682e-03
1.038511603477581048e+03,1.020000046378343947e-02
1.038029473618352313e+03,1.049999976898896049e-02
1.037547343759124487e+03,1.080000037618343914e-02
1.037065213899895753e+03,1.099999998531983950e-02
1.036583084040667018e+03,1.119999959445623985e-02
1.036100954181439192e+03,1.119999959445623985e-02
1.035618824322210457e+03,1.119999959445623985e-02
1.035136694462982632e+03,1.109999968138896016e-02
1.034654564603753897e+03,1.090000007225255980e-02
1.034172434744525162e+03,1.059999968205624019e-02
1.033690304885297337e+03,1.030000015985256014e-02
1.033208175026068602e+03,9.960000498823439255e-03
1.032726045166840777e+03,9.589999974181679862e-03
1.032243915307612042e+03,9.220000317532560039e-03
1.031761785448383307e+03,8.860000370092560584e-03
1.031279655589155482e+03,8.519999624072639374e-03
1.030797525729926747e+03,8.200000032456239776e-03
1.030315395870698921e+03,7.899999642259920157e-03
1.029833266011470187e+03,7.629999898678080025e-03
1.029351136152241452e+03,7.379999790512639657e-03
1.028869006293013626e+03,7.149999968758079597e-03
1.028386876433784892e+03,6.949999925625360321e-03
1.027904746574557066e+03,6.769999951905359727e-03
1.027422616715328331e+03,6.620000190803519702e-03
1.026940486856100506e+03,6.479999921912640154e-03
1.026458356996871771e+03,6.359999939432640047e-03
1.025976227137643036e+03,6.260000243363520248e-03
1.025494097278415211e+03,6.190000108918079606e-03
1.025011967419186476e+03,6.130000117678079986e-03
1.024529837559958651e+03,6.089999761854480130e-03
1.024047707700729916e+03,6.059999983232640212e-03
1.023565577841501181e+03,6.059999983232640212e-03
1.023083447982273356e+03,6.080000269643519653e-03
1.022601318123044621e+03,6.110000048265359571e-03
1.022119188263816795e+03,6.159999896299919904e-03
1.021637058404588061e+03,6.239999956952639940e-03
1.021154928545359326e+03,6.320000234603519867e-03
1.020672798686131500e+03,6.430000073878079821e-03
1.020190668826902765e+03,6.539999913152639774e-03
1.019708538967674940e+03,6.659999895632639881e-03
1.019226409108446205e+03,6.790000021318080142e-03
1.018744279249217470e+03,6.899999860592640095e-03
1.018262149389989645e+03,7.009999916865359941e-03
1.017780019530760910e+03,7.110000046930799525e-03
1.017297889671533085e+03,7.189999890585359668e-03
1.016815759812304350e+03,7.240000172616239786e-03
1.016333629953076525e+03,7.269999951238079704e-03
1.015851500093847790e+03,7.280000094443519858e-03
1.015369370234619055e+03,7.249999881825360155e-03
1.014887240375391229e+03,7.209999959998080084e-03
1.014405110516162495e+03,7.139999825552640310e-03
1.013922980656934669e+03,7.050000055690799905e-03
1.013440850797705934e+03,6.949999925625360321e-03
1.012958720938477200e+03,6.829999943145360214e-03
1.012476591079249374e+03,6.709999960665360107e-03
1.011994461220020639e+03,6.579999834979919845e-03
1.011512331360792814e+03,6.450000143290800236e-03
1.011030201501564079e+03,6.310000091398079713e-03
1.010548071642335344e+03,6.170000039505360058e-03
1.010065941783107519e+03,6.020000278403520033e-03
1.009583811923878784e+03,5.859999940099920070e-03
1.009101682064650959e+03,5.700000035792639891e-03
1.008619552205422224e+03,5.530000205278080318e-03
1.008137422346193489e+03,5.369999866974480354e-03
1.007655292486965664e+03,5.210000179665360068e-03
1.007173162627736929e+03,5.059999984567200258e-03
1.006691032768509103e+03,4.910000223465360233e-03
1.006208902909280368e+03,4.780000097779919972e-03
1.005726773050052543e+03,4.660000115299919865e-03
1.005244643190823808e+03,4.550000276025359912e-03
1.004762513331595073e+03,4.460000072167199722e-03
1.004280383472367248e+03,4.370000302305360185e-03
1.003798253613138513e+03,4.300000167859919543e-03
1.003316123753910688e+03,4.230000033414479770e-03
1.002833993894681953e+03,4.180000185379920304e-03
1.002351864035453218e+03,4.139999829556319580e-03
1.001869734176225393e+03,4.100000124727200268e-03
1.001387604316996658e+03,4.069999695110879806e-03
1.000905474457768833e+03,4.050000059694480042e-03
1.000423344598540098e+03,4.029999990281759627e-03
9.999412147393113628e+02,4.029999990281759627e-03
9.994590848800835374e+02,4.029999990281759627e-03
9.989769550208548026e+02,4.040000133487199781e-03
9.984948251616269772e+02,4.050000059694480042e-03
9.980126953023982423e+02,4.069999695110879806e-03
9.975305654431695075e+02,4.100000124727200268e-03
9.970484355839416821e+02,4.129999686350880293e-03
9.965663057247129473e+02,4.170000042174480150e-03
9.960841758654851219e+02,4.220000107207200375e-03
9.956020460062563870e+02,4.269999955241759841e-03
9.951199161470285617e+02,4.329999946481760328e-03
9.946377862877998268e+02,4.400000080927200102e-03
9.941556564285710920e+02,4.469999998374479984e-03
9.936735265693432666e+02,4.559999768236320389e-03
9.931913967101145317e+02,4.649999972094479711e-03
9.927092668508867064e+02,4.749999885161760270e-03
9.922271369916579715e+02,4.869999867641760377e-03
9.917450071324292367e+02,4.989999850121759617e-03
9.912628772732014113e+02,5.129999902014480140e-03
9.907807474139726764e+02,5.289999806321760319e-03
9.902986175547448511e+02,5.450000144625360282e-03
9.898164876955161162e+02,5.640000044552640271e-03
9.893343578362873814e+02,5.840000304683520306e-03
9.888522279770595560e+02,6.059999983232640212e-03
9.883700981178308211e+02,6.310000091398079713e-03
9.878879682586029958e+02,6.579999834979919845e-03
9.874058383993742609e+02,6.879999791179919680e-03
9.869237085401455261e+02,7.220000103203520238e-03
9.864415786809177007e+02,7.580000050643519692e-03
9.859594488216889658e+02,7.989999846118079480e-03
9.854773189624611405e+02,8.430000288207119621e-03
9.849951891032324056e+02,8.899999857923519136e-03
9.845130592440045803e+02,9.410000434457999052e-03
9.840309293847758454e+02,9.940000212412560682e-03
9.835487995255471105e+02,1.049999976898896049e-02
9.830666696663192852e+02,1.109999968138896016e-02
9.825845398070905503e+02,1.169999959378895983e-02
9.821024099478627249e+02,1.219999981011984057e-02
9.816202800886339901e+02,1.269999980945256055e-02
9.811381502294052552e+02,1.320000002578343955e-02
9.806560203701774299e+02,1.370000002511615952e-02
9.801738905109486950e+02,1.400000041531247914e-02
9.796917606517208696e+02,1.439999985058344062e-02
9.792096307924921348e+02,1.460000032771248055e-02
9.787275009332633999e+02,1.489999984991616060e-02
9.782453710740355746e+02,1.510000032704520052e-02
9.777632412148068397e+02,1.539999984924888057e-02
9.772811113555790143e+02,1.559999967538343996e-02
9.767989814963502795e+02,1.590000093357240088e-02
9.763168516371215446e+02,1.620000045577607919e-02
9.758347217778937193e+02,1.659999967404887991e-02
9.753525919186649844e+02,1.689999919625255823e-02
9.748704620594371590e+02,1.740000028057607853e-02
9.743883322002084242e+02,1.779999949884887925e-02
9.739062023409805988e+02,1.830000058317239955e-02
9.734240724817518640e+02,1.879999971451247823e-02
9.729419426225231291e+02,1.920000088576872058e-02
9.724598127632953037e+02,1.960000032103968032e-02
9.719776829040665689e+02,1.989999962624519961e-02
9.714955530448387435e+02,2.019999914844888139e-02
9.710134231856100087e+02,2.019999914844888139e-02
9.705312933263812738e+02,2.019999914844888139e-02
9.700491634671534484e+02,1.999999953931248103e-02
9.695670336079247136e+02,1.970000001710879925e-02
9.690849037486968882e+02,1.920000088576872058e-02
9.686027738894681534e+02,1.860000010537608134e-02
9.681206440302394185e+02,1.789999941191616067e-02
9.676385141710115931e+02,1.720000067143967817e-02
9.671563843117828583e+02,1.640000006491247955e-02
9.666742544525550329e+02,1.559999967538343996e-02
9.661921245933262981e+02,1.479999993684887917e-02
9.657099947340975632e+02,1.410000032837976057e-02
9.652278648748697378e+02,1.339999963491983991e-02
9.647457350156410030e+02,1.269999980945256055e-02
9.642636051564131776e+02,1.209999989705255914e-02
9.637814752971844428e+02,1.149999998465255947e-02
9.632993454379566174e+02,1.099999998531983950e-02
9.628172155787278825e+02,1.049999976898896049e-02
9.623350857194991477e+02,1.009999968272352021e-02
9.618529558602713223e+02,9.700000247452560467e-03
9.613708260010425874e+02,9.340000300012559278e-03
9.608886961418147621e+02,9.019999840403520111e-03
9.604065662825860272e+02,8.720000318199840061e-03
9.599244364233572924e+02,8.439999997416239991e-03
9.594423065641294670e+02,8.179999963043520228e-03
9.589601767049007321e+02,7.919999711672639706e-03
9.584780468456729068e+02,7.679999746712640359e-03
9.579959169864441719e+02,7.439999781752640144e-03
9.575137871272154371e+02,7.209999959998080084e-03
9.570316572679876117e+02,6.980000138243520023e-03
9.565495274087588768e+02,6.759999808699919573e-03
9.560673975495310515e+02,6.539999913152639774e-03
9.555852676903023166e+02,6.320000234603519867e-03
9.551031378310735818e+02,6.119999974472639832e-03
9.546210079718457564e+02,5.919999931339919690e-03
9.541388781126170215e+02,5.729999814414479808e-03
9.536567482533891962e+02,5.549999840694480081e-03
9.531746183941604613e+02,5.380000010179919641e-03
9.526924885349326360e+02,5.220000105872640329e-03
9.522103586757039011e+02,5.069999910774479653e-03
9.517282288164751662e+02,4.929999858881759997e-03
9.512460989572473409e+02,4.809999876401759890e-03
9.507639690980186060e+02,4.700000037127199937e-03
9.502818392387907807e+02,4.600000124059920245e-03
9.497997093795620458e+02,4.509999920201760056e-03
9.493175795203333109e+02,4.430000293545359805e-03
9.488354496611054856e+02,4.360000159099920031e-03
9.483533198018767507e+02,4.300000167859919543e-03
9.478711899426489254e+02,4.250000319825360078e-03
9.473890600834201905e+02,4.220000107207200375e-03
9.469069302241914556e+02,4.189999677590879913e-03
9.464248003649636303e+02,4.180000185379920304e-03
9.459426705057348954e+02,4.170000042174480150e-03
9.454605406465070701e+02,4.160000115967199888e-03
9.449784107872783352e+02,4.170000042174480150e-03
9.444962809280496003e+02,4.180000185379920304e-03
9.440141510688217750e+02,4.199999820796320067e-03
9.435320212095930401e+02,4.220000107207200375e-03
9.430498913503652147e+02,4.240000176619919924e-03
9.425677614911364799e+02,4.269999955241759841e-03
9.420856316319086545e+02,4.300000167859919543e-03
9.416035017726799197e+02,4.329999946481760328e-03
9.411213719134511848e+02,4.370000302305360185e-03
9.406392420542233594e+02,4.400000080927200102e-03
9.401571121949946246e+02,4.430000293545359805e-03
9.396749823357667992e+02,4.469999998374479984e-03
9.391928524765380644e+02,4.499999776996319902e-03
9.387107226173093295e+02,4.529999989614479604e-03
9.382285927580815041e+02,4.559999768236320389e-03
9.377464628988527693e+02,4.600000124059920245e-03
9.372643330396249439e+02,4.640000045887200317e-03
9.367822031803962091e+02,4.689999893921759783e-03
9.363000733211674742e+02,4.739999741956320116e-03
9.358179434619396488e+02,4.790000240985360126e-03
9.353358136027109140e+02,4.860000158432640008e-03
9.348536837434830886e+02,4.929999858881759997e-03
9.343715538842543538e+02,4.999999993327199771e-03
9.338894240250256189e+02,5.080000053979919807e-03
9.334072941657977935e+02,5.169999823841760211e-03
9.329251643065690587e+02,5.260000027699919534e-03
9.324430344473412333e+02,5.359999940767200093e-03
9.319609045881124985e+02,5.460000070832639676e-03
9.314787747288846731e+02,5.559999983899920235e-03
9.309966448696559382e+02,5.650000187758079558e-03
9.305145150104272034e+02,5.739999957619919962e-03
9.300323851511993780e+02,5.830000161478080152e-03
9.295502552919706432e+02,5.909999788134479536e-03
9.290681254327428178e+02,5.979999922579920177e-03
9.285859955735140829e+02,6.029999770614479643e-03
9.281038657142853481e+02,6.059999983232640212e-03
9.276217358550575227e+02,6.080000269643519653e-03
9.271396059958287879e+02,6.080000269643519653e-03
9.266574761366009625e+02,6.070000126438080366e-03
9.261753462773722276e+02,6.029999770614479643e-03
9.256932164181434928e+02,5.979999922579920177e-03
9.252110865589156674e+02,5.919999931339919690e-03
9.247289566996869326e+02,5.840000304683520306e-03
9.242468268404591072e+02,5.750000100825360116e-03
9.237646969812303723e+02,5.640000044552640271e-03
9.232825671220016375e+02,5.520000062072640164e-03
9.228004372627738121e+02,5.390000153385359795e-03
9.223183074035450772e+02,5.249999884494480247e-03
9.218361775443172519e+02,5.100000123392640222e-03
9.213540476850885170e+02,4.940000002087200151e-03
9.208719178258606917e+02,4.780000097779919972e-03
9.203897879666319568e+02,4.619999759476320009e-03
9.199076581074032219e+02,4.449999928961759568e-03
9.194255282481753966e+02,4.290000024654480257e-03
9.189433983889466617e+02,4.120000194139919816e-03
9.184612685297188364e+02,3.969999999041760007e-03
9.179791386704901015e+02,3.820000020941760090e-03
9.174970088112613666e+02,3.670000042841760172e-03
9.170148789520335413e+02,3.530000207947199976e-03
9.165327490928048064e+02,3.400000082261760148e-03
9.160506192335769811e+02,3.280000099781760041e-03
9.155684893743482462e+02,3.160000117301759934e-03
9.150863595151195113e+02,3.049999844030879762e-03
9.146042296558916860e+02,2.950000147961759963e-03
9.141220997966629511e+02,2.859999944103599773e-03
9.136399699374351258e+02,2.769999957243599910e-03
9.131578400782063909e+02,2.679999970383600046e-03
9.126757102189776560e+02,2.610000052936320165e-03
9.121935803597498307e+02,2.539999918490879957e-03
9.117114505005210958e+02,2.470000001043600076e-03
9.112293206412932705e+02,2.410000009803600022e-03
9.107471907820645356e+02,2.350000018563599968e-03
9.102650609228367102e+02,2.299999953530880176e-03
9.097829310636079754e+02,2.249999888498159951e-03
9.093008012043792405e+02,2.200000040463600051e-03
9.088186713451514152e+02,2.159999901638160087e-03
9.083365414859226803e+02,2.119999979810880016e-03
9.078544116266948549e+02,2.080000057983599944e-03
9.073722817674661201e+02,2.039999919158159980e-03
9.068901519082373852e+02,2.009999923538160170e-03
9.064080220490095599e+02,1.979999927918159926e-03
9.059258921897808250e+02,1.949999932298159900e-03
9.054437623305529996e+02,1.919999936678160090e-03
9.049616324713242648e+02,1.910000010470880045e-03
9.044795026120955299e+02,1.889999941058160063e-03
9.039973727528677045e+02,1.880000014850880018e-03
9.035152428936389697e+02,1.859999945438160036e-03
9.030331130344111443e+02,1.850000019230879991e-03
9.025509831751824095e+02,1.829999949818160009e-03
9.020688533159536746e+02,1.820000023610879964e-03
9.015867234567258492e+02,1.799999954198159982e-03
9.011045935974971144e+02,1.780000101783599893e-03
9.006224637382692890e+02,1.760000032370879911e-03
9.001403338790405542e+02,1.739999962958159929e-03
8.996582040198127288e+02,1.730000036750879884e-03
8.991760741605839939e+02,1.719999893545439947e-03
8.986939443013552591e+02,1.709999967338159902e-03
8.982118144421274337e+02,1.700000041130880074e-03
8.977296845828986989e+02,1.700000041130880074e-03
8.972475547236708735e+02,1.700000041130880074e-03
8.967654248644421386e+02,1.700000041130880074e-03
8.962832950052134038e+02,1.700000041130880074e-03
8.958011651459855784e+02,1.700000041130880074e-03
8.953190352867568436e+02,1.700000041130880074e-03
8.948369054275290182e+02,1.700000041130880074e-03
8.943547755683002833e+02,1.709999967338159902e-03
8.938726457090715485e+02,1.719999893545439947e-03
8.933905158498437231e+02,1.730000036750879884e-03
8.929083859906149883e+02,1.739999962958159929e-03
8.924262561313871629e+02,1.750000106163600083e-03
8.919441262721584280e+02,1.769999958578159956e-03
8.914619964129296932e+02,1.790000027990879938e-03
8.909798665537018678e+02,1.810000097403599920e-03
8.904977366944731330e+02,1.829999949818160009e-03
8.900156068352453076e+02,1.850000019230879991e-03
8.895334769760165727e+02,1.880000014850880018e-03
8.890513471167887474e+02,1.919999936678160090e-03
8.885692172575600125e+02,1.960000075503599837e-03
8.880870873983312777e+02,1.999999997330879908e-03
8.876049575391034523e+02,2.039999919158159980e-03
8.871228276798747174e+02,2.080000057983599944e-03
8.866406978206468921e+02,2.129999906018159844e-03
8.861585679614181572e+02,2.179999971050880069e-03
8.856764381021894224e+02,2.230000036083599861e-03
8.851943082429615970e+02,2.299999953530880176e-03
8.847121783837328621e+02,2.359999944770879796e-03
8.842300485245050368e+02,2.440000005423599832e-03
8.837479186652763019e+02,2.520000066076319867e-03
8.832657888060475670e+02,2.610000052936320165e-03
8.827836589468197417e+02,2.709999966003599856e-03
8.823015290875910068e+02,2.809999879070879981e-03
8.818193992283631815e+02,2.940000004756319809e-03
8.813372693691344466e+02,3.070000130441760070e-03
8.808551395099057117e+02,3.209999965336319833e-03
8.803730096506778864e+02,3.359999943436320184e-03
8.798908797914491515e+02,3.520000064741759822e-03
8.794087499322213262e+02,3.700000038461759982e-03
8.789266200729925913e+02,3.899999864596319799e-03
8.784444902137647659e+02,4.120000194139919816e-03
8.779623603545360311e+02,4.360000159099920031e-03
8.774802304953072962e+02,4.610000267265359532e-03
8.769981006360794709e+02,4.880000010847199664e-03
8.765159707768507360e+02,5.179999967047200365e-03
8.760338409176229106e+02,5.489999849454479594e-03
8.755517110583941758e+02,5.820000018272639998e-03
8.750695811991654409e+02,6.159999896299919904e-03
8.745874513399376156e+02,6.510000134530799856e-03
8.741053214807088807e+02,6.860000155763519916e-03
8.736231916214810553e+02,7.209999959998080084e-03
8.731410617622523205e+02,7.550000272021679774e-03
8.726589319030235856e+02,7.889999933050799788e-03
8.721768020437957603e+02,8.200000032456239776e-03
8.716946721845670254e+02,8.480000353239839847e-03
8.712125423253392000e+02,8.740000387612559610e-03
8.707304124661104652e+02,8.960000283159840276e-03
8.702482826068817303e+02,9.150000183087120265e-03
8.697661527476539050e+02,9.299999944188959422e-03
8.692840228884251701e+02,9.429999635878080766e-03
8.688018930291973447e+02,9.539999909148959636e-03
8.683197631699686099e+02,9.619999752803519780e-03
8.678376333107407845e+02,9.700000247452560467e-03
8.673555034515120497e+02,9.770000381898000241e-03
8.668733735922833148e+02,9.859999717763519994e-03
8.663912437330554894e+02,9.960000498823439255e-03
8.659091138738267546e+02,1.009999968272352021e-02
8.654269840145989292e+02,1.020000046378343947e-02
8.649448541553701943e+02,1.040000007291983983e-02
8.644627242961414595e+02,1.059999968205624019e-02
8.639805944369136341e+02,1.090000007225255980e-02
8.634984645776848993e+02,1.119999959445623985e-02
8.630163347184570739e+02,1.149999998465255947e-02
8.625342048592283390e+02,1.190000028791616052e-02
8.620520749999996042e+02,1.240000028724888050e-02
8.615699451407717788e+02,1.279999972251984024e-02
8.610878152815430440e+02,1.329999972185256021e-02
8.606056854223152186e+02,1.370000002511615952e-02
8.601235555630864837e+02,1.420000002444887950e-02
8.596414257038577489e+02,1.470000024077976024e-02
8.591592958446299235e+02,1.510000032704520052e-02
8.586771659854011887e+02,1.549999976231616027e-02
8.581950361261733633e+02,1.579999928451984031e-02
8.577129062669446284e+02,1.610000054270880124e-02
8.572307764077168031e+02,1.630000015184519813e-02
8.567486465484880682e+02,1.640000006491247955e-02
8.562665166892593334e+02,1.640000006491247955e-02
8.557843868300315080e+02,1.630000015184519813e-02
8.553022569708027731e+02,1.620000045577607919e-02
8.548201271115749478e+02,1.610000054270880124e-02
8.543379972523462129e+02,1.590000093357240088e-02
8.538558673931174781e+02,1.559999967538343996e-02
8.533737375338896527e+02,1.530000015317975991e-02
8.528916076746609178e+02,1.499999976298344029e-02
8.524094778154330925e+02,1.470000024077976024e-02
8.519273479562043576e+02,1.439999985058344062e-02
8.514452180969756228e+02,1.400000041531247914e-02
8.509630882377477974e+02,1.360000011204887983e-02
8.504809583785190625e+02,1.320000002578343955e-02
8.499988285192912372e+02,1.279999972251984024e-02
8.495166986600625023e+02,1.240000028724888050e-02
8.490345688008337675e+02,1.200000020098344021e-02
8.485524389416059421e+02,1.149999998465255947e-02
8.480703090823772072e+02,1.099999998531983950e-02
8.475881792231493819e+02,1.059999968205624019e-02
8.471060493639206470e+02,1.009999968272352021e-02
8.466239195046928216e+02,9.600000551383439801e-03
8.461417896454640868e+02,9.130000113674400716e-03
8.456596597862353519e+02,8.670000253167119836e-03
8.451775299270075266e+02,8.209999741665360146e-03
8.446954000677787917e+02,7.780000093776239835e-03
8.442132702085509663e+02,7.369999864305360263e-03
8.437311403493222315e+02,6.980000138243520023e-03
8.432490104900934966e+02,6.610000047598079548e-03
8.427668806308656713e+02,6.269999735574479857e-03
8.422847507716369364e+02,5.950000143958080259e-03
8.418026209124091110e+02,5.650000187758079558e-03
8.413204910531803762e+02,5.369999866974480354e-03
8.408383611939516413e+02,5.119999975807199878e-03
8.403562313347238160e+02,4.900000080259920079e-03
8.398741014754950811e+02,4.700000037127199937e-03
8.393919716162672557e+02,4.509999920201760056e-03
8.389098417570385209e+02,4.340000089687199615e-03
8.384277118978097860e+02,4.180000185379920304e-03
8.379455820385819607e+02,4.040000133487199781e-03
8.374634521793532258e+02,3.920000151007199674e-03
8.369813223201254004e+02,3.809999877736319936e-03
8.364991924608966656e+02,3.719999890876320072e-03
8.360170626016688402e+02,3.629999904016319775e-03
8.355349327424401054e+02,3.550000060361760065e-03
8.350528028832113705e+02,3.470000216707199922e-03
8.345706730239835451e+02,3.389999939056319994e-03
8.340885431647548103e+02,3.310000095401759851e-03
8.336064133055269849e+02,3.229999817750879923e-03
8.331242834462982501e+02,3.160000117301759934e-03
8.326421535870695152e+02,3.079999839650880006e-03
8.321600237278416898e+02,3.019999848410879952e-03
8.316778938686129550e+02,2.959999857170879899e-03
8.311957640093851296e+02,2.899999865930879845e-03
8.307136341501563948e+02,2.850000017896319945e-03
8.302315042909276599e+02,2.809999879070879981e-03
8.297493744316998345e+02,2.769999957243599910e-03
8.292672445724710997e+02,2.730000035416319838e-03
8.287851147132432743e+02,2.709999966003599856e-03
8.283029848540145395e+02,2.679999970383600046e-03
8.278208549947858046e+02,2.649999974763599803e-03
8.273387251355579792e+02,2.619999979143599993e-03
8.268565952763292444e+02,2.599999909730880011e-03
8.263744654171014190e+02,2.589999983523600183e-03
8.258923355578726841e+02,2.580000057316319921e-03
8.254102056986439493e+02,2.580000057316319921e-03
8.249280758394161239e+02,2.559999987903599939e-03
8.244459459801873891e+02,2.539999918490879957e-03
8.239638161209595637e+02,2.529999992283600129e-03
8.234816862617308288e+02,2.520000066076319867e-03
8.229995564025030035e+02,2.520000066076319867e-03
8.225174265432742686e+02,2.520000066076319867e-03
8.220352966840455338e+02,2.529999992283600129e-03
8.215531668248177084e+02,2.529999992283600129e-03
8.210710369655889735e+02,2.529999992283600129e-03
8.205889071063611482e+02,2.529999992283600129e-03
8.201067772471324133e+02,2.529999992283600129e-03
8.196246473879036785e+02,2.529999992283600129e-03
8.191425175286758531e+02,2.539999918490879957e-03
8.186603876694471182e+02,2.550000061696320111e-03
8.181782578102192929e+02,2.559999987903599939e-03
8.176961279509905580e+02,2.569999914110879767e-03
8.172139980917618232e+02,2.580000057316319921e-03
8.167318682325339978e+02,2.589999983523600183e-03
8.162497383733052629e+02,2.599999909730880011e-03
8.157676085140774376e+02,2.619999979143599993e-03
8.152854786548487027e+02,2.640000048556319975e-03
8.148033487956199679e+02,2.659999900970880064e-03
8.143212189363921425e+02,2.679999970383600046e-03
8.138390890771634076e+02,2.700000039796320028e-03
8.133569592179355823e+02,2.719999892210880118e-03
8.128748293587068474e+02,2.749999887830879928e-03
8.123926994994790221e+02,2.769999957243599910e-03
8.119105696402502872e+02,2.799999952863600153e-03
8.114284397810215523e+02,2.829999948483599963e-03
8.109463099217937270e+02,2.859999944103599773e-03
8.104641800625649921e+02,2.899999865930879845e-03
8.099820502033371667e+02,2.940000004756319809e-03
8.094999203441084319e+02,2.980000143581759773e-03
8.090177904848796970e+02,3.029999991616320106e-03
8.085356606256518717e+02,3.070000130441760070e-03
8.080535307664231368e+02,3.119999978476319970e-03
8.075714009071953114e+02,3.179999969716320023e-03
8.070892710479665766e+02,3.239999960956320077e-03
8.066071411887378417e+02,3.299999952196320131e-03
8.061250113295100164e+02,3.359999943436320184e-03
8.056428814702812815e+02,3.430000077881759958e-03
8.051607516110534561e+02,3.500000212327200166e-03
8.046786217518247213e+02,3.580000055981759875e-03
8.041964918925959864e+02,3.659999899636320018e-03
8.037143620333681611e+02,3.749999886496319882e-03
8.032322321741394262e+02,3.839999873356320179e-03
8.027501023149116008e+02,3.930000077214479935e-03
8.022679724556828660e+02,4.029999990281759627e-03
8.017858425964550406e+02,4.139999829556319580e-03
8.013037127372263058e+02,4.250000319825360078e-03
8.008215828779975709e+02,4.370000302305360185e-03
8.003394530187697455e+02,4.490000284785360292e-03
7.998573231595410107e+02,4.610000267265359532e-03
7.993751933003131853e+02,4.739999741956320116e-03
7.988930634410844505e+02,4.880000010847199664e-03
7.984109335818557156e+02,5.040000132152639735e-03
7.979288037226278902e+02,5.200000036459919914e-03
7.974466738633991554e+02,5.369999866974480354e-03
7.969645440041713300e+02,5.559999983899920235e-03
7.964824141449425952e+02,5.760000027032640378e-03
7.960002842857138603e+02,5.969999779374480023e-03
7.955181544264860349e+02,6.200000252123519760e-03
7.950360245672573001e+02,6.450000143290800236e-03
7.945538947080294747e+02,6.719999886872640368e-03
7.940717648488007399e+02,7.009999916865359941e-03
7.935896349895720050e+02,7.319999799272640037e-03
7.931075051303441796e+02,7.649999968090799574e-03
7.926253752711154448e+02,8.000000423319839418e-03
7.921432454118876194e+02,8.379999572179920586e-03
7.916611155526588846e+02,8.790000235647119076e-03
7.911789856934310592e+02,9.220000317532560039e-03
7.906968558342023243e+02,9.680000178039839184e-03
7.902147259749735895e+02,1.020000046378343947e-02
7.897325961157457641e+02,1.070000046311615945e-02
7.892504662565170293e+02,1.119999959445623985e-02
7.887683363972892039e+02,1.169999959378895983e-02
7.882862065380604690e+02,1.229999950618895950e-02
7.878040766788317342e+02,1.279999972251984024e-02
7.873219468196039088e+02,1.339999963491983991e-02
7.868398169603751739e+02,1.389999963425255988e-02
7.863576871011473486e+02,1.439999985058344062e-02
7.858755572419186137e+02,1.489999984991616060e-02
7.853934273826898789e+02,1.530000015317975991e-02
7.849112975234620535e+02,1.559999967538343996e-02
7.844291676642333186e+02,1.590000093357240088e-02
7.839470378050054933e+02,1.600000084663967884e-02
7.834649079457767584e+02,1.610000054270880124e-02
7.829827780865480236e+02,1.610000054270880124e-02
7.825006482273201982e+02,1.600000084663967884e-02
7.820185183680914633e+02,1.590000093357240088e-02
7.815363885088636380e+02,1.569999937145255889e-02
7.810542586496349031e+02,1.549999976231616027e-02
7.805721287904070778e+02,1.530000015317975991e-02
7.800899989311783429e+02,1.510000032704520052e-02
7.796078690719496080e+02,1.489999984991616060e-02
7.791257392127217827e+02,1.479999993684887917e-02
7.786436093534930478e+02,1.470000024077976024e-02
7.781614794942652225e+02,1.460000032771248055e-02
7.776793496350364876e+02,1.460000032771248055e-02
7.771972197758077527e+02,1.470000024077976024e-02
7.767150899165799274e+02,1.479999993684887917e-02
7.762329600573511925e+02,1.489999984991616060e-02
7.757508301981233672e+02,1.510000032704520052e-02
7.752687003388946323e+02,1.530000015317975991e-02
7.747865704796658974e+02,1.559999967538343996e-02
7.743044406204380721e+02,1.590000093357240088e-02
7.738223107612093372e+02,1.620000045577607919e-02
7.733401809019815119e+02,1.649999997797976098e-02
7.728580510427527770e+02,1.669999958711616134e-02
7.723759211835240421e+02,1.700000084530511879e-02
7.718937913242962168e+02,1.720000067143967817e-02
7.714116614650674819e+02,1.740000028057607853e-02
7.709295316058396565e+02,1.749999997664520093e-02
7.704474017466109217e+02,1.759999988971247889e-02
7.699652718873830963e+02,1.759999988971247889e-02
7.694831420281543615e+02,1.759999988971247889e-02
7.690010121689256266e+02,1.749999997664520093e-02
7.685188823096978012e+02,1.740000028057607853e-02
7.680367524504690664e+02,1.730000036750880058e-02
7.675546225912412410e+02,1.710000075837240022e-02
7.670724927320125062e+02,1.700000084530511879e-02
7.665903628727837713e+02,1.679999950018343929e-02
7.661082330135559459e+02,1.659999967404887991e-02
7.656261031543272111e+02,1.649999997797976098e-02
7.651439732950993857e+02,1.640000006491247955e-02
7.646618434358706509e+02,1.630000015184519813e-02
7.641797135766419160e+02,1.620000045577607919e-02
7.636975837174140906e+02,1.610000054270880124e-02
7.632154538581853558e+02,1.610000054270880124e-02
7.627333239989575304e+02,1.610000054270880124e-02
7.622511941397287956e+02,1.610000054270880124e-02
7.617690642805000607e+02,1.620000045577607919e-02
7.612869344212722353e+02,1.620000045577607919e-02
7.608048045620435005e+02,1.630000015184519813e-02
7.603226747028156751e+02,1.630000015184519813e-02
7.598405448435869403e+02,1.640000006491247955e-02
7.593584149843591149e+02,1.640000006491247955e-02
7.588762851251303800e+02,1.640000006491247955e-02
7.583941552659016452e+02,1.640000006491247955e-02
7.579120254066738198e+02,1.649999997797976098e-02
7.574298955474450850e+02,1.649999997797976098e-02
7.569477656882172596e+02,1.649999997797976098e-02
7.564656358289885247e+02,1.640000006491247955e-02
7.559835059697597899e+02,1.640000006491247955e-02
7.555013761105319645e+02,1.630000015184519813e-02
7.550192462513032297e+02,1.630000015184519813e-02
7.545371163920754043e+02,1.620000045577607919e-02
7.540549865328466694e+02,1.610000054270880124e-02
7.535728566736179346e+02,1.590000093357240088e-02
7.530907268143901092e+02,1.579999928451984031e-02
7.526085969551613744e+02,1.559999967538343996e-02
7.521264670959335490e+02,1.549999976231616027e-02
7.516443372367048141e+02,1.530000015317975991e-02
7.511622073774760793e+02,1.510000032704520052e-02
7.506800775182482539e+02,1.489999984991616060e-02
7.501979476590195191e+02,1.470000024077976024e-02
7.497158177997916937e+02,1.439999985058344062e-02
7.492336879405629588e+02,1.420000002444887950e-02
7.487515580813351335e+02,1.400000041531247914e-02
7.482694282221063986e+02,1.379999993818343922e-02
7.477872983628776637e+02,1.360000011204887983e-02
7.473051685036498384e+02,1.339999963491983991e-02
7.468230386444211035e+02,1.320000002578343955e-02
7.463409087851932782e+02,1.310000011271615986e-02
7.458587789259645433e+02,1.290000050357975950e-02
7.453766490667358084e+02,1.269999980945256055e-02
7.448945192075079831e+02,1.250000020031616019e-02
7.444123893482792482e+02,1.240000028724888050e-02
7.439302594890514229e+02,1.219999981011984057e-02
7.434481296298226880e+02,1.209999989705255914e-02
7.429659997705939531e+02,1.190000028791616052e-02
7.424838699113661278e+02,1.180000037484887909e-02
7.420017400521373929e+02,1.169999959378895983e-02
7.415196101929095676e+02,1.159999989771983916e-02
7.410374803336808327e+02,1.149999998465255947e-02
7.405553504744520978e+02,1.149999998465255947e-02
7.400732206152242725e+02,1.140000028858344054e-02
7.395910907559955376e+02,1.140000028858344054e-02
7.391089608967677123e+02,1.140000028858344054e-02
7.386268310375389774e+02,1.140000028858344054e-02
7.381447011783111520e+02,1.140000028858344054e-02
7.376625713190824172e+02,1.140000028858344054e-02
7.371804414598536823e+02,1.149999998465255947e-02
7.366983116006258570e+02,1.159999989771983916e-02
7.362161817413971221e+02,1.169999959378895983e-02
7.357340518821692967e+02,1.180000037484887909e-02
7.352519220229405619e+02,1.190000028791616052e-02
7.347697921637118270e+02,1.200000020098344021e-02
7.342876623044840017e+02,1.209999989705255914e-02
7.338055324452552668e+02,1.229999950618895950e-02
7.333234025860274414e+02,1.240000028724888050e-02
7.328412727267987066e+02,1.240000028724888050e-02
7.323591428675699717e+02,1.250000020031616019e-02
7.318770130083421463e+02,1.260000011338343988e-02
7.313948831491134115e+02,1.260000011338343988e-02
7.309127532898855861e+02,1.260000011338343988e-02
7.304306234306568513e+02,1.260000011338343988e-02
7.299484935714281164e+02,1.260000011338343988e-02
7.294663637122002910e+02,1.260000011338343988e-02
7.289842338529715562e+02,1.250000020031616019e-02
7.285021039937437308e+02,1.240000028724888050e-02
7.280199741345149960e+02,1.240000028724888050e-02
7.275378442752871706e+02,1.229999950618895950e-02
7.270557144160584357e+02,1.229999950618895950e-02
7.265735845568297009e+02,1.229999950618895950e-02
7.260914546976018755e+02,1.240000028724888050e-02
7.256093248383731407e+02,1.250000020031616019e-02
7.251271949791453153e+02,1.260000011338343988e-02
7.246450651199165804e+02,1.269999980945256055e-02
7.241629352606878456e+02,1.300000019964888016e-02
7.236808054014600202e+02,1.320000002578343955e-02
7.231986755422312854e+02,1.360000011204887983e-02
7.227165456830034600e+02,1.400000041531247914e-02
7.222344158237747251e+02,1.449999954665255955e-02
7.217522859645459903e+02,1.510000032704520052e-02
7.212701561053181649e+02,1.569999937145255889e-02
7.207880262460894301e+02,1.649999997797976098e-02
7.203058963868616047e+02,1.740000028057607853e-02
7.198237665276328698e+02,1.830000058317239955e-02
7.193416366684041350e+02,1.940000049490512093e-02
7.188595068091763096e+02,2.070000023277239823e-02
7.183773769499475748e+02,2.209999966670880139e-02
7.178952470907197494e+02,2.370000066276503961e-02
7.174131172314910145e+02,2.539999961890512109e-02
7.169309873722631892e+02,2.740000005023231905e-02
7.164488575130344543e+02,2.960000009069592083e-02
7.159667276538057195e+02,3.189999982722863808e-02
7.154845977945778941e+02,3.449999908596503712e-02
7.150024679353491592e+02,3.739999981988856304e-02
7.145203380761213339e+02,4.060000181200103947e-02
7.140382082168925990e+02,4.399999972428120243e-02
7.135560783576638642e+02,4.769999911174847840e-02
7.130739484984360388e+02,5.180000140645728279e-02
7.125918186392073039e+02,5.620000127038631693e-02
7.121096887799794786e+02,6.100000056958632122e-02
7.116275589207507437e+02,6.629999726414112504e-02
7.111454290615220089e+02,7.190000259482232092e-02
7.106632992022941835e+02,7.810000328094215960e-02
7.101811693430654486e+02,8.470000318533479899e-02
7.096990394838376233e+02,9.189999844516608118e-02
7.092169096246088884e+02,9.960000216725832523e-02
7.087347797653801535e+02,1.080000026768435928e-01
7.082526499061523282e+02,1.169999985418675170e-01
7.077705200469235933e+02,1.260000020018270384e-01
7.072883901876957680e+02,1.350000052447883903e-01
7.068062603284670331e+02,1.449999956835237580e-01
7.063241304692392077e+02,1.550000010951321505e-01
7.058420006100104729e+02,1.650000065067405708e-01
7.053598707507817380e+02,1.759999988971248097e-01
7.048777408915539127e+02,1.860000043087332022e-01
7.043956110323251778e+02,1.949999927958196710e-01
7.039134811730973524e+02,2.039999960387810507e-01
7.034313513138686176e+02,2.119999973300935314e-01
7.029492214546398827e+02,2.179999947181082420e-01
7.024670915954120574e+02,2.240000068619978357e-01
7.019849617361833225e+02,2.280000001297166345e-01
7.015028318769554971e+02,2.310000062016614453e-01
7.010207020177267623e+02,2.329999953490843045e-01
7.005385721584980274e+02,2.329999953490843045e-01
7.000564422992702021e+02,2.319999931804372639e-01
6.995743124400414672e+02,2.300000040330144047e-01
6.990921825808136418e+02,2.269999979610695939e-01
6.986100527215849070e+02,2.220000027417019239e-01
6.981279228623561721e+02,2.169999925494612014e-01
6.976457930031283468e+02,2.109999953784446325e-01
6.971636631438996119e+02,2.039999960387810507e-01
6.966815332846717865e+02,1.959999947474685700e-01
6.961994034254430517e+02,1.889999954078049604e-01
6.957172735662152263e+02,1.800000071377166333e-01
6.952351437069864915e+02,1.720000058464041526e-01
6.947530138477577566e+02,1.640000045550916719e-01
6.942708839885299312e+02,1.560000032637791911e-01
6.937887541293011964e+02,1.480000017554685687e-01
6.933066242700733710e+02,1.400000004641560880e-01
6.928244944108446361e+02,1.319999991728436073e-01
6.923423645516159013e+02,1.250000000501781672e-01
6.918602346923880759e+02,1.180000007105145576e-01
6.913781048331593411e+02,1.110000013708509620e-01
6.908959749739315157e+02,1.040000020311873524e-01
6.904138451147027808e+02,9.799999748223335583e-02
6.899317152554740460e+02,9.189999844516608118e-02
6.894495853962462206e+02,8.609999719431719878e-02
6.889674555370174858e+02,8.060000089062599460e-02
6.884853256777896604e+02,7.540000237315319653e-02
6.880031958185609255e+02,7.050000120790247959e-02
6.875210659593321907e+02,6.589999782887015489e-02
6.870389361001043653e+02,6.159999961399367785e-02
6.865568062408756305e+02,5.759999896833743749e-02
6.860746763816478051e+02,5.389999958087016152e-02
6.855925465224190702e+02,5.050000166858999856e-02
6.851104166631912449e+02,4.740000132553007922e-02
6.846282868039625100e+02,4.459999876868855906e-02
6.841461569447337752e+02,4.199999950995216003e-02
6.836640270855059498e+02,3.959999986035216135e-02
6.831818972262772149e+02,3.750000146894112013e-02
6.826997673670493896e+02,3.550000125461207773e-02
6.822176375078206547e+02,3.370000043242128013e-02
6.817355076485919199e+02,3.209999943636503844e-02
6.812533777893640945e+02,3.070000000242863875e-02
6.807712479301353596e+02,2.940000026456136145e-02
6.802891180709075343e+02,2.820000043976135864e-02
6.798069882116787994e+02,2.710000052802864073e-02
6.793248583524500646e+02,2.610000031236503829e-02
6.788427284932222392e+02,2.520000000976872073e-02
6.783605986339935043e+02,2.439999962023968114e-02
6.778784687747656790e+02,2.360000096669592068e-02
6.773963389155369441e+02,2.290000027323600001e-02
6.769142090563082093e+02,2.229999927584519828e-02
6.764320791970803839e+02,2.180000014450511961e-02
6.759499493378516490e+02,2.140000092623231889e-02
6.754678194786238237e+02,2.099999975497608001e-02
6.749856896193950888e+02,2.070000023277239823e-02
6.745035597601672634e+02,2.050000062363600134e-02
6.740214299009385286e+02,2.030000079750143849e-02
6.735393000417097937e+02,2.019999914844888139e-02
6.730571701824819684e+02,2.009999945237975899e-02
6.725750403232532335e+02,1.999999953931248103e-02
6.720929104640254081e+02,1.989999962624519961e-02
6.716107806047966733e+02,1.970000001710879925e-02
6.711286507455679384e+02,1.950000040797239889e-02
6.706465208863401131e+02,1.930000079883599853e-02
6.701643910271113782e+02,1.909999923671616001e-02
6.696822611678835528e+02,1.899999932364887859e-02
6.692001313086548180e+02,1.879999971451247823e-02
6.687180014494260831e+02,1.869999980144520027e-02
6.682358715901982578e+02,1.869999980144520027e-02
6.677537417309695229e+02,1.869999980144520027e-02
6.672716118717416975e+02,1.889999962757975965e-02
6.667894820125129627e+02,1.909999923671616001e-02
6.663073521532842278e+02,1.940000049490512093e-02
6.658252222940564025e+02,1.970000001710879925e-02
6.653430924348276676e+02,2.019999914844888139e-02
6.648609625755998422e+02,2.080000014583967965e-02
6.643788327163711074e+02,2.140000092623231889e-02
6.638967028571432820e+02,2.209999966670880139e-02
6.634145729979145472e+02,2.280000036016871859e-02
6.629324431386858123e+02,2.370000066276503961e-02
6.624503132794579869e+02,2.459999922937608149e-02
6.619681834202292521e+02,2.549999953197239905e-02
6.614860535610014267e+02,2.649999974763599803e-02
6.610039237017726919e+02,2.759999965936871941e-02
6.605217938425439570e+02,2.879999948416871874e-02
6.600396639833161316e+02,2.999999930896871808e-02
6.595575341240873968e+02,3.130000078282128145e-02
6.590754042648595714e+02,3.249999887163600165e-02
6.585932744056308366e+02,3.379999839250511645e-02
6.581111445464021017e+02,3.510000181934112146e-02
6.576290146871742763e+02,3.640000155720839875e-02
6.571468848279455415e+02,3.770000107807752049e-02
6.566647549687177161e+02,3.889999916689224069e-02
6.561826251094889813e+02,4.019999868776136243e-02
6.557004952502602464e+02,4.140000046554479646e-02
6.552183653910324210e+02,4.250000037727751784e-02
6.547362355318036862e+02,4.360000050600840171e-02
6.542541056725758608e+02,4.450000080860472274e-02
6.537719758133471259e+02,4.509999963601391687e-02
6.532898459541193006e+02,4.549999907128488008e-02
6.528077160948905657e+02,4.549999907128488008e-02
6.523255862356618309e+02,4.509999963601391687e-02
6.518434563764340055e+02,4.430000119946832238e-02
6.513613265172052706e+02,4.309999942168488141e-02
6.508791966579774453e+02,4.170000172373376085e-02
6.503970667987487104e+02,3.999999907862496207e-02
6.499149369395199756e+02,3.819999847343232002e-02
6.494328070802921502e+02,3.629999969115767916e-02
6.489506772210634153e+02,3.429999947682863676e-02
6.484685473618355900e+02,3.240000091155215839e-02
6.479864175026068551e+02,3.040000048022496043e-02
6.475042876433781203e+02,2.859999987503231839e-02
6.470221577841502949e+02,2.679999926983967981e-02
6.465400279249215600e+02,2.510000009670143931e-02
6.460578980656937347e+02,2.349999910064520109e-02
6.455757682064649998e+02,2.199999997063967899e-02
6.450936383472362650e+02,2.060000031970512027e-02
6.446115084880084396e+02,1.930000079883599853e-02
6.441293786287797047e+02,1.810000097403599920e-02
6.436472487695518794e+02,1.700000084530511879e-02
6.431651189103231445e+02,1.600000084663967884e-02
6.426829890510953192e+02,1.510000032704520052e-02
6.422008591918665843e+02,1.429999993751615919e-02
6.417187293326378494e+02,1.360000011204887983e-02
6.412365994734100241e+02,1.300000019964888016e-02
6.407544696141812892e+02,1.240000028724888050e-02
6.402723397549534639e+02,1.190000028791616052e-02
6.397902098957247290e+02,1.149999998465255947e-02
6.393080800364959941e+02,1.109999968138896016e-02
6.388259501772681688e+02,1.080000037618343914e-02
6.383438203180394339e+02,1.049999976898896049e-02
6.378616904588116086e+02,1.020000046378343947e-02
6.373795605995828737e+02,9.929999635210800743e-03
6.368974307403541388e+02,9.669999600838079246e-03
6.364153008811263135e+02,9.440000213079840705e-03
6.359331710218975786e+02,9.209999740330800100e-03
6.354510411626697532e+02,8.999999553992639803e-03
6.349689113034410184e+02,8.790000235647119076e-03
6.344867814442122835e+02,8.589999758518079148e-03
6.340046515849844582e+02,8.399999641592640134e-03
6.335225217257557233e+02,8.209999741665360146e-03
6.330403918665278979e+02,8.019999624739919397e-03
6.325582620072991631e+02,7.820000015603520774e-03
6.320761321480713377e+02,7.610000263261680262e-03
6.315940022888426029e+02,7.389999933718079811e-03
6.311118724296138680e+02,7.160000111963519751e-03
6.306297425703860426e+02,6.930000073210799798e-03
6.301476127111573078e+02,6.690000108250799583e-03
6.296654828519294824e+02,6.440000217083519975e-03
6.291833529927007476e+02,6.190000108918079606e-03
6.287012231334720127e+02,5.950000143958080259e-03
6.282190932742441873e+02,5.700000035792639891e-03
6.277369634150154525e+02,5.450000144625360282e-03
6.272548335557876271e+02,5.200000036459919914e-03
6.267727036965588923e+02,4.960000071499919699e-03
6.262905738373301574e+02,4.730000249745359639e-03
6.258084439781023320e+02,4.509999920201760056e-03
6.253263141188735972e+02,4.300000167859919543e-03
6.248441842596457718e+02,4.100000124727200268e-03
6.243620544004170370e+02,3.920000151007199674e-03
6.238799245411883021e+02,3.740000177287199946e-03
6.233977946819604767e+02,3.560000203567199786e-03
6.229156648227317419e+02,3.389999939056319994e-03
6.224335349635039165e+02,3.229999817750879923e-03
6.219514051042751817e+02,3.089999982856320160e-03
6.214692752450473563e+02,2.950000147961759963e-03
6.209871453858186214e+02,2.820000022276320135e-03
6.205050155265898866e+02,2.700000039796320028e-03
6.200228856673620612e+02,2.580000057316319921e-03
6.195407558081333264e+02,2.460000074836319814e-03
6.190586259489055010e+02,2.359999944770879796e-03
6.185764960896767661e+02,2.260000031703600105e-03
6.180943662304480313e+02,2.159999901638160087e-03
6.176122363712202059e+02,2.080000057983599944e-03
6.171301065119914711e+02,1.999999997330879908e-03
6.166479766527636457e+02,1.919999936678160090e-03
6.161658467935349108e+02,1.850000019230879991e-03
6.156837169343061760e+02,1.780000101783599893e-03
6.152015870750783506e+02,1.719999893545439947e-03
6.147194572158496157e+02,1.649999976098160065e-03
6.142373273566217904e+02,1.589999984858160012e-03
6.137551974973930555e+02,1.539999919825440003e-03
6.132730676381643207e+02,1.490000071790879886e-03
6.127909377789364953e+02,1.440000006758160095e-03
6.123088079197077604e+02,1.389999941725440086e-03
6.118266780604799351e+02,1.329999950485440032e-03
6.113445482012512002e+02,1.279999885452720023e-03
6.108624183420233749e+02,1.239999963625439952e-03
6.103802884827946400e+02,1.209999968005439925e-03
6.098981586235659051e+02,1.179999972385439898e-03
6.094160287643380798e+02,1.140000050558160043e-03
6.089338989051093449e+02,1.099999911732720079e-03
6.084517690458815196e+02,1.069999916112720053e-03
6.079696391866527847e+02,1.029999994285439981e-03
6.074875093274240498e+02,9.999999986654399542e-04
6.070053794681962245e+02,9.739999301287199452e-04
6.065232496089674896e+02,9.450000790281599776e-04
6.060411197497396643e+02,9.169999384507199593e-04
6.055589898905109294e+02,8.929999419547199595e-04
6.050768600312821945e+02,8.710000174994399691e-04
6.045947301720543692e+02,8.490000930441599786e-04
6.041126003128256343e+02,8.260000240694400373e-04
6.036304704535978090e+02,8.029999550947199876e-04
6.031483405943690741e+02,7.830001026801600063e-04
6.026662107351403392e+02,7.639999607887199744e-04
6.021840808759125139e+02,7.450000358954399432e-04
6.017019510166837790e+02,7.249999664827199613e-04
6.012198211574559537e+02,7.079998966320000470e-04
6.007376912982272188e+02,6.959998983839999929e-04
6.002555614389993934e+02,6.859999721767199481e-04
5.997734315797706586e+02,6.769999734907199617e-04
5.992913017205419237e+02,6.659999027639999661e-04
5.988091718613140984e+02,6.539999045160000204e-04
5.983270420020853635e+02,6.430000507874400256e-04
5.978449121428575381e+02,6.319999800607200300e-04
5.973627822836288033e+02,6.179999097719999666e-04
5.968806524244000684e+02,6.010000569194399447e-04
5.963985225651722430e+02,5.839999870687200305e-04
5.959163927059435082e+02,5.740000608614399856e-04
5.954342628467156828e+02,5.689999892587200171e-04
5.949521329874869480e+02,5.669999172180000078e-04
5.944700031282582131e+02,5.620000626134400400e-04
5.939878732690303877e+02,5.549999189699999537e-04
5.935057434098016529e+02,5.440000652414399588e-04
5.930236135505738275e+02,5.309999224739999539e-04
5.925414836913450927e+02,5.159999246640000490e-04
5.920593538321163578e+02,5.020000713734399864e-04
5.915772239728885324e+02,4.900000731254400407e-04
5.910950941136597976e+02,4.820000019607200044e-04
5.906129642544319722e+02,4.750000753154399731e-04
5.901308343952032374e+02,4.690000761914400003e-04
5.896487045359745025e+02,4.619999325480000224e-04
5.891665746767466771e+02,4.540000783814399869e-04
5.886844448175179423e+02,4.430000076547199912e-04
5.882023149582901169e+02,4.310000094067199914e-04
5.877201850990613821e+02,4.160000115967199780e-04
5.872380552398335567e+02,4.010000137867200188e-04
5.867559253806048218e+02,3.850000884554400011e-04
5.862737955213760870e+02,3.689999461259999827e-04
5.857916656621482616e+02,3.539999483160000235e-04
5.853095358029195268e+02,3.440000221087199787e-04
5.848274059436917014e+02,3.400000950254400151e-04
5.843452760844629665e+02,3.359999509439999966e-04
5.838631462252342317e+02,3.280000967774400152e-04
5.833810163660064063e+02,3.140000264887200061e-04
5.828988865067776715e+02,2.980001011574399884e-04
5.824167566475498461e+02,2.840000308687199793e-04
5.819346267883211112e+02,2.739998876632799879e-04
5.814524969290923764e+02,2.650001059754400023e-04
5.809703670698645510e+02,2.530001077274400025e-04
5.804882372106358162e+02,2.379998929192799883e-04
5.800061073514079908e+02,2.240000396287200070e-04
5.795239774921792559e+02,2.129999689020000114e-04
5.790418476329505211e+02,2.060000422567200072e-04
5.785597177737226957e+02,1.979999710919999980e-04
5.780775879144939609e+02,1.910000444467199938e-04
5.775954580552661355e+02,1.839999008032799888e-04
5.771133281960374006e+02,1.790000461987199939e-04
5.766311983368095753e+02,1.749999021172800025e-04
5.761490684775808404e+02,1.689999029932800025e-04
5.756669386183521056e+02,1.629999038692800026e-04
5.751848087591242802e+02,1.580000492647200077e-04
5.747026788998955453e+02,1.640000483887200076e-04
5.742205490406677200e+02,1.580000492647200077e-04
5.737384191814389851e+02,1.520000501407200077e-04
5.732562893222102502e+02,1.460000510167200078e-04
5.727741594629824249e+02,1.400000518927200079e-04
5.722920296037536900e+02,1.349999802900000122e-04
5.718098997445258647e+02,1.299999086872799894e-04
5.713277698852971298e+02,1.250000540827199945e-04
5.708456400260683949e+02,1.199999824799999988e-04
5.703635101668405696e+02,1.160000553967199946e-04
5.698813803076118347e+02,1.109999837939999989e-04
5.693992504483840094e+02,1.059999121912800032e-04
5.689171205891552745e+02,1.019999851079999990e-04
5.684349907299265396e+02,9.790002187295999416e-05
5.679528608706987143e+02,9.399991394328000331e-05
5.674707310114699794e+02,9.020005916352000024e-05
5.669886011522421541e+02,8.650002353735999699e-05
5.665064712930134192e+02,8.279998791119999374e-05
5.660243414337855938e+02,7.919998843680000461e-05
5.655422115745568590e+02,7.590009741768000368e-05
5.650600817153281241e+02,7.299991700928000352e-05
5.645779518561002988e+02,7.050009820607999289e-05
5.640958219968715639e+02,6.810009855647999562e-05
5.636136921376437385e+02,6.579991806047999817e-05
5.631315622784150037e+02,6.359999071440000206e-05
5.626494324191862688e+02,6.150009952007999298e-05
5.621673025599584435e+02,5.939999132759999668e-05
5.616851727007297086e+02,5.730010013328000115e-05
5.612030428415018832e+02,5.550010039607999982e-05
5.607209129822731484e+02,5.410002826776000003e-05
5.602387831230444135e+02,5.290002844296000140e-05
5.597566532638165882e+02,5.180006476991999657e-05
5.592745234045878533e+02,5.060006494511999793e-05
5.587923935453600279e+02,4.930002896855999872e-05
5.583102636861312931e+02,4.810002914376000009e-05
5.578281338269025582e+02,4.719992077608000243e-05
5.573460039676747328e+02,4.640006555831999933e-05
5.568638741084459980e+02,4.580006564591999663e-05
5.563817442492181726e+02,4.539992103888000109e-05
5.558996143899894378e+02,4.470010197287999857e-05
5.554174845307616124e+02,4.330002984455999878e-05
5.549353546715328775e+02,4.079999404320000094e-05
5.544532248123041427e+02,3.740006687231999942e-05
5.539710949530763173e+02,3.399992270327999714e-05
5.534889650938475825e+02,3.119999544479999833e-05
5.530068352346197571e+02,2.910010425047999941e-05
5.525247053753910222e+02,2.759999597039999904e-05
5.520425755161622874e+02,2.699999605799999973e-05
5.515604456569344620e+02,2.730010451327999807e-05
5.510783157977057272e+02,2.780006827392000020e-05
5.505961859384779018e+02,2.730010451327999807e-05
5.501140560792491669e+02,2.519999632079999839e-05
5.496319262200204321e+02,2.250010521408000015e-05
5.491497963607926067e+02,2.120006923752000094e-05
5.486676665015638719e+02,2.209996060704000123e-05
5.481855366423360465e+02,2.449996025663999849e-05
5.477034067831073116e+02,2.670010460087999876e-05
5.472212769238785768e+02,2.770003212215999962e-05
5.467391470646507514e+02,2.799992357928000059e-05
5.462570172054220166e+02,2.850010433808000009e-05
5.457748873461941912e+02,2.979992331647999854e-05
5.452927574869654563e+02,3.229995911783999638e-05
5.448106276277376310e+02,3.570010328687999866e-05
5.443284977685088961e+02,3.959999421840000231e-05
5.438463679092801613e+02,4.319999369279999821e-05
5.433642380500523359e+02,4.580006564591999663e-05
5.428821081908236010e+02,4.750002923135999739e-05
5.423999783315957757e+02,4.899992051327999699e-05
5.419178484723670408e+02,5.089995640223999890e-05
5.414357186131383060e+02,5.290002844296000140e-05
5.409535887539104806e+02,5.430010057128000119e-05
5.404714588946817457e+02,5.480006433191999654e-05
5.399893290354539204e+02,5.490010048367999711e-05
5.395071991762251855e+02,5.559991954967999963e-05
5.390250693169964507e+02,5.689995552623999884e-05
5.385429394577686253e+02,5.830002765455999863e-05
5.380608095985398904e+02,5.929995517583999611e-05
5.375786797393120651e+02,5.950002747935999726e-05
5.370965498800833302e+02,5.879999141520000076e-05
5.366144200208545954e+02,5.759999159040000212e-05
5.361322901616267700e+02,5.600006415672000194e-05
5.356501603023980351e+02,5.389995596423999887e-05
5.351680304431702098e+02,5.139992016288000103e-05
5.346859005839414749e+02,4.849995675264000164e-05
5.342037707247136495e+02,4.619999325479999817e-05
5.337216408654849147e+02,4.559999334240000225e-05
5.332395110062561798e+02,4.799999299199999951e-05
5.327573811470283545e+02,5.319991990008000237e-05
5.322752512877996196e+02,5.979991893647999823e-05
5.317931214285717942e+02,6.620006266752000048e-05
5.313109915693430594e+02,7.139998957559999656e-05
5.308288617101143245e+02,7.530009750528000097e-05
5.303467318508864992e+02,7.770009715487999824e-05
5.298646019916577643e+02,7.859998852440000191e-05
5.293824721324299389e+02,7.870002467616000249e-05
5.289003422732012041e+02,7.839991622088000075e-05
5.284182124139724692e+02,7.859998852440000191e-05
5.279360825547446439e+02,7.899991613328000346e-05
5.274539526955159090e+02,7.950009689207999280e-05
5.269718228362880836e+02,8.010009680447999550e-05
5.264896929770593488e+02,8.120006047752000033e-05
5.260075631178306139e+02,8.269995175943999316e-05
5.255254332586027886e+02,8.420006003952000030e-05
5.250433033993740537e+02,8.519998756080000455e-05
5.245611735401462283e+02,8.600005977671999486e-05
5.240790436809174935e+02,8.699998729799999911e-05
5.235969138216896681e+02,8.859991473167999252e-05
5.231147839624609333e+02,9.030009531528000082e-05
5.226326541032321984e+02,9.159991429367999249e-05
5.221505242440043730e+02,9.229995035783999577e-05
5.216683943847756382e+02,9.289995027023999848e-05
5.211862645255478128e+02,9.349995018264000118e-05
5.207041346663190780e+02,9.440005855032000562e-05
5.202220048070903431e+02,9.560005837511999748e-05
5.197398749478625177e+02,9.709994965704000385e-05
5.192577450886337829e+02,9.910002169775999957e-05
5.187756152294059575e+02,1.010000575867199947e-04
5.182934853701772226e+02,1.029999126292800032e-04
5.178113555109484878e+02,1.049999846699999989e-04
5.173292256517206624e+02,1.079999842319999989e-04
5.168470957924919276e+02,1.100000562727199946e-04
5.163649659332641022e+02,1.130000558347199946e-04
5.158828360740353673e+02,1.149999108772800031e-04
5.154007062148066325e+02,1.179999104392800031e-04
5.149185763555788071e+02,1.199999824799999988e-04
5.144364464963500723e+02,1.220000545207199945e-04
5.139543166371222469e+02,1.239999095632799894e-04
5.134721867778935120e+02,1.259999816039999987e-04
5.129900569186656867e+02,1.280000536447200080e-04
5.125079270594369518e+02,1.299999086872799894e-04
5.120257972002082170e+02,1.329999082492800029e-04
5.115436673409803916e+02,1.349999802900000122e-04
5.110615374817516567e+02,1.379999798519999986e-04
5.105794076225238314e+02,1.409999794140000121e-04
5.100972777632950965e+02,1.449999064972800028e-04
5.096151479040663617e+02,1.479999060592799892e-04
5.091330180448385363e+02,1.509999056212800027e-04
5.086508881856098014e+02,1.539999051832799891e-04
5.081687583263819761e+02,1.569999047452800027e-04
5.076866284671532412e+02,1.599999043072799891e-04
5.072044986079245064e+02,1.619999763479999984e-04
5.067223687486966810e+02,1.640000483887200076e-04
5.062402388894679461e+02,1.659999034312799890e-04
5.057581090302401208e+02,1.689999029932800025e-04
5.052759791710113859e+02,1.719999025552799890e-04
5.047938493117826511e+02,1.760000466367200075e-04
5.043117194525548257e+02,1.799999737199999982e-04
5.038295895933260908e+02,1.850000453227199939e-04
5.033474597340982655e+02,1.899998999272799888e-04
5.028653298748695306e+02,1.940000440087200073e-04
5.023832000156417052e+02,1.970000435707199937e-04
5.019010701564129704e+02,2.000000431327200073e-04
5.014189402971842355e+02,2.060000422567200072e-04
5.009368104379564102e+02,2.139998964232799885e-04
5.004546805787276753e+02,2.210000400667199935e-04
4.999725507194998499e+02,2.260001116694399892e-04
4.994904208602711151e+02,2.270000391907199934e-04
4.990082910010423802e+02,2.260001116694399892e-04
4.985261611418145549e+02,2.249999671500000113e-04
4.980440312825858200e+02,2.279999667119999977e-04
4.975619014233579946e+02,2.369999653980000111e-04
4.970797715641292598e+02,2.500001081654399889e-04
4.965976417049005249e+02,2.660000334967200066e-04
4.961155118456726996e+02,2.800001037854400157e-04
4.956333819864439647e+02,2.920001020334400156e-04
4.951512521272161393e+02,3.010001007194400020e-04
4.946691222679874045e+02,3.110000269267199926e-04
4.941869924087586696e+02,3.230000251747199925e-04
4.937048625495308443e+02,3.350000234227199923e-04
4.932227326903021094e+02,3.440000221087199787e-04
4.927406028310742840e+02,3.490000937114400015e-04
4.922584729718455492e+02,3.509999487540000100e-04
4.917763431126177238e+02,3.550000928354399743e-04
4.912942132533889890e+02,3.610000919594400014e-04
4.908120833941602541e+02,3.710000181667199920e-04
4.903299535349324287e+02,3.839999439359999961e-04
4.898478236757036939e+02,3.970000867034400010e-04
4.893656938164758685e+02,4.090000849514400009e-04
4.888835639572471337e+02,4.180000836374399872e-04
4.884014340980183988e+02,4.259999378040000228e-04
4.879193042387905734e+02,4.340000089687200049e-04
4.874371743795618386e+02,4.430000076547199912e-04
4.869550445203340132e+02,4.529999338619999818e-04
4.864729146611052784e+02,4.630000770674399732e-04
4.859907848018765435e+02,4.720000757534400138e-04
4.855086549426487181e+02,4.810000744394400001e-04
4.850265250834199833e+02,4.880000010847199772e-04
4.845443952241921579e+02,4.949999277300000085e-04
4.840622653649634231e+02,5.009999268540000356e-04
4.835801355057346882e+02,5.069999259779999542e-04
4.830980056465068628e+02,5.140000696214400405e-04
4.826158757872781280e+02,5.209999962667200175e-04
4.821337459280503026e+02,5.290000674314399454e-04
4.816516160688215678e+02,5.380000661174400402e-04
4.811694862095937424e+02,5.470000648034400266e-04
4.806873563503650075e+02,5.560000634894400129e-04
4.802052264911362727e+02,5.639999176560000485e-04
4.797230966319084473e+02,5.719999888207199764e-04
4.792409667726797124e+02,5.809999875067199627e-04
4.787588369134518871e+02,5.909999137140000075e-04
4.782767070542231522e+02,6.019999844407200032e-04
4.777945771949944174e+02,6.130000551674399988e-04
4.773124473357665920e+02,6.259999809367200029e-04
4.768303174765378571e+02,6.400000512254399579e-04
4.763481876173100318e+02,6.550000490354399713e-04
4.758660577580812969e+02,6.679999748047199754e-04
4.753839278988525621e+02,6.809999005739999795e-04
4.749017980396247367e+02,6.929998988220000336e-04
4.744196681803960018e+02,7.050001140681599800e-04
4.739375383211681765e+02,7.140001127541599664e-04
4.734554084619394416e+02,7.210000393994399435e-04
4.729732786027107068e+02,7.259998940040000197e-04
4.724911487434828814e+02,7.290001105641599798e-04
4.720090188842541465e+02,7.300000380854400383e-04
4.715268890250263212e+02,7.309999656067199883e-04
4.710447591657975863e+02,7.300000380854400383e-04
4.705626293065697610e+02,7.279999660447200290e-04
4.700804994473410261e+02,7.270000385234399705e-04
4.695983695881122912e+02,7.259998940040000197e-04
4.691162397288844659e+02,7.249999664827199613e-04
4.686341098696557310e+02,7.259998940040000197e-04
4.681519800104279057e+02,7.270000385234399705e-04
4.676698501511991708e+02,7.290001105641599798e-04
4.671877202919704359e+02,7.319998931280000468e-04
4.667055904327426106e+02,7.350001096881600068e-04
4.662234605735138757e+02,7.390000367714400246e-04
4.657413307142860504e+02,7.420000363334399839e-04
4.652592008550573155e+02,7.459999634167200017e-04
4.647770709958285806e+02,7.480000354574400110e-04
4.642949411366007553e+02,7.519999625407200287e-04
4.638128112773720204e+02,7.570000341434399973e-04
4.633306814181441950e+02,7.650001053081600336e-04
4.628485515589154602e+02,7.729999594747199608e-04
4.623664216996867253e+02,7.800001031181599386e-04
4.618842918404589000e+02,7.879999572847199742e-04
4.614021619812301651e+02,7.960000284494400105e-04
4.609200321220023397e+02,8.069998821780000053e-04
4.604379022627736049e+02,8.179999529047200010e-04
4.599557724035457795e+02,8.290000236314399966e-04
4.594736425443170447e+02,8.380000223174399829e-04
4.589915126850883098e+02,8.479999485247200278e-04
4.585093828258604844e+02,8.580000917301599649e-04
4.580272529666317496e+02,8.700000899781600190e-04
4.575451231074039242e+02,8.839999432687199732e-04
4.570629932481751894e+02,8.980000135574400365e-04
4.565808633889464545e+02,9.120000838461599915e-04
4.560987335297186291e+02,9.259999371367199457e-04
4.556166036704898943e+02,9.420000794661600183e-04
4.551344738112620689e+02,9.589999323187200402e-04
4.546523439520333341e+02,9.760000021694399544e-04
4.541702140928045992e+02,9.949999270627200940e-04
4.536880842335767738e+02,1.020000068078159936e-03
4.532059543743480390e+02,1.039999920492720026e-03
4.527238245151202136e+02,1.059999989905440008e-03
4.522416946558914788e+02,1.080000059318159990e-03
4.517595647966627439e+02,1.099999911732720079e-03
4.512774349374349185e+02,1.119999981145440061e-03
4.507953050782061837e+02,1.140000050558160043e-03
4.503131752189783583e+02,1.170000046178160070e-03
4.498310453597496235e+02,1.189999898592719943e-03
4.493489155005217981e+02,1.219999894212719970e-03
4.488667856412930632e+02,1.239999963625439952e-03
4.483846557820643284e+02,1.260000033038159934e-03
4.479025259228365030e+02,1.290000028658159961e-03
4.474203960636077682e+02,1.329999950485440032e-03
4.469382662043799428e+02,1.359999946105440059e-03
4.464561363451512079e+02,1.399999867932719914e-03
4.459740064859224731e+02,1.429999863552719941e-03
4.454918766266946477e+02,1.470000002378159904e-03
4.450097467674659129e+02,1.499999997998159931e-03
4.445276169082380875e+02,1.539999919825440003e-03
4.440454870490093526e+02,1.569999915445440030e-03
4.435633571897806178e+02,1.610000054270879994e-03
4.430812273305527924e+02,1.649999976098160065e-03
4.425990974713240576e+02,1.700000041130880074e-03
4.421169676120962322e+02,1.750000106163600083e-03
4.416348377528674973e+02,1.799999954198159982e-03
4.411527078936387625e+02,1.859999945438160036e-03
4.406705780344109371e+02,1.919999936678160090e-03
4.401884481751822022e+02,1.970000001710880098e-03
4.397063183159543769e+02,2.029999992950880152e-03
4.392241884567256420e+02,2.089999984190879772e-03
4.387420585974978167e+02,2.149999975430879826e-03
4.382599287382690818e+02,2.219999892878160141e-03
4.377777988790403469e+02,2.290000027323599915e-03
4.372956690198125216e+02,2.369999870978160058e-03
4.368135391605837867e+02,2.449999931630880094e-03
4.363314093013559614e+02,2.529999992283600129e-03
4.358492794421272265e+02,2.619999979143599993e-03
4.353671495828984916e+02,2.719999892210880118e-03
4.348850197236706663e+02,2.820000022276320135e-03
4.344028898644419314e+02,2.920000152341760153e-03
4.339207600052141061e+02,3.040000134821759827e-03
4.334386301459853712e+02,3.160000117301759934e-03
4.329565002867566363e+02,3.289999808990879977e-03
4.324743704275288110e+02,3.430000077881759958e-03
4.319922405683000761e+02,3.590000199187200029e-03
4.315101107090722508e+02,3.749999886496319882e-03
4.310279808498435159e+02,3.920000151007199674e-03
4.305458509906147810e+02,4.100000124727200268e-03
4.300637211313869557e+02,4.290000024654480257e-03
4.295815912721582208e+02,4.490000284785360292e-03
4.290994614129303955e+02,4.700000037127199937e-03
4.286173315537016606e+02,4.920000149672639628e-03
4.281352016944738352e+02,5.129999902014480140e-03
4.276530718352451004e+02,5.340000088352639569e-03
4.271709419760163655e+02,5.549999840694480081e-03
4.266888121167885402e+02,5.760000027032640378e-03
4.262066822575598053e+02,5.960000287163519546e-03
4.257245523983319799e+02,6.159999896299919904e-03
4.252424225391032451e+02,6.339999870019919631e-03
4.247602926798745102e+02,6.510000134530799856e-03
4.242781628206466848e+02,6.670000038838080035e-03
4.237960329614179500e+02,6.819999799939920060e-03
4.233139031021901246e+02,6.949999925625360321e-03
4.228317732429613898e+02,7.089999977518079977e-03
4.223496433837326549e+02,7.230000029410799632e-03
4.218675135245048295e+02,7.369999864305360263e-03
4.213853836652760947e+02,7.520000059403520072e-03
4.209032538060482693e+02,7.679999746712640359e-03
4.204211239468195345e+02,7.860000154428959870e-03
4.199389940875907996e+02,8.050000271354400619e-03
4.194568642283629742e+02,8.249999880490799242e-03
4.189747343691342394e+02,8.460000066828959539e-03
4.184926045099064140e+02,8.670000253167119836e-03
4.180104746506776792e+02,8.960000283159840276e-03
4.175283447914498538e+02,9.170000469498000573e-03
4.170462149322211189e+02,9.370000078634399196e-03
4.165640850729923841e+02,9.560000195559839944e-03
4.160819552137645587e+02,9.720000533863439041e-03
4.155998253545358239e+02,9.859999717763519994e-03
4.151176954953079985e+02,9.960000498823439255e-03
4.146355656360792636e+02,9.999999769656240517e-03
4.141534357768505288e+02,9.979999700243519234e-03
4.136713059176227034e+02,9.920000142999839399e-03
4.131891760583939686e+02,9.800000160519840159e-03
4.127070461991661432e+02,9.619999752803519780e-03
4.122249163399374083e+02,9.410000434457999052e-03
4.117427864807086735e+02,9.159999892296240634e-03
4.112606566214808481e+02,8.820000014268960728e-03
4.107785267622521133e+02,8.539999910483519682e-03
4.102963969030242879e+02,8.240000388279839633e-03
4.098142670437955530e+02,7.930000288874399644e-03
4.093321371845668182e+02,7.610000263261680262e-03
4.088500073253389928e+02,7.300000163856240273e-03
4.083678774661102580e+02,6.990000064450800285e-03
4.078857476068824326e+02,6.690000108250799583e-03
4.074036177476536977e+02,6.410000004465360272e-03
4.069214878884258724e+02,6.130000117678079986e-03
4.064393580291971375e+02,5.870000083305360224e-03
4.059572281699684027e+02,5.630000118345360009e-03
4.054750983107405773e+02,5.400000079592640057e-03
4.049929684515118424e+02,5.189999893254479760e-03
4.045108385922840171e+02,4.999999993327199771e-03
4.040287087330552822e+02,4.829999945814480306e-03
4.035465788738265474e+02,4.670000258505360019e-03
4.030644490145987220e+02,4.520000063407200210e-03
4.025823191553699871e+02,4.389999937721759948e-03
4.021001892961421618e+02,4.269999955241759841e-03
4.016180594369134269e+02,4.170000042174480150e-03
4.011359295776846920e+02,4.069999695110879806e-03
4.006537997184568667e+02,3.990000068454479555e-03
4.001716698592281318e+02,3.920000151007199674e-03
3.996895400000000222e+02,3.850000016561759900e-03
