7.797490099999999984e+03,1.471409703605273123e+00
7.797007970140771249e+03,1.471409703605273123e+00
7.796525840281543424e+03,1.471409584753569089e+00
7.796043710422314689e+03,1.471410657390197718e+00
7.795561580563086864e+03,1.471410657390197718e+00
7.795079450703858129e+03,1.471411373471714246e+00
7.794597320844629394e+03,1.471411373471714246e+00
7.794115190985401568e+03,1.471411848878530382e+00
7.793633061126172834e+03,1.471411848878530382e+00
7.793150931266945008e+03,1.471412206919288534e+00
7.792668801407716273e+03,1.471412088067584500e+00
7.792186671548487539e+03,1.471412446108342875e+00
7.791704541689259713e+03,1.471412325770992569e+00
7.791222411830030978e+03,1.471412446108342875e+00
7.790740281970803153e+03,1.471412446108342875e+00
7.790258152111574418e+03,1.471412683811750943e+00
7.789776022252346593e+03,1.471412683811750943e+00
7.789293892393117858e+03,1.471412923000805284e+00
7.788811762533889123e+03,1.471412923000805284e+00
7.788329632674661298e+03,1.471412923000805284e+00
7.787847502815432563e+03,1.471412802663454977e+00
7.787365372956204737e+03,1.471412802663454977e+00
7.786883243096976003e+03,1.471412802663454977e+00
7.786401113237747268e+03,1.471413041852509096e+00
7.785918983378519442e+03,1.471413041852509096e+00
7.785436853519290707e+03,1.471413160704213130e+00
7.784954723660062882e+03,1.471413041852509096e+00
7.784472593800834147e+03,1.471413041852509096e+00
7.783990463941605412e+03,1.471413041852509096e+00
7.783508334082377587e+03,1.471413160704213130e+00
7.783026204223148852e+03,1.471413160704213130e+00
7.782544074363921027e+03,1.471413160704213130e+00
7.782061944504692292e+03,1.471413160704213130e+00
7.781579814645463557e+03,1.471413279555917164e+00
7.781097684786235732e+03,1.471413279555917164e+00
7.780615554927006997e+03,1.471413279555917164e+00
7.780133425067779172e+03,1.471413160704213130e+00
7.779651295208550437e+03,1.471413160704213130e+00
7.779169165349322611e+03,1.471413160704213130e+00
7.778687035490093876e+03,1.471413279555917164e+00
7.778204905630865142e+03,1.471413279555917164e+00
7.777722775771637316e+03,1.471413399893267471e+00
7.777240645912408581e+03,1.471413279555917164e+00
7.776758516053180756e+03,1.471413279555917164e+00
7.776276386193952021e+03,1.471413160704213130e+00
7.775794256334723286e+03,1.471413160704213130e+00
7.775312126475495461e+03,1.471413160704213130e+00
7.774829996616266726e+03,1.471413160704213130e+00
7.774347866757038901e+03,1.471413041852509096e+00
7.773865736897810166e+03,1.471413041852509096e+00
7.773383607038581431e+03,1.471412923000805284e+00
7.772901477179353606e+03,1.471413041852509096e+00
7.772419347320124871e+03,1.471412923000805284e+00
7.771937217460897045e+03,1.471412923000805284e+00
7.771455087601668311e+03,1.471412923000805284e+00
7.770972957742439576e+03,1.471412923000805284e+00
7.770490827883211750e+03,1.471412802663454977e+00
7.770008698023983015e+03,1.471412923000805284e+00
7.769526568164755190e+03,1.471412923000805284e+00
7.769044438305526455e+03,1.471413041852509096e+00
7.768562308446298630e+03,1.471413041852509096e+00
7.768080178587069895e+03,1.471413041852509096e+00
7.767598048727841160e+03,1.471412923000805284e+00
7.767115918868613335e+03,1.471412923000805284e+00
7.766633789009384600e+03,1.471412923000805284e+00
7.766151659150156775e+03,1.471412923000805284e+00
7.765669529290928040e+03,1.471412802663454977e+00
7.765187399431699305e+03,1.471412802663454977e+00
7.764705269572471479e+03,1.471412683811750943e+00
7.764223139713242745e+03,1.471412802663454977e+00
7.763741009854014919e+03,1.471412802663454977e+00
7.763258879994786184e+03,1.471412802663454977e+00
7.762776750135557450e+03,1.471412683811750943e+00
7.762294620276329624e+03,1.471412683811750943e+00
7.761812490417100889e+03,1.471412683811750943e+00
7.761330360557873064e+03,1.471412683811750943e+00
7.760848230698644329e+03,1.471412683811750943e+00
7.760366100839415594e+03,1.471412683811750943e+00
7.759883970980187769e+03,1.471412564960046909e+00
7.759401841120959034e+03,1.471412564960046909e+00
7.758919711261731209e+03,1.471412564960046909e+00
7.758437581402502474e+03,1.471412683811750943e+00
7.757955451543274648e+03,1.471412564960046909e+00
7.757473321684045914e+03,1.471412446108342875e+00
7.756991191824817179e+03,1.471412325770992569e+00
7.756509061965589353e+03,1.471412206919288534e+00
7.756026932106360618e+03,1.471412325770992569e+00
7.755544802247132793e+03,1.471412325770992569e+00
7.755062672387904058e+03,1.471412325770992569e+00
7.754580542528675323e+03,1.471412206919288534e+00
7.754098412669447498e+03,1.471412088067584500e+00
7.753616282810218763e+03,1.471412088067584500e+00
7.753134152950990938e+03,1.471412206919288534e+00
7.752652023091762203e+03,1.471412325770992569e+00
7.752169893232533468e+03,1.471412325770992569e+00
7.751687763373305643e+03,1.471412325770992569e+00
7.751205633514076908e+03,1.471412206919288534e+00
7.750723503654849083e+03,1.471412206919288534e+00
7.750241373795620348e+03,1.471412325770992569e+00
7.749759243936391613e+03,1.471412325770992569e+00
7.749277114077163787e+03,1.471412325770992569e+00
7.748794984217935053e+03,1.471412206919288534e+00
7.748312854358707227e+03,1.471411969215880688e+00
7.747830724499478492e+03,1.471411969215880688e+00
7.747348594640250667e+03,1.471411848878530382e+00
7.746866464781021932e+03,1.471411848878530382e+00
7.746384334921793197e+03,1.471411848878530382e+00
7.745902205062565372e+03,1.471411848878530382e+00
7.745420075203336637e+03,1.471411848878530382e+00
7.744937945344108812e+03,1.471411969215880688e+00
7.744455815484880077e+03,1.471412088067584500e+00
7.743973685625651342e+03,1.471412088067584500e+00
7.743491555766423517e+03,1.471411969215880688e+00
7.743009425907194782e+03,1.471411848878530382e+00
7.742527296047966956e+03,1.471411848878530382e+00
7.742045166188738222e+03,1.471411848878530382e+00
7.741563036329509487e+03,1.471411848878530382e+00
7.741080906470281661e+03,1.471411969215880688e+00
7.740598776611052926e+03,1.471411969215880688e+00
7.740116646751825101e+03,1.471411848878530382e+00
7.739634516892596366e+03,1.471411730026826348e+00
7.739152387033367631e+03,1.471411611175122314e+00
7.738670257174139806e+03,1.471411730026826348e+00
7.738188127314911071e+03,1.471411730026826348e+00
7.737705997455683246e+03,1.471411730026826348e+00
7.737223867596454511e+03,1.471411730026826348e+00
7.736741737737226686e+03,1.471411611175122314e+00
7.736259607877997951e+03,1.471411611175122314e+00
7.735777478018769216e+03,1.471411492323418280e+00
7.735295348159541390e+03,1.471411611175122314e+00
7.734813218300312656e+03,1.471411611175122314e+00
7.734331088441084830e+03,1.471411611175122314e+00
7.733848958581856095e+03,1.471411492323418280e+00
7.733366828722627361e+03,1.471411492323418280e+00
7.732884698863399535e+03,1.471411492323418280e+00
7.732402569004170800e+03,1.471411492323418280e+00
7.731920439144942975e+03,1.471411492323418280e+00
7.731438309285714240e+03,1.471411492323418280e+00
7.730956179426485505e+03,1.471411492323418280e+00
7.730474049567257680e+03,1.471411373471714246e+00
7.729991919708028945e+03,1.471411373471714246e+00
7.729509789848801120e+03,1.471411373471714246e+00
7.729027659989572385e+03,1.471411253134363939e+00
7.728545530130343650e+03,1.471411134282659905e+00
7.728063400271115825e+03,1.471411015430956093e+00
7.727581270411887090e+03,1.471411134282659905e+00
7.727099140552659264e+03,1.471411134282659905e+00
7.726617010693430529e+03,1.471411134282659905e+00
7.726134880834202704e+03,1.471411134282659905e+00
7.725652750974973969e+03,1.471411134282659905e+00
7.725170621115745234e+03,1.471411134282659905e+00
7.724688491256517409e+03,1.471411134282659905e+00
7.724206361397288674e+03,1.471411134282659905e+00
7.723724231538060849e+03,1.471411134282659905e+00
7.723242101678832114e+03,1.471411015430956093e+00
7.722759971819603379e+03,1.471411015430956093e+00
7.722277841960375554e+03,1.471410896579252059e+00
7.721795712101146819e+03,1.471410896579252059e+00
7.721313582241918994e+03,1.471411015430956093e+00
7.720831452382690259e+03,1.471411015430956093e+00
7.720349322523461524e+03,1.471411015430956093e+00
7.719867192664233698e+03,1.471411015430956093e+00
7.719385062805004964e+03,1.471411015430956093e+00
7.718902932945777138e+03,1.471411015430956093e+00
7.718420803086548403e+03,1.471411134282659905e+00
7.717938673227319669e+03,1.471411134282659905e+00
7.717456543368091843e+03,1.471411134282659905e+00
7.716974413508863108e+03,1.471411015430956093e+00
7.716492283649635283e+03,1.471410896579252059e+00
7.716010153790406548e+03,1.471410896579252059e+00
7.715528023931178723e+03,1.471410776241901752e+00
7.715045894071949988e+03,1.471410776241901752e+00
7.714563764212721253e+03,1.471410776241901752e+00
7.714081634353493428e+03,1.471410657390197718e+00
7.713599504494264693e+03,1.471410657390197718e+00
7.713117374635036867e+03,1.471410657390197718e+00
7.712635244775808133e+03,1.471410657390197718e+00
7.712153114916579398e+03,1.471410657390197718e+00
7.711670985057351572e+03,1.471410538538493684e+00
7.711188855198122837e+03,1.471410538538493684e+00
7.710706725338895012e+03,1.471410538538493684e+00
7.710224595479666277e+03,1.471410538538493684e+00
7.709742465620437542e+03,1.471410538538493684e+00
7.709260335761209717e+03,1.471410419686789650e+00
7.708778205901980982e+03,1.471410419686789650e+00
7.708296076042753157e+03,1.471410299349439343e+00
7.707813946183524422e+03,1.471410180497735309e+00
7.707331816324295687e+03,1.471410180497735309e+00
7.706849686465067862e+03,1.471410180497735309e+00
7.706367556605839127e+03,1.471410061646031497e+00
7.705885426746611301e+03,1.471410061646031497e+00
7.705403296887382567e+03,1.471410061646031497e+00
7.704921167028154741e+03,1.471410061646031497e+00
7.704439037168926006e+03,1.471410061646031497e+00
7.703956907309697272e+03,1.471410061646031497e+00
7.703474777450469446e+03,1.471410061646031497e+00
7.702992647591240711e+03,1.471410061646031497e+00
7.702510517732012886e+03,1.471410061646031497e+00
7.702028387872784151e+03,1.471409942794327463e+00
7.701546258013555416e+03,1.471409822456977157e+00
7.701064128154327591e+03,1.471409822456977157e+00
7.700581998295098856e+03,1.471409822456977157e+00
7.700099868435871031e+03,1.471409822456977157e+00
7.699617738576642296e+03,1.471409703605273123e+00
7.699135608717413561e+03,1.471409703605273123e+00
7.698653478858185736e+03,1.471409822456977157e+00
7.698171348998957001e+03,1.471409822456977157e+00
7.697689219139729175e+03,1.471409703605273123e+00
7.697207089280500441e+03,1.471409584753569089e+00
7.696724959421271706e+03,1.471409465901865055e+00
7.696242829562043880e+03,1.471409465901865055e+00
7.695760699702815145e+03,1.471409584753569089e+00
7.695278569843587320e+03,1.471409584753569089e+00
7.694796439984358585e+03,1.471409584753569089e+00
7.694314310125130760e+03,1.471409584753569089e+00
7.693832180265902025e+03,1.471409584753569089e+00
7.693350050406673290e+03,1.471409584753569089e+00
7.692867920547445465e+03,1.471409465901865055e+00
7.692385790688216730e+03,1.471409465901865055e+00
7.691903660828988905e+03,1.471409345564514748e+00
7.691421530969760170e+03,1.471409345564514748e+00
7.690939401110531435e+03,1.471409345564514748e+00
7.690457271251303609e+03,1.471409345564514748e+00
7.689975141392074875e+03,1.471409226712810714e+00
7.689493011532847049e+03,1.471409226712810714e+00
7.689010881673618314e+03,1.471409226712810714e+00
7.688528751814389580e+03,1.471409107861106902e+00
7.688046621955161754e+03,1.471409107861106902e+00
7.687564492095933019e+03,1.471409107861106902e+00
7.687082362236705194e+03,1.471409107861106902e+00
7.686600232377476459e+03,1.471409107861106902e+00
7.686118102518247724e+03,1.471409107861106902e+00
7.685635972659019899e+03,1.471409107861106902e+00
7.685153842799791164e+03,1.471408989009402868e+00
7.684671712940563339e+03,1.471408989009402868e+00
7.684189583081334604e+03,1.471408989009402868e+00
7.683707453222106778e+03,1.471408868672052561e+00
7.683225323362878044e+03,1.471408868672052561e+00
7.682743193503649309e+03,1.471408749820348527e+00
7.682261063644421483e+03,1.471408630968644493e+00
7.681778933785192748e+03,1.471408630968644493e+00
7.681296803925964923e+03,1.471408630968644493e+00
7.680814674066736188e+03,1.471408630968644493e+00
7.680332544207507453e+03,1.471408512116940459e+00
7.679850414348279628e+03,1.471408512116940459e+00
7.679368284489050893e+03,1.471408512116940459e+00
7.678886154629823068e+03,1.471408512116940459e+00
7.678404024770594333e+03,1.471408512116940459e+00
7.677921894911365598e+03,1.471408512116940459e+00
7.677439765052137773e+03,1.471408512116940459e+00
7.676957635192909038e+03,1.471408512116940459e+00
7.676475505333681213e+03,1.471408391779590152e+00
7.675993375474452478e+03,1.471408272927886118e+00
7.675511245615223743e+03,1.471408154076182084e+00
7.675029115755995917e+03,1.471408035224478272e+00
7.674546985896767183e+03,1.471408035224478272e+00
7.674064856037539357e+03,1.471408154076182084e+00
7.673582726178310622e+03,1.471408154076182084e+00
7.673100596319082797e+03,1.471408154076182084e+00
7.672618466459854062e+03,1.471408154076182084e+00
7.672136336600625327e+03,1.471408035224478272e+00
7.671654206741397502e+03,1.471407916372774238e+00
7.671172076882168767e+03,1.471407796035423932e+00
7.670689947022940942e+03,1.471407796035423932e+00
7.670207817163712207e+03,1.471407796035423932e+00
7.669725687304483472e+03,1.471407916372774238e+00
7.669243557445255647e+03,1.471407916372774238e+00
7.668761427586026912e+03,1.471407916372774238e+00
7.668279297726799086e+03,1.471407796035423932e+00
7.667797167867570352e+03,1.471407677183719898e+00
7.667315038008341617e+03,1.471407677183719898e+00
7.666832908149113791e+03,1.471407796035423932e+00
7.666350778289885056e+03,1.471407796035423932e+00
7.665868648430657231e+03,1.471407677183719898e+00
7.665386518571428496e+03,1.471407558332015864e+00
7.664904388712199761e+03,1.471407439480311830e+00
7.664422258852971936e+03,1.471407439480311830e+00
7.663940128993743201e+03,1.471407439480311830e+00
7.663457999134515376e+03,1.471407439480311830e+00
7.662975869275286641e+03,1.471407439480311830e+00
7.662493739416058816e+03,1.471407439480311830e+00
7.662011609556830081e+03,1.471407319142961523e+00
7.661529479697601346e+03,1.471407319142961523e+00
7.661047349838373520e+03,1.471407319142961523e+00
7.660565219979144786e+03,1.471407200291257489e+00
7.660083090119916960e+03,1.471407200291257489e+00
7.659600960260688225e+03,1.471407081439553677e+00
7.659118830401459491e+03,1.471407081439553677e+00
7.658636700542231665e+03,1.471407081439553677e+00
7.658154570683002930e+03,1.471406962587849643e+00
7.657672440823775105e+03,1.471407081439553677e+00
7.657190310964546370e+03,1.471407081439553677e+00
7.656708181105317635e+03,1.471407081439553677e+00
7.656226051246089810e+03,1.471407081439553677e+00
7.655743921386861075e+03,1.471406962587849643e+00
7.655261791527633250e+03,1.471406962587849643e+00
7.654779661668404515e+03,1.471406842250499336e+00
7.654297531809175780e+03,1.471406842250499336e+00
7.653815401949947955e+03,1.471406723398795302e+00
7.653333272090719220e+03,1.471406723398795302e+00
7.652851142231491394e+03,1.471406723398795302e+00
7.652369012372262659e+03,1.471406723398795302e+00
7.651886882513034834e+03,1.471406723398795302e+00
7.651404752653806099e+03,1.471406723398795302e+00
7.650922622794577364e+03,1.471406723398795302e+00
7.650440492935349539e+03,1.471406604547091268e+00
7.649958363076120804e+03,1.471406604547091268e+00
7.649476233216892979e+03,1.471406604547091268e+00
7.648994103357664244e+03,1.471406604547091268e+00
7.648511973498435509e+03,1.471406604547091268e+00
7.648029843639207684e+03,1.471406485695387234e+00
7.647547713779978949e+03,1.471406485695387234e+00
7.647065583920751124e+03,1.471406485695387234e+00
7.646583454061522389e+03,1.471406604547091268e+00
7.646101324202293654e+03,1.471406604547091268e+00
7.645619194343065828e+03,1.471406485695387234e+00
7.645137064483837094e+03,1.471406365358036927e+00
7.644654934624609268e+03,1.471406365358036927e+00
7.644172804765380533e+03,1.471406365358036927e+00
7.643690674906151798e+03,1.471406365358036927e+00
7.643208545046923973e+03,1.471406365358036927e+00
7.642726415187695238e+03,1.471406246506332893e+00
7.642244285328467413e+03,1.471406246506332893e+00
7.641762155469238678e+03,1.471406127654629081e+00
7.641280025610010853e+03,1.471406127654629081e+00
7.640797895750782118e+03,1.471406008802925047e+00
7.640315765891553383e+03,1.471406008802925047e+00
7.639833636032325558e+03,1.471405888465574741e+00
7.639351506173096823e+03,1.471405888465574741e+00
7.638869376313868997e+03,1.471405888465574741e+00
7.638387246454640263e+03,1.471405888465574741e+00
7.637905116595411528e+03,1.471405888465574741e+00
7.637422986736183702e+03,1.471405888465574741e+00
7.636940856876954967e+03,1.471405888465574741e+00
7.636458727017727142e+03,1.471405769613870707e+00
7.635976597158498407e+03,1.471405769613870707e+00
7.635494467299269672e+03,1.471405769613870707e+00
7.635012337440041847e+03,1.471405888465574741e+00
7.634530207580813112e+03,1.471405888465574741e+00
7.634048077721585287e+03,1.471405769613870707e+00
7.633565947862356552e+03,1.471405769613870707e+00
7.633083818003127817e+03,1.471405769613870707e+00
7.632601688143899992e+03,1.471405769613870707e+00
7.632119558284671257e+03,1.471405650762166673e+00
7.631637428425443431e+03,1.471405531910462638e+00
7.631155298566214697e+03,1.471405411573112332e+00
7.630673168706985962e+03,1.471405411573112332e+00
7.630191038847758136e+03,1.471405531910462638e+00
7.629708908988529402e+03,1.471405531910462638e+00
7.629226779129301576e+03,1.471405531910462638e+00
7.628744649270072841e+03,1.471405531910462638e+00
7.628262519410845016e+03,1.471405411573112332e+00
7.627780389551616281e+03,1.471405292721408298e+00
7.627298259692387546e+03,1.471405292721408298e+00
7.626816129833159721e+03,1.471405292721408298e+00
7.626333999973930986e+03,1.471405292721408298e+00
7.625851870114703161e+03,1.471405292721408298e+00
7.625369740255474426e+03,1.471405173869704486e+00
7.624887610396245691e+03,1.471405173869704486e+00
7.624405480537017866e+03,1.471405173869704486e+00
7.623923350677789131e+03,1.471405055018000452e+00
7.623441220818561305e+03,1.471405055018000452e+00
7.622959090959332570e+03,1.471404936166296418e+00
7.622476961100103836e+03,1.471404815828946111e+00
7.621994831240876010e+03,1.471404815828946111e+00
7.621512701381647275e+03,1.471404815828946111e+00
7.621030571522419450e+03,1.471404815828946111e+00
7.620548441663190715e+03,1.471404815828946111e+00
7.620066311803962890e+03,1.471404815828946111e+00
7.619584181944734155e+03,1.471404815828946111e+00
7.619102052085505420e+03,1.471404815828946111e+00
7.618619922226277595e+03,1.471404815828946111e+00
7.618137792367048860e+03,1.471404815828946111e+00
7.617655662507821035e+03,1.471404696977242077e+00
7.617173532648592300e+03,1.471404696977242077e+00
7.616691402789363565e+03,1.471404578125538043e+00
7.616209272930135739e+03,1.471404578125538043e+00
7.615727143070907005e+03,1.471404459273834009e+00
7.615245013211679179e+03,1.471404578125538043e+00
7.614762883352450444e+03,1.471404578125538043e+00
7.614280753493221710e+03,1.471404459273834009e+00
7.613798623633993884e+03,1.471404338936483702e+00
7.613316493774765149e+03,1.471404220084779890e+00
7.612834363915537324e+03,1.471404220084779890e+00
7.612352234056308589e+03,1.471404220084779890e+00
7.611870104197079854e+03,1.471404338936483702e+00
7.611387974337852029e+03,1.471404338936483702e+00
7.610905844478623294e+03,1.471404220084779890e+00
7.610423714619395469e+03,1.471404101233075856e+00
7.609941584760166734e+03,1.471404101233075856e+00
7.609459454900937999e+03,1.471404101233075856e+00
7.608977325041710174e+03,1.471403982381371822e+00
7.608495195182481439e+03,1.471403862044021515e+00
7.608013065323253613e+03,1.471403862044021515e+00
7.607530935464024878e+03,1.471403862044021515e+00
7.607048805604797053e+03,1.471403862044021515e+00
7.606566675745568318e+03,1.471403982381371822e+00
7.606084545886339583e+03,1.471403982381371822e+00
7.605602416027111758e+03,1.471403982381371822e+00
7.605120286167883023e+03,1.471403862044021515e+00
7.604638156308655198e+03,1.471403743192317481e+00
7.604156026449426463e+03,1.471403743192317481e+00
7.603673896590197728e+03,1.471403862044021515e+00
7.603191766730969903e+03,1.471403862044021515e+00
7.602709636871741168e+03,1.471403743192317481e+00
7.602227507012513342e+03,1.471403624340613447e+00
7.601745377153284608e+03,1.471403505488909413e+00
7.601263247294055873e+03,1.471403505488909413e+00
7.600781117434828047e+03,1.471403505488909413e+00
7.600298987575599313e+03,1.471403505488909413e+00
7.599816857716371487e+03,1.471403385151559107e+00
7.599334727857142752e+03,1.471403385151559107e+00
7.598852597997914927e+03,1.471403385151559107e+00
7.598370468138686192e+03,1.471403505488909413e+00
7.597888338279457457e+03,1.471403505488909413e+00
7.597406208420229632e+03,1.471403385151559107e+00
7.596924078561000897e+03,1.471403266299855295e+00
7.596441948701773072e+03,1.471403147448151261e+00
7.595959818842544337e+03,1.471403147448151261e+00
7.595477688983315602e+03,1.471403147448151261e+00
7.594995559124087777e+03,1.471403147448151261e+00
7.594513429264859042e+03,1.471403028596447227e+00
7.594031299405631216e+03,1.471403028596447227e+00
7.593549169546402482e+03,1.471402908259096920e+00
7.593067039687173747e+03,1.471402789407392886e+00
7.592584909827945921e+03,1.471402789407392886e+00
7.592102779968717186e+03,1.471402789407392886e+00
7.591620650109489361e+03,1.471402789407392886e+00
7.591138520250260626e+03,1.471402670555688852e+00
7.590656390391031891e+03,1.471402670555688852e+00
7.590174260531804066e+03,1.471402789407392886e+00
7.589692130672575331e+03,1.471402789407392886e+00
7.589210000813347506e+03,1.471402789407392886e+00
7.588727870954118771e+03,1.471402789407392886e+00
7.588245741094890036e+03,1.471402670555688852e+00
7.587763611235662211e+03,1.471402551703984818e+00
7.587281481376433476e+03,1.471402551703984818e+00
7.586799351517205650e+03,1.471402551703984818e+00
7.586317221657976916e+03,1.471402431366634511e+00
7.585835091798749090e+03,1.471402431366634511e+00
7.585352961939520355e+03,1.471402312514930699e+00
7.584870832080291621e+03,1.471402193663226665e+00
7.584388702221063795e+03,1.471402193663226665e+00
7.583906572361835060e+03,1.471402193663226665e+00
7.583424442502607235e+03,1.471402193663226665e+00
7.582942312643378500e+03,1.471402193663226665e+00
7.582460182784149765e+03,1.471402193663226665e+00
7.581978052924921940e+03,1.471402193663226665e+00
7.581495923065693205e+03,1.471402193663226665e+00
7.581013793206465380e+03,1.471402193663226665e+00
7.580531663347236645e+03,1.471402193663226665e+00
7.580049533488007910e+03,1.471402074811522631e+00
7.579567403628780085e+03,1.471402074811522631e+00
7.579085273769551350e+03,1.471401954474172324e+00
7.578603143910323524e+03,1.471401835622468290e+00
7.578121014051094789e+03,1.471401835622468290e+00
7.577638884191866964e+03,1.471401835622468290e+00
7.577156754332638229e+03,1.471401954474172324e+00
7.576674624473409494e+03,1.471401954474172324e+00
7.576192494614181669e+03,1.471401835622468290e+00
7.575710364754952934e+03,1.471401835622468290e+00
7.575228234895725109e+03,1.471401716770764256e+00
7.574746105036496374e+03,1.471401716770764256e+00
7.574263975177267639e+03,1.471401716770764256e+00
7.573781845318039814e+03,1.471401597919060222e+00
7.573299715458811079e+03,1.471401597919060222e+00
7.572817585599583253e+03,1.471401597919060222e+00
7.572335455740354519e+03,1.471401597919060222e+00
7.571853325881125784e+03,1.471401597919060222e+00
7.571371196021897958e+03,1.471401479067356188e+00
7.570889066162669224e+03,1.471401358730005882e+00
7.570406936303441398e+03,1.471401239878302070e+00
7.569924806444212663e+03,1.471401239878302070e+00
7.569442676584983928e+03,1.471401239878302070e+00
7.568960546725756103e+03,1.471401239878302070e+00
7.568478416866527368e+03,1.471401121026598036e+00
7.567996287007299543e+03,1.471401121026598036e+00
7.567514157148070808e+03,1.471401002174894002e+00
7.567032027288842073e+03,1.471401002174894002e+00
7.566549897429614248e+03,1.471401002174894002e+00
7.566067767570385513e+03,1.471401002174894002e+00
7.565585637711157688e+03,1.471400881837543695e+00
7.565103507851928953e+03,1.471400881837543695e+00
7.564621377992701127e+03,1.471400762985839661e+00
7.564139248133472393e+03,1.471400762985839661e+00
7.563657118274243658e+03,1.471400762985839661e+00
7.563174988415015832e+03,1.471400762985839661e+00
7.562692858555787097e+03,1.471400762985839661e+00
7.562210728696559272e+03,1.471400644134135627e+00
7.561728598837330537e+03,1.471400644134135627e+00
7.561246468978101802e+03,1.471400525282431593e+00
7.560764339118873977e+03,1.471400404945081286e+00
7.560282209259645242e+03,1.471400404945081286e+00
7.559800079400417417e+03,1.471400286093377474e+00
7.559317949541188682e+03,1.471400286093377474e+00
7.558835819681959947e+03,1.471400286093377474e+00
7.558353689822732122e+03,1.471400286093377474e+00
7.557871559963503387e+03,1.471400286093377474e+00
7.557389430104275561e+03,1.471400286093377474e+00
7.556907300245046827e+03,1.471400286093377474e+00
7.556425170385819001e+03,1.471400286093377474e+00
7.555943040526590266e+03,1.471400167241673440e+00
7.555460910667361532e+03,1.471400167241673440e+00
7.554978780808133706e+03,1.471400048389969406e+00
7.554496650948904971e+03,1.471399928052619099e+00
7.554014521089677146e+03,1.471399809200915065e+00
7.553532391230448411e+03,1.471399809200915065e+00
7.553050261371219676e+03,1.471399809200915065e+00
7.552568131511991851e+03,1.471399809200915065e+00
7.552086001652763116e+03,1.471399809200915065e+00
7.551603871793535291e+03,1.471399690349211031e+00
7.551121741934306556e+03,1.471399690349211031e+00
7.550639612075077821e+03,1.471399571497506997e+00
7.550157482215849996e+03,1.471399571497506997e+00
7.549675352356621261e+03,1.471399571497506997e+00
7.549193222497393435e+03,1.471399690349211031e+00
7.548711092638164700e+03,1.471399571497506997e+00
7.548228962778935966e+03,1.471399451160156691e+00
7.547746832919708140e+03,1.471399332308452879e+00
7.547264703060479405e+03,1.471399213456748845e+00
7.546782573201251580e+03,1.471399213456748845e+00
7.546300443342022845e+03,1.471399213456748845e+00
7.545818313482794110e+03,1.471399213456748845e+00
7.545336183623566285e+03,1.471399094605044811e+00
7.544854053764337550e+03,1.471399094605044811e+00
7.544371923905109725e+03,1.471398974267694504e+00
7.543889794045880990e+03,1.471398974267694504e+00
7.543407664186653165e+03,1.471398974267694504e+00
7.542925534327424430e+03,1.471398855415990470e+00
7.542443404468195695e+03,1.471398736564286436e+00
7.541961274608967869e+03,1.471398617712582402e+00
7.541479144749739135e+03,1.471398617712582402e+00
7.540997014890511309e+03,1.471398617712582402e+00
7.540514885031282574e+03,1.471398617712582402e+00
7.540032755172053839e+03,1.471398617712582402e+00
7.539550625312826014e+03,1.471398498860878590e+00
7.539068495453597279e+03,1.471398498860878590e+00
7.538586365594369454e+03,1.471398378523528283e+00
7.538104235735140719e+03,1.471398259671824249e+00
7.537622105875911984e+03,1.471398259671824249e+00
7.537139976016684159e+03,1.471398140820120215e+00
7.536657846157455424e+03,1.471398021968416181e+00
7.536175716298227599e+03,1.471398021968416181e+00
7.535693586438998864e+03,1.471398021968416181e+00
7.535211456579771038e+03,1.471398021968416181e+00
7.534729326720542304e+03,1.471397901631065874e+00
7.534247196861313569e+03,1.471397901631065874e+00
7.533765067002085743e+03,1.471397782779361840e+00
7.533282937142857008e+03,1.471397782779361840e+00
7.532800807283629183e+03,1.471397782779361840e+00
7.532318677424400448e+03,1.471397782779361840e+00
7.531836547565171713e+03,1.471397782779361840e+00
7.531354417705943888e+03,1.471397663927657806e+00
7.530872287846715153e+03,1.471397545075953994e+00
7.530390157987487328e+03,1.471397545075953994e+00
7.529908028128258593e+03,1.471397424738603688e+00
7.529425898269029858e+03,1.471397424738603688e+00
7.528943768409802033e+03,1.471397424738603688e+00
7.528461638550573298e+03,1.471397305886899654e+00
7.527979508691345472e+03,1.471397187035195619e+00
7.527497378832116738e+03,1.471397187035195619e+00
7.527015248972888003e+03,1.471397187035195619e+00
7.526533119113660177e+03,1.471397068183491585e+00
7.526050989254431443e+03,1.471397068183491585e+00
7.525568859395203617e+03,1.471396947846141279e+00
7.525086729535974882e+03,1.471396828994437245e+00
7.524604599676746147e+03,1.471396710142733211e+00
7.524122469817518322e+03,1.471396710142733211e+00
7.523640339958289587e+03,1.471396710142733211e+00
7.523158210099061762e+03,1.471396710142733211e+00
7.522676080239833027e+03,1.471396591291029399e+00
7.522193950380605202e+03,1.471396591291029399e+00
7.521711820521376467e+03,1.471396591291029399e+00
7.521229690662147732e+03,1.471396470953679092e+00
7.520747560802919907e+03,1.471396470953679092e+00
7.520265430943691172e+03,1.471396352101975058e+00
7.519783301084463346e+03,1.471396352101975058e+00
7.519301171225234611e+03,1.471396233250271024e+00
7.518819041366005877e+03,1.471396233250271024e+00
7.518336911506778051e+03,1.471396114398566990e+00
7.517854781647549316e+03,1.471396114398566990e+00
7.517372651788321491e+03,1.471395994061216683e+00
7.516890521929092756e+03,1.471395994061216683e+00
7.516408392069864021e+03,1.471395875209512649e+00
7.515926262210636196e+03,1.471395875209512649e+00
7.515444132351407461e+03,1.471395875209512649e+00
7.514962002492179636e+03,1.471395875209512649e+00
7.514479872632950901e+03,1.471395756357808615e+00
7.513997742773723076e+03,1.471395637506104803e+00
7.513515612914494341e+03,1.471395518654400769e+00
7.513033483055265606e+03,1.471395518654400769e+00
7.512551353196037780e+03,1.471395518654400769e+00
7.512069223336809046e+03,1.471395518654400769e+00
7.511587093477581220e+03,1.471395518654400769e+00
7.511104963618352485e+03,1.471395398317050462e+00
7.510622833759123750e+03,1.471395279465346428e+00
7.510140703899895925e+03,1.471395279465346428e+00
7.509658574040667190e+03,1.471395279465346428e+00
7.509176444181439365e+03,1.471395279465346428e+00
7.508694314322210630e+03,1.471395160613642394e+00
7.508212184462981895e+03,1.471395041761938360e+00
7.507730054603754070e+03,1.471394921424588054e+00
7.507247924744525335e+03,1.471394921424588054e+00
7.506765794885297510e+03,1.471394921424588054e+00
7.506283665026068775e+03,1.471394802572884020e+00
7.505801535166840040e+03,1.471394802572884020e+00
7.505319405307612215e+03,1.471394683721179986e+00
7.504837275448383480e+03,1.471394564869476174e+00
7.504355145589155654e+03,1.471394444532125867e+00
7.503873015729926919e+03,1.471394444532125867e+00
7.503390885870698185e+03,1.471394444532125867e+00
7.502908756011470359e+03,1.471394444532125867e+00
7.502426626152241624e+03,1.471394444532125867e+00
7.501944496293013799e+03,1.471394444532125867e+00
7.501462366433785064e+03,1.471394325680421833e+00
7.500980236574557239e+03,1.471394325680421833e+00
7.500498106715328504e+03,1.471394206828717799e+00
7.500015976856099769e+03,1.471394206828717799e+00
7.499533846996871944e+03,1.471394087977013765e+00
7.499051717137643209e+03,1.471394087977013765e+00
7.498569587278415383e+03,1.471393967639663458e+00
7.498087457419186649e+03,1.471393967639663458e+00
7.497605327559957914e+03,1.471393848787959424e+00
7.497123197700730088e+03,1.471393729936255390e+00
7.496641067841501354e+03,1.471393729936255390e+00
7.496158937982273528e+03,1.471393611084551578e+00
7.495676808123044793e+03,1.471393729936255390e+00
7.495194678263816058e+03,1.471393729936255390e+00
7.494712548404588233e+03,1.471393729936255390e+00
7.494230418545359498e+03,1.471393611084551578e+00
7.493748288686131673e+03,1.471393490747201271e+00
7.493266158826902938e+03,1.471393371895497237e+00
7.492784028967675113e+03,1.471393371895497237e+00
7.492301899108446378e+03,1.471393253043793203e+00
7.491819769249217643e+03,1.471393371895497237e+00
7.491337639389989818e+03,1.471393371895497237e+00
7.490855509530761083e+03,1.471393253043793203e+00
7.490373379671533257e+03,1.471393134192089169e+00
7.489891249812304522e+03,1.471393134192089169e+00
7.489409119953075788e+03,1.471393134192089169e+00
7.488926990093847962e+03,1.471393134192089169e+00
7.488444860234619227e+03,1.471393013854738863e+00
7.487962730375391402e+03,1.471392895003034829e+00
7.487480600516162667e+03,1.471392776151330795e+00
7.486998470656933932e+03,1.471392657299626983e+00
7.486516340797706107e+03,1.471392657299626983e+00
7.486034210938477372e+03,1.471392776151330795e+00
7.485552081079249547e+03,1.471392657299626983e+00
7.485069951220020812e+03,1.471392536962276676e+00
7.484587821360792077e+03,1.471392536962276676e+00
7.484105691501564252e+03,1.471392418110572642e+00
7.483623561642335517e+03,1.471392418110572642e+00
7.483141431783107691e+03,1.471392418110572642e+00
7.482659301923878957e+03,1.471392418110572642e+00
7.482177172064650222e+03,1.471392299258868608e+00
7.481695042205422396e+03,1.471392299258868608e+00
7.481212912346193662e+03,1.471392299258868608e+00
7.480730782486965836e+03,1.471392180407164574e+00
7.480248652627737101e+03,1.471392180407164574e+00
7.479766522768508366e+03,1.471392061555460540e+00
7.479284392909280541e+03,1.471391941218110233e+00
7.478802263050051806e+03,1.471391941218110233e+00
7.478320133190823981e+03,1.471391941218110233e+00
7.477838003331595246e+03,1.471391941218110233e+00
7.477355873472367421e+03,1.471391941218110233e+00
7.476873743613138686e+03,1.471391941218110233e+00
7.476391613753909951e+03,1.471391822366406199e+00
7.475909483894682126e+03,1.471391703514702387e+00
7.475427354035453391e+03,1.471391703514702387e+00
7.474945224176225565e+03,1.471391703514702387e+00
7.474463094316996830e+03,1.471391703514702387e+00
7.473980964457768096e+03,1.471391584662998353e+00
7.473498834598540270e+03,1.471391464325648046e+00
7.473016704739311535e+03,1.471391464325648046e+00
7.472534574880083710e+03,1.471391464325648046e+00
7.472052445020854975e+03,1.471391464325648046e+00
7.471570315161627150e+03,1.471391345473944012e+00
7.471088185302398415e+03,1.471391226622239978e+00
7.470606055443169680e+03,1.471391107770535944e+00
7.470123925583941855e+03,1.471390987433185638e+00
7.469641795724713120e+03,1.471390987433185638e+00
7.469159665865485294e+03,1.471390987433185638e+00
7.468677536006256560e+03,1.471390987433185638e+00
7.468195406147027825e+03,1.471390868581481604e+00
7.467713276287799999e+03,1.471390868581481604e+00
7.467231146428571265e+03,1.471390868581481604e+00
7.466749016569343439e+03,1.471390749729777792e+00
7.466266886710114704e+03,1.471390749729777792e+00
7.465784756850885969e+03,1.471390630878073758e+00
7.465302626991658144e+03,1.471390391689019417e+00
7.464820497132429409e+03,1.471390391689019417e+00
7.464338367273201584e+03,1.471390272837315383e+00
7.463856237413972849e+03,1.471390272837315383e+00
7.463374107554744114e+03,1.471390153985611349e+00
7.462891977695516289e+03,1.471390153985611349e+00
7.462409847836287554e+03,1.471390033648261042e+00
7.461927717977059729e+03,1.471390033648261042e+00
7.461445588117830994e+03,1.471390033648261042e+00
7.460963458258602259e+03,1.471389914796557008e+00
7.460481328399374434e+03,1.471389914796557008e+00
7.459999198540145699e+03,1.471389914796557008e+00
7.459517068680917873e+03,1.471389795944853196e+00
7.459034938821689138e+03,1.471389677093149162e+00
7.458552808962460404e+03,1.471389556755798855e+00
7.458070679103232578e+03,1.471389556755798855e+00
7.457588549244003843e+03,1.471389556755798855e+00
7.457106419384776018e+03,1.471389437904094821e+00
7.456624289525547283e+03,1.471389437904094821e+00
7.456142159666319458e+03,1.471389437904094821e+00
7.455660029807090723e+03,1.471389437904094821e+00
7.455177899947861988e+03,1.471389437904094821e+00
7.454695770088634163e+03,1.471389319052390787e+00
7.454213640229405428e+03,1.471389200200686753e+00
7.453731510370177602e+03,1.471389200200686753e+00
7.453249380510948868e+03,1.471389081348982719e+00
7.452767250651720133e+03,1.471388961011632412e+00
7.452285120792492307e+03,1.471388961011632412e+00
7.451802990933263573e+03,1.471388842159928600e+00
7.451320861074035747e+03,1.471388842159928600e+00
7.450838731214807012e+03,1.471388723308224566e+00
7.450356601355579187e+03,1.471388604456520532e+00
7.449874471496350452e+03,1.471388604456520532e+00
7.449392341637121717e+03,1.471388604456520532e+00
7.448910211777893892e+03,1.471388604456520532e+00
7.448428081918665157e+03,1.471388484119170226e+00
7.447945952059437332e+03,1.471388365267466192e+00
7.447463822200208597e+03,1.471388246415762158e+00
7.446981692340979862e+03,1.471388246415762158e+00
7.446499562481752037e+03,1.471388127564058124e+00
7.446017432622523302e+03,1.471388007226707817e+00
7.445535302763295476e+03,1.471387888375003783e+00
7.445053172904066741e+03,1.471387769523299971e+00
7.444571043044838007e+03,1.471387650671595937e+00
7.444088913185610181e+03,1.471387650671595937e+00
7.443606783326381446e+03,1.471387769523299971e+00
7.443124653467153621e+03,1.471387769523299971e+00
7.442642523607924886e+03,1.471387650671595937e+00
7.442160393748696151e+03,1.471387530334245630e+00
7.441678263889468326e+03,1.471387411482541596e+00
7.441196134030239591e+03,1.471387292630837562e+00
7.440714004171011766e+03,1.471387292630837562e+00
7.440231874311783031e+03,1.471387173779133528e+00
7.439749744452554296e+03,1.471387053441783221e+00
7.439267614593326471e+03,1.471386934590079187e+00
7.438785484734097736e+03,1.471386815738375375e+00
7.438303354874869910e+03,1.471386815738375375e+00
7.437821225015641176e+03,1.471386815738375375e+00
7.437339095156412441e+03,1.471386696886671341e+00
7.436856965297184615e+03,1.471386696886671341e+00
7.436374835437955880e+03,1.471386576549321035e+00
7.435892705578728055e+03,1.471386576549321035e+00
7.435410575719499320e+03,1.471386576549321035e+00
7.434928445860271495e+03,1.471386457697617001e+00
7.434446316001042760e+03,1.471386338845912967e+00
7.433964186141814025e+03,1.471386219994208933e+00
7.433482056282586200e+03,1.471386099656858626e+00
7.432999926423357465e+03,1.471386099656858626e+00
7.432517796564129640e+03,1.471385980805154592e+00
7.432035666704900905e+03,1.471385861953450780e+00
7.431553536845672170e+03,1.471385743101746746e+00
7.431071406986444345e+03,1.471385743101746746e+00
7.430589277127215610e+03,1.471385624250042712e+00
7.430107147267987784e+03,1.471385624250042712e+00
7.429625017408759049e+03,1.471385503912692405e+00
7.429142887549531224e+03,1.471385503912692405e+00
7.428660757690302489e+03,1.471385503912692405e+00
7.428178627831073754e+03,1.471385385060988371e+00
7.427696497971845929e+03,1.471385266209284337e+00
7.427214368112617194e+03,1.471385147357580303e+00
7.426732238253389369e+03,1.471385147357580303e+00
7.426250108394160634e+03,1.471385147357580303e+00
7.425767978534931899e+03,1.471385147357580303e+00
7.425285848675704074e+03,1.471385027020229996e+00
7.424803718816475339e+03,1.471384908168526184e+00
7.424321588957247513e+03,1.471384789316822150e+00
7.423839459098018779e+03,1.471384670465118116e+00
7.423357329238790044e+03,1.471384670465118116e+00
7.422875199379562218e+03,1.471384550127767810e+00
7.422393069520333484e+03,1.471384431276063776e+00
7.421910939661105658e+03,1.471384312424359742e+00
7.421428809801876923e+03,1.471384312424359742e+00
7.420946679942648188e+03,1.471384193572655708e+00
7.420464550083420363e+03,1.471384193572655708e+00
7.419982420224191628e+03,1.471384073235305401e+00
7.419500290364963803e+03,1.471383954383601589e+00
7.419018160505735068e+03,1.471383716680193521e+00
7.418536030646506333e+03,1.471383716680193521e+00
7.418053900787278508e+03,1.471383596342843214e+00
7.417571770928049773e+03,1.471383596342843214e+00
7.417089641068821948e+03,1.471383596342843214e+00
7.416607511209593213e+03,1.471383596342843214e+00
7.416125381350364478e+03,1.471383596342843214e+00
7.415643251491136652e+03,1.471383477491139180e+00
7.415161121631907918e+03,1.471383477491139180e+00
7.414678991772680092e+03,1.471383358639435146e+00
7.414196861913451357e+03,1.471383358639435146e+00
7.413714732054223532e+03,1.471383239787731112e+00
7.413232602194994797e+03,1.471383239787731112e+00
7.412750472335766062e+03,1.471383119450380805e+00
7.412268342476538237e+03,1.471383119450380805e+00
7.411786212617309502e+03,1.471383119450380805e+00
7.411304082758081677e+03,1.471383119450380805e+00
7.410821952898852942e+03,1.471383000598676993e+00
7.410339823039624207e+03,1.471382881746972959e+00
7.409857693180396382e+03,1.471382762895268925e+00
7.409375563321167647e+03,1.471382762895268925e+00
7.408893433461939821e+03,1.471382762895268925e+00
7.408411303602711087e+03,1.471382644043564891e+00
7.407929173743483261e+03,1.471382644043564891e+00
7.407447043884254526e+03,1.471382523706214585e+00
7.406964914025025791e+03,1.471382523706214585e+00
7.406482784165797966e+03,1.471382404854510551e+00
7.406000654306569231e+03,1.471382404854510551e+00
7.405518524447341406e+03,1.471382404854510551e+00
7.405036394588112671e+03,1.471382286002806516e+00
7.404554264728883936e+03,1.471382167151102482e+00
7.404072134869656111e+03,1.471382167151102482e+00
7.403590005010427376e+03,1.471382167151102482e+00
7.403107875151199551e+03,1.471382046813752398e+00
7.402625745291970816e+03,1.471381927962048364e+00
7.402143615432742081e+03,1.471381809110344330e+00
7.401661485573514256e+03,1.471381690258640296e+00
7.401179355714285521e+03,1.471381569921289989e+00
7.400697225855057695e+03,1.471381569921289989e+00
7.400215095995828960e+03,1.471381569921289989e+00
7.399732966136600226e+03,1.471381569921289989e+00
7.399250836277372400e+03,1.471381569921289989e+00
7.398768706418143665e+03,1.471381569921289989e+00
7.398286576558915840e+03,1.471381451069585955e+00
7.397804446699687105e+03,1.471381451069585955e+00
7.397322316840458370e+03,1.471381451069585955e+00
7.396840186981230545e+03,1.471381332217881921e+00
7.396358057122001810e+03,1.471381213366177887e+00
7.395875927262773985e+03,1.471381213366177887e+00
7.395393797403545250e+03,1.471381213366177887e+00
7.394911667544316515e+03,1.471381093028827802e+00
7.394429537685088690e+03,1.471381093028827802e+00
7.393947407825859955e+03,1.471380974177123768e+00
7.393465277966632129e+03,1.471380855325419734e+00
7.392983148107403395e+03,1.471380855325419734e+00
7.392501018248175569e+03,1.471380855325419734e+00
7.392018888388946834e+03,1.471380855325419734e+00
7.391536758529718099e+03,1.471380855325419734e+00
7.391054628670490274e+03,1.471380736473715700e+00
7.390572498811261539e+03,1.471380616136365393e+00
7.390090368952033714e+03,1.471380616136365393e+00
7.389608239092804979e+03,1.471380616136365393e+00
7.389126109233576244e+03,1.471380616136365393e+00
7.388643979374348419e+03,1.471380616136365393e+00
7.388161849515119684e+03,1.471380497284661359e+00
7.387679719655891859e+03,1.471380378432957325e+00
7.387197589796663124e+03,1.471380378432957325e+00
7.386715459937434389e+03,1.471380378432957325e+00
7.386233330078206563e+03,1.471380378432957325e+00
7.385751200218977829e+03,1.471380378432957325e+00
7.385269070359750003e+03,1.471380259581253291e+00
7.384786940500521268e+03,1.471380259581253291e+00
7.384304810641293443e+03,1.471380259581253291e+00
7.383822680782064708e+03,1.471380259581253291e+00
7.383340550922835973e+03,1.471380259581253291e+00
7.382858421063608148e+03,1.471380259581253291e+00
7.382376291204379413e+03,1.471380259581253291e+00
7.381894161345151588e+03,1.471380139243902985e+00
7.381412031485922853e+03,1.471380139243902985e+00
7.380929901626694118e+03,1.471380139243902985e+00
7.380447771767466293e+03,1.471380020392199173e+00
7.379965641908237558e+03,1.471380020392199173e+00
7.379483512049009732e+03,1.471379901540495139e+00
7.379001382189780998e+03,1.471379782688791105e+00
7.378519252330552263e+03,1.471379782688791105e+00
7.378037122471324437e+03,1.471379782688791105e+00
7.377554992612095702e+03,1.471379662351440798e+00
7.377072862752867877e+03,1.471379662351440798e+00
7.376590732893639142e+03,1.471379662351440798e+00
7.376108603034410407e+03,1.471379543499736764e+00
7.375626473175182582e+03,1.471379543499736764e+00
7.375144343315953847e+03,1.471379543499736764e+00
7.374662213456726022e+03,1.471379543499736764e+00
7.374180083597497287e+03,1.471379543499736764e+00
7.373697953738268552e+03,1.471379543499736764e+00
7.373215823879040727e+03,1.471379424648032730e+00
7.372733694019811992e+03,1.471379424648032730e+00
7.372251564160584167e+03,1.471379424648032730e+00
7.371769434301355432e+03,1.471379424648032730e+00
7.371287304442127606e+03,1.471379424648032730e+00
7.370805174582898871e+03,1.471379305796328696e+00
7.370323044723670137e+03,1.471379305796328696e+00
7.369840914864442311e+03,1.471379305796328696e+00
7.369358785005213576e+03,1.471379305796328696e+00
7.368876655145985751e+03,1.471379305796328696e+00
7.368394525286757016e+03,1.471379305796328696e+00
7.367912395427528281e+03,1.471379305796328696e+00
7.367430265568300456e+03,1.471379186944624884e+00
7.366948135709071721e+03,1.471379186944624884e+00
7.366466005849843896e+03,1.471379066607274577e+00
7.365983875990615161e+03,1.471379066607274577e+00
7.365501746131386426e+03,1.471379066607274577e+00
7.365019616272158601e+03,1.471379066607274577e+00
7.364537486412929866e+03,1.471379066607274577e+00
7.364055356553702040e+03,1.471378947755570543e+00
7.363573226694473306e+03,1.471378828903866509e+00
7.363091096835245480e+03,1.471378828903866509e+00
7.362608966976016745e+03,1.471378710052162475e+00
7.362126837116788010e+03,1.471378710052162475e+00
7.361644707257560185e+03,1.471378828903866509e+00
7.361162577398331450e+03,1.471378828903866509e+00
7.360680447539103625e+03,1.471378828903866509e+00
7.360198317679874890e+03,1.471378828903866509e+00
7.359716187820646155e+03,1.471378828903866509e+00
7.359234057961418330e+03,1.471378710052162475e+00
7.358751928102189595e+03,1.471378710052162475e+00
7.358269798242961770e+03,1.471378589714812168e+00
7.357787668383733035e+03,1.471378589714812168e+00
7.357305538524504300e+03,1.471378589714812168e+00
7.356823408665276474e+03,1.471378470863108134e+00
7.356341278806047740e+03,1.471378470863108134e+00
7.355859148946819914e+03,1.471378352011404100e+00
7.355377019087591179e+03,1.471378352011404100e+00
7.354894889228362445e+03,1.471378233159700288e+00
7.354412759369134619e+03,1.471378233159700288e+00
7.353930629509905884e+03,1.471378233159700288e+00
7.353448499650678059e+03,1.471378233159700288e+00
7.352966369791449324e+03,1.471378233159700288e+00
7.352484239932220589e+03,1.471378233159700288e+00
7.352002110072992764e+03,1.471378233159700288e+00
7.351519980213764029e+03,1.471378112822349982e+00
7.351037850354536204e+03,1.471377993970645948e+00
7.350555720495307469e+03,1.471377875118941914e+00
7.350073590636079643e+03,1.471377875118941914e+00
7.349591460776850909e+03,1.471377875118941914e+00
7.349109330917622174e+03,1.471377875118941914e+00
7.348627201058394348e+03,1.471377875118941914e+00
7.348145071199165614e+03,1.471377756267237880e+00
7.347662941339937788e+03,1.471377635929887573e+00
7.347180811480709053e+03,1.471377635929887573e+00
7.346698681621480318e+03,1.471377635929887573e+00
7.346216551762252493e+03,1.471377635929887573e+00
7.345734421903023758e+03,1.471377517078183539e+00
7.345252292043795933e+03,1.471377517078183539e+00
7.344770162184567198e+03,1.471377517078183539e+00
7.344288032325338463e+03,1.471377398226479505e+00
7.343805902466110638e+03,1.471377279374775693e+00
7.343323772606881903e+03,1.471377159037425386e+00
7.342841642747654078e+03,1.471377040185721352e+00
7.342359512888425343e+03,1.471377040185721352e+00
7.341877383029197517e+03,1.471376921334017318e+00
7.341395253169968782e+03,1.471376921334017318e+00
7.340913123310740048e+03,1.471376921334017318e+00
7.340430993451512222e+03,1.471376921334017318e+00
7.339948863592283487e+03,1.471376802482313284e+00
7.339466733733055662e+03,1.471376682144962977e+00
7.338984603873826927e+03,1.471376563293258943e+00
7.338502474014598192e+03,1.471376444441554909e+00
7.338020344155370367e+03,1.471376325589851097e+00
7.337538214296141632e+03,1.471376206738147063e+00
7.337056084436913807e+03,1.471376086400796757e+00
7.336573954577685072e+03,1.471375967549092723e+00
7.336091824718456337e+03,1.471375967549092723e+00
7.335609694859228512e+03,1.471375967549092723e+00
7.335127564999999777e+03,1.471375848697388689e+00
7.334645435140771951e+03,1.471375848697388689e+00
7.334163305281543217e+03,1.471375729845684655e+00
7.333681175422314482e+03,1.471375609508334348e+00
7.333199045563086656e+03,1.471375609508334348e+00
7.332716915703857921e+03,1.471375490656630314e+00
7.332234785844630096e+03,1.471375490656630314e+00
7.331752655985401361e+03,1.471375490656630314e+00
7.331270526126172626e+03,1.471375371804926502e+00
7.330788396266944801e+03,1.471375252953222468e+00
7.330306266407716066e+03,1.471375132615872161e+00
7.329824136548488241e+03,1.471375132615872161e+00
7.329342006689259506e+03,1.471375132615872161e+00
7.328859876830031681e+03,1.471375132615872161e+00
7.328377746970802946e+03,1.471375013764168127e+00
7.327895617111574211e+03,1.471374894912464093e+00
7.327413487252346386e+03,1.471374776060760059e+00
7.326931357393117651e+03,1.471374655723409752e+00
7.326449227533889825e+03,1.471374536871705718e+00
7.325967097674661090e+03,1.471374536871705718e+00
7.325484967815432356e+03,1.471374418020001684e+00
7.325002837956204530e+03,1.471374299168297872e+00
7.324520708096975795e+03,1.471374299168297872e+00
7.324038578237747970e+03,1.471374299168297872e+00
7.323556448378519235e+03,1.471374178830947566e+00
7.323074318519290500e+03,1.471374178830947566e+00
7.322592188660062675e+03,1.471374059979243532e+00
7.322110058800833940e+03,1.471373941127539497e+00
7.321627928941606115e+03,1.471373941127539497e+00
7.321145799082377380e+03,1.471373941127539497e+00
7.320663669223149554e+03,1.471373822275835463e+00
7.320181539363920820e+03,1.471373701938485157e+00
7.319699409504692085e+03,1.471373701938485157e+00
7.319217279645464259e+03,1.471373583086781123e+00
7.318735149786235525e+03,1.471373464235077089e+00
7.318253019927007699e+03,1.471373345383373277e+00
7.317770890067778964e+03,1.471373345383373277e+00
7.317288760208550229e+03,1.471373225046022970e+00
7.316806630349322404e+03,1.471373225046022970e+00
7.316324500490093669e+03,1.471373225046022970e+00
7.315842370630865844e+03,1.471373225046022970e+00
7.315360240771637109e+03,1.471373225046022970e+00
7.314878110912408374e+03,1.471373225046022970e+00
7.314395981053180549e+03,1.471373106194318936e+00
7.313913851193951814e+03,1.471372987342614902e+00
7.313431721334723989e+03,1.471372868490910868e+00
7.312949591475495254e+03,1.471372868490910868e+00
7.312467461616266519e+03,1.471372749639206834e+00
7.311985331757038693e+03,1.471372868490910868e+00
7.311503201897809959e+03,1.471372868490910868e+00
7.311021072038582133e+03,1.471372749639206834e+00
7.310538942179353398e+03,1.471372749639206834e+00
7.310056812320124664e+03,1.471372629301856527e+00
7.309574682460896838e+03,1.471372629301856527e+00
7.309092552601668103e+03,1.471372629301856527e+00
7.308610422742440278e+03,1.471372629301856527e+00
7.308128292883211543e+03,1.471372510450152493e+00
7.307646163023983718e+03,1.471372510450152493e+00
7.307164033164754983e+03,1.471372391598448681e+00
7.306681903305526248e+03,1.471372391598448681e+00
7.306199773446298423e+03,1.471372391598448681e+00
7.305717643587069688e+03,1.471372391598448681e+00
7.305235513727841862e+03,1.471372391598448681e+00
7.304753383868613128e+03,1.471372272746744647e+00
7.304271254009384393e+03,1.471372272746744647e+00
7.303789124150156567e+03,1.471372152409394340e+00
7.303306994290927832e+03,1.471372033557690306e+00
7.302824864431700007e+03,1.471372033557690306e+00
7.302342734572471272e+03,1.471371914705986272e+00
7.301860604713242537e+03,1.471371914705986272e+00
7.301378474854014712e+03,1.471371914705986272e+00
7.300896344994785977e+03,1.471371914705986272e+00
7.300414215135558152e+03,1.471371914705986272e+00
7.299932085276329417e+03,1.471371914705986272e+00
7.299449955417101592e+03,1.471371914705986272e+00
7.298967825557872857e+03,1.471371914705986272e+00
7.298485695698644122e+03,1.471371914705986272e+00
7.298003565839416297e+03,1.471371914705986272e+00
7.297521435980187562e+03,1.471371914705986272e+00
7.297039306120959736e+03,1.471371795854282238e+00
7.296557176261731001e+03,1.471371795854282238e+00
7.296075046402502267e+03,1.471371795854282238e+00
7.295592916543274441e+03,1.471371795854282238e+00
7.295110786684045706e+03,1.471371795854282238e+00
7.294628656824817881e+03,1.471371795854282238e+00
7.294146526965589146e+03,1.471371795854282238e+00
7.293664397106360411e+03,1.471371675516931932e+00
7.293182267247132586e+03,1.471371675516931932e+00
7.292700137387903851e+03,1.471371556665227898e+00
7.292218007528676026e+03,1.471371556665227898e+00
7.291735877669447291e+03,1.471371556665227898e+00
7.291253747810218556e+03,1.471371556665227898e+00
7.290771617950990731e+03,1.471371437813524086e+00
7.290289488091761996e+03,1.471371437813524086e+00
7.289807358232534170e+03,1.471371318961820052e+00
7.289325228373305436e+03,1.471371318961820052e+00
7.288843098514076701e+03,1.471371318961820052e+00
7.288360968654848875e+03,1.471371437813524086e+00
7.287878838795620140e+03,1.471371437813524086e+00
7.287396708936392315e+03,1.471371437813524086e+00
7.286914579077163580e+03,1.471371437813524086e+00
7.286432449217935755e+03,1.471371437813524086e+00
7.285950319358707020e+03,1.471371437813524086e+00
7.285468189499478285e+03,1.471371437813524086e+00
7.284986059640250460e+03,1.471371318961820052e+00
7.284503929781021725e+03,1.471371318961820052e+00
7.284021799921793900e+03,1.471371198624469745e+00
7.283539670062565165e+03,1.471371198624469745e+00
7.283057540203336430e+03,1.471371198624469745e+00
7.282575410344108604e+03,1.471371198624469745e+00
7.282093280484879870e+03,1.471371198624469745e+00
7.281611150625652044e+03,1.471371079772765711e+00
7.281129020766423309e+03,1.471371079772765711e+00
7.280646890907195484e+03,1.471371079772765711e+00
7.280164761047966749e+03,1.471371079772765711e+00
7.279682631188738014e+03,1.471371079772765711e+00
7.279200501329510189e+03,1.471370960921061677e+00
7.278718371470281454e+03,1.471370960921061677e+00
7.278236241611053629e+03,1.471370960921061677e+00
7.277754111751824894e+03,1.471370842069357643e+00
7.277271981892596159e+03,1.471370842069357643e+00
7.276789852033368334e+03,1.471370721732007336e+00
7.276307722174139599e+03,1.471370721732007336e+00
7.275825592314911773e+03,1.471370721732007336e+00
7.275343462455683039e+03,1.471370842069357643e+00
7.274861332596454304e+03,1.471370842069357643e+00
7.274379202737226478e+03,1.471370842069357643e+00
7.273897072877997743e+03,1.471370842069357643e+00
7.273414943018769918e+03,1.471370721732007336e+00
7.272932813159541183e+03,1.471370721732007336e+00
7.272450683300312448e+03,1.471370602880303302e+00
7.271968553441084623e+03,1.471370721732007336e+00
7.271486423581855888e+03,1.471370721732007336e+00
7.271004293722628063e+03,1.471370602880303302e+00
7.270522163863399328e+03,1.471370602880303302e+00
7.270040034004170593e+03,1.471370484028599490e+00
7.269557904144942768e+03,1.471370365176895456e+00
7.269075774285714033e+03,1.471370365176895456e+00
7.268593644426486208e+03,1.471370365176895456e+00
7.268111514567257473e+03,1.471370484028599490e+00
7.267629384708028738e+03,1.471370484028599490e+00
7.267147254848800912e+03,1.471370484028599490e+00
7.266665124989572178e+03,1.471370484028599490e+00
7.266182995130344352e+03,1.471370484028599490e+00
7.265700865271115617e+03,1.471370484028599490e+00
7.265218735411886883e+03,1.471370365176895456e+00
7.264736605552659057e+03,1.471370365176895456e+00
7.264254475693430322e+03,1.471370365176895456e+00
7.263772345834202497e+03,1.471370244839545149e+00
7.263290215974973762e+03,1.471370244839545149e+00
7.262808086115745937e+03,1.471370244839545149e+00
7.262325956256517202e+03,1.471370244839545149e+00
7.261843826397288467e+03,1.471370244839545149e+00
7.261361696538060642e+03,1.471370365176895456e+00
7.260879566678831907e+03,1.471370365176895456e+00
7.260397436819604081e+03,1.471370365176895456e+00
7.259915306960375347e+03,1.471370484028599490e+00
7.259433177101147521e+03,1.471370484028599490e+00
7.258951047241918786e+03,1.471370484028599490e+00
7.258468917382690051e+03,1.471370484028599490e+00
7.257986787523462226e+03,1.471370365176895456e+00
7.257504657664233491e+03,1.471370365176895456e+00
7.257022527805005666e+03,1.471370365176895456e+00
7.256540397945776931e+03,1.471370244839545149e+00
7.256058268086548196e+03,1.471370244839545149e+00
7.255576138227320371e+03,1.471370244839545149e+00
7.255094008368091636e+03,1.471370244839545149e+00
7.254611878508863811e+03,1.471370365176895456e+00
7.254129748649635076e+03,1.471370365176895456e+00
7.253647618790406341e+03,1.471370484028599490e+00
7.253165488931178515e+03,1.471370484028599490e+00
7.252683359071949781e+03,1.471370484028599490e+00
7.252201229212721955e+03,1.471370484028599490e+00
7.251719099353493220e+03,1.471370484028599490e+00
7.251236969494264486e+03,1.471370602880303302e+00
7.250754839635036660e+03,1.471370484028599490e+00
7.250272709775807925e+03,1.471370484028599490e+00
7.249790579916580100e+03,1.471370484028599490e+00
7.249308450057351365e+03,1.471370484028599490e+00
7.248826320198122630e+03,1.471370484028599490e+00
7.248344190338894805e+03,1.471370484028599490e+00
7.247862060479666070e+03,1.471370484028599490e+00
7.247379930620438245e+03,1.471370484028599490e+00
7.246897800761209510e+03,1.471370484028599490e+00
7.246415670901980775e+03,1.471370484028599490e+00
7.245933541042752950e+03,1.471370484028599490e+00
7.245451411183524215e+03,1.471370484028599490e+00
7.244969281324296389e+03,1.471370365176895456e+00
7.244487151465067654e+03,1.471370365176895456e+00
7.244005021605838920e+03,1.471370365176895456e+00
7.243522891746611094e+03,1.471370244839545149e+00
7.243040761887382359e+03,1.471370244839545149e+00
7.242558632028154534e+03,1.471370244839545149e+00
7.242076502168925799e+03,1.471370244839545149e+00
7.241594372309697974e+03,1.471370244839545149e+00
7.241112242450469239e+03,1.471370244839545149e+00
7.240630112591240504e+03,1.471370244839545149e+00
7.240147982732012679e+03,1.471370244839545149e+00
7.239665852872783944e+03,1.471370244839545149e+00
7.239183723013556119e+03,1.471370244839545149e+00
7.238701593154327384e+03,1.471370125987841115e+00
7.238219463295098649e+03,1.471370125987841115e+00
7.237737333435870823e+03,1.471370007136137081e+00
7.237255203576642089e+03,1.471369888284433047e+00
7.236773073717414263e+03,1.471369888284433047e+00
7.236290943858185528e+03,1.471369769432729013e+00
7.235808813998957703e+03,1.471369769432729013e+00
7.235326684139728968e+03,1.471369769432729013e+00
7.234844554280500233e+03,1.471369649095378707e+00
7.234362424421272408e+03,1.471369649095378707e+00
7.233880294562043673e+03,1.471369649095378707e+00
7.233398164702815848e+03,1.471369530243674895e+00
7.232916034843587113e+03,1.471369411391970861e+00
7.232433904984358378e+03,1.471369411391970861e+00
7.231951775125130553e+03,1.471369292540266827e+00
7.231469645265901818e+03,1.471369292540266827e+00
7.230987515406673992e+03,1.471369292540266827e+00
7.230505385547445258e+03,1.471369292540266827e+00
7.230023255688216523e+03,1.471369172202916520e+00
7.229541125828988697e+03,1.471369172202916520e+00
7.229058995969759962e+03,1.471369053351212486e+00
7.228576866110532137e+03,1.471368934499508452e+00
7.228094736251303402e+03,1.471368934499508452e+00
7.227612606392074667e+03,1.471368815647804418e+00
7.227130476532846842e+03,1.471368695310454111e+00
7.226648346673618107e+03,1.471368695310454111e+00
7.226166216814390282e+03,1.471368576458750299e+00
7.225684086955161547e+03,1.471368576458750299e+00
7.225201957095932812e+03,1.471368457607046265e+00
7.224719827236704987e+03,1.471368218417991924e+00
7.224237697377476252e+03,1.471368099566287890e+00
7.223755567518248426e+03,1.471368099566287890e+00
7.223273437659019692e+03,1.471367980714583856e+00
7.222791307799790957e+03,1.471367980714583856e+00
7.222309177940563131e+03,1.471367861862879822e+00
7.221827048081334397e+03,1.471367861862879822e+00
7.221344918222106571e+03,1.471367741525529516e+00
7.220862788362877836e+03,1.471367622673825482e+00
7.220380658503650011e+03,1.471367503822121670e+00
7.219898528644421276e+03,1.471367384970417636e+00
7.219416398785192541e+03,1.471367384970417636e+00
7.218934268925964716e+03,1.471367264633067329e+00
7.218452139066735981e+03,1.471367264633067329e+00
7.217970009207508156e+03,1.471367264633067329e+00
7.217487879348279421e+03,1.471367264633067329e+00
7.217005749489050686e+03,1.471367145781363295e+00
7.216523619629822861e+03,1.471367145781363295e+00
7.216041489770594126e+03,1.471367026929659261e+00
7.215559359911366300e+03,1.471366908077955227e+00
7.215077230052137566e+03,1.471366908077955227e+00
7.214595100192909740e+03,1.471366908077955227e+00
7.214112970333681005e+03,1.471366787740604920e+00
7.213630840474452270e+03,1.471366787740604920e+00
7.213148710615224445e+03,1.471366668888900886e+00
7.212666580755995710e+03,1.471366668888900886e+00
7.212184450896767885e+03,1.471366787740604920e+00
7.211702321037539150e+03,1.471366787740604920e+00
7.211220191178310415e+03,1.471366787740604920e+00
7.210738061319082590e+03,1.471366668888900886e+00
7.210255931459853855e+03,1.471366550037197074e+00
7.209773801600626030e+03,1.471366431185493040e+00
7.209291671741397295e+03,1.471366431185493040e+00
7.208809541882168560e+03,1.471366431185493040e+00
7.208327412022940734e+03,1.471366312333789006e+00
7.207845282163712000e+03,1.471366312333789006e+00
7.207363152304484174e+03,1.471366312333789006e+00
7.206881022445255439e+03,1.471366312333789006e+00
7.206398892586026705e+03,1.471366312333789006e+00
7.205916762726798879e+03,1.471366312333789006e+00
7.205434632867570144e+03,1.471366191996438699e+00
7.204952503008342319e+03,1.471366191996438699e+00
7.204470373149113584e+03,1.471366191996438699e+00
7.203988243289884849e+03,1.471366073144734665e+00
7.203506113430657024e+03,1.471366073144734665e+00
7.203023983571428289e+03,1.471366073144734665e+00
7.202541853712200464e+03,1.471366073144734665e+00
7.202059723852971729e+03,1.471366073144734665e+00
7.201577593993742994e+03,1.471366073144734665e+00
7.201095464134515169e+03,1.471365954293030631e+00
7.200613334275286434e+03,1.471366073144734665e+00
7.200131204416058608e+03,1.471366073144734665e+00
7.199649074556829873e+03,1.471366191996438699e+00
7.199166944697602048e+03,1.471366191996438699e+00
7.198684814838373313e+03,1.471366191996438699e+00
7.198202684979144578e+03,1.471366312333789006e+00
7.197720555119916753e+03,1.471366312333789006e+00
7.197238425260688018e+03,1.471366191996438699e+00
7.196756295401460193e+03,1.471366191996438699e+00
7.196274165542231458e+03,1.471366073144734665e+00
7.195792035683002723e+03,1.471366073144734665e+00
7.195309905823774898e+03,1.471366073144734665e+00
7.194827775964546163e+03,1.471366073144734665e+00
7.194345646105318338e+03,1.471366073144734665e+00
7.193863516246089603e+03,1.471366073144734665e+00
7.193381386386861777e+03,1.471366191996438699e+00
7.192899256527633042e+03,1.471366191996438699e+00
7.192417126668404308e+03,1.471366191996438699e+00
7.191934996809176482e+03,1.471366191996438699e+00
7.191452866949947747e+03,1.471366312333789006e+00
7.190970737090719922e+03,1.471366312333789006e+00
7.190488607231491187e+03,1.471366191996438699e+00
7.190006477372262452e+03,1.471366191996438699e+00
7.189524347513034627e+03,1.471366312333789006e+00
7.189042217653805892e+03,1.471366312333789006e+00
7.188560087794578067e+03,1.471366431185493040e+00
7.188077957935349332e+03,1.471366431185493040e+00
7.187595828076120597e+03,1.471366431185493040e+00
7.187113698216892772e+03,1.471366550037197074e+00
7.186631568357664037e+03,1.471366550037197074e+00
7.186149438498436211e+03,1.471366550037197074e+00
7.185667308639207477e+03,1.471366550037197074e+00
7.185185178779978742e+03,1.471366550037197074e+00
7.184703048920750916e+03,1.471366550037197074e+00
7.184220919061522181e+03,1.471366550037197074e+00
7.183738789202294356e+03,1.471366550037197074e+00
7.183256659343065621e+03,1.471366550037197074e+00
7.182774529483836886e+03,1.471366550037197074e+00
7.182292399624609061e+03,1.471366431185493040e+00
7.181810269765380326e+03,1.471366431185493040e+00
7.181328139906152501e+03,1.471366431185493040e+00
7.180846010046923766e+03,1.471366431185493040e+00
7.180363880187695031e+03,1.471366431185493040e+00
7.179881750328467206e+03,1.471366550037197074e+00
7.179399620469238471e+03,1.471366550037197074e+00
7.178917490610010645e+03,1.471366668888900886e+00
7.178435360750781911e+03,1.471366550037197074e+00
7.177953230891553176e+03,1.471366550037197074e+00
7.177471101032325350e+03,1.471366550037197074e+00
7.176988971173096616e+03,1.471366550037197074e+00
7.176506841313868790e+03,1.471366431185493040e+00
7.176024711454640055e+03,1.471366431185493040e+00
7.175542581595412230e+03,1.471366431185493040e+00
7.175060451736183495e+03,1.471366431185493040e+00
7.174578321876954760e+03,1.471366431185493040e+00
7.174096192017726935e+03,1.471366431185493040e+00
7.173614062158498200e+03,1.471366431185493040e+00
7.173131932299270375e+03,1.471366431185493040e+00
7.172649802440041640e+03,1.471366312333789006e+00
7.172167672580813814e+03,1.471366312333789006e+00
7.171685542721585080e+03,1.471366312333789006e+00
7.171203412862356345e+03,1.471366431185493040e+00
7.170721283003128519e+03,1.471366431185493040e+00
7.170239153143899784e+03,1.471366431185493040e+00
7.169757023284671959e+03,1.471366312333789006e+00
7.169274893425443224e+03,1.471366312333789006e+00
7.168792763566214489e+03,1.471366191996438699e+00
7.168310633706986664e+03,1.471366073144734665e+00
7.167828503847757929e+03,1.471366073144734665e+00
7.167346373988530104e+03,1.471366073144734665e+00
7.166864244129301369e+03,1.471366073144734665e+00
7.166382114270072634e+03,1.471366073144734665e+00
7.165899984410844809e+03,1.471366073144734665e+00
7.165417854551616074e+03,1.471365954293030631e+00
7.164935724692388249e+03,1.471365954293030631e+00
7.164453594833159514e+03,1.471365835441326597e+00
7.163971464973930779e+03,1.471365715103976290e+00
7.163489335114702953e+03,1.471365596252272478e+00
7.163007205255474219e+03,1.471365596252272478e+00
7.162525075396246393e+03,1.471365596252272478e+00
7.162042945537017658e+03,1.471365596252272478e+00
7.161560815677788923e+03,1.471365596252272478e+00
7.161078685818561098e+03,1.471365477400568444e+00
7.160596555959332363e+03,1.471365477400568444e+00
7.160114426100104538e+03,1.471365477400568444e+00
7.159632296240875803e+03,1.471365477400568444e+00
7.159150166381647068e+03,1.471365477400568444e+00
7.158668036522419243e+03,1.471365477400568444e+00
7.158185906663190508e+03,1.471365477400568444e+00
7.157703776803962683e+03,1.471365477400568444e+00
7.157221646944733948e+03,1.471365358548864410e+00
7.156739517085505213e+03,1.471365358548864410e+00
7.156257387226277388e+03,1.471365238211514104e+00
7.155775257367048653e+03,1.471365119359810070e+00
7.155293127507820827e+03,1.471365119359810070e+00
7.154810997648592092e+03,1.471365119359810070e+00
7.154328867789364267e+03,1.471365000508106036e+00
7.153846737930135532e+03,1.471364881656402002e+00
7.153364608070906797e+03,1.471364881656402002e+00
7.152882478211678972e+03,1.471364761319051695e+00
7.152400348352450237e+03,1.471364761319051695e+00
7.151918218493222412e+03,1.471364761319051695e+00
7.151436088633993677e+03,1.471364761319051695e+00
7.150953958774765852e+03,1.471364761319051695e+00
7.150471828915537117e+03,1.471364642467347883e+00
7.149989699056308382e+03,1.471364523615643849e+00
7.149507569197080556e+03,1.471364523615643849e+00
7.149025439337851822e+03,1.471364404763939815e+00
7.148543309478623996e+03,1.471364404763939815e+00
7.148061179619395261e+03,1.471364284426589508e+00
7.147579049760166527e+03,1.471364284426589508e+00
7.147096919900938701e+03,1.471364284426589508e+00
7.146614790041709966e+03,1.471364165574885474e+00
7.146132660182482141e+03,1.471364165574885474e+00
7.145650530323253406e+03,1.471364165574885474e+00
7.145168400464024671e+03,1.471364046723181440e+00
7.144686270604796846e+03,1.471364046723181440e+00
7.144204140745568111e+03,1.471363927871477406e+00
7.143722010886340286e+03,1.471363807534127099e+00
7.143239881027111551e+03,1.471363688682423287e+00
7.142757751167882816e+03,1.471363569830719253e+00
7.142275621308654991e+03,1.471363450979015219e+00
7.141793491449426256e+03,1.471363332127311185e+00
7.141311361590198430e+03,1.471363211789960879e+00
7.140829231730969695e+03,1.471363211789960879e+00
7.140347101871740961e+03,1.471363211789960879e+00
7.139864972012513135e+03,1.471363211789960879e+00
7.139382842153284400e+03,1.471363211789960879e+00
7.138900712294056575e+03,1.471363211789960879e+00
7.138418582434827840e+03,1.471363092938256845e+00
7.137936452575599105e+03,1.471363092938256845e+00
7.137454322716371280e+03,1.471362855234848999e+00
7.136972192857142545e+03,1.471362855234848999e+00
7.136490062997914720e+03,1.471362734897498692e+00
7.136007933138685985e+03,1.471362734897498692e+00
7.135525803279457250e+03,1.471362616045794658e+00
7.135043673420229425e+03,1.471362616045794658e+00
7.134561543561000690e+03,1.471362616045794658e+00
7.134079413701772864e+03,1.471362616045794658e+00
7.133597283842544130e+03,1.471362497194090624e+00
7.133115153983316304e+03,1.471362497194090624e+00
7.132633024124087569e+03,1.471362378342386590e+00
7.132150894264858835e+03,1.471362378342386590e+00
7.131668764405631009e+03,1.471362258005036283e+00
7.131186634546402274e+03,1.471362258005036283e+00
7.130704504687174449e+03,1.471362139153332249e+00
7.130222374827945714e+03,1.471362020301628215e+00
7.129740244968717889e+03,1.471361901449924403e+00
7.129258115109489154e+03,1.471361901449924403e+00
7.128775985250260419e+03,1.471361781112574096e+00
7.128293855391032594e+03,1.471361781112574096e+00
7.127811725531803859e+03,1.471361662260870062e+00
7.127329595672576033e+03,1.471361662260870062e+00
7.126847465813347299e+03,1.471361543409166028e+00
7.126365335954118564e+03,1.471361543409166028e+00
7.125883206094890738e+03,1.471361543409166028e+00
7.125401076235662003e+03,1.471361543409166028e+00
7.124918946376434178e+03,1.471361543409166028e+00
7.124436816517205443e+03,1.471361543409166028e+00
7.123954686657976708e+03,1.471361424557461994e+00
7.123472556798748883e+03,1.471361424557461994e+00
7.122990426939520148e+03,1.471361424557461994e+00
7.122508297080292323e+03,1.471361304220111688e+00
7.122026167221063588e+03,1.471361185368407654e+00
7.121544037361834853e+03,1.471361066516703620e+00
7.121061907502607028e+03,1.471360947664999586e+00
7.120579777643378293e+03,1.471360947664999586e+00
7.120097647784150467e+03,1.471360947664999586e+00
7.119615517924921733e+03,1.471361066516703620e+00
7.119133388065692998e+03,1.471361066516703620e+00
7.118651258206465172e+03,1.471361066516703620e+00
7.118169128347236438e+03,1.471361066516703620e+00
7.117686998488008612e+03,1.471360947664999586e+00
7.117204868628779877e+03,1.471360947664999586e+00
7.116722738769551142e+03,1.471360827327649501e+00
7.116240608910323317e+03,1.471360827327649501e+00
7.115758479051094582e+03,1.471360708475945467e+00
7.115276349191866757e+03,1.471360708475945467e+00
7.114794219332638022e+03,1.471360589624241433e+00
7.114312089473409287e+03,1.471360589624241433e+00
7.113829959614181462e+03,1.471360589624241433e+00
7.113347829754952727e+03,1.471360470772537399e+00
7.112865699895724902e+03,1.471360470772537399e+00
7.112383570036496167e+03,1.471360470772537399e+00
7.111901440177268341e+03,1.471360470772537399e+00
7.111419310318039606e+03,1.471360470772537399e+00
7.110937180458810872e+03,1.471360470772537399e+00
7.110455050599583046e+03,1.471360470772537399e+00
7.109972920740354311e+03,1.471360470772537399e+00
7.109490790881126486e+03,1.471360350435187092e+00
7.109008661021897751e+03,1.471360231583483058e+00
7.108526531162669926e+03,1.471360231583483058e+00
7.108044401303441191e+03,1.471360112731779024e+00
7.107562271444212456e+03,1.471360112731779024e+00
7.107080141584984631e+03,1.471360112731779024e+00
7.106598011725755896e+03,1.471360112731779024e+00
7.106115881866528071e+03,1.471360112731779024e+00
7.105633752007299336e+03,1.471360231583483058e+00
7.105151622148070601e+03,1.471360231583483058e+00
7.104669492288842775e+03,1.471360231583483058e+00
7.104187362429614041e+03,1.471360112731779024e+00
7.103705232570386215e+03,1.471359993880074990e+00
7.103223102711157480e+03,1.471359993880074990e+00
7.102740972851928746e+03,1.471359993880074990e+00
7.102258842992700920e+03,1.471359993880074990e+00
7.101776713133472185e+03,1.471359993880074990e+00
7.101294583274244360e+03,1.471359993880074990e+00
7.100812453415015625e+03,1.471360112731779024e+00
7.100330323555786890e+03,1.471360112731779024e+00
7.099848193696559065e+03,1.471360112731779024e+00
7.099366063837330330e+03,1.471360112731779024e+00
7.098883933978102505e+03,1.471360112731779024e+00
7.098401804118873770e+03,1.471360231583483058e+00
7.097919674259645035e+03,1.471360231583483058e+00
7.097437544400417210e+03,1.471360350435187092e+00
7.096955414541188475e+03,1.471360350435187092e+00
7.096473284681960649e+03,1.471360350435187092e+00
7.095991154822731914e+03,1.471360231583483058e+00
7.095509024963503180e+03,1.471360231583483058e+00
7.095026895104275354e+03,1.471360231583483058e+00
7.094544765245046619e+03,1.471360112731779024e+00
7.094062635385818794e+03,1.471360112731779024e+00
7.093580505526590059e+03,1.471360112731779024e+00
7.093098375667361324e+03,1.471360112731779024e+00
7.092616245808133499e+03,1.471360112731779024e+00
7.092134115948904764e+03,1.471360112731779024e+00
7.091651986089676939e+03,1.471360112731779024e+00
7.091169856230448204e+03,1.471360112731779024e+00
7.090687726371220378e+03,1.471360231583483058e+00
7.090205596511991644e+03,1.471360231583483058e+00
7.089723466652762909e+03,1.471360231583483058e+00
7.089241336793535083e+03,1.471360231583483058e+00
7.088759206934306349e+03,1.471360231583483058e+00
7.088277077075078523e+03,1.471360112731779024e+00
7.087794947215849788e+03,1.471360112731779024e+00
7.087312817356621963e+03,1.471360112731779024e+00
7.086830687497393228e+03,1.471359993880074990e+00
7.086348557638164493e+03,1.471359993880074990e+00
7.085866427778936668e+03,1.471359993880074990e+00
7.085384297919707933e+03,1.471359993880074990e+00
7.084902168060480108e+03,1.471359993880074990e+00
7.084420038201251373e+03,1.471359875028371178e+00
7.083937908342022638e+03,1.471359875028371178e+00
7.083455778482794813e+03,1.471359875028371178e+00
7.082973648623566078e+03,1.471359875028371178e+00
7.082491518764338252e+03,1.471359875028371178e+00
7.082009388905109518e+03,1.471359875028371178e+00
7.081527259045880783e+03,1.471359875028371178e+00
7.081045129186652957e+03,1.471359875028371178e+00
7.080562999327424222e+03,1.471359875028371178e+00
7.080080869468196397e+03,1.471359875028371178e+00
7.079598739608967662e+03,1.471359875028371178e+00
7.079116609749738927e+03,1.471359754691020871e+00
7.078634479890511102e+03,1.471359754691020871e+00
7.078152350031282367e+03,1.471359875028371178e+00
7.077670220172054542e+03,1.471359875028371178e+00
7.077188090312825807e+03,1.471359993880074990e+00
7.076705960453597072e+03,1.471359875028371178e+00
7.076223830594369247e+03,1.471359875028371178e+00
7.075741700735140512e+03,1.471359754691020871e+00
7.075259570875912686e+03,1.471359754691020871e+00
7.074777441016683952e+03,1.471359754691020871e+00
7.074295311157455217e+03,1.471359754691020871e+00
7.073813181298227391e+03,1.471359754691020871e+00
7.073331051438998657e+03,1.471359754691020871e+00
7.072848921579770831e+03,1.471359754691020871e+00
7.072366791720542096e+03,1.471359635839316837e+00
7.071884661861313361e+03,1.471359635839316837e+00
7.071402532002085536e+03,1.471359635839316837e+00
7.070920402142856801e+03,1.471359516987612803e+00
7.070438272283628976e+03,1.471359516987612803e+00
7.069956142424400241e+03,1.471359398135908769e+00
7.069474012565172416e+03,1.471359398135908769e+00
7.068991882705943681e+03,1.471359277798558463e+00
7.068509752846714946e+03,1.471359158946854429e+00
7.068027622987487121e+03,1.471359040095150394e+00
7.067545493128258386e+03,1.471359040095150394e+00
7.067063363269030560e+03,1.471359040095150394e+00
7.066581233409801825e+03,1.471359040095150394e+00
7.066099103550574000e+03,1.471359040095150394e+00
7.065616973691345265e+03,1.471359040095150394e+00
7.065134843832116530e+03,1.471359040095150394e+00
7.064652713972888705e+03,1.471358921243446582e+00
7.064170584113659970e+03,1.471358921243446582e+00
7.063688454254432145e+03,1.471358800906096276e+00
7.063206324395203410e+03,1.471358682054392242e+00
7.062724194535974675e+03,1.471358682054392242e+00
7.062242064676746850e+03,1.471358682054392242e+00
7.061759934817518115e+03,1.471358563202688208e+00
7.061277804958290290e+03,1.471358444350984174e+00
7.060795675099061555e+03,1.471358324013633867e+00
7.060313545239832820e+03,1.471358324013633867e+00
7.059831415380604994e+03,1.471358205161929833e+00
7.059349285521376260e+03,1.471358205161929833e+00
7.058867155662148434e+03,1.471358205161929833e+00
7.058385025802919699e+03,1.471358205161929833e+00
7.057902895943690964e+03,1.471358086310225799e+00
7.057420766084463139e+03,1.471358086310225799e+00
7.056938636225234404e+03,1.471357967458521987e+00
7.056456506366006579e+03,1.471357847121171680e+00
7.055974376506777844e+03,1.471357847121171680e+00
7.055492246647549109e+03,1.471357728269467646e+00
7.055010116788321284e+03,1.471357609417763612e+00
7.054527986929092549e+03,1.471357609417763612e+00
7.054045857069864724e+03,1.471357490566059578e+00
7.053563727210635989e+03,1.471357370228709271e+00
7.053081597351407254e+03,1.471357251377005237e+00
7.052599467492179429e+03,1.471357251377005237e+00
7.052117337632950694e+03,1.471357132525301203e+00
7.051635207773722868e+03,1.471357132525301203e+00
7.051153077914494133e+03,1.471357013673597391e+00
7.050670948055265399e+03,1.471357013673597391e+00
7.050188818196037573e+03,1.471356894821893357e+00
7.049706688336808838e+03,1.471356774484543051e+00
7.049224558477581013e+03,1.471356655632839017e+00
7.048742428618352278e+03,1.471356536781134983e+00
7.048260298759124453e+03,1.471356417929430949e+00
7.047778168899895718e+03,1.471356297592080642e+00
7.047296039040666983e+03,1.471356297592080642e+00
7.046813909181439158e+03,1.471356178740376608e+00
7.046331779322210423e+03,1.471356178740376608e+00
7.045849649462982597e+03,1.471356178740376608e+00
7.045367519603753863e+03,1.471356059888672796e+00
7.044885389744526037e+03,1.471356059888672796e+00
7.044403259885297302e+03,1.471355941036968762e+00
7.043921130026068568e+03,1.471355941036968762e+00
7.043439000166840742e+03,1.471355820699618455e+00
7.042956870307612007e+03,1.471355701847914421e+00
7.042474740448384182e+03,1.471355701847914421e+00
7.041992610589155447e+03,1.471355582996210387e+00
7.041510480729926712e+03,1.471355464144506353e+00
7.041028350870698887e+03,1.471355343807156046e+00
7.040546221011470152e+03,1.471355224955452012e+00
7.040064091152242327e+03,1.471355106103748200e+00
7.039581961293013592e+03,1.471355106103748200e+00
7.039099831433784857e+03,1.471354987252044166e+00
7.038617701574557032e+03,1.471354987252044166e+00
7.038135571715328297e+03,1.471354987252044166e+00
7.037653441856100471e+03,1.471354987252044166e+00
7.037171311996871736e+03,1.471354987252044166e+00
7.036689182137643002e+03,1.471354866914693860e+00
7.036207052278415176e+03,1.471354748062989826e+00
7.035724922419186441e+03,1.471354629211285792e+00
7.035242792559958616e+03,1.471354510359581758e+00
7.034760662700729881e+03,1.471354390022231451e+00
7.034278532841501146e+03,1.471354271170527417e+00
7.033796402982273321e+03,1.471354271170527417e+00
7.033314273123044586e+03,1.471354152318823383e+00
7.032832143263816761e+03,1.471354033467119571e+00
7.032350013404588026e+03,1.471354033467119571e+00
7.031867883545359291e+03,1.471353913129769264e+00
7.031385753686131466e+03,1.471353913129769264e+00
7.030903623826902731e+03,1.471353794278065230e+00
7.030421493967674905e+03,1.471353794278065230e+00
7.029939364108446171e+03,1.471353675426361196e+00
7.029457234249217436e+03,1.471353556574657162e+00
7.028975104389989610e+03,1.471353556574657162e+00
7.028492974530760875e+03,1.471353437722953128e+00
7.028010844671533050e+03,1.471353317385602821e+00
7.027528714812304315e+03,1.471353079682194975e+00
7.027046584953076490e+03,1.471353079682194975e+00
7.026564455093847755e+03,1.471352960830490941e+00
7.026082325234619020e+03,1.471352960830490941e+00
7.025600195375391195e+03,1.471352960830490941e+00
7.025118065516162460e+03,1.471352960830490941e+00
7.024635935656934635e+03,1.471352840493140635e+00
7.024153805797705900e+03,1.471352721641436601e+00
7.023671675938478074e+03,1.471352721641436601e+00
7.023189546079249340e+03,1.471352602789732567e+00
7.022707416220020605e+03,1.471352483938028533e+00
7.022225286360792779e+03,1.471352483938028533e+00
7.021743156501564044e+03,1.471352363600678226e+00
7.021261026642336219e+03,1.471352244748974192e+00
7.020778896783107484e+03,1.471352125897270380e+00
7.020296766923878749e+03,1.471352125897270380e+00
7.019814637064650924e+03,1.471352125897270380e+00
7.019332507205422189e+03,1.471352007045566346e+00
7.018850377346194364e+03,1.471351886708216039e+00
7.018368247486965629e+03,1.471351886708216039e+00
7.017886117627736894e+03,1.471351767856512005e+00
7.017403987768509069e+03,1.471351767856512005e+00
7.016921857909280334e+03,1.471351767856512005e+00
7.016439728050052508e+03,1.471351649004807971e+00
7.015957598190823774e+03,1.471351649004807971e+00
7.015475468331595039e+03,1.471351530153103937e+00
7.014993338472367213e+03,1.471351530153103937e+00
7.014511208613138479e+03,1.471351409815753630e+00
7.014029078753910653e+03,1.471351409815753630e+00
7.013546948894681918e+03,1.471351290964049596e+00
7.013064819035453183e+03,1.471351172112345784e+00
7.012582689176225358e+03,1.471351053260641750e+00
7.012100559316996623e+03,1.471351053260641750e+00
7.011618429457768798e+03,1.471351053260641750e+00
7.011136299598540063e+03,1.471351053260641750e+00
7.010654169739311328e+03,1.471351053260641750e+00
7.010172039880083503e+03,1.471350932923291444e+00
7.009689910020854768e+03,1.471350932923291444e+00
7.009207780161626943e+03,1.471350932923291444e+00
7.008725650302398208e+03,1.471350814071587410e+00
7.008243520443169473e+03,1.471350814071587410e+00
7.007761390583941647e+03,1.471350814071587410e+00
7.007279260724712913e+03,1.471350695219883375e+00
7.006797130865485087e+03,1.471350576368179341e+00
7.006315001006256352e+03,1.471350457516475307e+00
7.005832871147028527e+03,1.471350457516475307e+00
7.005350741287799792e+03,1.471350457516475307e+00
7.004868611428571057e+03,1.471350457516475307e+00
7.004386481569343232e+03,1.471350337179125001e+00
7.003904351710114497e+03,1.471350337179125001e+00
7.003422221850886672e+03,1.471350337179125001e+00
7.002940091991657937e+03,1.471350337179125001e+00
7.002457962132429202e+03,1.471350337179125001e+00
7.001975832273201377e+03,1.471350337179125001e+00
7.001493702413972642e+03,1.471350337179125001e+00
7.001011572554744816e+03,1.471350218327421189e+00
7.000529442695516082e+03,1.471350218327421189e+00
7.000047312836288256e+03,1.471350218327421189e+00
6.999565182977059521e+03,1.471350218327421189e+00
6.999083053117830787e+03,1.471350218327421189e+00
6.998600923258602961e+03,1.471350218327421189e+00
6.998118793399374226e+03,1.471350099475717155e+00
6.997636663540146401e+03,1.471350218327421189e+00
6.997154533680917666e+03,1.471350218327421189e+00
6.996672403821688931e+03,1.471350218327421189e+00
6.996190273962461106e+03,1.471350218327421189e+00
6.995708144103232371e+03,1.471350218327421189e+00
6.995226014244004546e+03,1.471350099475717155e+00
6.994743884384775811e+03,1.471350099475717155e+00
6.994261754525547076e+03,1.471350099475717155e+00
6.993779624666319251e+03,1.471350099475717155e+00
6.993297494807090516e+03,1.471350099475717155e+00
6.992815364947862690e+03,1.471350099475717155e+00
6.992333235088633955e+03,1.471350099475717155e+00
6.991851105229405221e+03,1.471349980624013121e+00
6.991368975370177395e+03,1.471349980624013121e+00
6.990886845510948660e+03,1.471349980624013121e+00
6.990404715651720835e+03,1.471349980624013121e+00
6.989922585792492100e+03,1.471349980624013121e+00
6.989440455933263365e+03,1.471349980624013121e+00
6.988958326074035540e+03,1.471349980624013121e+00
6.988476196214806805e+03,1.471349860286662814e+00
6.987994066355578980e+03,1.471349860286662814e+00
6.987511936496350245e+03,1.471349741434958780e+00
6.987029806637121510e+03,1.471349741434958780e+00
6.986547676777893685e+03,1.471349741434958780e+00
6.986065546918664950e+03,1.471349741434958780e+00
6.985583417059437124e+03,1.471349741434958780e+00
6.985101287200208390e+03,1.471349741434958780e+00
6.984619157340980564e+03,1.471349741434958780e+00
6.984137027481751829e+03,1.471349741434958780e+00
6.983654897622523094e+03,1.471349741434958780e+00
6.983172767763295269e+03,1.471349741434958780e+00
6.982690637904066534e+03,1.471349741434958780e+00
6.982208508044838709e+03,1.471349741434958780e+00
6.981726378185609974e+03,1.471349622583254746e+00
6.981244248326381239e+03,1.471349503731550712e+00
6.980762118467153414e+03,1.471349383394200405e+00
6.980279988607924679e+03,1.471349383394200405e+00
6.979797858748696854e+03,1.471349383394200405e+00
6.979315728889468119e+03,1.471349383394200405e+00
6.978833599030240293e+03,1.471349264542496593e+00
6.978351469171011559e+03,1.471349264542496593e+00
6.977869339311782824e+03,1.471349145690792559e+00
6.977387209452554998e+03,1.471349145690792559e+00
6.976905079593326263e+03,1.471349145690792559e+00
6.976422949734098438e+03,1.471349026839088525e+00
6.975940819874869703e+03,1.471349026839088525e+00
6.975458690015640968e+03,1.471349026839088525e+00
6.974976560156413143e+03,1.471349026839088525e+00
6.974494430297184408e+03,1.471349026839088525e+00
6.974012300437956583e+03,1.471348906501738218e+00
6.973530170578727848e+03,1.471348787650034184e+00
6.973048040719499113e+03,1.471348787650034184e+00
6.972565910860271288e+03,1.471348668798330150e+00
6.972083781001042553e+03,1.471348668798330150e+00
6.971601651141814727e+03,1.471348668798330150e+00
6.971119521282585993e+03,1.471348668798330150e+00
6.970637391423357258e+03,1.471348668798330150e+00
6.970155261564129432e+03,1.471348668798330150e+00
6.969673131704900698e+03,1.471348549946626116e+00
6.969191001845672872e+03,1.471348549946626116e+00
6.968708871986444137e+03,1.471348549946626116e+00
6.968226742127215402e+03,1.471348429609275810e+00
6.967744612267987577e+03,1.471348429609275810e+00
6.967262482408758842e+03,1.471348310757571998e+00
6.966780352549531017e+03,1.471348310757571998e+00
6.966298222690302282e+03,1.471348191905867964e+00
6.965816092831073547e+03,1.471348073054163930e+00
6.965333962971845722e+03,1.471348073054163930e+00
6.964851833112616987e+03,1.471347952716813623e+00
6.964369703253389162e+03,1.471347952716813623e+00
6.963887573394160427e+03,1.471347833865109589e+00
6.963405443534932601e+03,1.471347833865109589e+00
6.962923313675703866e+03,1.471347833865109589e+00
6.962441183816475132e+03,1.471347715013405555e+00
6.961959053957247306e+03,1.471347596161701521e+00
6.961476924098018571e+03,1.471347477309997487e+00
6.960994794238790746e+03,1.471347356972647402e+00
6.960512664379562011e+03,1.471347356972647402e+00
6.960030534520333276e+03,1.471347356972647402e+00
6.959548404661105451e+03,1.471347356972647402e+00
6.959066274801876716e+03,1.471347238120943368e+00
6.958584144942648891e+03,1.471347119269239334e+00
6.958102015083420156e+03,1.471347119269239334e+00
6.957619885224192330e+03,1.471347119269239334e+00
6.957137755364963596e+03,1.471347119269239334e+00
6.956655625505734861e+03,1.471347000417535300e+00
6.956173495646507035e+03,1.471346880080184993e+00
6.955691365787278301e+03,1.471346761228480959e+00
6.955209235928050475e+03,1.471346761228480959e+00
6.954727106068821740e+03,1.471346761228480959e+00
6.954244976209593005e+03,1.471346761228480959e+00
6.953762846350365180e+03,1.471346761228480959e+00
6.953280716491136445e+03,1.471346642376776925e+00
6.952798586631908620e+03,1.471346523525072891e+00
6.952316456772679885e+03,1.471346403187722585e+00
6.951834326913451150e+03,1.471346403187722585e+00
6.951352197054223325e+03,1.471346284336018773e+00
6.950870067194994590e+03,1.471346284336018773e+00
6.950387937335766765e+03,1.471346165484314739e+00
6.949905807476538030e+03,1.471346165484314739e+00
6.949423677617309295e+03,1.471346046632610705e+00
6.948941547758081470e+03,1.471346046632610705e+00
6.948459417898852735e+03,1.471345926295260398e+00
6.947977288039624909e+03,1.471345926295260398e+00
6.947495158180396174e+03,1.471345807443556364e+00
6.947013028321167440e+03,1.471345688591852330e+00
6.946530898461939614e+03,1.471345569740148296e+00
6.946048768602710879e+03,1.471345449402797989e+00
6.945566638743483054e+03,1.471345449402797989e+00
6.945084508884254319e+03,1.471345449402797989e+00
6.944602379025025584e+03,1.471345449402797989e+00
6.944120249165797759e+03,1.471345449402797989e+00
6.943638119306569024e+03,1.471345330551094177e+00
6.943155989447341199e+03,1.471345330551094177e+00
6.942673859588112464e+03,1.471345211699390143e+00
6.942191729728883729e+03,1.471345092847686109e+00
6.941709599869655904e+03,1.471344972510335802e+00
6.941227470010427169e+03,1.471344972510335802e+00
6.940745340151199343e+03,1.471344853658631768e+00
6.940263210291970609e+03,1.471344853658631768e+00
6.939781080432742783e+03,1.471344734806927734e+00
6.939298950573514048e+03,1.471344734806927734e+00
6.938816820714285313e+03,1.471344615955223700e+00
6.938334690855057488e+03,1.471344495617873394e+00
6.937852560995828753e+03,1.471344495617873394e+00
6.937370431136600928e+03,1.471344495617873394e+00
6.936888301277372193e+03,1.471344376766169582e+00
6.936406171418144368e+03,1.471344376766169582e+00
6.935924041558915633e+03,1.471344376766169582e+00
6.935441911699686898e+03,1.471344376766169582e+00
6.934959781840459073e+03,1.471344376766169582e+00
6.934477651981230338e+03,1.471344257914465548e+00
6.933995522122002512e+03,1.471344139062761514e+00
6.933513392262773777e+03,1.471344020211057479e+00
6.933031262403545043e+03,1.471343899873707173e+00
6.932549132544317217e+03,1.471343781022003139e+00
6.932067002685088482e+03,1.471343781022003139e+00
6.931584872825860657e+03,1.471343781022003139e+00
6.931102742966631922e+03,1.471343781022003139e+00
6.930620613107403187e+03,1.471343781022003139e+00
6.930138483248175362e+03,1.471343662170299105e+00
6.929656353388946627e+03,1.471343662170299105e+00
6.929174223529718802e+03,1.471343662170299105e+00
6.928692093670490067e+03,1.471343662170299105e+00
6.928209963811261332e+03,1.471343543318595293e+00
6.927727833952033507e+03,1.471343543318595293e+00
6.927245704092804772e+03,1.471343422981244986e+00
6.926763574233576946e+03,1.471343304129540952e+00
6.926281444374348212e+03,1.471343304129540952e+00
6.925799314515119477e+03,1.471343304129540952e+00
6.925317184655891651e+03,1.471343304129540952e+00
6.924835054796662916e+03,1.471343304129540952e+00
6.924352924937435091e+03,1.471343185277836918e+00
6.923870795078206356e+03,1.471343185277836918e+00
6.923388665218977621e+03,1.471343185277836918e+00
6.922906535359749796e+03,1.471343304129540952e+00
6.922424405500521061e+03,1.471343304129540952e+00
6.921942275641293236e+03,1.471343304129540952e+00
6.921460145782064501e+03,1.471343185277836918e+00
6.920978015922835766e+03,1.471343185277836918e+00
6.920495886063607941e+03,1.471343066426132884e+00
6.920013756204379206e+03,1.471343066426132884e+00
6.919531626345151381e+03,1.471343066426132884e+00
6.919049496485922646e+03,1.471343066426132884e+00
6.918567366626694820e+03,1.471343066426132884e+00
6.918085236767466085e+03,1.471343066426132884e+00
6.917603106908237351e+03,1.471343066426132884e+00
6.917120977049009525e+03,1.471343066426132884e+00
6.916638847189780790e+03,1.471343066426132884e+00
6.916156717330552965e+03,1.471343066426132884e+00
6.915674587471324230e+03,1.471343066426132884e+00
6.915192457612096405e+03,1.471343066426132884e+00
6.914710327752867670e+03,1.471342946088782577e+00
6.914228197893638935e+03,1.471342946088782577e+00
6.913746068034411110e+03,1.471342946088782577e+00
6.913263938175182375e+03,1.471342946088782577e+00
6.912781808315954549e+03,1.471342827237078543e+00
6.912299678456725815e+03,1.471342708385374509e+00
6.911817548597497080e+03,1.471342708385374509e+00
6.911335418738269254e+03,1.471342708385374509e+00
6.910853288879040520e+03,1.471342708385374509e+00
6.910371159019812694e+03,1.471342708385374509e+00
6.909889029160583959e+03,1.471342708385374509e+00
6.909406899301355224e+03,1.471342589533670697e+00
6.908924769442127399e+03,1.471342589533670697e+00
6.908442639582898664e+03,1.471342589533670697e+00
6.907960509723670839e+03,1.471342589533670697e+00
6.907478379864442104e+03,1.471342469196320391e+00
6.906996250005213369e+03,1.471342350344616356e+00
6.906514120145985544e+03,1.471342350344616356e+00
6.906031990286756809e+03,1.471342231492912322e+00
6.905549860427528984e+03,1.471342231492912322e+00
6.905067730568300249e+03,1.471342231492912322e+00
6.904585600709071514e+03,1.471342112641208288e+00
6.904103470849843688e+03,1.471342112641208288e+00
6.903621340990614954e+03,1.471342112641208288e+00
6.903139211131387128e+03,1.471341992303857982e+00
6.902657081272158393e+03,1.471341992303857982e+00
6.902174951412929659e+03,1.471341992303857982e+00
6.901692821553701833e+03,1.471341992303857982e+00
6.901210691694473098e+03,1.471341873452153948e+00
6.900728561835245273e+03,1.471341754600449914e+00
6.900246431976016538e+03,1.471341635748746102e+00
6.899764302116787803e+03,1.471341635748746102e+00
6.899282172257559978e+03,1.471341635748746102e+00
6.898800042398331243e+03,1.471341515411395795e+00
6.898317912539103418e+03,1.471341396559691761e+00
6.897835782679874683e+03,1.471341277707987727e+00
6.897353652820646857e+03,1.471341277707987727e+00
6.896871522961418123e+03,1.471341277707987727e+00
6.896389393102189388e+03,1.471341277707987727e+00
6.895907263242961562e+03,1.471341277707987727e+00
6.895425133383732827e+03,1.471341158856283693e+00
6.894943003524505002e+03,1.471341040004579659e+00
6.894460873665276267e+03,1.471341040004579659e+00
6.893978743806048442e+03,1.471340919667229352e+00
6.893496613946819707e+03,1.471340800815525318e+00
6.893014484087590972e+03,1.471340681963821284e+00
6.892532354228363147e+03,1.471340563112117472e+00
6.892050224369134412e+03,1.471340442774767165e+00
6.891568094509906587e+03,1.471340442774767165e+00
6.891085964650677852e+03,1.471340442774767165e+00
6.890603834791449117e+03,1.471340323923063131e+00
6.890121704932221292e+03,1.471340205071359097e+00
6.889639575072992557e+03,1.471340205071359097e+00
6.889157445213764731e+03,1.471340205071359097e+00
6.888675315354535996e+03,1.471340086219655063e+00
6.888193185495307262e+03,1.471340086219655063e+00
6.887711055636079436e+03,1.471339965882304757e+00
6.887228925776850701e+03,1.471339728178896689e+00
6.886746795917622876e+03,1.471339609327192877e+00
6.886264666058394141e+03,1.471339488989842570e+00
6.885782536199165406e+03,1.471339488989842570e+00
6.885300406339937581e+03,1.471339370138138536e+00
6.884818276480708846e+03,1.471339370138138536e+00
6.884336146621481021e+03,1.471339251286434502e+00
6.883854016762252286e+03,1.471339132434730468e+00
6.883371886903023551e+03,1.471339132434730468e+00
6.882889757043795726e+03,1.471339012097380161e+00
6.882407627184566991e+03,1.471339012097380161e+00
6.881925497325339165e+03,1.471338893245676127e+00
6.881443367466110431e+03,1.471338774393972093e+00
6.880961237606881696e+03,1.471338655542268281e+00
6.880479107747653870e+03,1.471338535204917974e+00
6.879996977888425135e+03,1.471338416353213940e+00
6.879514848029197310e+03,1.471338297501509906e+00
6.879032718169968575e+03,1.471338058312455566e+00
6.878550588310739840e+03,1.471338058312455566e+00
6.878068458451512015e+03,1.471337939460751532e+00
6.877586328592283280e+03,1.471337939460751532e+00
6.877104198733055455e+03,1.471337820609047498e+00
6.876622068873826720e+03,1.471337820609047498e+00
6.876139939014598895e+03,1.471337701757343686e+00
6.875657809155370160e+03,1.471337582905639652e+00
6.875175679296141425e+03,1.471337582905639652e+00
6.874693549436913599e+03,1.471337462568289345e+00
6.874211419577684865e+03,1.471337462568289345e+00
6.873729289718457039e+03,1.471337343716585311e+00
6.873247159859228304e+03,1.471337224864881277e+00
6.872765030000000479e+03,1.471337106013177243e+00
6.872282900140771744e+03,1.471337106013177243e+00
6.871800770281543009e+03,1.471336985675826936e+00
6.871318640422315184e+03,1.471336866824122902e+00
6.870836510563086449e+03,1.471336747972419090e+00
6.870354380703858624e+03,1.471336747972419090e+00
6.869872250844629889e+03,1.471336629120715056e+00
6.869390120985401154e+03,1.471336508783364749e+00
6.868907991126173329e+03,1.471336389931660715e+00
6.868425861266944594e+03,1.471336389931660715e+00
6.867943731407716768e+03,1.471336389931660715e+00
6.867461601548488034e+03,1.471336271079956681e+00
6.866979471689259299e+03,1.471336271079956681e+00
6.866497341830031473e+03,1.471336152228252647e+00
6.866015211970802739e+03,1.471336031890902341e+00
6.865533082111574913e+03,1.471335913039198307e+00
6.865050952252346178e+03,1.471335794187494495e+00
6.864568822393117443e+03,1.471335675335790460e+00
6.864086692533889618e+03,1.471335675335790460e+00
6.863604562674660883e+03,1.471335554998440154e+00
6.863122432815433058e+03,1.471335554998440154e+00
6.862640302956204323e+03,1.471335554998440154e+00
6.862158173096975588e+03,1.471335554998440154e+00
6.861676043237747763e+03,1.471335436146736120e+00
6.861193913378519028e+03,1.471335317295032086e+00
6.860711783519291203e+03,1.471335198443328052e+00
6.860229653660062468e+03,1.471335198443328052e+00
6.859747523800833733e+03,1.471335078105977745e+00
6.859265393941605907e+03,1.471335078105977745e+00
6.858783264082377173e+03,1.471334959254273711e+00
6.858301134223149347e+03,1.471334840402569899e+00
6.857819004363920612e+03,1.471334721550865865e+00
6.857336874504691878e+03,1.471334721550865865e+00
6.856854744645464052e+03,1.471334721550865865e+00
6.856372614786235317e+03,1.471334721550865865e+00
6.855890484927007492e+03,1.471334602699161831e+00
6.855408355067778757e+03,1.471334602699161831e+00
6.854926225208550932e+03,1.471334482361811524e+00
6.854444095349322197e+03,1.471334482361811524e+00
6.853961965490093462e+03,1.471334363510107490e+00
6.853479835630865637e+03,1.471334363510107490e+00
6.852997705771636902e+03,1.471334244658403456e+00
6.852515575912409076e+03,1.471334125806699422e+00
6.852033446053180342e+03,1.471334005469349115e+00
6.851551316193952516e+03,1.471333886617645081e+00
6.851069186334723781e+03,1.471333886617645081e+00
6.850587056475495046e+03,1.471333767765941269e+00
6.850104926616267221e+03,1.471333767765941269e+00
6.849622796757038486e+03,1.471333648914237235e+00
6.849140666897810661e+03,1.471333648914237235e+00
6.848658537038581926e+03,1.471333648914237235e+00
6.848176407179353191e+03,1.471333528576886929e+00
6.847694277320125366e+03,1.471333528576886929e+00
6.847212147460896631e+03,1.471333290873478861e+00
6.846730017601668806e+03,1.471333290873478861e+00
6.846247887742440071e+03,1.471333172021774827e+00
6.845765757883211336e+03,1.471333051684424520e+00
6.845283628023983511e+03,1.471333051684424520e+00
6.844801498164754776e+03,1.471332932832720486e+00
6.844319368305526950e+03,1.471332932832720486e+00
6.843837238446298215e+03,1.471332813981016674e+00
6.843355108587069481e+03,1.471332813981016674e+00
6.842872978727841655e+03,1.471332813981016674e+00
6.842390848868612920e+03,1.471332813981016674e+00
6.841908719009385095e+03,1.471332695129312640e+00
6.841426589150156360e+03,1.471332695129312640e+00
6.840944459290927625e+03,1.471332574791962333e+00
6.840462329431699800e+03,1.471332455940258299e+00
6.839980199572471065e+03,1.471332455940258299e+00
6.839498069713243240e+03,1.471332337088554265e+00
6.839015939854014505e+03,1.471332218236850231e+00
6.838533809994785770e+03,1.471332097899499924e+00
6.838051680135557945e+03,1.471332097899499924e+00
6.837569550276329210e+03,1.471331979047795890e+00
6.837087420417101384e+03,1.471331979047795890e+00
6.836605290557872650e+03,1.471331979047795890e+00
6.836123160698643915e+03,1.471331860196092078e+00
6.835641030839416089e+03,1.471331741344388044e+00
6.835158900980187354e+03,1.471331621007037738e+00
6.834676771120959529e+03,1.471331502155333704e+00
6.834194641261730794e+03,1.471331502155333704e+00
6.833712511402502969e+03,1.471331383303629670e+00
6.833230381543274234e+03,1.471331264451925636e+00
6.832748251684045499e+03,1.471331264451925636e+00
6.832266121824817674e+03,1.471331145600221602e+00
6.831783991965588939e+03,1.471331145600221602e+00
6.831301862106361114e+03,1.471331145600221602e+00
6.830819732247132379e+03,1.471331025262871295e+00
6.830337602387904553e+03,1.471331025262871295e+00
6.829855472528675818e+03,1.471330906411167483e+00
6.829373342669447084e+03,1.471330906411167483e+00
6.828891212810219258e+03,1.471330787559463449e+00
6.828409082950990523e+03,1.471330787559463449e+00
6.827926953091762698e+03,1.471330787559463449e+00
6.827444823232533963e+03,1.471330668707759415e+00
6.826962693373305228e+03,1.471330548370409108e+00
6.826480563514077403e+03,1.471330548370409108e+00
6.825998433654848668e+03,1.471330429518705074e+00
6.825516303795620843e+03,1.471330310667001040e+00
6.825034173936392108e+03,1.471330191815297006e+00
6.824552044077163373e+03,1.471330191815297006e+00
6.824069914217935548e+03,1.471330071477946699e+00
6.823587784358706813e+03,1.471330071477946699e+00
6.823105654499478987e+03,1.471330071477946699e+00
6.822623524640250253e+03,1.471330071477946699e+00
6.822141394781021518e+03,1.471330071477946699e+00
6.821659264921793692e+03,1.471329952626242887e+00
6.821177135062564957e+03,1.471329952626242887e+00
6.820695005203337132e+03,1.471329833774538853e+00
6.820212875344108397e+03,1.471329714922834819e+00
6.819730745484879662e+03,1.471329714922834819e+00
6.819248615625651837e+03,1.471329594585484513e+00
6.818766485766423102e+03,1.471329475733780479e+00
6.818284355907195277e+03,1.471329356882076445e+00
6.817802226047966542e+03,1.471329356882076445e+00
6.817320096188737807e+03,1.471329238030372411e+00
6.816837966329509982e+03,1.471329238030372411e+00
6.816355836470281247e+03,1.471329238030372411e+00
6.815873706611053422e+03,1.471329238030372411e+00
6.815391576751824687e+03,1.471329117693022104e+00
6.814909446892595952e+03,1.471329117693022104e+00
6.814427317033368126e+03,1.471329117693022104e+00
6.813945187174139392e+03,1.471329117693022104e+00
6.813463057314911566e+03,1.471328998841318292e+00
6.812980927455682831e+03,1.471328998841318292e+00
6.812498797596455006e+03,1.471328879989614258e+00
6.812016667737226271e+03,1.471328761137910224e+00
6.811534537877997536e+03,1.471328761137910224e+00
6.811052408018769711e+03,1.471328761137910224e+00
6.810570278159540976e+03,1.471328640800559917e+00
6.810088148300313151e+03,1.471328640800559917e+00
6.809606018441084416e+03,1.471328521948855883e+00
6.809123888581856590e+03,1.471328521948855883e+00
6.808641758722627856e+03,1.471328403097151849e+00
6.808159628863399121e+03,1.471328403097151849e+00
6.807677499004171295e+03,1.471328403097151849e+00
6.807195369144942561e+03,1.471328284245447815e+00
6.806713239285714735e+03,1.471328284245447815e+00
6.806231109426486000e+03,1.471328165393744003e+00
6.805748979567257265e+03,1.471328165393744003e+00
6.805266849708029440e+03,1.471328045056393696e+00
6.804784719848800705e+03,1.471327926204689662e+00
6.804302589989572880e+03,1.471327926204689662e+00
6.803820460130344145e+03,1.471327807352985628e+00
6.803338330271115410e+03,1.471327688501281594e+00
6.802856200411887585e+03,1.471327688501281594e+00
6.802374070552658850e+03,1.471327688501281594e+00
6.801891940693431025e+03,1.471327568163931288e+00
6.801409810834202290e+03,1.471327449312227253e+00
6.800927680974973555e+03,1.471327449312227253e+00
6.800445551115745729e+03,1.471327449312227253e+00
6.799963421256516995e+03,1.471327330460523219e+00
6.799481291397289169e+03,1.471327330460523219e+00
6.798999161538060434e+03,1.471327330460523219e+00
6.798517031678831700e+03,1.471327211608819185e+00
6.798034901819603874e+03,1.471327091271469101e+00
6.797552771960375139e+03,1.471326972419765067e+00
6.797070642101147314e+03,1.471326972419765067e+00
6.796588512241918579e+03,1.471326853568061033e+00
6.796106382382689844e+03,1.471326853568061033e+00
6.795624252523462019e+03,1.471326853568061033e+00
6.795142122664233284e+03,1.471326853568061033e+00
6.794659992805005459e+03,1.471326734716356999e+00
6.794177862945776724e+03,1.471326734716356999e+00
6.793695733086547989e+03,1.471326734716356999e+00
6.793213603227320164e+03,1.471326614379006692e+00
6.792731473368091429e+03,1.471326495527302658e+00
6.792249343508863603e+03,1.471326257823894590e+00
6.791767213649634868e+03,1.471326257823894590e+00
6.791285083790407043e+03,1.471326137486544283e+00
6.790802953931178308e+03,1.471326137486544283e+00
6.790320824071949573e+03,1.471326018634840471e+00
6.789838694212721748e+03,1.471326018634840471e+00
6.789356564353493013e+03,1.471325899783136437e+00
6.788874434494265188e+03,1.471325899783136437e+00
6.788392304635036453e+03,1.471325899783136437e+00
6.787910174775808628e+03,1.471325780931432403e+00
6.787428044916579893e+03,1.471325780931432403e+00
6.786945915057351158e+03,1.471325660594082096e+00
6.786463785198123333e+03,1.471325541742378062e+00
6.785981655338894598e+03,1.471325422890674028e+00
6.785499525479666772e+03,1.471325422890674028e+00
6.785017395620438037e+03,1.471325422890674028e+00
6.784535265761209303e+03,1.471325304038969994e+00
6.784053135901981477e+03,1.471325183701619688e+00
6.783571006042752742e+03,1.471325183701619688e+00
6.783088876183524917e+03,1.471325064849915876e+00
6.782606746324296182e+03,1.471325064849915876e+00
6.782124616465067447e+03,1.471325064849915876e+00
6.781642486605839622e+03,1.471324945998211842e+00
6.781160356746610887e+03,1.471324945998211842e+00
6.780678226887383062e+03,1.471324827146507808e+00
6.780196097028154327e+03,1.471324708294803774e+00
6.779713967168925592e+03,1.471324708294803774e+00
6.779231837309697767e+03,1.471324587957453467e+00
6.778749707450469032e+03,1.471324587957453467e+00
6.778267577591241206e+03,1.471324469105749433e+00
6.777785447732012472e+03,1.471324350254045399e+00
6.777303317872783737e+03,1.471324350254045399e+00
6.776821188013555911e+03,1.471324350254045399e+00
6.776339058154327176e+03,1.471324350254045399e+00
6.775856928295099351e+03,1.471324231402341587e+00
6.775374798435870616e+03,1.471324111064991280e+00
6.774892668576641881e+03,1.471323992213287246e+00
6.774410538717414056e+03,1.471323992213287246e+00
6.773928408858185321e+03,1.471323873361583212e+00
6.773446278998957496e+03,1.471323873361583212e+00
6.772964149139728761e+03,1.471323754509879178e+00
6.772482019280500026e+03,1.471323634172528871e+00
6.771999889421272201e+03,1.471323515320824837e+00
6.771517759562043466e+03,1.471323515320824837e+00
6.771035629702815640e+03,1.471323396469120803e+00
6.770553499843586906e+03,1.471323396469120803e+00
6.770071369984358171e+03,1.471323277617416991e+00
6.769589240125130345e+03,1.471323157280066685e+00
6.769107110265902520e+03,1.471323157280066685e+00
6.768624980406673785e+03,1.471323157280066685e+00
6.768142850547445050e+03,1.471323157280066685e+00
6.767660720688216315e+03,1.471323038428362651e+00
6.767178590828988490e+03,1.471322919576658617e+00
6.766696460969760665e+03,1.471322800724954583e+00
6.766214331110531930e+03,1.471322680387604276e+00
6.765732201251303195e+03,1.471322561535900242e+00
6.765250071392075370e+03,1.471322561535900242e+00
6.764767941532846635e+03,1.471322442684196208e+00
6.764285811673618809e+03,1.471322442684196208e+00
6.763803681814390075e+03,1.471322442684196208e+00
6.763321551955161340e+03,1.471322323832492396e+00
6.762839422095933514e+03,1.471322323832492396e+00
6.762357292236704779e+03,1.471322203495142089e+00
6.761875162377476954e+03,1.471322203495142089e+00
6.761393032518248219e+03,1.471322084643438055e+00
6.760910902659019484e+03,1.471322084643438055e+00
6.760428772799791659e+03,1.471322084643438055e+00
6.759946642940562924e+03,1.471322084643438055e+00
6.759464513081335099e+03,1.471321965791734021e+00
6.758982383222106364e+03,1.471321965791734021e+00
6.758500253362877629e+03,1.471321846940029987e+00
6.758018123503649804e+03,1.471321728088325953e+00
6.757535993644421069e+03,1.471321607750975646e+00
6.757053863785193244e+03,1.471321607750975646e+00
6.756571733925964509e+03,1.471321488899271612e+00
6.756089604066735774e+03,1.471321488899271612e+00
6.755607474207507948e+03,1.471321488899271612e+00
6.755125344348279214e+03,1.471321488899271612e+00
6.754643214489051388e+03,1.471321370047567800e+00
6.754161084629822653e+03,1.471321370047567800e+00
6.753678954770593919e+03,1.471321251195863766e+00
6.753196824911366093e+03,1.471321251195863766e+00
6.752714695052137358e+03,1.471321130858513460e+00
6.752232565192909533e+03,1.471321130858513460e+00
6.751750435333680798e+03,1.471321130858513460e+00
6.751268305474452063e+03,1.471321130858513460e+00
6.750786175615224238e+03,1.471321012006809426e+00
6.750304045755995503e+03,1.471321012006809426e+00
6.749821915896767678e+03,1.471320893155105392e+00
6.749339786037538943e+03,1.471320774303401357e+00
6.748857656178310208e+03,1.471320774303401357e+00
6.748375526319082383e+03,1.471320774303401357e+00
6.747893396459854557e+03,1.471320774303401357e+00
6.747411266600625822e+03,1.471320774303401357e+00
6.746929136741397087e+03,1.471320774303401357e+00
6.746447006882168353e+03,1.471320653966051051e+00
6.745964877022940527e+03,1.471320653966051051e+00
6.745482747163712702e+03,1.471320653966051051e+00
6.745000617304483967e+03,1.471320535114347017e+00
6.744518487445255232e+03,1.471320535114347017e+00
6.744036357586027407e+03,1.471320416262642983e+00
6.743554227726798672e+03,1.471320297410939171e+00
6.743072097867570847e+03,1.471320297410939171e+00
6.742589968008342112e+03,1.471320177073588864e+00
6.742107838149113377e+03,1.471320177073588864e+00
6.741625708289885551e+03,1.471320058221884830e+00
6.741143578430656817e+03,1.471320058221884830e+00
6.740661448571428991e+03,1.471320058221884830e+00
6.740179318712200256e+03,1.471319939370180796e+00
6.739697188852971522e+03,1.471319939370180796e+00
6.739215058993743696e+03,1.471319820518476762e+00
6.738732929134514961e+03,1.471319700181126455e+00
6.738250799275287136e+03,1.471319700181126455e+00
6.737768669416058401e+03,1.471319581329422421e+00
6.737286539556829666e+03,1.471319581329422421e+00
6.736804409697601841e+03,1.471319581329422421e+00
6.736322279838373106e+03,1.471319581329422421e+00
6.735840149979145281e+03,1.471319462477718387e+00
6.735358020119916546e+03,1.471319462477718387e+00
6.734875890260687811e+03,1.471319462477718387e+00
6.734393760401459986e+03,1.471319343626014575e+00
6.733911630542231251e+03,1.471319343626014575e+00
6.733429500683003425e+03,1.471319343626014575e+00
6.732947370823774691e+03,1.471319223288664269e+00
6.732465240964545956e+03,1.471319104436960234e+00
6.731983111105318130e+03,1.471318985585256200e+00
6.731500981246089395e+03,1.471318866733552166e+00
6.731018851386861570e+03,1.471318866733552166e+00
6.730536721527632835e+03,1.471318866733552166e+00
6.730054591668404100e+03,1.471318746396201860e+00
6.729572461809176275e+03,1.471318746396201860e+00
6.729090331949947540e+03,1.471318746396201860e+00
6.728608202090719715e+03,1.471318746396201860e+00
6.728126072231490980e+03,1.471318746396201860e+00
6.727643942372262245e+03,1.471318746396201860e+00
6.727161812513034420e+03,1.471318627544497826e+00
6.726679682653806594e+03,1.471318508692793792e+00
6.726197552794577859e+03,1.471318389841089980e+00
6.725715422935349125e+03,1.471318270989385946e+00
6.725233293076120390e+03,1.471318270989385946e+00
6.724751163216892564e+03,1.471318150652035639e+00
6.724269033357664739e+03,1.471318031800331605e+00
6.723786903498436004e+03,1.471317912948627571e+00
6.723304773639207269e+03,1.471317912948627571e+00
6.722822643779979444e+03,1.471317912948627571e+00
6.722340513920750709e+03,1.471317912948627571e+00
6.721858384061522884e+03,1.471317794096923537e+00
6.721376254202294149e+03,1.471317794096923537e+00
6.720894124343065414e+03,1.471317673759573230e+00
6.720411994483837589e+03,1.471317673759573230e+00
6.719929864624608854e+03,1.471317554907869196e+00
6.719447734765381028e+03,1.471317554907869196e+00
6.718965604906152294e+03,1.471317436056165384e+00
6.718483475046923559e+03,1.471317436056165384e+00
6.718001345187695733e+03,1.471317317204461350e+00
6.717519215328466998e+03,1.471317196867111043e+00
6.717037085469239173e+03,1.471317196867111043e+00
6.716554955610010438e+03,1.471317078015407009e+00
6.716072825750781703e+03,1.471316959163702975e+00
6.715590695891553878e+03,1.471316959163702975e+00
6.715108566032325143e+03,1.471316840311998941e+00
6.714626436173097318e+03,1.471316840311998941e+00
6.714144306313868583e+03,1.471316840311998941e+00
6.713662176454639848e+03,1.471316840311998941e+00
6.713180046595412023e+03,1.471316719974648635e+00
6.712697916736183288e+03,1.471316601122944601e+00
6.712215786876955463e+03,1.471316601122944601e+00
6.711733657017726728e+03,1.471316482271240789e+00
6.711251527158497993e+03,1.471316363419536755e+00
6.710769397299270167e+03,1.471316243082186448e+00
6.710287267440041433e+03,1.471316124230482414e+00
6.709805137580813607e+03,1.471316005378778380e+00
6.709323007721584872e+03,1.471316005378778380e+00
6.708840877862356137e+03,1.471316005378778380e+00
6.708358748003128312e+03,1.471316005378778380e+00
6.707876618143899577e+03,1.471315886527074346e+00
6.707394488284671752e+03,1.471315886527074346e+00
6.706912358425443017e+03,1.471315766189724039e+00
6.706430228566214282e+03,1.471315766189724039e+00
6.705948098706986457e+03,1.471315647338020005e+00
6.705465968847758631e+03,1.471315528486316193e+00
6.704983838988529897e+03,1.471315528486316193e+00
6.704501709129301162e+03,1.471315409634612159e+00
6.704019579270072427e+03,1.471315290782908125e+00
6.703537449410844602e+03,1.471315170445557818e+00
6.703055319551616776e+03,1.471315170445557818e+00
6.702573189692388041e+03,1.471315051593853784e+00
6.702091059833159306e+03,1.471315051593853784e+00
6.701608929973931481e+03,1.471315051593853784e+00
6.701126800114702746e+03,1.471314932742149750e+00
6.700644670255474921e+03,1.471314813890445716e+00
6.700162540396246186e+03,1.471314813890445716e+00
6.699680410537017451e+03,1.471314693553095410e+00
6.699198280677789626e+03,1.471314574701391598e+00
6.698716150818560891e+03,1.471314455849687564e+00
6.698234020959333066e+03,1.471314336997983530e+00
6.697751891100104331e+03,1.471314336997983530e+00
6.697269761240875596e+03,1.471314216660633223e+00
6.696787631381647770e+03,1.471314216660633223e+00
6.696305501522419036e+03,1.471314097808929189e+00
6.695823371663191210e+03,1.471313978957225155e+00
6.695341241803962475e+03,1.471313978957225155e+00
6.694859111944733741e+03,1.471313860105521121e+00
6.694376982085505915e+03,1.471313860105521121e+00
6.693894852226277180e+03,1.471313860105521121e+00
6.693412722367049355e+03,1.471313739768170814e+00
6.692930592507820620e+03,1.471313620916467002e+00
6.692448462648591885e+03,1.471313620916467002e+00
6.691966332789364060e+03,1.471313502064762968e+00
6.691484202930135325e+03,1.471313383213058934e+00
6.691002073070907500e+03,1.471313262875708627e+00
6.690519943211678765e+03,1.471313262875708627e+00
6.690037813352450030e+03,1.471313144024004593e+00
6.689555683493222205e+03,1.471313025172300559e+00
6.689073553633993470e+03,1.471313025172300559e+00
6.688591423774765644e+03,1.471312906320596525e+00
6.688109293915536909e+03,1.471312906320596525e+00
6.687627164056308175e+03,1.471312906320596525e+00
6.687145034197080349e+03,1.471312785983246219e+00
6.686662904337851614e+03,1.471312785983246219e+00
6.686180774478623789e+03,1.471312667131542185e+00
6.685698644619395054e+03,1.471312667131542185e+00
6.685216514760166319e+03,1.471312548279838373e+00
6.684734384900938494e+03,1.471312429428134338e+00
6.684252255041709759e+03,1.471312309090784032e+00
6.683770125182481934e+03,1.471312190239079998e+00
6.683287995323253199e+03,1.471312190239079998e+00
6.682805865464024464e+03,1.471312071387375964e+00
6.682323735604796639e+03,1.471312071387375964e+00
6.681841605745568813e+03,1.471311952535671930e+00
6.681359475886340078e+03,1.471311952535671930e+00
6.680877346027111344e+03,1.471311952535671930e+00
6.680395216167883518e+03,1.471311833683967896e+00
6.679913086308654783e+03,1.471311833683967896e+00
6.679430956449426958e+03,1.471311713346617589e+00
6.678948826590198223e+03,1.471311594494913777e+00
6.678466696730969488e+03,1.471311475643209743e+00
6.677984566871741663e+03,1.471311475643209743e+00
6.677502437012512928e+03,1.471311356791505709e+00
6.677020307153285103e+03,1.471311356791505709e+00
6.676538177294056368e+03,1.471311356791505709e+00
6.676056047434827633e+03,1.471311236454155402e+00
6.675573917575599808e+03,1.471311117602451368e+00
6.675091787716371073e+03,1.471310998750747334e+00
6.674609657857143247e+03,1.471310998750747334e+00
6.674127527997914513e+03,1.471310879899043300e+00
6.673645398138685778e+03,1.471310879899043300e+00
6.673163268279457952e+03,1.471310759561692993e+00
6.672681138420229217e+03,1.471310640709989181e+00
6.672199008561001392e+03,1.471310521858285147e+00
6.671716878701772657e+03,1.471310521858285147e+00
6.671234748842543922e+03,1.471310403006581113e+00
6.670752618983316097e+03,1.471310282669230807e+00
6.670270489124087362e+03,1.471310163817526773e+00
6.669788359264859537e+03,1.471310163817526773e+00
6.669306229405630802e+03,1.471310044965822739e+00
6.668824099546402067e+03,1.471310044965822739e+00
6.668341969687174242e+03,1.471310044965822739e+00
6.667859839827945507e+03,1.471310044965822739e+00
6.667377709968717681e+03,1.471309926114118705e+00
6.666895580109488947e+03,1.471309805776768398e+00
6.666413450250260212e+03,1.471309686925064586e+00
6.665931320391032386e+03,1.471309568073360552e+00
6.665449190531803652e+03,1.471309568073360552e+00
6.664967060672575826e+03,1.471309449221656518e+00
6.664484930813347091e+03,1.471309328884306211e+00
6.664002800954118356e+03,1.471309210032602177e+00
6.663520671094890531e+03,1.471309091180898143e+00
6.663038541235661796e+03,1.471309091180898143e+00
6.662556411376433971e+03,1.471308972329194109e+00
6.662074281517205236e+03,1.471308972329194109e+00
6.661592151657976501e+03,1.471308853477490297e+00
6.661110021798748676e+03,1.471308853477490297e+00
6.660627891939520850e+03,1.471308733140139990e+00
6.660145762080292116e+03,1.471308733140139990e+00
6.659663632221063381e+03,1.471308614288435956e+00
6.659181502361835555e+03,1.471308614288435956e+00
6.658699372502606820e+03,1.471308495436731922e+00
6.658217242643378995e+03,1.471308376585027888e+00
6.657735112784150260e+03,1.471308256247677582e+00
6.657252982924921525e+03,1.471308256247677582e+00
6.656770853065693700e+03,1.471308137395973548e+00
6.656288723206464965e+03,1.471308018544269514e+00
6.655806593347237140e+03,1.471307899692565702e+00
6.655324463488008405e+03,1.471307899692565702e+00
6.654842333628779670e+03,1.471307779355215395e+00
6.654360203769551845e+03,1.471307779355215395e+00
6.653878073910323110e+03,1.471307779355215395e+00
6.653395944051095285e+03,1.471307660503511361e+00
6.652913814191866550e+03,1.471307541651807327e+00
6.652431684332637815e+03,1.471307541651807327e+00
6.651949554473409989e+03,1.471307422800103293e+00
6.651467424614181255e+03,1.471307302462752986e+00
6.650985294754953429e+03,1.471307183611048952e+00
6.650503164895724694e+03,1.471307064759344918e+00
6.650021035036495960e+03,1.471307064759344918e+00
6.649538905177268134e+03,1.471306945907640884e+00
6.649056775318039399e+03,1.471306825570290799e+00
6.648574645458811574e+03,1.471306825570290799e+00
6.648092515599582839e+03,1.471306706718586765e+00
6.647610385740354104e+03,1.471306587866882731e+00
6.647128255881126279e+03,1.471306587866882731e+00
6.646646126021897544e+03,1.471306469015178697e+00
6.646163996162669719e+03,1.471306348677828391e+00
6.645681866303440984e+03,1.471306348677828391e+00
6.645199736444212249e+03,1.471306229826124357e+00
6.644717606584984424e+03,1.471306110974420323e+00
6.644235476725755689e+03,1.471305992122716289e+00
6.643753346866527863e+03,1.471305871785365982e+00
6.643271217007299128e+03,1.471305871785365982e+00
6.642789087148070394e+03,1.471305752933662170e+00
6.642306957288842568e+03,1.471305752933662170e+00
6.641824827429613833e+03,1.471305634081958136e+00
6.641342697570386008e+03,1.471305515230254102e+00
6.640860567711157273e+03,1.471305515230254102e+00
6.640378437851928538e+03,1.471305396378550068e+00
6.639896307992700713e+03,1.471305396378550068e+00
6.639414178133472888e+03,1.471305396378550068e+00
6.638932048274244153e+03,1.471305276041199761e+00
6.638449918415015418e+03,1.471305157189495727e+00
6.637967788555787592e+03,1.471305038337791693e+00
6.637485658696558858e+03,1.471304919486087881e+00
6.637003528837331032e+03,1.471304919486087881e+00
6.636521398978102297e+03,1.471304799148737574e+00
6.636039269118873563e+03,1.471304799148737574e+00
6.635557139259645737e+03,1.471304680297033540e+00
6.635075009400417002e+03,1.471304561445329506e+00
6.634592879541189177e+03,1.471304561445329506e+00
6.634110749681960442e+03,1.471304561445329506e+00
6.633628619822731707e+03,1.471304442593625472e+00
6.633146489963503882e+03,1.471304442593625472e+00
6.632664360104275147e+03,1.471304322256275166e+00
6.632182230245047322e+03,1.471304203404571131e+00
6.631700100385818587e+03,1.471304084552867097e+00
6.631217970526589852e+03,1.471304084552867097e+00
6.630735840667362027e+03,1.471303965701163285e+00
6.630253710808133292e+03,1.471303845363812979e+00
6.629771580948905466e+03,1.471303726512108945e+00
6.629289451089676731e+03,1.471303726512108945e+00
6.628807321230447997e+03,1.471303607660404911e+00
6.628325191371220171e+03,1.471303607660404911e+00
6.627843061511991436e+03,1.471303488808700877e+00
6.627360931652763611e+03,1.471303368471350570e+00
6.626878801793534876e+03,1.471303368471350570e+00
6.626396671934306141e+03,1.471303249619646536e+00
6.625914542075078316e+03,1.471303249619646536e+00
6.625432412215849581e+03,1.471303249619646536e+00
6.624950282356621756e+03,1.471303130767942502e+00
6.624468152497393021e+03,1.471303011916238690e+00
6.623986022638164286e+03,1.471302891578888383e+00
6.623503892778936461e+03,1.471302772727184349e+00
6.623021762919707726e+03,1.471302772727184349e+00
6.622539633060479900e+03,1.471302772727184349e+00
6.622057503201251166e+03,1.471302772727184349e+00
6.621575373342022431e+03,1.471302653875480315e+00
6.621093243482794605e+03,1.471302535023776281e+00
6.620611113623565871e+03,1.471302535023776281e+00
6.620128983764338045e+03,1.471302416172072247e+00
6.619646853905109310e+03,1.471302416172072247e+00
6.619164724045880575e+03,1.471302295834721940e+00
6.618682594186652750e+03,1.471302176983017906e+00
6.618200464327424925e+03,1.471302176983017906e+00
6.617718334468196190e+03,1.471302058131314094e+00
6.617236204608967455e+03,1.471301939279610060e+00
6.616754074749739630e+03,1.471301939279610060e+00
6.616271944890510895e+03,1.471301818942259754e+00
6.615789815031283069e+03,1.471301700090555720e+00
6.615307685172054335e+03,1.471301581238851686e+00
6.614825555312825600e+03,1.471301462387147652e+00
6.614343425453597774e+03,1.471301462387147652e+00
6.613861295594369039e+03,1.471301462387147652e+00
6.613379165735141214e+03,1.471301342049797345e+00
6.612897035875912479e+03,1.471301342049797345e+00
6.612414906016683744e+03,1.471301223198093311e+00
6.611932776157455919e+03,1.471301104346389499e+00
6.611450646298227184e+03,1.471300985494685465e+00
6.610968516438999359e+03,1.471300985494685465e+00
6.610486386579770624e+03,1.471300865157335158e+00
6.610004256720541889e+03,1.471300746305631124e+00
6.609522126861314064e+03,1.471300627453927090e+00
6.609039997002085329e+03,1.471300508602223056e+00
6.608557867142857503e+03,1.471300508602223056e+00
6.608075737283628769e+03,1.471300388264872749e+00
6.607593607424400034e+03,1.471300388264872749e+00
6.607111477565172208e+03,1.471300269413168715e+00
6.606629347705943474e+03,1.471300150561464903e+00
6.606147217846715648e+03,1.471300150561464903e+00
6.605665087987486913e+03,1.471300150561464903e+00
6.605182958128258178e+03,1.471300031709760869e+00
6.604700828269030353e+03,1.471299911372410563e+00
6.604218698409801618e+03,1.471299792520706529e+00
6.603736568550573793e+03,1.471299673669002495e+00
6.603254438691345058e+03,1.471299554817298461e+00
6.602772308832116323e+03,1.471299435965594427e+00
6.602290178972888498e+03,1.471299435965594427e+00
6.601808049113659763e+03,1.471299315628244120e+00
6.601325919254431938e+03,1.471299315628244120e+00
6.600843789395203203e+03,1.471299196776540086e+00
6.600361659535974468e+03,1.471299196776540086e+00
6.599879529676746643e+03,1.471299196776540086e+00
6.599397399817517908e+03,1.471299077924836274e+00
6.598915269958290082e+03,1.471298959073132240e+00
6.598433140099061347e+03,1.471298838735781933e+00
6.597951010239832613e+03,1.471298719884077899e+00
6.597468880380604787e+03,1.471298601032373865e+00
6.596986750521376962e+03,1.471298601032373865e+00
6.596504620662148227e+03,1.471298482180669831e+00
6.596022490802919492e+03,1.471298482180669831e+00
6.595540360943691667e+03,1.471298361843319524e+00
6.595058231084462932e+03,1.471298242991615490e+00
6.594576101225235107e+03,1.471298242991615490e+00
6.594093971366006372e+03,1.471298124139911678e+00
6.593611841506777637e+03,1.471298005288207644e+00
6.593129711647549811e+03,1.471298005288207644e+00
6.592647581788321077e+03,1.471297884950857338e+00
6.592165451929093251e+03,1.471297766099153304e+00
6.591683322069864516e+03,1.471297766099153304e+00
6.591201192210635782e+03,1.471297647247449270e+00
6.590719062351407956e+03,1.471297528395745235e+00
6.590236932492179221e+03,1.471297408058394929e+00
6.589754802632951396e+03,1.471297289206690895e+00
6.589272672773722661e+03,1.471297170354987083e+00
6.588790542914493926e+03,1.471297170354987083e+00
6.588308413055266101e+03,1.471297051503283049e+00
6.587826283196037366e+03,1.471297051503283049e+00
6.587344153336809541e+03,1.471296931165932742e+00
6.586862023477580806e+03,1.471296812314228708e+00
6.586379893618352071e+03,1.471296812314228708e+00
6.585897763759124246e+03,1.471296693462524674e+00
6.585415633899895511e+03,1.471296693462524674e+00
6.584933504040667685e+03,1.471296574610820640e+00
6.584451374181438950e+03,1.471296574610820640e+00
6.583969244322210216e+03,1.471296454273470333e+00
6.583487114462982390e+03,1.471296335421766299e+00
6.583004984603753655e+03,1.471296216570062487e+00
6.582522854744525830e+03,1.471296216570062487e+00
6.582040724885297095e+03,1.471296097718358453e+00
6.581558595026068360e+03,1.471295978866654419e+00
6.581076465166840535e+03,1.471295858529304112e+00
6.580594335307611800e+03,1.471295739677600078e+00
6.580112205448383975e+03,1.471295739677600078e+00
6.579630075589155240e+03,1.471295620825896044e+00
6.579147945729926505e+03,1.471295620825896044e+00
6.578665815870698680e+03,1.471295501974192010e+00
6.578183686011469945e+03,1.471295381636841704e+00
6.577701556152242119e+03,1.471295262785137892e+00
6.577219426293013385e+03,1.471295143933433858e+00
6.576737296433784650e+03,1.471295143933433858e+00
6.576255166574556824e+03,1.471295025081729824e+00
6.575773036715328999e+03,1.471294904744379517e+00
6.575290906856100264e+03,1.471294785892675483e+00
6.574808776996871529e+03,1.471294667040971449e+00
6.574326647137642794e+03,1.471294667040971449e+00
6.573844517278414969e+03,1.471294667040971449e+00
6.573362387419187144e+03,1.471294548189267415e+00
6.572880257559958409e+03,1.471294548189267415e+00
6.572398127700729674e+03,1.471294427851917108e+00
6.571915997841501849e+03,1.471294309000213296e+00
6.571433867982273114e+03,1.471294190148509262e+00
6.570951738123045288e+03,1.471294071296805228e+00
6.570469608263816554e+03,1.471293950959454921e+00
6.569987478404587819e+03,1.471293950959454921e+00
6.569505348545359993e+03,1.471293832107750887e+00
6.569023218686131258e+03,1.471293713256046853e+00
6.568541088826903433e+03,1.471293713256046853e+00
6.568058958967674698e+03,1.471293713256046853e+00
6.567576829108445963e+03,1.471293594404342819e+00
6.567094699249218138e+03,1.471293474066992513e+00
6.566612569389989403e+03,1.471293355215288701e+00
6.566130439530761578e+03,1.471293355215288701e+00
6.565648309671532843e+03,1.471293236363584667e+00
6.565166179812304108e+03,1.471293117511880633e+00
6.564684049953076283e+03,1.471293117511880633e+00
6.564201920093847548e+03,1.471292998660176599e+00
6.563719790234619722e+03,1.471292878322826292e+00
6.563237660375390988e+03,1.471292759471122258e+00
6.562755530516162253e+03,1.471292640619418224e+00
6.562273400656934427e+03,1.471292640619418224e+00
6.561791270797705693e+03,1.471292521767714190e+00
6.561309140938477867e+03,1.471292401430363883e+00
6.560827011079249132e+03,1.471292401430363883e+00
6.560344881220020397e+03,1.471292282578660071e+00
6.559862751360792572e+03,1.471292163726956037e+00
6.559380621501563837e+03,1.471292163726956037e+00
6.558898491642336012e+03,1.471292044875252003e+00
6.558416361783107277e+03,1.471292044875252003e+00
6.557934231923878542e+03,1.471291924537901696e+00
6.557452102064650717e+03,1.471291805686197662e+00
6.556969972205421982e+03,1.471291686834493628e+00
6.556487842346194157e+03,1.471291567982789594e+00
6.556005712486965422e+03,1.471291447645439288e+00
6.555523582627736687e+03,1.471291447645439288e+00
6.555041452768508861e+03,1.471291328793735476e+00
6.554559322909281036e+03,1.471291209942031442e+00
6.554077193050052301e+03,1.471291209942031442e+00
6.553595063190823566e+03,1.471291209942031442e+00
6.553112933331594832e+03,1.471291209942031442e+00
6.552630803472367006e+03,1.471291091090327408e+00
6.552148673613139181e+03,1.471290970752977101e+00
6.551666543753910446e+03,1.471290851901273067e+00
6.551184413894681711e+03,1.471290851901273067e+00
6.550702284035453886e+03,1.471290733049569033e+00
6.550220154176225151e+03,1.471290614197864999e+00
6.549738024316997326e+03,1.471290493860514692e+00
6.549255894457768591e+03,1.471290493860514692e+00
6.548773764598539856e+03,1.471290375008810880e+00
6.548291634739312030e+03,1.471290375008810880e+00
6.547809504880083296e+03,1.471290256157106846e+00
6.547327375020855470e+03,1.471290256157106846e+00
6.546845245161626735e+03,1.471290137305402812e+00
6.546363115302398000e+03,1.471290016968052505e+00
6.545880985443170175e+03,1.471289898116348471e+00
6.545398855583941440e+03,1.471289898116348471e+00
6.544916725724713615e+03,1.471289898116348471e+00
6.544434595865484880e+03,1.471289779264644437e+00
6.543952466006256145e+03,1.471289660412940403e+00
6.543470336147028320e+03,1.471289541561236591e+00
6.542988206287799585e+03,1.471289421223886285e+00
6.542506076428571760e+03,1.471289421223886285e+00
6.542023946569343025e+03,1.471289302372182251e+00
6.541541816710114290e+03,1.471289302372182251e+00
6.541059686850886465e+03,1.471289183520478216e+00
6.540577556991657730e+03,1.471289064668774182e+00
6.540095427132429904e+03,1.471289064668774182e+00
6.539613297273201169e+03,1.471288944331423876e+00
6.539131167413972435e+03,1.471288944331423876e+00
6.538649037554744609e+03,1.471288825479719842e+00
6.538166907695515874e+03,1.471288706628015808e+00
6.537684777836288049e+03,1.471288587776311996e+00
6.537202647977059314e+03,1.471288587776311996e+00
6.536720518117830579e+03,1.471288467438961689e+00
6.536238388258602754e+03,1.471288467438961689e+00
6.535756258399374019e+03,1.471288348587257655e+00
6.535274128540146194e+03,1.471288229735553621e+00
6.534791998680917459e+03,1.471288110883849587e+00
6.534309868821688724e+03,1.471288110883849587e+00
6.533827738962460899e+03,1.471287990546499280e+00
6.533345609103233073e+03,1.471287990546499280e+00
6.532863479244004338e+03,1.471287871694795246e+00
6.532381349384775604e+03,1.471287752843091212e+00
6.531899219525546869e+03,1.471287752843091212e+00
6.531417089666319043e+03,1.471287633991387400e+00
6.530934959807091218e+03,1.471287633991387400e+00
6.530452829947862483e+03,1.471287513654037094e+00
6.529970700088633748e+03,1.471287394802333059e+00
6.529488570229405923e+03,1.471287157098924991e+00
6.529006440370177188e+03,1.471287036761574685e+00
6.528524310510949363e+03,1.471287036761574685e+00
6.528042180651720628e+03,1.471286917909870651e+00
6.527560050792491893e+03,1.471286917909870651e+00
6.527077920933264068e+03,1.471286799058166617e+00
6.526595791074035333e+03,1.471286799058166617e+00
6.526113661214807507e+03,1.471286680206462583e+00
6.525631531355578772e+03,1.471286680206462583e+00
6.525149401496350038e+03,1.471286680206462583e+00
6.524667271637122212e+03,1.471286561354758771e+00
6.524185141777893477e+03,1.471286441017408464e+00
6.523703011918665652e+03,1.471286322165704430e+00
6.523220882059436917e+03,1.471286322165704430e+00
6.522738752200208182e+03,1.471286203314000396e+00
6.522256622340980357e+03,1.471286084462296362e+00
6.521774492481751622e+03,1.471286084462296362e+00
6.521292362622523797e+03,1.471285964124946055e+00
6.520810232763295062e+03,1.471285845273242021e+00
6.520328102904066327e+03,1.471285726421537987e+00
6.519845973044838502e+03,1.471285726421537987e+00
6.519363843185609767e+03,1.471285607569834175e+00
6.518881713326381941e+03,1.471285607569834175e+00
6.518399583467153207e+03,1.471285607569834175e+00
6.517917453607924472e+03,1.471285487232483868e+00
6.517435323748696646e+03,1.471285368380779834e+00
6.516953193889467912e+03,1.471285249529075800e+00
6.516471064030240086e+03,1.471285130677371766e+00
6.515988934171011351e+03,1.471285010340021460e+00
6.515506804311782616e+03,1.471284891488317426e+00
6.515024674452554791e+03,1.471284772636613392e+00
6.514542544593326056e+03,1.471284653784909580e+00
6.514060414734098231e+03,1.471284653784909580e+00
6.513578284874869496e+03,1.471284653784909580e+00
6.513096155015640761e+03,1.471284533447559273e+00
6.512614025156412936e+03,1.471284533447559273e+00
6.512131895297185110e+03,1.471284414595855239e+00
6.511649765437956376e+03,1.471284414595855239e+00
6.511167635578727641e+03,1.471284414595855239e+00
6.510685505719498906e+03,1.471284295744151205e+00
6.510203375860271080e+03,1.471284176892447171e+00
6.509721246001043255e+03,1.471284056555096864e+00
6.509239116141814520e+03,1.471283818851688796e+00
6.508756986282585785e+03,1.471283699999984984e+00
6.508274856423357960e+03,1.471283699999984984e+00
6.507792726564129225e+03,1.471283699999984984e+00
6.507310596704901400e+03,1.471283579662634677e+00
6.506828466845672665e+03,1.471283579662634677e+00
6.506346336986443930e+03,1.471283460810930643e+00
6.505864207127216105e+03,1.471283460810930643e+00
6.505382077267987370e+03,1.471283341959226609e+00
6.504899947408759544e+03,1.471283341959226609e+00
6.504417817549530810e+03,1.471283223107522575e+00
6.503935687690302075e+03,1.471283104255818541e+00
6.503453557831074249e+03,1.471282983918468235e+00
6.502971427971845515e+03,1.471282865066764201e+00
6.502489298112617689e+03,1.471282746215060389e+00
6.502007168253388954e+03,1.471282627363356355e+00
6.501525038394160219e+03,1.471282627363356355e+00
6.501042908534932394e+03,1.471282507026006048e+00
6.500560778675703659e+03,1.471282388174302014e+00
6.500078648816475834e+03,1.471282388174302014e+00
6.499596518957247099e+03,1.471282388174302014e+00
6.499114389098018364e+03,1.471282269322597980e+00
6.498632259238790539e+03,1.471282269322597980e+00
6.498150129379561804e+03,1.471282269322597980e+00
6.497667999520333979e+03,1.471282150470893946e+00
6.497185869661105244e+03,1.471282030133543639e+00
6.496703739801876509e+03,1.471282030133543639e+00
6.496221609942648684e+03,1.471281911281839605e+00
6.495739480083419949e+03,1.471281792430135793e+00
6.495257350224192123e+03,1.471281553241081452e+00
6.494775220364963388e+03,1.471281553241081452e+00
6.494293090505734654e+03,1.471281434389377418e+00
6.493810960646506828e+03,1.471281434389377418e+00
6.493328830787278093e+03,1.471281434389377418e+00
6.492846700928050268e+03,1.471281315537673384e+00
6.492364571068821533e+03,1.471281196685969350e+00
6.491882441209592798e+03,1.471281196685969350e+00
6.491400311350364973e+03,1.471281076348619044e+00
6.490918181491137148e+03,1.471280957496915009e+00
6.490436051631908413e+03,1.471280838645211198e+00
6.489953921772679678e+03,1.471280719793507163e+00
6.489471791913450943e+03,1.471280599456156857e+00
6.488989662054223118e+03,1.471280480604452823e+00
6.488507532194995292e+03,1.471280480604452823e+00
6.488025402335766557e+03,1.471280361752748789e+00
6.487543272476537823e+03,1.471280361752748789e+00
6.487061142617309997e+03,1.471280242901044755e+00
6.486579012758081262e+03,1.471280124049340721e+00
6.486096882898853437e+03,1.471280124049340721e+00
6.485614753039624702e+03,1.471280003711990414e+00
6.485132623180395967e+03,1.471280003711990414e+00
6.484650493321168142e+03,1.471279884860286602e+00
6.484168363461939407e+03,1.471279766008582568e+00
6.483686233602711582e+03,1.471279766008582568e+00
6.483204103743482847e+03,1.471279647156878534e+00
6.482721973884254112e+03,1.471279526819528227e+00
6.482239844025026287e+03,1.471279526819528227e+00
6.481757714165797552e+03,1.471279407967824193e+00
6.481275584306569726e+03,1.471279289116120159e+00
6.480793454447340991e+03,1.471279170264416125e+00
6.480311324588112257e+03,1.471279170264416125e+00
6.479829194728884431e+03,1.471279049927065818e+00
6.479347064869655696e+03,1.471279049927065818e+00
6.478864935010427871e+03,1.471278931075361784e+00
6.478382805151199136e+03,1.471278931075361784e+00
6.477900675291970401e+03,1.471278812223657972e+00
6.477418545432742576e+03,1.471278693371953938e+00
6.476936415573513841e+03,1.471278693371953938e+00
6.476454285714286016e+03,1.471278573034603632e+00
6.475972155855057281e+03,1.471278454182899598e+00
6.475490025995828546e+03,1.471278335331195564e+00
6.475007896136600721e+03,1.471278216479491530e+00
6.474525766277371986e+03,1.471278096142141223e+00
6.474043636418144160e+03,1.471278096142141223e+00
6.473561506558915426e+03,1.471278096142141223e+00
6.473079376699686691e+03,1.471278096142141223e+00
6.472597246840458865e+03,1.471277977290437189e+00
6.472115116981230130e+03,1.471277858438733377e+00
6.471632987122002305e+03,1.471277858438733377e+00
6.471150857262773570e+03,1.471277739587029343e+00
6.470668727403544835e+03,1.471277739587029343e+00
6.470186597544317010e+03,1.471277500397975002e+00
6.469704467685089185e+03,1.471277381546270968e+00
6.469222337825860450e+03,1.471277262694566934e+00
6.468740207966631715e+03,1.471277142357216627e+00
6.468258078107402980e+03,1.471277142357216627e+00
6.467775948248175155e+03,1.471277023505512593e+00
6.467293818388947329e+03,1.471277023505512593e+00
6.466811688529718595e+03,1.471276904653808781e+00
6.466329558670489860e+03,1.471276785802104747e+00
6.465847428811262034e+03,1.471276785802104747e+00
6.465365298952033299e+03,1.471276666950400713e+00
6.464883169092805474e+03,1.471276666950400713e+00
6.464401039233576739e+03,1.471276546613050407e+00
6.463918909374348004e+03,1.471276427761346373e+00
6.463436779515120179e+03,1.471276308909642339e+00
6.462954649655891444e+03,1.471276308909642339e+00
6.462472519796663619e+03,1.471276190057938305e+00
6.461990389937434884e+03,1.471276190057938305e+00
6.461508260078206149e+03,1.471276069720587998e+00
6.461026130218978324e+03,1.471275950868884186e+00
6.460544000359749589e+03,1.471275832017180152e+00
6.460061870500521763e+03,1.471275713165476118e+00
6.459579740641293029e+03,1.471275713165476118e+00
6.459097610782064294e+03,1.471275592828125811e+00
6.458615480922836468e+03,1.471275592828125811e+00
6.458133351063607734e+03,1.471275473976421777e+00
6.457651221204379908e+03,1.471275473976421777e+00
6.457169091345151173e+03,1.471275355124717743e+00
6.456686961485922438e+03,1.471275236273013709e+00
6.456204831626694613e+03,1.471275236273013709e+00
6.455722701767465878e+03,1.471275115935663402e+00
6.455240571908238053e+03,1.471274997083959590e+00
6.454758442049009318e+03,1.471274878232255556e+00
6.454276312189780583e+03,1.471274759380551522e+00
6.453794182330552758e+03,1.471274639043201216e+00
6.453312052471324023e+03,1.471274639043201216e+00
6.452829922612096198e+03,1.471274520191497182e+00
6.452347792752867463e+03,1.471274520191497182e+00
6.451865662893638728e+03,1.471274401339793148e+00
6.451383533034410902e+03,1.471274401339793148e+00
6.450901403175182168e+03,1.471274282488089113e+00
6.450419273315954342e+03,1.471274162150738807e+00
6.449937143456725607e+03,1.471274043299034995e+00
6.449455013597496873e+03,1.471273924447330961e+00
6.448972883738269047e+03,1.471273805595626927e+00
6.448490753879040312e+03,1.471273805595626927e+00
6.448008624019812487e+03,1.471273686743922893e+00
6.447526494160583752e+03,1.471273686743922893e+00
6.447044364301355017e+03,1.471273566406572586e+00
6.446562234442127192e+03,1.471273447554868552e+00
6.446080104582899367e+03,1.471273328703164518e+00
6.445597974723670632e+03,1.471273209851460484e+00
6.445115844864441897e+03,1.471273209851460484e+00
6.444633715005214071e+03,1.471273089514110399e+00
6.444151585145985337e+03,1.471272970662406365e+00
6.443669455286757511e+03,1.471272851810702331e+00
6.443187325427528776e+03,1.471272851810702331e+00
6.442705195568300041e+03,1.471272732958998297e+00
6.442223065709072216e+03,1.471272612621647990e+00
6.441740935849843481e+03,1.471272612621647990e+00
6.441258805990615656e+03,1.471272374918239922e+00
6.440776676131386921e+03,1.471272256066535888e+00
6.440294546272158186e+03,1.471272135729185582e+00
6.439812416412930361e+03,1.471272135729185582e+00
6.439330286553701626e+03,1.471272135729185582e+00
6.438848156694473801e+03,1.471272016877481770e+00
6.438366026835245066e+03,1.471271898025777736e+00
6.437883896976016331e+03,1.471271779174073702e+00
6.437401767116788506e+03,1.471271779174073702e+00
6.436919637257559771e+03,1.471271658836723395e+00
6.436437507398331945e+03,1.471271539985019361e+00
6.435955377539103210e+03,1.471271539985019361e+00
6.435473247679874476e+03,1.471271302281611293e+00
6.434991117820646650e+03,1.471271181944260986e+00
6.434508987961417915e+03,1.471271063092557174e+00
6.434026858102190090e+03,1.471271063092557174e+00
6.433544728242961355e+03,1.471270944240853140e+00
6.433062598383732620e+03,1.471270825389149106e+00
6.432580468524504795e+03,1.471270825389149106e+00
6.432098338665276060e+03,1.471270705051798799e+00
6.431616208806048235e+03,1.471270586200094765e+00
6.431134078946819500e+03,1.471270467348390731e+00
6.430651949087590765e+03,1.471270467348390731e+00
6.430169819228362940e+03,1.471270348496686697e+00
6.429687689369134205e+03,1.471270229644982885e+00
6.429205559509906379e+03,1.471270109307632579e+00
6.428723429650677645e+03,1.471269990455928545e+00
6.428241299791448910e+03,1.471269990455928545e+00
6.427759169932221084e+03,1.471269871604224511e+00
6.427277040072992349e+03,1.471269752752520477e+00
6.426794910213764524e+03,1.471269632415170170e+00
6.426312780354535789e+03,1.471269513563466136e+00
6.425830650495307054e+03,1.471269394711762102e+00
6.425348520636079229e+03,1.471269394711762102e+00
6.424866390776851404e+03,1.471269275860058290e+00
6.424384260917622669e+03,1.471269275860058290e+00
6.423902131058393934e+03,1.471269155522707983e+00
6.423420001199166109e+03,1.471269036671003949e+00
6.422937871339937374e+03,1.471268917819299915e+00
6.422455741480709548e+03,1.471268798967595881e+00
6.421973611621480813e+03,1.471268798967595881e+00
6.421491481762252079e+03,1.471268678630245574e+00
6.421009351903024253e+03,1.471268440926837506e+00
6.420527222043795518e+03,1.471268322075133694e+00
6.420045092184567693e+03,1.471268322075133694e+00
6.419562962325338958e+03,1.471268322075133694e+00
6.419080832466110223e+03,1.471268201737783388e+00
6.418598702606882398e+03,1.471268201737783388e+00
6.418116572747653663e+03,1.471268082886079354e+00
6.417634442888425838e+03,1.471267964034375320e+00
6.417152313029197103e+03,1.471267845182671286e+00
6.416670183169968368e+03,1.471267724845320979e+00
6.416188053310740543e+03,1.471267605993616945e+00
6.415705923451511808e+03,1.471267487141912911e+00
6.415223793592283982e+03,1.471267368290209099e+00
6.414741663733055248e+03,1.471267249438505065e+00
6.414259533873826513e+03,1.471267129101154758e+00
6.413777404014598687e+03,1.471267010249450724e+00
6.413295274155369952e+03,1.471266891397746690e+00
6.412813144296142127e+03,1.471266772546042656e+00
6.412331014436913392e+03,1.471266772546042656e+00
6.411848884577684657e+03,1.471266652208692349e+00
6.411366754718456832e+03,1.471266533356988315e+00
6.410884624859228097e+03,1.471266533356988315e+00
6.410402495000000272e+03,1.471266414505284503e+00
6.409920365140771537e+03,1.471266295653580469e+00
6.409438235281542802e+03,1.471266175316230163e+00
6.408956105422314977e+03,1.471266056464526129e+00
6.408473975563086242e+03,1.471265937612822094e+00
6.407991845703858417e+03,1.471265818761118060e+00
6.407509715844629682e+03,1.471265698423767754e+00
6.407027585985400947e+03,1.471265579572063720e+00
6.406545456126173121e+03,1.471265460720359686e+00
6.406063326266944387e+03,1.471265341868655874e+00
6.405581196407716561e+03,1.471265341868655874e+00
6.405099066548487826e+03,1.471265221531305567e+00
6.404616936689259092e+03,1.471265221531305567e+00
6.404134806830031266e+03,1.471265102679601533e+00
6.403652676970803441e+03,1.471264983827897499e+00
6.403170547111574706e+03,1.471264864976193465e+00
6.402688417252345971e+03,1.471264744638843158e+00
6.402206287393118146e+03,1.471264744638843158e+00
6.401724157533889411e+03,1.471264625787139124e+00
6.401242027674661585e+03,1.471264388083731278e+00
6.400759897815432851e+03,1.471264267746380972e+00
6.400277767956204116e+03,1.471264148894676937e+00
6.399795638096976290e+03,1.471264148894676937e+00
6.399313508237747556e+03,1.471264030042972903e+00
6.398831378378519730e+03,1.471264030042972903e+00
6.398349248519290995e+03,1.471263911191268869e+00
6.397867118660062260e+03,1.471263792339564835e+00
6.397384988800834435e+03,1.471263792339564835e+00
6.396902858941605700e+03,1.471263672002214529e+00
6.396420729082377875e+03,1.471263553150510495e+00
6.395938599223149140e+03,1.471263434298806683e+00
6.395456469363920405e+03,1.471263315447102649e+00
6.394974339504692580e+03,1.471263076258048308e+00
6.394492209645463845e+03,1.471262957406344274e+00
6.394010079786236020e+03,1.471262957406344274e+00
6.393527949927007285e+03,1.471262838554640240e+00
6.393045820067778550e+03,1.471262718217289933e+00
6.392563690208550724e+03,1.471262599365585899e+00
6.392081560349321990e+03,1.471262480513882087e+00
6.391599430490094164e+03,1.471262361662178053e+00
6.391117300630865429e+03,1.471262361662178053e+00
6.390635170771636695e+03,1.471262241324827746e+00
6.390153040912408869e+03,1.471262122473123712e+00
6.389670911053180134e+03,1.471262122473123712e+00
6.389188781193952309e+03,1.471262003621419678e+00
6.388706651334723574e+03,1.471261884769715644e+00
6.388224521475494839e+03,1.471261764432365338e+00
6.387742391616267014e+03,1.471261645580661304e+00
6.387260261757038279e+03,1.471261526728957492e+00
6.386778131897810454e+03,1.471261407877253458e+00
6.386296002038581719e+03,1.471261287539903151e+00
6.385813872179352984e+03,1.471261287539903151e+00
6.385331742320125159e+03,1.471261168688199117e+00
6.384849612460896424e+03,1.471261049836495083e+00
6.384367482601668598e+03,1.471260930984791049e+00
6.383885352742439864e+03,1.471260812133087015e+00
6.383403222883211129e+03,1.471260691795736708e+00
6.382921093023983303e+03,1.471260691795736708e+00
6.382438963164755478e+03,1.471260572944032896e+00
6.381956833305526743e+03,1.471260454092328862e+00
6.381474703446298008e+03,1.471260335240624828e+00
6.380992573587070183e+03,1.471260214903274521e+00
6.380510443727841448e+03,1.471260096051570487e+00
6.380028313868613623e+03,1.471259977199866453e+00
6.379546184009384888e+03,1.471259977199866453e+00
6.379064054150156153e+03,1.471259858348162419e+00
6.378581924290928328e+03,1.471259738010812113e+00
6.378099794431699593e+03,1.471259619159108301e+00
6.377617664572471767e+03,1.471259500307404267e+00
6.377135534713243032e+03,1.471259500307404267e+00
6.376653404854014298e+03,1.471259381455700233e+00
6.376171274994786472e+03,1.471259381455700233e+00
6.375689145135557737e+03,1.471259261118349926e+00
6.375207015276329912e+03,1.471259023414941858e+00
6.374724885417101177e+03,1.471258904563237824e+00
6.374242755557872442e+03,1.471258784225887517e+00
6.373760625698644617e+03,1.471258665374183483e+00
6.373278495839415882e+03,1.471258665374183483e+00
6.372796365980188057e+03,1.471258546522479671e+00
6.372314236120959322e+03,1.471258427670775637e+00
6.371832106261730587e+03,1.471258307333425330e+00
6.371349976402502762e+03,1.471258188481721296e+00
6.370867846543274027e+03,1.471258188481721296e+00
6.370385716684046201e+03,1.471258069630017262e+00
6.369903586824817467e+03,1.471257950778313228e+00
6.369421456965588732e+03,1.471257830440962922e+00
6.368939327106360906e+03,1.471257711589258887e+00
6.368457197247132171e+03,1.471257592737555076e+00
6.367975067387904346e+03,1.471257473885851041e+00
6.367492937528675611e+03,1.471257355034147007e+00
6.367010807669446876e+03,1.471257234696796701e+00
6.366528677810219051e+03,1.471257115845092667e+00
6.366046547950990316e+03,1.471256996993388633e+00
6.365564418091762491e+03,1.471256996993388633e+00
6.365082288232533756e+03,1.471256878141684599e+00
6.364600158373305021e+03,1.471256878141684599e+00
6.364118028514077196e+03,1.471256757804334292e+00
6.363635898654848461e+03,1.471256638952630480e+00
6.363153768795620636e+03,1.471256520100926446e+00
6.362671638936391901e+03,1.471256401249222412e+00
6.362189509077163166e+03,1.471256280911872105e+00
6.361707379217935340e+03,1.471256162060168071e+00
6.361225249358707515e+03,1.471256043208464037e+00
6.360743119499478780e+03,1.471255924356760003e+00
6.360260989640250045e+03,1.471255804019409696e+00
6.359778859781022220e+03,1.471255685167705884e+00
6.359296729921793485e+03,1.471255685167705884e+00
6.358814600062565660e+03,1.471255566316001850e+00
6.358332470203336925e+03,1.471255447464297816e+00
6.357850340344108190e+03,1.471255447464297816e+00
6.357368210484880365e+03,1.471255327126947510e+00
6.356886080625651630e+03,1.471255208275243476e+00
6.356403950766423804e+03,1.471255089423539442e+00
6.355921820907195070e+03,1.471255089423539442e+00
6.355439691047966335e+03,1.471254850234485101e+00
6.354957561188738509e+03,1.471254731382781289e+00
6.354475431329509775e+03,1.471254612531077255e+00
6.353993301470281949e+03,1.471254493679373221e+00
6.353511171611053214e+03,1.471254374827669187e+00
6.353029041751824479e+03,1.471254254490318880e+00
6.352546911892596654e+03,1.471254135638614846e+00
6.352064782033367919e+03,1.471254016786910812e+00
6.351582652174140094e+03,1.471254016786910812e+00
6.351100522314911359e+03,1.471253897935207000e+00
6.350618392455682624e+03,1.471253897935207000e+00
6.350136262596454799e+03,1.471253777597856693e+00
6.349654132737226064e+03,1.471253658746152659e+00
6.349172002877998239e+03,1.471253539894448625e+00
6.348689873018769504e+03,1.471253421042744591e+00
6.348207743159540769e+03,1.471253300705394285e+00
6.347725613300312943e+03,1.471253181853690251e+00
6.347243483441084209e+03,1.471253063001986217e+00
6.346761353581856383e+03,1.471252823812932098e+00
6.346279223722627648e+03,1.471252823812932098e+00
6.345797093863398914e+03,1.471252704961228064e+00
6.345314964004171088e+03,1.471252586109524030e+00
6.344832834144942353e+03,1.471252586109524030e+00
6.344350704285714528e+03,1.471252467257819996e+00
6.343868574426485793e+03,1.471252346920469689e+00
6.343386444567257058e+03,1.471252228068765655e+00
6.342904314708029233e+03,1.471252109217061621e+00
6.342422184848800498e+03,1.471252109217061621e+00
6.341940054989572673e+03,1.471251990365357587e+00
6.341457925130343938e+03,1.471251870028007502e+00
6.340975795271115203e+03,1.471251632324599434e+00
6.340493665411887378e+03,1.471251513472895400e+00
6.340011535552659552e+03,1.471251394621191366e+00
6.339529405693430817e+03,1.471251274283841060e+00
6.339047275834202082e+03,1.471251155432137026e+00
6.338565145974973348e+03,1.471251155432137026e+00
6.338083016115745522e+03,1.471251036580432991e+00
6.337600886256517697e+03,1.471250917728729180e+00
6.337118756397288962e+03,1.471250797391378873e+00
6.336636626538060227e+03,1.471250797391378873e+00
6.336154496678832402e+03,1.471250678539674839e+00
6.335672366819603667e+03,1.471250559687970805e+00
6.335190236960375842e+03,1.471250440836266771e+00
6.334708107101147107e+03,1.471250320498916464e+00
6.334225977241918372e+03,1.471250201647212430e+00
6.333743847382690547e+03,1.471250082795508396e+00
6.333261717523461812e+03,1.471249963943804584e+00
6.332779587664233986e+03,1.471249843606454277e+00
6.332297457805005251e+03,1.471249724754750243e+00
6.331815327945776517e+03,1.471249724754750243e+00
6.331333198086548691e+03,1.471249605903046209e+00
6.330851068227319956e+03,1.471249487051342175e+00
6.330368938368092131e+03,1.471249487051342175e+00
6.329886808508863396e+03,1.471249366713991868e+00
6.329404678649634661e+03,1.471249247862287834e+00
6.328922548790406836e+03,1.471249010158879988e+00
6.328440418931178101e+03,1.471248889821529682e+00
6.327958289071950276e+03,1.471248770969825648e+00
6.327476159212721541e+03,1.471248652118121614e+00
6.326994029353492806e+03,1.471248533266417580e+00
6.326511899494264981e+03,1.471248412929067273e+00
6.326029769635036246e+03,1.471248294077363239e+00
6.325547639775808420e+03,1.471248175225659205e+00
6.325065509916579686e+03,1.471248175225659205e+00
6.324583380057350951e+03,1.471248056373955393e+00
6.324101250198123125e+03,1.471248056373955393e+00
6.323619120338894390e+03,1.471247937522251359e+00
6.323136990479666565e+03,1.471247817184901052e+00
6.322654860620437830e+03,1.471247698333197018e+00
6.322172730761209095e+03,1.471247579481492984e+00
6.321690600901981270e+03,1.471247460629788950e+00
6.321208471042752535e+03,1.471247340292438643e+00
6.320726341183524710e+03,1.471247221440734609e+00
6.320244211324295975e+03,1.471247102589030797e+00
6.319762081465067240e+03,1.471246983737326763e+00
6.319279951605839415e+03,1.471246863399976457e+00
6.318797821746611589e+03,1.471246744548272423e+00
6.318315691887382854e+03,1.471246744548272423e+00
6.317833562028154120e+03,1.471246625696568389e+00
6.317351432168925385e+03,1.471246506844864355e+00
6.316869302309697559e+03,1.471246386507514048e+00
6.316387172450469734e+03,1.471246386507514048e+00
6.315905042591240999e+03,1.471246267655810014e+00
6.315422912732012264e+03,1.471246029952402168e+00
6.314940782872784439e+03,1.471245909615051861e+00
6.314458653013555704e+03,1.471245790763347827e+00
6.313976523154327879e+03,1.471245671911643793e+00
6.313494393295099144e+03,1.471245671911643793e+00
6.313012263435870409e+03,1.471245432722589452e+00
6.312530133576642584e+03,1.471245313870885418e+00
6.312048003717413849e+03,1.471245195019181384e+00
6.311565873858186023e+03,1.471245076167477572e+00
6.311083743998957289e+03,1.471245076167477572e+00
6.310601614139728554e+03,1.471244957315773538e+00
6.310119484280500728e+03,1.471244836978423232e+00
6.309637354421271993e+03,1.471244836978423232e+00
6.309155224562044168e+03,1.471244599275015164e+00
6.308673094702815433e+03,1.471244599275015164e+00
6.308190964843586698e+03,1.471244480423311130e+00
6.307708834984358873e+03,1.471244360085960823e+00
6.307226705125130138e+03,1.471244241234256789e+00
6.306744575265902313e+03,1.471244122382552977e+00
6.306262445406673578e+03,1.471244003530848943e+00
6.305780315547444843e+03,1.471243883193498636e+00
6.305298185688217018e+03,1.471243764341794602e+00
6.304816055828988283e+03,1.471243764341794602e+00
6.304333925969760458e+03,1.471243645490090568e+00
6.303851796110531723e+03,1.471243526638386534e+00
6.303369666251302988e+03,1.471243406301036227e+00
6.302887536392075162e+03,1.471243287449332193e+00
6.302405406532846428e+03,1.471243168597628381e+00
6.301923276673618602e+03,1.471243049745924347e+00
6.301441146814389867e+03,1.471242929408574041e+00
6.300959016955161133e+03,1.471242810556870007e+00
6.300476887095933307e+03,1.471242691705165972e+00
6.299994757236704572e+03,1.471242572853461938e+00
6.299512627377476747e+03,1.471242452516111632e+00
6.299030497518248012e+03,1.471242452516111632e+00
6.298548367659019277e+03,1.471242333664407598e+00
6.298066237799791452e+03,1.471242214812703786e+00
6.297584107940563626e+03,1.471242095960999752e+00
6.297101978081334892e+03,1.471241975623649445e+00
6.296619848222106157e+03,1.471241856771945411e+00
6.296137718362877422e+03,1.471241856771945411e+00
6.295655588503649597e+03,1.471241737920241377e+00
6.295173458644421771e+03,1.471241619068537343e+00
6.294691328785193036e+03,1.471241500216833309e+00
6.294209198925964301e+03,1.471241379879483002e+00
6.293727069066736476e+03,1.471241261027779190e+00
6.293244939207507741e+03,1.471241142176075156e+00
6.292762809348279916e+03,1.471241023324371122e+00
6.292280679489051181e+03,1.471240902987020815e+00
6.291798549629822446e+03,1.471240784135316781e+00
6.291316419770594621e+03,1.471240665283612747e+00
6.290834289911365886e+03,1.471240546431908713e+00
6.290352160052138061e+03,1.471240546431908713e+00
6.289870030192909326e+03,1.471240426094558407e+00
6.289387900333680591e+03,1.471240307242854595e+00
6.288905770474452765e+03,1.471240188391150561e+00
6.288423640615224031e+03,1.471240069539446527e+00
6.287941510755996205e+03,1.471239949202096220e+00
6.287459380896767470e+03,1.471239830350392186e+00
6.286977251037538736e+03,1.471239711498688152e+00
6.286495121178310910e+03,1.471239592646984118e+00
6.286012991319082175e+03,1.471239472309633811e+00
6.285530861459854350e+03,1.471239353457929999e+00
6.285048731600625615e+03,1.471239234606225965e+00
6.284566601741396880e+03,1.471239115754521931e+00
6.284084471882169055e+03,1.471238995417171624e+00
6.283602342022940320e+03,1.471238876565467590e+00
6.283120212163712495e+03,1.471238757713763556e+00
6.282638082304483760e+03,1.471238757713763556e+00
6.282155952445255025e+03,1.471238638862059522e+00
6.281673822586027200e+03,1.471238520010355488e+00
6.281191692726798465e+03,1.471238399673005182e+00
6.280709562867570639e+03,1.471238280821301370e+00
6.280227433008341904e+03,1.471238043117893302e+00
6.279745303149113170e+03,1.471238043117893302e+00
6.279263173289885344e+03,1.471237922780542995e+00
6.278781043430656609e+03,1.471237803928838961e+00
6.278298913571428784e+03,1.471237685077134927e+00
6.277816783712200049e+03,1.471237566225430893e+00
6.277334653852971314e+03,1.471237445888080586e+00
6.276852523993743489e+03,1.471237327036376774e+00
6.276370394134515664e+03,1.471237327036376774e+00
6.275888264275286929e+03,1.471237208184672740e+00
6.275406134416058194e+03,1.471237089332968706e+00
6.274924004556829459e+03,1.471236968995618399e+00
6.274441874697601634e+03,1.471236850143914365e+00
6.273959744838373808e+03,1.471236731292210331e+00
6.273477614979145073e+03,1.471236612440506297e+00
6.272995485119916339e+03,1.471236492103155991e+00
6.272513355260688513e+03,1.471236373251452179e+00
6.272031225401459778e+03,1.471236254399748145e+00
6.271549095542231953e+03,1.471236135548044111e+00
6.271066965683003218e+03,1.471236015210693804e+00
6.270584835823774483e+03,1.471235896358989770e+00
6.270102705964546658e+03,1.471235896358989770e+00
6.269620576105317923e+03,1.471235777507285736e+00
6.269138446246090098e+03,1.471235538318231395e+00
6.268656316386861363e+03,1.471235419466527583e+00
6.268174186527632628e+03,1.471235300614823549e+00
6.267692056668404803e+03,1.471235181763119515e+00
6.267209926809176068e+03,1.471235062911415481e+00
6.266727796949948242e+03,1.471234942574065174e+00
6.266245667090719508e+03,1.471234823722361140e+00
6.265763537231490773e+03,1.471234704870657106e+00
6.265281407372262947e+03,1.471234586018953294e+00
6.264799277513034212e+03,1.471234465681602988e+00
6.264317147653806387e+03,1.471234346829898954e+00
6.263835017794577652e+03,1.471234227978194919e+00
6.263352887935348917e+03,1.471234109126490885e+00
6.262870758076121092e+03,1.471233988789140579e+00
6.262388628216892357e+03,1.471233988789140579e+00
6.261906498357664532e+03,1.471233869937436545e+00
6.261424368498435797e+03,1.471233751085732511e+00
6.260942238639207062e+03,1.471233632234028699e+00
6.260460108779979237e+03,1.471233511896678392e+00
6.259977978920750502e+03,1.471233393044974358e+00
6.259495849061522676e+03,1.471233274193270324e+00
6.259013719202293942e+03,1.471233155341566290e+00
6.258531589343065207e+03,1.471233035004215983e+00
6.258049459483837381e+03,1.471232916152511949e+00
6.257567329624608647e+03,1.471232797300807915e+00
6.257085199765380821e+03,1.471232797300807915e+00
6.256603069906152086e+03,1.471232678449104103e+00
6.256120940046923351e+03,1.471232558111753796e+00
6.255638810187695526e+03,1.471232439260049762e+00
6.255156680328467701e+03,1.471232320408345728e+00
6.254674550469238966e+03,1.471232201556641694e+00
6.254192420610010231e+03,1.471231962367587354e+00
6.253710290750781496e+03,1.471231843515883320e+00
6.253228160891553671e+03,1.471231724664179286e+00
6.252746031032325845e+03,1.471231605812475474e+00
6.252263901173097111e+03,1.471231485475125167e+00
6.251781771313868376e+03,1.471231366623421133e+00
6.251299641454640550e+03,1.471231247771717099e+00
6.250817511595411816e+03,1.471231128920013065e+00
6.250335381736183990e+03,1.471231008582662758e+00
6.249853251876955255e+03,1.471231008582662758e+00
6.249371122017726520e+03,1.471230889730958724e+00
6.248888992158498695e+03,1.471230770879254690e+00
6.248406862299269960e+03,1.471230652027550878e+00
6.247924732440042135e+03,1.471230531690200571e+00
6.247442602580813400e+03,1.471230412838496537e+00
6.246960472721584665e+03,1.471230293986792503e+00
6.246478342862356840e+03,1.471230054797738163e+00
6.245996213003128105e+03,1.471229935946034129e+00
6.245514083143900280e+03,1.471229817094330095e+00
6.245031953284671545e+03,1.471229817094330095e+00
6.244549823425442810e+03,1.471229698242626283e+00
6.244067693566214984e+03,1.471229577905275976e+00
6.243585563706986250e+03,1.471229340201867908e+00
6.243103433847758424e+03,1.471229221350163874e+00
6.242621303988529689e+03,1.471229221350163874e+00
6.242139174129300955e+03,1.471229101012813567e+00
6.241657044270073129e+03,1.471228982161109533e+00
6.241174914410844394e+03,1.471228863309405499e+00
6.240692784551616569e+03,1.471228744457701687e+00
6.240210654692387834e+03,1.471228625605997653e+00
6.239728524833159099e+03,1.471228386416943312e+00
6.239246394973931274e+03,1.471228267565239278e+00
6.238764265114702539e+03,1.471228148713535244e+00
6.238282135255474714e+03,1.471228028376184938e+00
6.237800005396245979e+03,1.471227909524480904e+00
6.237317875537017244e+03,1.471227790672777092e+00
6.236835745677789419e+03,1.471227671821073058e+00
6.236353615818560684e+03,1.471227671821073058e+00
6.235871485959332858e+03,1.471227551483722751e+00
6.235389356100104123e+03,1.471227432632018717e+00
6.234907226240875389e+03,1.471227313780314683e+00
6.234425096381647563e+03,1.471227194928610649e+00
6.233942966522419738e+03,1.471227074591260342e+00
6.233460836663191003e+03,1.471226955739556308e+00
6.232978706803962268e+03,1.471226718036148462e+00
6.232496576944733533e+03,1.471226597698798155e+00
6.232014447085505708e+03,1.471226478847094121e+00
6.231532317226277883e+03,1.471226359995390087e+00
6.231050187367049148e+03,1.471226241143686053e+00
6.230568057507820413e+03,1.471226241143686053e+00
6.230085927648592588e+03,1.471226120806335746e+00
6.229603797789363853e+03,1.471226001954631712e+00
6.229121667930136027e+03,1.471225764251223866e+00
6.228639538070907292e+03,1.471225645399519832e+00
6.228157408211678558e+03,1.471225525062169526e+00
6.227675278352450732e+03,1.471225406210465492e+00
6.227193148493221997e+03,1.471225287358761458e+00
6.226711018633994172e+03,1.471225168507057424e+00
6.226228888774765437e+03,1.471225048169707117e+00
6.225746758915536702e+03,1.471224929318003083e+00
6.225264629056308877e+03,1.471224810466299271e+00
6.224782499197080142e+03,1.471224691614595237e+00
6.224300369337852317e+03,1.471224571277244930e+00
6.223818239478623582e+03,1.471224452425540896e+00
6.223336109619394847e+03,1.471224333573836862e+00
6.222853979760167022e+03,1.471224214722132828e+00
6.222371849900938287e+03,1.471224094384782521e+00
6.221889720041710461e+03,1.471223975533078487e+00
6.221407590182481727e+03,1.471223856681374675e+00
6.220925460323252992e+03,1.471223737829670641e+00
6.220443330464025166e+03,1.471223498640616301e+00
6.219961200604796431e+03,1.471223379788912267e+00
6.219479070745568606e+03,1.471223260937208233e+00
6.218996940886339871e+03,1.471223140599857926e+00
6.218514811027111136e+03,1.471223021748153892e+00
6.218032681167883311e+03,1.471222902896450080e+00
6.217550551308654576e+03,1.471222784044746046e+00
6.217068421449426751e+03,1.471222663707395739e+00
6.216586291590198016e+03,1.471222544855691705e+00
6.216104161730969281e+03,1.471222426003987671e+00
6.215622031871741456e+03,1.471222307152283637e+00
6.215139902012512721e+03,1.471222188300579603e+00
6.214657772153284895e+03,1.471222067963229296e+00
6.214175642294056161e+03,1.471221949111525484e+00
6.213693512434827426e+03,1.471221830259821450e+00
6.213211382575599600e+03,1.471221711408117416e+00
6.212729252716370866e+03,1.471221472219063076e+00
6.212247122857143040e+03,1.471221353367359042e+00
6.211764992997914305e+03,1.471221234515655008e+00
6.211282863138685570e+03,1.471221114178304701e+00
6.210800733279457745e+03,1.471220995326600889e+00
6.210318603420229920e+03,1.471220876474896855e+00
6.209836473561001185e+03,1.471220757623192821e+00
6.209354343701772450e+03,1.471220637285842514e+00
6.208872213842544625e+03,1.471220518434138480e+00
6.208390083983315890e+03,1.471220399582434446e+00
6.207907954124088064e+03,1.471220280730730412e+00
6.207425824264859330e+03,1.471220160393380105e+00
6.206943694405630595e+03,1.471220041541676293e+00
6.206461564546402769e+03,1.471219803838268225e+00
6.205979434687174034e+03,1.471219683500917919e+00
6.205497304827946209e+03,1.471219564649213885e+00
6.205015174968717474e+03,1.471219445797509850e+00
6.204533045109488739e+03,1.471219326945805816e+00
6.204050915250260914e+03,1.471219208094101782e+00
6.203568785391032179e+03,1.471218968905047664e+00
6.203086655531804354e+03,1.471218850053343630e+00
6.202604525672575619e+03,1.471218731201639596e+00
6.202122395813346884e+03,1.471218731201639596e+00
6.201640265954119059e+03,1.471218610864289289e+00
6.201158136094890324e+03,1.471218492012585255e+00
6.200676006235662499e+03,1.471218254309177187e+00
6.200193876376433764e+03,1.471218133971827102e+00
6.199711746517205029e+03,1.471218015120123068e+00
6.199229616657977203e+03,1.471217896268419034e+00
6.198747486798748469e+03,1.471217777416715000e+00
6.198265356939520643e+03,1.471217657079364693e+00
6.197783227080291908e+03,1.471217419375956625e+00
6.197301097221063173e+03,1.471217300524252591e+00
6.196818967361835348e+03,1.471217180186902285e+00
6.196336837502606613e+03,1.471217061335198473e+00
6.195854707643378788e+03,1.471216942483494439e+00
6.195372577784150053e+03,1.471216823631790405e+00
6.194890447924921318e+03,1.471216703294440098e+00
6.194408318065693493e+03,1.471216584442736064e+00
6.193926188206464758e+03,1.471216465591032030e+00
6.193444058347236933e+03,1.471216346739327996e+00
6.192961928488008198e+03,1.471216226401977689e+00
6.192479798628779463e+03,1.471215988698569843e+00
6.191997668769551638e+03,1.471215750995161775e+00
6.191515538910322903e+03,1.471215630657811468e+00
6.191033409051095077e+03,1.471215511806107434e+00
6.190551279191866342e+03,1.471215511806107434e+00
6.190069149332637608e+03,1.471215392954403400e+00
6.189587019473409782e+03,1.471215274102699588e+00
6.189104889614181957e+03,1.471215153765349282e+00
6.188622759754953222e+03,1.471214916061941214e+00
6.188140629895724487e+03,1.471214797210237180e+00
6.187658500036496662e+03,1.471214676872886873e+00
6.187176370177267927e+03,1.471214558021182839e+00
6.186694240318040102e+03,1.471214320317774993e+00
6.186212110458811367e+03,1.471214199980424686e+00
6.185729980599582632e+03,1.471214081128720652e+00
6.185247850740354806e+03,1.471213962277016618e+00
6.184765720881126072e+03,1.471213843425312584e+00
6.184283591021898246e+03,1.471213723087962277e+00
6.183801461162669511e+03,1.471213604236258243e+00
6.183319331303440777e+03,1.471213485384554209e+00
6.182837201444212951e+03,1.471213366532850397e+00
6.182355071584984216e+03,1.471213246195500091e+00
6.181872941725756391e+03,1.471213127343796057e+00
6.181390811866527656e+03,1.471213008492092023e+00
6.180908682007298921e+03,1.471212770788683954e+00
6.180426552148071096e+03,1.471212650451333648e+00
6.179944422288842361e+03,1.471212531599629614e+00
6.179462292429614536e+03,1.471212412747925802e+00
6.178980162570385801e+03,1.471212173558871461e+00
6.178498032711157066e+03,1.471212054707167427e+00
6.178015902851929241e+03,1.471211935855463393e+00
6.177533772992700506e+03,1.471211817003759359e+00
6.177051643133472680e+03,1.471211696666409052e+00
6.176569513274243945e+03,1.471211577814705018e+00
6.176087383415015211e+03,1.471211458963000984e+00
6.175605253555787385e+03,1.471211340111297172e+00
6.175123123696558650e+03,1.471211100922242832e+00
6.174640993837330825e+03,1.471210982070538797e+00
6.174158863978102090e+03,1.471210863218834763e+00
6.173676734118873355e+03,1.471210742881484457e+00
6.173194604259645530e+03,1.471210624029780423e+00
6.172712474400416795e+03,1.471210505178076389e+00
6.172230344541188970e+03,1.471210265989022270e+00
6.171748214681960235e+03,1.471210147137318236e+00
6.171266084822731500e+03,1.471209909433910168e+00
6.170783954963503675e+03,1.471209909433910168e+00
6.170301825104274940e+03,1.471209789096559861e+00
6.169819695245047114e+03,1.471209670244855827e+00
6.169337565385818380e+03,1.471209551393151793e+00
6.168855435526589645e+03,1.471209313689743947e+00
6.168373305667361819e+03,1.471209193352393640e+00
6.167891175808133994e+03,1.471209074500689606e+00
6.167409045948905259e+03,1.471208955648985572e+00
6.166926916089676524e+03,1.471208836797281538e+00
6.166444786230448699e+03,1.471208716459931232e+00
6.165962656371219964e+03,1.471208478756523386e+00
6.165480526511992139e+03,1.471208359904819352e+00
6.164998396652763404e+03,1.471208239567469045e+00
6.164516266793534669e+03,1.471208120715765011e+00
6.164034136934306844e+03,1.471208001864060977e+00
6.163552007075078109e+03,1.471207762675006636e+00
6.163069877215850283e+03,1.471207643823302602e+00
6.162587747356621549e+03,1.471207643823302602e+00
6.162105617497392814e+03,1.471207524971598790e+00
6.161623487638164988e+03,1.471207406119894756e+00
6.161141357778936253e+03,1.471207285782544449e+00
6.160659227919708428e+03,1.471207048079136381e+00
6.160177098060479693e+03,1.471206929227432347e+00
6.159694968201250958e+03,1.471206690038378007e+00
6.159212838342023133e+03,1.471206571186674195e+00
6.158730708482794398e+03,1.471206452334970161e+00
6.158248578623566573e+03,1.471206333483266127e+00
6.157766448764337838e+03,1.471206094294211786e+00
6.157284318905109103e+03,1.471205975442507752e+00
6.156802189045881278e+03,1.471205856590803718e+00
6.156320059186652543e+03,1.471205856590803718e+00
6.155837929327424717e+03,1.471205736253453411e+00
6.155355799468195983e+03,1.471205617401749599e+00
6.154873669608967248e+03,1.471205379698341531e+00
6.154391539749739422e+03,1.471205259360991224e+00
6.153909409890510688e+03,1.471205140509287190e+00
6.153427280031282862e+03,1.471205021657583156e+00
6.152945150172054127e+03,1.471204902805879122e+00
6.152463020312825392e+03,1.471204663616824782e+00
6.151980890453597567e+03,1.471204544765120970e+00
6.151498760594368832e+03,1.471204305576066629e+00
6.151016630735141007e+03,1.471204186724362595e+00
6.150534500875912272e+03,1.471204067872658561e+00
6.150052371016683537e+03,1.471203949020954527e+00
6.149570241157455712e+03,1.471203828683604220e+00
6.149088111298226977e+03,1.471203709831900186e+00
6.148605981438999152e+03,1.471203590980196374e+00
6.148123851579770417e+03,1.471203472128492340e+00
6.147641721720541682e+03,1.471203353276788306e+00
6.147159591861313856e+03,1.471203232939437999e+00
6.146677462002086031e+03,1.471202995236029931e+00
6.146195332142857296e+03,1.471202756046975590e+00
6.145713202283628561e+03,1.471202637195271778e+00
6.145231072424400736e+03,1.471202518343567744e+00
6.144748942565172001e+03,1.471202399491863710e+00
6.144266812705944176e+03,1.471202279154513404e+00
6.143784682846715441e+03,1.471202041451105336e+00
6.143302552987486706e+03,1.471201922599401302e+00
6.142820423128258881e+03,1.471201802262050995e+00
6.142338293269030146e+03,1.471201683410347183e+00
6.141856163409802321e+03,1.471201564558643149e+00
6.141374033550573586e+03,1.471201445706939115e+00
6.140891903691344851e+03,1.471201325369588808e+00
6.140409773832117025e+03,1.471201206517884774e+00
6.139927643972888291e+03,1.471200968814476706e+00
6.139445514113660465e+03,1.471200848477126399e+00
6.138963384254431730e+03,1.471200729625422587e+00
6.138481254395202996e+03,1.471200491922014519e+00
6.137999124535975170e+03,1.471200371584664213e+00
6.137516994676746435e+03,1.471200252732960179e+00
6.137034864817518610e+03,1.471200133881256145e+00
6.136552734958289875e+03,1.471200015029552111e+00
6.136070605099061140e+03,1.471199896177848299e+00
6.135588475239833315e+03,1.471199775840497992e+00
6.135106345380604580e+03,1.471199538137089924e+00
6.134624215521376755e+03,1.471199419285385890e+00
6.134142085662148020e+03,1.471199298948035583e+00
6.133659955802919285e+03,1.471199180096331549e+00
6.133177825943691460e+03,1.471199061244627515e+00
6.132695696084462725e+03,1.471198822055573396e+00
6.132213566225234899e+03,1.471198584352165328e+00
6.131731436366006164e+03,1.471198345163110988e+00
6.131249306506777430e+03,1.471198226311406954e+00
6.130767176647549604e+03,1.471198107459702920e+00
6.130285046788320869e+03,1.471198107459702920e+00
6.129802916929093044e+03,1.471197988607998886e+00
6.129320787069864309e+03,1.471197749418944767e+00
6.128838657210635574e+03,1.471197630567240733e+00
6.128356527351407749e+03,1.471197511715536699e+00
6.127874397492179014e+03,1.471197391378186392e+00
6.127392267632951189e+03,1.471197153674778324e+00
6.126910137773722454e+03,1.471197034823074290e+00
6.126428007914493719e+03,1.471196795634020171e+00
6.125945878055265894e+03,1.471196676782316137e+00
6.125463748196038068e+03,1.471196557930612103e+00
6.124981618336809333e+03,1.471196318741557763e+00
6.124499488477580599e+03,1.471196199889853728e+00
6.124017358618352773e+03,1.471196081038149694e+00
6.123535228759124038e+03,1.471195841849095576e+00
6.123053098899896213e+03,1.471195722997391542e+00
6.122570969040667478e+03,1.471195604145687508e+00
6.122088839181438743e+03,1.471195485293983474e+00
6.121606709322210918e+03,1.471195364956633167e+00
6.121124579462982183e+03,1.471195246104929133e+00
6.120642449603754358e+03,1.471195008401521287e+00
6.120160319744525623e+03,1.471194888064170980e+00
6.119678189885296888e+03,1.471194650360762912e+00
6.119196060026069063e+03,1.471194531509058878e+00
6.118713930166840328e+03,1.471194292320004537e+00
6.118231800307612502e+03,1.471194173468300503e+00
6.117749670448383768e+03,1.471193934279246385e+00
6.117267540589155033e+03,1.471193815427542351e+00
6.116785410729927207e+03,1.471193696575838317e+00
6.116303280870698472e+03,1.471193577724134283e+00
6.115821151011470647e+03,1.471193458872430249e+00
6.115339021152241912e+03,1.471193338535079942e+00
6.114856891293013177e+03,1.471193100831672096e+00
6.114374761433785352e+03,1.471192981979968062e+00
6.113892631574556617e+03,1.471192861642617755e+00
6.113410501715328792e+03,1.471192623939209687e+00
6.112928371856100057e+03,1.471192505087505653e+00
6.112446241996871322e+03,1.471192265898451312e+00
6.111964112137643497e+03,1.471192028195043466e+00
6.111481982278414762e+03,1.471191789005989126e+00
6.110999852419186936e+03,1.471191670154285092e+00
6.110517722559958202e+03,1.471191551302581058e+00
6.110035592700729467e+03,1.471191312113526717e+00
6.109553462841501641e+03,1.471191193261822683e+00
6.109071332982272907e+03,1.471191074410118871e+00
6.108589203123045081e+03,1.471190954072768564e+00
6.108107073263816346e+03,1.471190835221064530e+00
6.107624943404587611e+03,1.471190716369360496e+00
6.107142813545359786e+03,1.471190597517656462e+00
6.106660683686131051e+03,1.471190358328602121e+00
6.106178553826903226e+03,1.471190120625194275e+00
6.105696423967674491e+03,1.471189881436139935e+00
6.105214294108445756e+03,1.471189762584435901e+00
6.104732164249217931e+03,1.471189524881027832e+00
6.104250034389990105e+03,1.471189285691973492e+00
6.103767904530761371e+03,1.471189166840269680e+00
6.103285774671532636e+03,1.471188927651215339e+00
6.102803644812303901e+03,1.471188808799511305e+00
6.102321514953076075e+03,1.471188689947807271e+00
6.101839385093848250e+03,1.471188571096103237e+00
6.101357255234619515e+03,1.471188331907048896e+00
6.100875125375390780e+03,1.471188213055345084e+00
6.100392995516162955e+03,1.471187973866290744e+00
6.099910865656934220e+03,1.471187855014586710e+00
6.099428735797706395e+03,1.471187617311178641e+00
6.098946605938477660e+03,1.471187496973828335e+00
6.098464476079248925e+03,1.471187259270420489e+00
6.097982346220021100e+03,1.471187021567012421e+00
6.097500216360792365e+03,1.471186901229662114e+00
6.097018086501564540e+03,1.471186782377958080e+00
6.096535956642335805e+03,1.471186544674550012e+00
6.096053826783107070e+03,1.471186424337199705e+00
6.095571696923879244e+03,1.471186305485495893e+00
6.095089567064650510e+03,1.471186067782087825e+00
6.094607437205422684e+03,1.471185947444737518e+00
6.094125307346193949e+03,1.471185709741329450e+00
6.093643177486965214e+03,1.471185470552275110e+00
6.093161047627737389e+03,1.471185351700571298e+00
6.092678917768508654e+03,1.471185113997163230e+00
6.092196787909280829e+03,1.471184993659812923e+00
6.091714658050052094e+03,1.471184755956404855e+00
6.091232528190823359e+03,1.471184516767350514e+00
6.090750398331595534e+03,1.471184397915646702e+00
6.090268268472366799e+03,1.471184160212238634e+00
6.089786138613138974e+03,1.471184041360534600e+00
6.089304008753910239e+03,1.471183802171480259e+00
6.088821878894681504e+03,1.471183683319776225e+00
6.088339749035453679e+03,1.471183444130721885e+00
6.087857619176224944e+03,1.471183325279018073e+00
6.087375489316997118e+03,1.471183206427314039e+00
6.086893359457768383e+03,1.471182967238259698e+00
6.086411229598539649e+03,1.471182729534851630e+00
6.085929099739311823e+03,1.471182490345797289e+00
6.085446969880083088e+03,1.471182371494093477e+00
6.084964840020855263e+03,1.471182133790685409e+00
6.084482710161626528e+03,1.471181894601631068e+00
6.084000580302397793e+03,1.471181775749927034e+00
6.083518450443169968e+03,1.471181536560872694e+00
6.083036320583942143e+03,1.471181298857464848e+00
6.082554190724713408e+03,1.471181180005760814e+00
6.082072060865484673e+03,1.471180940816706473e+00
6.081589931006255938e+03,1.471180821965002439e+00
6.081107801147028113e+03,1.471180584261594593e+00
6.080625671287800287e+03,1.471180345072540252e+00
6.080143541428571552e+03,1.471180226220836218e+00
6.079661411569342818e+03,1.471179987031781877e+00
6.079179281710114992e+03,1.471179749328373809e+00
6.078697151850886257e+03,1.471179510139319691e+00
6.078215021991658432e+03,1.471179272435911622e+00
6.077732892132429697e+03,1.471179033246857282e+00
6.077250762273200962e+03,1.471178795543449214e+00
6.076768632413973137e+03,1.471178676691745402e+00
6.076286502554744402e+03,1.471178437502691061e+00
6.075804372695516577e+03,1.471178318650987027e+00
6.075322242836287842e+03,1.471178079461932686e+00
6.074840112977059107e+03,1.471177960610228652e+00
6.074357983117831282e+03,1.471177722906820584e+00
6.073875853258602547e+03,1.471177483717766465e+00
6.073393723399374721e+03,1.471177364866062431e+00
6.072911593540145986e+03,1.471177127162654363e+00
6.072429463680917252e+03,1.471176887973600023e+00
6.071947333821689426e+03,1.471176529932841870e+00
6.071465203962460691e+03,1.471176292229433802e+00
6.070983074103232866e+03,1.471176053040379461e+00
6.070500944244004131e+03,1.471175815336971393e+00
6.070018814384775396e+03,1.471175576147917274e+00
6.069536684525547571e+03,1.471175457296213240e+00
6.069054554666318836e+03,1.471175219592805172e+00
6.068572424807091011e+03,1.471175099255454866e+00
6.068090294947862276e+03,1.471174861552046798e+00
6.067608165088633541e+03,1.471174622362992679e+00
6.067126035229405716e+03,1.471174384659584611e+00
6.066643905370176981e+03,1.471174146956176543e+00
6.066161775510949155e+03,1.471173907767122202e+00
6.065679645651720421e+03,1.471173670063714356e+00
6.065197515792491686e+03,1.471173430874660015e+00
6.064715385933263860e+03,1.471173193171251947e+00
6.064233256074035125e+03,1.471172953982197606e+00
6.063751126214807300e+03,1.471172716278789760e+00
6.063268996355578565e+03,1.471172358238031386e+00
6.062786866496349830e+03,1.471172239386327352e+00
6.062304736637122005e+03,1.471172000197273011e+00
6.061822606777894180e+03,1.471171762493865165e+00
6.061340476918665445e+03,1.471171642156514858e+00
6.060858347059436710e+03,1.471171404453106790e+00
6.060376217200207975e+03,1.471171166749698722e+00
6.059894087340980150e+03,1.471170808708940569e+00
6.059411957481752324e+03,1.471170569519886229e+00
6.058929827622523590e+03,1.471170331816478161e+00
6.058447697763294855e+03,1.471170092627423820e+00
6.057965567904067029e+03,1.471169736072311940e+00
6.057483438044838294e+03,1.471169496883257599e+00
6.057001308185610469e+03,1.471169259179849531e+00
6.056519178326381734e+03,1.471169019990795190e+00
6.056037048467152999e+03,1.471168782287387344e+00
6.055554918607925174e+03,1.471168543098333004e+00
6.055072788748696439e+03,1.471168305394924936e+00
6.054590658889468614e+03,1.471168066205870595e+00
6.054108529030239879e+03,1.471167828502462749e+00
6.053626399171011144e+03,1.471167589313408408e+00
6.053144269311783319e+03,1.471167351610000340e+00
6.052662139452554584e+03,1.471167112420945999e+00
6.052180009593326758e+03,1.471166874717538153e+00
6.051697879734098024e+03,1.471166516676779779e+00
6.051215749874869289e+03,1.471166278973371710e+00
6.050733620015641463e+03,1.471165920932613558e+00
6.050251490156412729e+03,1.471165681743559217e+00
6.049769360297184903e+03,1.471165444040151149e+00
6.049287230437956168e+03,1.471165085999392996e+00
6.048805100578727433e+03,1.471164848295984928e+00
6.048322970719499608e+03,1.471164729444280894e+00
6.047840840860270873e+03,1.471164490255226553e+00
6.047358711001043048e+03,1.471164252551818485e+00
6.046876581141814313e+03,1.471163894511060333e+00
6.046394451282585578e+03,1.471163655322005992e+00
6.045912321423357753e+03,1.471163298766893890e+00
6.045430191564129018e+03,1.471163059577839771e+00
6.044948061704901193e+03,1.471162701537081396e+00
6.044465931845672458e+03,1.471162463833673328e+00
6.043983801986443723e+03,1.471162105792915176e+00
6.043501672127215897e+03,1.471161868089507108e+00
6.043019542267987163e+03,1.471161510048748733e+00
6.042537412408759337e+03,1.471161272345340887e+00
6.042055282549530602e+03,1.471161033156286546e+00
6.041573152690301868e+03,1.471160795452878478e+00
6.041091022831074042e+03,1.471160437412120103e+00
6.040608892971846217e+03,1.471160198223065985e+00
6.040126763112617482e+03,1.471159841667953883e+00
6.039644633253388747e+03,1.471159602478899542e+00
6.039162503394160012e+03,1.471159364775491696e+00
6.038680373534932187e+03,1.471159006734733321e+00
6.038198243675704362e+03,1.471158648693974946e+00
6.037716113816475627e+03,1.471158292138863066e+00
6.037233983957246892e+03,1.471157934098104692e+00
6.036751854098019066e+03,1.471157694909050351e+00
6.036269724238790332e+03,1.471157338353938471e+00
6.035787594379562506e+03,1.471157099164884130e+00
6.035305464520333771e+03,1.471156741124125755e+00
6.034823334661105037e+03,1.471156503420717687e+00
6.034341204801877211e+03,1.471156145379959534e+00
6.033859074942648476e+03,1.471155907676551466e+00
6.033376945083420651e+03,1.471155549635793092e+00
6.032894815224191916e+03,1.471155191595034939e+00
6.032412685364963181e+03,1.471154835039922837e+00
6.031930555505735356e+03,1.471154476999164684e+00
6.031448425646506621e+03,1.471154118958406309e+00
6.030966295787278796e+03,1.471153760917647935e+00
6.030484165928050061e+03,1.471153523214240089e+00
6.030002036068821326e+03,1.471153165173481714e+00
6.029519906209593501e+03,1.471152807132723339e+00
6.029037776350364766e+03,1.471152450577611459e+00
6.028555646491136940e+03,1.471152092536853084e+00
6.028073516631908205e+03,1.471151854833445016e+00
6.027591386772679471e+03,1.471151496792686864e+00
6.027109256913451645e+03,1.471151138751928489e+00
6.026627127054222910e+03,1.471150780711170114e+00
6.026144997194995085e+03,1.471150424156058234e+00
6.025662867335766350e+03,1.471150066115299859e+00
6.025180737476537615e+03,1.471149708074541484e+00
6.024698607617309790e+03,1.471149350033783332e+00
6.024216477758081055e+03,1.471148874626967196e+00
6.023734347898853230e+03,1.471148516586209043e+00
6.023252218039624495e+03,1.471148158545450668e+00
6.022770088180395760e+03,1.471147681652988481e+00
6.022287958321167935e+03,1.471147323612230107e+00
6.021805828461939200e+03,1.471147085908822039e+00
6.021323698602711374e+03,1.471146609016359852e+00
6.020841568743482640e+03,1.471146250975601477e+00
6.020359438884253905e+03,1.471145892934843102e+00
6.019877309025026079e+03,1.471145536379731222e+00
6.019395179165798254e+03,1.471145178338972848e+00
6.018913049306569519e+03,1.471144820298214695e+00
6.018430919447340784e+03,1.471144343405752286e+00
6.017948789588112049e+03,1.471143986850640184e+00
6.017466659728884224e+03,1.471143509958177997e+00
6.016984529869656399e+03,1.471143151917419623e+00
6.016502400010427664e+03,1.471142793876661470e+00
6.016020270151198929e+03,1.471142316984199061e+00
6.015538140291971104e+03,1.471141960429087181e+00
6.015056010432742369e+03,1.471141602388328806e+00
6.014573880573514543e+03,1.471141244347570431e+00
6.014091750714285808e+03,1.471140886306812279e+00
6.013609620855057074e+03,1.471140648603404211e+00
6.013127490995829248e+03,1.471140290562645836e+00
6.012645361136600513e+03,1.471139932521887683e+00
6.012163231277372688e+03,1.471139575966775581e+00
6.011681101418143953e+03,1.471139099074313394e+00
6.011198971558915218e+03,1.471138741033555020e+00
6.010716841699687393e+03,1.471138382992796645e+00
6.010234711840458658e+03,1.471137906100334458e+00
6.009752581981230833e+03,1.471137549545222356e+00
6.009270452122002098e+03,1.471137191504464203e+00
6.008788322262773363e+03,1.471136952315409863e+00
6.008306192403545538e+03,1.471136595760297761e+00
6.007824062544316803e+03,1.471136356571243420e+00
6.007341932685088977e+03,1.471136118867835574e+00
6.006859802825860243e+03,1.471135760827077199e+00
6.006377672966631508e+03,1.471135402786318824e+00
6.005895543107403682e+03,1.471135165082910978e+00
6.005413413248174948e+03,1.471134807042152604e+00
6.004931283388947122e+03,1.471134569338744535e+00
6.004449153529718387e+03,1.471134330149690195e+00
6.003967023670489652e+03,1.471133972108932042e+00
6.003484893811261827e+03,1.471133734405523974e+00
6.003002763952033092e+03,1.471133615553819940e+00
6.002520634092805267e+03,1.471133376364765599e+00
6.002038504233576532e+03,1.471133257513061787e+00
6.001556374374347797e+03,1.471133138661357753e+00
6.001074244515119972e+03,1.471133018324007447e+00
6.000592114655891237e+03,1.471132899472303412e+00
6.000109984796663412e+03,1.471132780620599378e+00
5.999627854937434677e+03,1.471132780620599378e+00
5.999145725078205942e+03,1.471132661768895344e+00
5.998663595218978116e+03,1.471132542917191310e+00
5.998181465359750291e+03,1.471132422579841004e+00
5.997699335500521556e+03,1.471132303728137192e+00
5.997217205641292821e+03,1.471132303728137192e+00
5.996735075782064087e+03,1.471132303728137192e+00
5.996252945922836261e+03,1.471132303728137192e+00
5.995770816063608436e+03,1.471132303728137192e+00
5.995288686204379701e+03,1.471132303728137192e+00
5.994806556345150966e+03,1.471132303728137192e+00
5.994324426485923141e+03,1.471132422579841004e+00
5.993842296626694406e+03,1.471132422579841004e+00
5.993360166767466580e+03,1.471132422579841004e+00
5.992878036908237846e+03,1.471132422579841004e+00
5.992395907049009111e+03,1.471132422579841004e+00
5.991913777189781285e+03,1.471132422579841004e+00
5.991431647330552551e+03,1.471132422579841004e+00
5.990949517471324725e+03,1.471132303728137192e+00
5.990467387612095990e+03,1.471132303728137192e+00
5.989985257752867255e+03,1.471132303728137192e+00
5.989503127893639430e+03,1.471132184876433158e+00
5.989020998034410695e+03,1.471132066024729124e+00
5.988538868175182870e+03,1.471132066024729124e+00
5.988056738315954135e+03,1.471131945687378817e+00
5.987574608456725400e+03,1.471131945687378817e+00
5.987092478597497575e+03,1.471131826835674783e+00
5.986610348738268840e+03,1.471131707983970749e+00
5.986128218879041015e+03,1.471131468794916408e+00
5.985646089019812280e+03,1.471131231091508562e+00
5.985163959160583545e+03,1.471131112239804528e+00
5.984681829301355720e+03,1.471130873050750187e+00
5.984199699442126985e+03,1.471130635347342119e+00
5.983717569582899159e+03,1.471130277306583967e+00
5.983235439723670424e+03,1.471129919265825592e+00
5.982753309864441690e+03,1.471129681562417524e+00
5.982271180005213864e+03,1.471129323521659371e+00
5.981789050145985129e+03,1.471129085818251303e+00
5.981306920286757304e+03,1.471128846629196962e+00
5.980824790427528569e+03,1.471128608925788894e+00
5.980342660568299834e+03,1.471128369736734776e+00
5.979860530709072009e+03,1.471128011695976401e+00
5.979378400849843274e+03,1.471127773992568333e+00
5.978896270990615449e+03,1.471127415951810180e+00
5.978414141131386714e+03,1.471127057911051805e+00
5.977932011272157979e+03,1.471126701355939703e+00
5.977449881412930154e+03,1.471126343315181551e+00
5.976967751553701419e+03,1.471126105611773482e+00
5.976485621694473593e+03,1.471125747571015108e+00
5.976003491835244859e+03,1.471125628719311296e+00
5.975521361976016124e+03,1.471125389530256955e+00
5.975039232116788298e+03,1.471125270678552921e+00
5.974557102257560473e+03,1.471125031489498580e+00
5.974074972398331738e+03,1.471124912637794546e+00
5.973592842539103003e+03,1.471124793786090512e+00
5.973110712679875178e+03,1.471124793786090512e+00
5.972628582820646443e+03,1.471124674934386700e+00
5.972146452961418618e+03,1.471124674934386700e+00
5.971664323102189883e+03,1.471124554597036393e+00
5.971182193242961148e+03,1.471124435745332359e+00
5.970700063383733323e+03,1.471124435745332359e+00
5.970217933524504588e+03,1.471124435745332359e+00
5.969735803665276762e+03,1.471124435745332359e+00
5.969253673806048027e+03,1.471124435745332359e+00
5.968771543946819293e+03,1.471124554597036393e+00
5.968289414087591467e+03,1.471124674934386700e+00
5.967807284228362732e+03,1.471124793786090512e+00
5.967325154369134907e+03,1.471125031489498580e+00
5.966843024509906172e+03,1.471125031489498580e+00
5.966360894650677437e+03,1.471125270678552921e+00
5.965878764791449612e+03,1.471125389530256955e+00
5.965396634932220877e+03,1.471125508381960989e+00
5.964914505072993052e+03,1.471125628719311296e+00
5.964432375213764317e+03,1.471125747571015108e+00
5.963950245354535582e+03,1.471125747571015108e+00
5.963468115495307757e+03,1.471125866422719142e+00
5.962985985636079022e+03,1.471125985274423176e+00
5.962503855776851196e+03,1.471126105611773482e+00
5.962021725917622462e+03,1.471126224463477516e+00
5.961539596058393727e+03,1.471126224463477516e+00
5.961057466199165901e+03,1.471126224463477516e+00
5.960575336339937166e+03,1.471126224463477516e+00
5.960093206480709341e+03,1.471126224463477516e+00
5.959611076621480606e+03,1.471126105611773482e+00
5.959128946762251871e+03,1.471126105611773482e+00
5.958646816903024046e+03,1.471125985274423176e+00
5.958164687043795311e+03,1.471125866422719142e+00
5.957682557184567486e+03,1.471125628719311296e+00
5.957200427325338751e+03,1.471125389530256955e+00
5.956718297466110016e+03,1.471125270678552921e+00
5.956236167606882191e+03,1.471125031489498580e+00
5.955754037747653456e+03,1.471124793786090512e+00
5.955271907888425631e+03,1.471124435745332359e+00
5.954789778029196896e+03,1.471124198041924291e+00
5.954307648169968161e+03,1.471123840001165917e+00
5.953825518310740335e+03,1.471123481960407764e+00
5.953343388451512510e+03,1.471123125405295662e+00
5.952861258592283775e+03,1.471122767364537287e+00
5.952379128733055040e+03,1.471122290472075100e+00
5.951896998873827215e+03,1.471121813579612692e+00
5.951414869014598480e+03,1.471121336687150505e+00
5.950932739155370655e+03,1.471120859794688096e+00
5.950450609296141920e+03,1.471120501753929943e+00
5.949968479436913185e+03,1.471119906009763501e+00
5.949486349577685360e+03,1.471119429117301314e+00
5.949004219718456625e+03,1.471118952224838905e+00
5.948522089859228799e+03,1.471118475332376718e+00
5.948039960000000065e+03,1.471117998439914309e+00
5.947557830140771330e+03,1.471117402695748089e+00
5.947075700281543504e+03,1.471117044654989714e+00
5.946593570422314770e+03,1.471116567762527527e+00
5.946111440563086944e+03,1.471116090870065118e+00
5.945629310703858209e+03,1.471115613977602932e+00
5.945147180844629474e+03,1.471115137085140523e+00
5.944665050985401649e+03,1.471114541340974302e+00
5.944182921126172914e+03,1.471114064448511893e+00
5.943700791266945089e+03,1.471113587556049707e+00
5.943218661407716354e+03,1.471113110663587298e+00
5.942736531548487619e+03,1.471112754108475418e+00
5.942254401689259794e+03,1.471112277216013009e+00
5.941772271830031059e+03,1.471111919175254856e+00
5.941290141970803234e+03,1.471111561134496482e+00
5.940808012111574499e+03,1.471111084242034295e+00
5.940325882252345764e+03,1.471110726201275920e+00
5.939843752393117938e+03,1.471110369646163818e+00
5.939361622533889204e+03,1.471110011605405665e+00
5.938879492674661378e+03,1.471109653564647290e+00
5.938397362815432643e+03,1.471109297009535188e+00
5.937915232956203909e+03,1.471108938968777036e+00
5.937433103096976083e+03,1.471108462076314627e+00
5.936950973237747348e+03,1.471108104035556474e+00
5.936468843378519523e+03,1.471107745994798099e+00
5.935986713519290788e+03,1.471107508291390031e+00
5.935504583660062053e+03,1.471107150250631879e+00
5.935022453800834228e+03,1.471106793695519777e+00
5.934540323941605493e+03,1.471106435654761402e+00
5.934058194082377668e+03,1.471106196465707283e+00
5.933576064223148933e+03,1.471105839910595181e+00
5.933093934363920198e+03,1.471105600721540840e+00
5.932611804504692373e+03,1.471105363018132994e+00
5.932129674645464547e+03,1.471105004977374620e+00
5.931647544786235812e+03,1.471104765788320279e+00
5.931165414927007077e+03,1.471104409233208399e+00
5.930683285067779252e+03,1.471104170044154058e+00
5.930201155208550517e+03,1.471103932340745990e+00
5.929719025349322692e+03,1.471103574299987615e+00
5.929236895490093957e+03,1.471103336596579769e+00
5.928754765630865222e+03,1.471103216259229463e+00
5.928272635771637397e+03,1.471102859704117360e+00
5.927790505912408662e+03,1.471102739366767054e+00
5.927308376053180837e+03,1.471102501663358986e+00
5.926826246193952102e+03,1.471102382811655174e+00
5.926344116334723367e+03,1.471102143622600833e+00
5.925861986475495542e+03,1.471102024770896799e+00
5.925379856616266807e+03,1.471101905919192765e+00
5.924897726757038981e+03,1.471101785581842458e+00
5.924415596897810246e+03,1.471101547878434390e+00
5.923933467038581512e+03,1.471101547878434390e+00
5.923451337179353686e+03,1.471101429026730578e+00
5.922969207320124951e+03,1.471101429026730578e+00
5.922487077460897126e+03,1.471101429026730578e+00
5.922004947601668391e+03,1.471101429026730578e+00
5.921522817742439656e+03,1.471101429026730578e+00
5.921040687883211831e+03,1.471101547878434390e+00
5.920558558023983096e+03,1.471101547878434390e+00
5.920076428164755271e+03,1.471101547878434390e+00
5.919594298305526536e+03,1.471101785581842458e+00
5.919112168446297801e+03,1.471101905919192765e+00
5.918630038587069976e+03,1.471102143622600833e+00
5.918147908727841241e+03,1.471102143622600833e+00
5.917665778868613415e+03,1.471102262474304867e+00
5.917183649009384681e+03,1.471102501663358986e+00
5.916701519150155946e+03,1.471102501663358986e+00
5.916219389290928120e+03,1.471102739366767054e+00
5.915737259431699385e+03,1.471102859704117360e+00
5.915255129572471560e+03,1.471103097407525429e+00
5.914772999713242825e+03,1.471103216259229463e+00
5.914290869854014090e+03,1.471103336596579769e+00
5.913808739994786265e+03,1.471103693151691649e+00
5.913326610135557530e+03,1.471103813489041956e+00
5.912844480276329705e+03,1.471104170044154058e+00
5.912362350417100970e+03,1.471104288895858092e+00
5.911880220557872235e+03,1.471104646936616245e+00
5.911398090698644410e+03,1.471104765788320279e+00
5.910915960839416584e+03,1.471105004977374620e+00
5.910433830980187849e+03,1.471105123829078654e+00
5.909951701120959115e+03,1.471105242680782688e+00
5.909469571261731289e+03,1.471105363018132994e+00
5.908987441402502554e+03,1.471105363018132994e+00
5.908505311543274729e+03,1.471105600721540840e+00
5.908023181684045994e+03,1.471105719573244874e+00
5.907541051824817259e+03,1.471105958762299215e+00
5.907058921965589434e+03,1.471106077614003249e+00
5.906576792106360699e+03,1.471106196465707283e+00
5.906094662247132874e+03,1.471106316803057590e+00
5.905612532387904139e+03,1.471106316803057590e+00
5.905130402528675404e+03,1.471106435654761402e+00
5.904648272669447579e+03,1.471106435654761402e+00
5.904166142810218844e+03,1.471106554506465436e+00
5.903684012950991018e+03,1.471106435654761402e+00
5.903201883091762284e+03,1.471106435654761402e+00
5.902719753232533549e+03,1.471106435654761402e+00
5.902237623373305723e+03,1.471106435654761402e+00
5.901755493514076989e+03,1.471106554506465436e+00
5.901273363654849163e+03,1.471106554506465436e+00
5.900791233795620428e+03,1.471106673358169470e+00
5.900309103936391693e+03,1.471106554506465436e+00
5.899826974077163868e+03,1.471106673358169470e+00
5.899344844217935133e+03,1.471106673358169470e+00
5.898862714358707308e+03,1.471106793695519777e+00
5.898380584499478573e+03,1.471106793695519777e+00
5.897898454640249838e+03,1.471106912547223811e+00
5.897416324781022013e+03,1.471106912547223811e+00
5.896934194921793278e+03,1.471106912547223811e+00
5.896452065062565453e+03,1.471107031398927845e+00
5.895969935203336718e+03,1.471107270587982185e+00
5.895487805344107983e+03,1.471107270587982185e+00
5.895005675484880157e+03,1.471107508291390031e+00
5.894523545625651423e+03,1.471107627143094065e+00
5.894041415766423597e+03,1.471107866332148406e+00
5.893559285907194862e+03,1.471108222887260286e+00
5.893077156047966128e+03,1.471108462076314627e+00
5.892595026188738302e+03,1.471108820117073002e+00
5.892112896329509567e+03,1.471109297009535188e+00
5.891630766470281742e+03,1.471109653564647290e+00
5.891148636611053007e+03,1.471110011605405665e+00
5.890666506751824272e+03,1.471110369646163818e+00
5.890184376892596447e+03,1.471110846538626227e+00
5.889702247033368621e+03,1.471111323431088413e+00
5.889220117174139887e+03,1.471112038026958890e+00
5.888737987314911152e+03,1.471112514919421077e+00
5.888255857455683326e+03,1.471113231000937605e+00
5.887773727596454592e+03,1.471113826745104047e+00
5.887291597737226766e+03,1.471114541340974302e+00
5.886809467877998031e+03,1.471115376274194864e+00
5.886327338018769296e+03,1.471116090870065118e+00
5.885845208159541471e+03,1.471116925803285902e+00
5.885363078300312736e+03,1.471117640399156157e+00
5.884880948441084911e+03,1.471118356480672684e+00
5.884398818581856176e+03,1.471119310265597280e+00
5.883916688722627441e+03,1.471120024861467535e+00
5.883434558863399616e+03,1.471120978646392130e+00
5.882952429004170881e+03,1.471121813579612692e+00
5.882470299144943056e+03,1.471122528175483168e+00
5.881988169285714321e+03,1.471123363108703730e+00
5.881506039426485586e+03,1.471124316893628325e+00
5.881023909567257761e+03,1.471125031489498580e+00
5.880541779708029026e+03,1.471125866422719142e+00
5.880059649848801200e+03,1.471126820207643737e+00
5.879577519989572465e+03,1.471127655140864299e+00
5.879095390130343731e+03,1.471128488588438588e+00
5.878613260271115905e+03,1.471129323521659371e+00
5.878131130411887170e+03,1.471130038117529626e+00
5.877649000552659345e+03,1.471130754199046153e+00
5.877166870693430610e+03,1.471131589132266715e+00
5.876684740834201875e+03,1.471132184876433158e+00
5.876202610974974050e+03,1.471133018324007447e+00
5.875720481115745315e+03,1.471133615553819940e+00
5.875238351256517490e+03,1.471134449001394229e+00
5.874756221397288755e+03,1.471135165082910978e+00
5.874274091538060020e+03,1.471135879678781233e+00
5.873791961678832195e+03,1.471136595760297761e+00
5.873309831819603460e+03,1.471137310356168015e+00
5.872827701960375634e+03,1.471138026437684765e+00
5.872345572101146900e+03,1.471138622181850986e+00
5.871863442241918165e+03,1.471139217926017206e+00
5.871381312382690339e+03,1.471139813670183649e+00
5.870899182523461604e+03,1.471140529751700177e+00
5.870417052664233779e+03,1.471140886306812279e+00
5.869934922805005044e+03,1.471141602388328806e+00
5.869452792945776309e+03,1.471142079280790993e+00
5.868970663086548484e+03,1.471142556173253402e+00
5.868488533227320659e+03,1.471143270769123657e+00
5.868006403368091924e+03,1.471143628809882031e+00
5.867524273508863189e+03,1.471144224554048252e+00
5.867042143649634454e+03,1.471144582594806627e+00
5.866560013790406629e+03,1.471145178338972848e+00
5.866077883931178803e+03,1.471145536379731222e+00
5.865595754071950068e+03,1.471146013272193409e+00
5.865113624212721334e+03,1.471146369827305511e+00
5.864631494353493508e+03,1.471146727868063886e+00
5.864149364494264773e+03,1.471147085908822039e+00
5.863667234635036948e+03,1.471147443949580413e+00
5.863185104775808213e+03,1.471147681652988481e+00
5.862702974916579478e+03,1.471147920842042600e+00
5.862220845057351653e+03,1.471148277397154702e+00
5.861738715198122918e+03,1.471148277397154702e+00
5.861256585338895093e+03,1.471148516586209043e+00
5.860774455479666358e+03,1.471148874626967196e+00
5.860292325620437623e+03,1.471148993478671230e+00
5.859810195761209798e+03,1.471149112330375264e+00
5.859328065901981063e+03,1.471149350033783332e+00
5.858845936042753237e+03,1.471149231182079298e+00
5.858363806183524503e+03,1.471149350033783332e+00
5.857881676324295768e+03,1.471149231182079298e+00
5.857399546465067942e+03,1.471149231182079298e+00
5.856917416605839207e+03,1.471149112330375264e+00
5.856435286746611382e+03,1.471148993478671230e+00
5.855953156887382647e+03,1.471148874626967196e+00
5.855471027028153912e+03,1.471148635437913077e+00
5.854988897168926087e+03,1.471148516586209043e+00
5.854506767309697352e+03,1.471148397734505009e+00
5.854024637450469527e+03,1.471148039693746634e+00
5.853542507591240792e+03,1.471147800504692293e+00
5.853060377732012057e+03,1.471147562801284447e+00
5.852578247872784232e+03,1.471147204760526073e+00
5.852096118013555497e+03,1.471146727868063886e+00
5.851613988154327672e+03,1.471146490164655818e+00
5.851131858295098937e+03,1.471145892934843102e+00
5.850649728435870202e+03,1.471145536379731222e+00
5.850167598576642376e+03,1.471144940635565002e+00
5.849685468717413642e+03,1.471144463743102593e+00
5.849203338858185816e+03,1.471143866513290099e+00
5.848721208998957081e+03,1.471143270769123657e+00
5.848239079139728346e+03,1.471142675024957436e+00
5.847756949280500521e+03,1.471142198132495027e+00
5.847274819421272696e+03,1.471141483536624772e+00
5.846792689562043961e+03,1.471140767455108245e+00
5.846310559702815226e+03,1.471140171710941802e+00
5.845828429843586491e+03,1.471139575966775581e+00
5.845346299984358666e+03,1.471138859885259054e+00
5.844864170125130840e+03,1.471138145289388799e+00
5.844382040265902106e+03,1.471137429207872049e+00
5.843899910406673371e+03,1.471136714612001795e+00
5.843417780547445545e+03,1.471135879678781233e+00
5.842935650688216811e+03,1.471135046231206944e+00
5.842453520828988985e+03,1.471134330149690195e+00
5.841971390969760250e+03,1.471133734405523974e+00
5.841489261110531515e+03,1.471132780620599378e+00
5.841007131251303690e+03,1.471132066024729124e+00
5.840525001392074955e+03,1.471131349943212596e+00
5.840042871532847130e+03,1.471130635347342119e+00
5.839560741673618395e+03,1.471130038117529626e+00
5.839078611814389660e+03,1.471129323521659371e+00
5.838596481955161835e+03,1.471128608925788894e+00
5.838114352095933100e+03,1.471127892844272367e+00
5.837632222236705275e+03,1.471127178248402112e+00
5.837150092377476540e+03,1.471126462166885585e+00
5.836667962518247805e+03,1.471125628719311296e+00
5.836185832659019979e+03,1.471125031489498580e+00
5.835703702799791245e+03,1.471124198041924291e+00
5.835221572940563419e+03,1.471123600812111798e+00
5.834739443081334684e+03,1.471122767364537287e+00
5.834257313222105950e+03,1.471122290472075100e+00
5.833775183362878124e+03,1.471121455538854539e+00
5.833293053503649389e+03,1.471120859794688096e+00
5.832810923644421564e+03,1.471120264050521875e+00
5.832328793785192829e+03,1.471119547969005348e+00
5.831846663925964094e+03,1.471118833373135093e+00
5.831364534066736269e+03,1.471118117291618344e+00
5.830882404207507534e+03,1.471117521547452123e+00
5.830400274348279709e+03,1.471116688099877834e+00
5.829918144489050974e+03,1.471116090870065118e+00
5.829436014629822239e+03,1.471115257422490830e+00
5.828953884770594414e+03,1.471114541340974302e+00
5.828471754911365679e+03,1.471113826745104047e+00
5.827989625052137853e+03,1.471112991811883486e+00
5.827507495192909118e+03,1.471112396067717043e+00
5.827025365333680384e+03,1.471111561134496482e+00
5.826543235474452558e+03,1.471111084242034295e+00
5.826061105615224733e+03,1.471110250794459784e+00
5.825578975755995998e+03,1.471109653564647290e+00
5.825096845896767263e+03,1.471109057820481070e+00
5.824614716037538528e+03,1.471108222887260286e+00
5.824132586178310703e+03,1.471107627143094065e+00
5.823650456319082878e+03,1.471107031398927845e+00
5.823168326459854143e+03,1.471106554506465436e+00
5.822686196600625408e+03,1.471105958762299215e+00
5.822204066741397583e+03,1.471105363018132994e+00
5.821721936882168848e+03,1.471105004977374620e+00
5.821239807022941022e+03,1.471104409233208399e+00
5.820757677163712287e+03,1.471104170044154058e+00
5.820275547304483553e+03,1.471103813489041956e+00
5.819793417445255727e+03,1.471103574299987615e+00
5.819311287586026992e+03,1.471103455448283803e+00
5.818829157726799167e+03,1.471103216259229463e+00
5.818347027867570432e+03,1.471103336596579769e+00
5.817864898008341697e+03,1.471103097407525429e+00
5.817382768149113872e+03,1.471103336596579769e+00
5.816900638289885137e+03,1.471103336596579769e+00
5.816418508430657312e+03,1.471103455448283803e+00
5.815936378571428577e+03,1.471103693151691649e+00
5.815454248712199842e+03,1.471104051192450024e+00
5.814972118852972017e+03,1.471104409233208399e+00
5.814489988993743282e+03,1.471105004977374620e+00
5.814007859134515456e+03,1.471105481869836806e+00
5.813525729275286722e+03,1.471106196465707283e+00
5.813043599416057987e+03,1.471106793695519777e+00
5.812561469556830161e+03,1.471107745994798099e+00
5.812079339697601426e+03,1.471108699779722695e+00
5.811597209838373601e+03,1.471109653564647290e+00
5.811115079979144866e+03,1.471110607349571886e+00
5.810632950119916131e+03,1.471111679986200516e+00
5.810150820260688306e+03,1.471112754108475418e+00
5.809668690401459571e+03,1.471114064448511893e+00
5.809186560542231746e+03,1.471115018233436489e+00
5.808704430683003011e+03,1.471116330059119459e+00
5.808222300823774276e+03,1.471117640399156157e+00
5.807740170964546451e+03,1.471118952224838905e+00
5.807258041105317716e+03,1.471120264050521875e+00
5.806775911246089890e+03,1.471121694727908880e+00
5.806293781386861156e+03,1.471123005067945355e+00
5.805811651527632421e+03,1.471124316893628325e+00
5.805329521668404595e+03,1.471125747571015108e+00
5.804847391809176770e+03,1.471127297100106146e+00
5.804365261949948035e+03,1.471128488588438588e+00
5.803883132090719300e+03,1.471129919265825592e+00
5.803401002231490565e+03,1.471131231091508562e+00
5.802918872372262740e+03,1.471132542917191310e+00
5.802436742513034915e+03,1.471133734405523974e+00
5.801954612653806180e+03,1.471135283934614790e+00
5.801472482794577445e+03,1.471136356571243420e+00
5.800990352935349620e+03,1.471137787248630424e+00
5.800508223076120885e+03,1.471138859885259054e+00
5.800026093216893059e+03,1.471140171710941802e+00
5.799543963357664325e+03,1.471141244347570431e+00
5.799061833498435590e+03,1.471142437321549368e+00
5.798579703639207764e+03,1.471143628809882031e+00
5.798097573779979029e+03,1.471144701446510661e+00
5.797615443920751204e+03,1.471145655231435256e+00
5.797133314061522469e+03,1.471146846719767698e+00
5.796651184202293734e+03,1.471147681652988481e+00
5.796169054343065909e+03,1.471148754289616889e+00
5.795686924483837174e+03,1.471149708074541484e+00
5.795204794624609349e+03,1.471150661859466302e+00
5.794722664765380614e+03,1.471151496792686864e+00
5.794240534906151879e+03,1.471152450577611459e+00
5.793758405046924054e+03,1.471153165173481714e+00
5.793276275187695319e+03,1.471154237810110343e+00
5.792794145328467494e+03,1.471154835039922837e+00
5.792312015469238759e+03,1.471155787339201160e+00
5.791829885610010024e+03,1.471156622272421721e+00
5.791347755750782198e+03,1.471157457205642283e+00
5.790865625891553464e+03,1.471158171801512760e+00
5.790383496032325638e+03,1.471158887883029287e+00
5.789901366173096903e+03,1.471159602478899542e+00
5.789419236313868169e+03,1.471160318560416291e+00
5.788937106454640343e+03,1.471160914304582512e+00
5.788454976595411608e+03,1.471161510048748733e+00
5.787972846736183783e+03,1.471162105792915176e+00
5.787490716876955048e+03,1.471162821874431703e+00
5.787008587017726313e+03,1.471163417618597924e+00
5.786526457158498488e+03,1.471164013362764367e+00
5.786044327299269753e+03,1.471164609106930588e+00
5.785562197440041928e+03,1.471165085999392996e+00
5.785080067580813193e+03,1.471165681743559217e+00
5.784597937721584458e+03,1.471166278973371710e+00
5.784115807862356633e+03,1.471166755865834119e+00
5.783633678003128807e+03,1.471167232758296306e+00
5.783151548143900072e+03,1.471167589313408408e+00
5.782669418284671337e+03,1.471168185057574629e+00
5.782187288425442603e+03,1.471168543098333004e+00
5.781705158566214777e+03,1.471169019990795190e+00
5.781223028706986952e+03,1.471169378031553565e+00
5.780740898847758217e+03,1.471169854924015974e+00
5.780258768988529482e+03,1.471170212964774127e+00
5.779776639129301657e+03,1.471170569519886229e+00
5.779294509270072922e+03,1.471171046412348415e+00
5.778812379410845097e+03,1.471171523304810824e+00
5.778330249551616362e+03,1.471171881345569199e+00
5.777848119692387627e+03,1.471172239386327352e+00
5.777365989833159801e+03,1.471172595941439454e+00
5.776883859973931067e+03,1.471172953982197606e+00
5.776401730114703241e+03,1.471173193171251947e+00
5.775919600255474506e+03,1.471173430874660015e+00
5.775437470396245772e+03,1.471173788915418390e+00
5.774955340537017946e+03,1.471174146956176543e+00
5.774473210677789211e+03,1.471174384659584611e+00
5.773991080818561386e+03,1.471174622362992679e+00
5.773508950959332651e+03,1.471174861552046798e+00
5.773026821100103916e+03,1.471175219592805172e+00
5.772544691240876091e+03,1.471175457296213240e+00
5.772062561381647356e+03,1.471175696485267581e+00
5.771580431522419531e+03,1.471175934188675427e+00
5.771098301663190796e+03,1.471176053040379461e+00
5.770616171803962061e+03,1.471176292229433802e+00
5.770134041944734236e+03,1.471176411081137836e+00
5.769651912085505501e+03,1.471176650270192177e+00
5.769169782226277675e+03,1.471176650270192177e+00
5.768687652367048941e+03,1.471176887973600023e+00
5.768205522507820206e+03,1.471177006825304057e+00
5.767723392648592380e+03,1.471177127162654363e+00
5.767241262789363645e+03,1.471177127162654363e+00
5.766759132930135820e+03,1.471177246014358397e+00
5.766277003070907085e+03,1.471177364866062431e+00
5.765794873211678350e+03,1.471177483717766465e+00
5.765312743352450525e+03,1.471177483717766465e+00
5.764830613493221790e+03,1.471177483717766465e+00
5.764348483633993965e+03,1.471177604055116772e+00
5.763866353774765230e+03,1.471177604055116772e+00
5.763384223915536495e+03,1.471177483717766465e+00
5.762902094056308670e+03,1.471177604055116772e+00
5.762419964197079935e+03,1.471177364866062431e+00
5.761937834337852109e+03,1.471177364866062431e+00
5.761455704478623375e+03,1.471177246014358397e+00
5.760973574619394640e+03,1.471177127162654363e+00
5.760491444760166814e+03,1.471176887973600023e+00
5.760009314900938989e+03,1.471176887973600023e+00
5.759527185041710254e+03,1.471176769121895989e+00
5.759045055182481519e+03,1.471176650270192177e+00
5.758562925323253694e+03,1.471176529932841870e+00
5.758080795464024959e+03,1.471176292229433802e+00
5.757598665604797134e+03,1.471176053040379461e+00
5.757116535745568399e+03,1.471175934188675427e+00
5.756634405886339664e+03,1.471175576147917274e+00
5.756152276027111839e+03,1.471175457296213240e+00
5.755670146167883104e+03,1.471175219592805172e+00
5.755188016308655278e+03,1.471174861552046798e+00
5.754705886449426544e+03,1.471174622362992679e+00
5.754223756590197809e+03,1.471174384659584611e+00
5.753741626730969983e+03,1.471174146956176543e+00
5.753259496871741248e+03,1.471173907767122202e+00
5.752777367012513423e+03,1.471173670063714356e+00
5.752295237153284688e+03,1.471173549726364049e+00
5.751813107294055953e+03,1.471173193171251947e+00
5.751330977434828128e+03,1.471172953982197606e+00
5.750848847575599393e+03,1.471172716278789760e+00
5.750366717716371568e+03,1.471172477089735420e+00
5.749884587857142833e+03,1.471172239386327352e+00
5.749402457997914098e+03,1.471172119048977045e+00
5.748920328138686273e+03,1.471171881345569199e+00
5.748438198279457538e+03,1.471171642156514858e+00
5.747956068420229713e+03,1.471171642156514858e+00
5.747473938561000978e+03,1.471171523304810824e+00
5.746991808701772243e+03,1.471171523304810824e+00
5.746509678842544417e+03,1.471171523304810824e+00
5.746027548983316592e+03,1.471171642156514858e+00
5.745545419124087857e+03,1.471171642156514858e+00
5.745063289264859122e+03,1.471171762493865165e+00
5.744581159405630387e+03,1.471172000197273011e+00
5.744099029546402562e+03,1.471172239386327352e+00
5.743616899687174737e+03,1.471172595941439454e+00
5.743134769827946002e+03,1.471172953982197606e+00
5.742652639968717267e+03,1.471173312022955981e+00
5.742170510109488532e+03,1.471173670063714356e+00
5.741688380250260707e+03,1.471174146956176543e+00
5.741206250391032881e+03,1.471174622362992679e+00
5.740724120531804147e+03,1.471175099255454866e+00
5.740241990672575412e+03,1.471175815336971393e+00
5.739759860813346677e+03,1.471176411081137836e+00
5.739277730954118852e+03,1.471177127162654363e+00
5.738795601094891026e+03,1.471177960610228652e+00
5.738313471235662291e+03,1.471178676691745402e+00
5.737831341376433556e+03,1.471179630476669997e+00
5.737349211517204822e+03,1.471180463924244286e+00
5.736867081657976996e+03,1.471181417709168882e+00
5.736384951798749171e+03,1.471182371494093477e+00
5.735902821939520436e+03,1.471183206427314039e+00
5.735420692080291701e+03,1.471184279063942668e+00
5.734938562221062966e+03,1.471185351700571298e+00
5.734456432361835141e+03,1.471186305485495893e+00
5.733974302502607316e+03,1.471187378122124301e+00
5.733492172643378581e+03,1.471188450758752930e+00
5.733010042784149846e+03,1.471189643732731867e+00
5.732527912924921111e+03,1.471190835221064530e+00
5.732045783065693286e+03,1.471192028195043466e+00
5.731563653206465460e+03,1.471193100831672096e+00
5.731081523347236725e+03,1.471194411171708571e+00
5.730599393488007991e+03,1.471195604145687508e+00
5.730117263628780165e+03,1.471196795634020171e+00
5.729635133769551430e+03,1.471198107459702920e+00
5.729153003910323605e+03,1.471199419285385890e+00
5.728670874051094870e+03,1.471200491922014519e+00
5.728188744191866135e+03,1.471201922599401302e+00
5.727706614332638310e+03,1.471203114087733965e+00
5.727224484473409575e+03,1.471204544765120970e+00
5.726742354614181750e+03,1.471205736253453411e+00
5.726260224754953015e+03,1.471207166930840415e+00
5.725778094895724280e+03,1.471208597608227198e+00
5.725295965036496455e+03,1.471209909433910168e+00
5.724813835177268629e+03,1.471211458963000984e+00
5.724331705318039894e+03,1.471212889640387989e+00
5.723849575458811159e+03,1.471214320317774993e+00
5.723367445599582425e+03,1.471215750995161775e+00
5.722885315740354599e+03,1.471217180186902285e+00
5.722403185881126774e+03,1.471218610864289289e+00
5.721921056021898039e+03,1.471220041541676293e+00
5.721438926162669304e+03,1.471221472219063076e+00
5.720956796303440569e+03,1.471222902896450080e+00
5.720474666444212744e+03,1.471224452425540896e+00
5.719992536584984919e+03,1.471225883102927900e+00
5.719510406725756184e+03,1.471227432632018717e+00
5.719028276866527449e+03,1.471228982161109533e+00
5.718546147007298714e+03,1.471230293986792503e+00
5.718064017148070889e+03,1.471231962367587354e+00
5.717581887288843063e+03,1.471233393044974358e+00
5.717099757429614328e+03,1.471234704870657106e+00
5.716617627570385594e+03,1.471236254399748145e+00
5.716135497711156859e+03,1.471237566225430893e+00
5.715653367851929033e+03,1.471238995417171624e+00
5.715171237992701208e+03,1.471240426094558407e+00
5.714689108133472473e+03,1.471241737920241377e+00
5.714206978274243738e+03,1.471243049745924347e+00
5.713724848415015003e+03,1.471244241234256789e+00
5.713242718555787178e+03,1.471245671911643793e+00
5.712760588696559353e+03,1.471246744548272423e+00
5.712278458837330618e+03,1.471248056373955393e+00
5.711796328978101883e+03,1.471249247862287834e+00
5.711314199118873148e+03,1.471250320498916464e+00
5.710832069259645323e+03,1.471251513472895400e+00
5.710349939400417497e+03,1.471252586109524030e+00
5.709867809541188763e+03,1.471253658746152659e+00
5.709385679681960028e+03,1.471254731382781289e+00
5.708903549822732202e+03,1.471255685167705884e+00
5.708421419963503467e+03,1.471256757804334292e+00
5.707939290104275642e+03,1.471257711589258887e+00
5.707457160245046907e+03,1.471258546522479671e+00
5.706975030385818172e+03,1.471259381455700233e+00
5.706492900526590347e+03,1.471260214903274521e+00
5.706010770667361612e+03,1.471261049836495083e+00
5.705528640808133787e+03,1.471261764432365338e+00
5.705046510948905052e+03,1.471262599365585899e+00
5.704564381089676317e+03,1.471263315447102649e+00
5.704082251230448492e+03,1.471264148894676937e+00
5.703600121371220666e+03,1.471264744638843158e+00
5.703117991511991931e+03,1.471265460720359686e+00
5.702635861652763197e+03,1.471265937612822094e+00
5.702153731793534462e+03,1.471266652208692349e+00
5.701671601934306636e+03,1.471267129101154758e+00
5.701189472075078811e+03,1.471267605993616945e+00
5.700707342215850076e+03,1.471268082886079354e+00
5.700225212356621341e+03,1.471268440926837506e+00
5.699743082497392606e+03,1.471268917819299915e+00
5.699260952638164781e+03,1.471269275860058290e+00
5.698778822778936956e+03,1.471269513563466136e+00
5.698296692919708221e+03,1.471269990455928545e+00
5.697814563060479486e+03,1.471270229644982885e+00
5.697332433201250751e+03,1.471270586200094765e+00
5.696850303342022926e+03,1.471270825389149106e+00
5.696368173482795100e+03,1.471271063092557174e+00
5.695886043623566366e+03,1.471271181944260986e+00
5.695403913764337631e+03,1.471271302281611293e+00
5.694921783905108896e+03,1.471271539985019361e+00
5.694439654045881070e+03,1.471271539985019361e+00
5.693957524186653245e+03,1.471271658836723395e+00
5.693475394327424510e+03,1.471271539985019361e+00
5.692993264468195775e+03,1.471271658836723395e+00
5.692511134608967041e+03,1.471271658836723395e+00
5.692029004749739215e+03,1.471271658836723395e+00
5.691546874890511390e+03,1.471271539985019361e+00
5.691064745031282655e+03,1.471271539985019361e+00
5.690582615172053920e+03,1.471271539985019361e+00
5.690100485312825185e+03,1.471271302281611293e+00
5.689618355453597360e+03,1.471271181944260986e+00
5.689136225594369535e+03,1.471271063092557174e+00
5.688654095735140800e+03,1.471270825389149106e+00
5.688171965875912065e+03,1.471270705051798799e+00
5.687689836016684239e+03,1.471270467348390731e+00
5.687207706157455505e+03,1.471270229644982885e+00
5.686725576298227679e+03,1.471269871604224511e+00
5.686243446438998944e+03,1.471269632415170170e+00
5.685761316579770210e+03,1.471269275860058290e+00
5.685279186720542384e+03,1.471269036671003949e+00
5.684797056861313649e+03,1.471268678630245574e+00
5.684314927002085824e+03,1.471268440926837506e+00
5.683832797142857089e+03,1.471268082886079354e+00
5.683350667283628354e+03,1.471267724845320979e+00
5.682868537424400529e+03,1.471267368290209099e+00
5.682386407565172703e+03,1.471267010249450724e+00
5.681904277705943969e+03,1.471266652208692349e+00
5.681422147846715234e+03,1.471266175316230163e+00
5.680940017987486499e+03,1.471265818761118060e+00
5.680457888128258674e+03,1.471265460720359686e+00
5.679975758269030848e+03,1.471265102679601533e+00
5.679493628409802113e+03,1.471264625787139124e+00
5.679011498550573378e+03,1.471264267746380972e+00
5.678529368691344644e+03,1.471263792339564835e+00
5.678047238832116818e+03,1.471263434298806683e+00
5.677565108972888993e+03,1.471263076258048308e+00
5.677082979113660258e+03,1.471262718217289933e+00
5.676600849254431523e+03,1.471262361662178053e+00
5.676118719395202788e+03,1.471262003621419678e+00
5.675636589535974963e+03,1.471261645580661304e+00
5.675154459676747138e+03,1.471261287539903151e+00
5.674672329817518403e+03,1.471260930984791049e+00
5.674190199958289668e+03,1.471260572944032896e+00
5.673708070099060933e+03,1.471260214903274521e+00
5.673225940239833108e+03,1.471259858348162419e+00
5.672743810380605282e+03,1.471259500307404267e+00
5.672261680521376547e+03,1.471259142266645892e+00
5.671779550662147813e+03,1.471258784225887517e+00
5.671297420802919078e+03,1.471258546522479671e+00
5.670815290943691252e+03,1.471258307333425330e+00
5.670333161084463427e+03,1.471258069630017262e+00
5.669851031225234692e+03,1.471257711589258887e+00
5.669368901366005957e+03,1.471257473885851041e+00
5.668886771506777222e+03,1.471257115845092667e+00
5.668404641647549397e+03,1.471256878141684599e+00
5.667922511788321572e+03,1.471256520100926446e+00
5.667440381929092837e+03,1.471256162060168071e+00
5.666958252069864102e+03,1.471255804019409696e+00
5.666476122210636277e+03,1.471255447464297816e+00
5.665993992351407542e+03,1.471255089423539442e+00
5.665511862492179716e+03,1.471254850234485101e+00
5.665029732632950981e+03,1.471254493679373221e+00
5.664547602773722247e+03,1.471254254490318880e+00
5.664065472914494421e+03,1.471253897935207000e+00
5.663583343055265686e+03,1.471253539894448625e+00
5.663101213196037861e+03,1.471253181853690251e+00
5.662619083336809126e+03,1.471252944150282183e+00
5.662136953477580391e+03,1.471252586109524030e+00
5.661654823618352566e+03,1.471252109217061621e+00
5.661172693759124741e+03,1.471251751176303468e+00
5.660690563899896006e+03,1.471251274283841060e+00
5.660208434040667271e+03,1.471250797391378873e+00
5.659726304181438536e+03,1.471250320498916464e+00
5.659244174322210711e+03,1.471249963943804584e+00
5.658762044462982885e+03,1.471249487051342175e+00
5.658279914603754150e+03,1.471249129010583800e+00
5.657797784744525416e+03,1.471248770969825648e+00
5.657315654885296681e+03,1.471248412929067273e+00
5.656833525026068855e+03,1.471248056373955393e+00
5.656351395166841030e+03,1.471247579481492984e+00
5.655869265307612295e+03,1.471247221440734609e+00
5.655387135448383560e+03,1.471246744548272423e+00
5.654905005589154825e+03,1.471246267655810014e+00
5.654422875729927000e+03,1.471245790763347827e+00
5.653940745870699175e+03,1.471245313870885418e+00
5.653458616011470440e+03,1.471244836978423232e+00
5.652976486152241705e+03,1.471244360085960823e+00
5.652494356293012970e+03,1.471243883193498636e+00
5.652012226433785145e+03,1.471243406301036227e+00
5.651530096574557319e+03,1.471243049745924347e+00
5.651047966715328585e+03,1.471242572853461938e+00
5.650565836856099850e+03,1.471242214812703786e+00
5.650083706996871115e+03,1.471241856771945411e+00
5.649601577137643289e+03,1.471241500216833309e+00
5.649119447278415464e+03,1.471241142176075156e+00
5.648637317419186729e+03,1.471240665283612747e+00
5.648155187559957994e+03,1.471240307242854595e+00
5.647673057700729260e+03,1.471239830350392186e+00
5.647190927841501434e+03,1.471239472309633811e+00
5.646708797982273609e+03,1.471238995417171624e+00
5.646226668123044874e+03,1.471238520010355488e+00
5.645744538263816139e+03,1.471238161969597336e+00
5.645262408404588314e+03,1.471237803928838961e+00
5.644780278545359579e+03,1.471237445888080586e+00
5.644298148686131753e+03,1.471237089332968706e+00
5.643816018826903019e+03,1.471236731292210331e+00
5.643333888967674284e+03,1.471236373251452179e+00
5.642851759108446458e+03,1.471236135548044111e+00
5.642369629249217724e+03,1.471235777507285736e+00
5.641887499389989898e+03,1.471235419466527583e+00
5.641405369530761163e+03,1.471235062911415481e+00
5.640923239671532428e+03,1.471234586018953294e+00
5.640441109812304603e+03,1.471234227978194919e+00
5.639958979953076778e+03,1.471233869937436545e+00
5.639476850093848043e+03,1.471233511896678392e+00
5.638994720234619308e+03,1.471233155341566290e+00
5.638512590375390573e+03,1.471232797300807915e+00
5.638030460516162748e+03,1.471232439260049762e+00
5.637548330656934922e+03,1.471232201556641694e+00
5.637066200797706188e+03,1.471231843515883320e+00
5.636584070938477453e+03,1.471231485475125167e+00
5.636101941079248718e+03,1.471231128920013065e+00
5.635619811220020893e+03,1.471230770879254690e+00
5.635137681360793067e+03,1.471230412838496537e+00
5.634655551501564332e+03,1.471229935946034129e+00
5.634173421642335597e+03,1.471229577905275976e+00
5.633691291783106863e+03,1.471229221350163874e+00
5.633209161923879037e+03,1.471228744457701687e+00
5.632727032064651212e+03,1.471228386416943312e+00
5.632244902205422477e+03,1.471228028376184938e+00
5.631762772346193742e+03,1.471227551483722751e+00
5.631280642486965007e+03,1.471227194928610649e+00
5.630798512627737182e+03,1.471226836887852496e+00
5.630316382768509357e+03,1.471226478847094121e+00
5.629834252909280622e+03,1.471226120806335746e+00
5.629352123050051887e+03,1.471225645399519832e+00
5.628869993190823152e+03,1.471225168507057424e+00
5.628387863331595327e+03,1.471224691614595237e+00
5.627905733472367501e+03,1.471224333573836862e+00
5.627423603613138766e+03,1.471223737829670641e+00
5.626941473753910032e+03,1.471223379788912267e+00
5.626459343894681297e+03,1.471222784044746046e+00
5.625977214035453471e+03,1.471222426003987671e+00
5.625495084176225646e+03,1.471221949111525484e+00
5.625012954316996911e+03,1.471221472219063076e+00
5.624530824457768176e+03,1.471220995326600889e+00
5.624048694598540351e+03,1.471220518434138480e+00
5.623566564739311616e+03,1.471220160393380105e+00
5.623084434880083791e+03,1.471219683500917919e+00
5.622602305020855056e+03,1.471219208094101782e+00
5.622120175161626321e+03,1.471218731201639596e+00
5.621638045302398496e+03,1.471218254309177187e+00
5.621155915443169761e+03,1.471217777416715000e+00
5.620673785583941935e+03,1.471217300524252591e+00
5.620191655724713200e+03,1.471216823631790405e+00
5.619709525865484466e+03,1.471216226401977689e+00
5.619227396006256640e+03,1.471215750995161775e+00
5.618745266147028815e+03,1.471215274102699588e+00
5.618263136287800080e+03,1.471214797210237180e+00
5.617781006428571345e+03,1.471214320317774993e+00
5.617298876569342610e+03,1.471213843425312584e+00
5.616816746710114785e+03,1.471213366532850397e+00
5.616334616850886960e+03,1.471212889640387989e+00
5.615852486991658225e+03,1.471212412747925802e+00
5.615370357132429490e+03,1.471211935855463393e+00
5.614888227273200755e+03,1.471211458963000984e+00
5.614406097413972930e+03,1.471210982070538797e+00
5.613923967554745104e+03,1.471210386326372577e+00
5.613441837695516369e+03,1.471209909433910168e+00
5.612959707836287635e+03,1.471209313689743947e+00
5.612477577977058900e+03,1.471208836797281538e+00
5.611995448117831074e+03,1.471208359904819352e+00
5.611513318258603249e+03,1.471207883012356943e+00
5.611031188399374514e+03,1.471207406119894756e+00
5.610549058540145779e+03,1.471206929227432347e+00
5.610066928680917044e+03,1.471206452334970161e+00
5.609584798821689219e+03,1.471205975442507752e+00
5.609102668962461394e+03,1.471205498550045565e+00
5.608620539103232659e+03,1.471205021657583156e+00
5.608138409244003924e+03,1.471204544765120970e+00
5.607656279384775189e+03,1.471204067872658561e+00
5.607174149525547364e+03,1.471203590980196374e+00
5.606692019666319538e+03,1.471203114087733965e+00
5.606209889807090804e+03,1.471202518343567744e+00
5.605727759947862069e+03,1.471202041451105336e+00
5.605245630088633334e+03,1.471201564558643149e+00
5.604763500229405508e+03,1.471201087666180740e+00
5.604281370370177683e+03,1.471200729625422587e+00
5.603799240510948948e+03,1.471200252732960179e+00
5.603317110651720213e+03,1.471199896177848299e+00
5.602834980792492388e+03,1.471199419285385890e+00
5.602352850933263653e+03,1.471198942392923703e+00
5.601870721074035828e+03,1.471198465500461294e+00
5.601388591214807093e+03,1.471197988607998886e+00
5.600906461355578358e+03,1.471197511715536699e+00
5.600424331496350533e+03,1.471197153674778324e+00
5.599942201637121798e+03,1.471196676782316137e+00
5.599460071777893972e+03,1.471196199889853728e+00
5.598977941918665238e+03,1.471195722997391542e+00
5.598495812059436503e+03,1.471195364956633167e+00
5.598013682200208677e+03,1.471194888064170980e+00
5.597531552340980852e+03,1.471194531509058878e+00
5.597049422481752117e+03,1.471194173468300503e+00
5.596567292622523382e+03,1.471193696575838317e+00
5.596085162763294647e+03,1.471193338535079942e+00
5.595603032904066822e+03,1.471192981979968062e+00
5.595120903044838997e+03,1.471192623939209687e+00
5.594638773185610262e+03,1.471192147046747500e+00
5.594156643326381527e+03,1.471191789005989126e+00
5.593674513467152792e+03,1.471191430965230751e+00
5.593192383607924967e+03,1.471190954072768564e+00
5.592710253748697141e+03,1.471190597517656462e+00
5.592228123889468407e+03,1.471190239476898087e+00
5.591745994030239672e+03,1.471189881436139935e+00
5.591263864171010937e+03,1.471189524881027832e+00
5.590781734311783111e+03,1.471189166840269680e+00
5.590299604452555286e+03,1.471188808799511305e+00
5.589817474593326551e+03,1.471188571096103237e+00
5.589335344734097816e+03,1.471188213055345084e+00
5.588853214874869082e+03,1.471187973866290744e+00
5.588371085015641256e+03,1.471187617311178641e+00
5.587888955156413431e+03,1.471187259270420489e+00
5.587406825297184696e+03,1.471186901229662114e+00
5.586924695437955961e+03,1.471186544674550012e+00
5.586442565578727226e+03,1.471186305485495893e+00
5.585960435719499401e+03,1.471185947444737518e+00
5.585478305860271576e+03,1.471185590889625416e+00
5.584996176001042841e+03,1.471185232848867264e+00
5.584514046141814106e+03,1.471184993659812923e+00
5.584031916282585371e+03,1.471184755956404855e+00
5.583549786423357546e+03,1.471184397915646702e+00
5.583067656564129720e+03,1.471184160212238634e+00
5.582585526704900985e+03,1.471183921023184293e+00
5.582103396845672250e+03,1.471183564468072191e+00
5.581621266986443516e+03,1.471183325279018073e+00
5.581139137127215690e+03,1.471183087575610005e+00
5.580657007267987865e+03,1.471182729534851630e+00
5.580174877408759130e+03,1.471182371494093477e+00
5.579692747549530395e+03,1.471182133790685409e+00
5.579210617690302570e+03,1.471181775749927034e+00
5.578728487831073835e+03,1.471181536560872694e+00
5.578246357971846010e+03,1.471181180005760814e+00
5.577764228112617275e+03,1.471180940816706473e+00
5.577282098253388540e+03,1.471180584261594593e+00
5.576799968394160715e+03,1.471180345072540252e+00
5.576317838534931980e+03,1.471180107369132184e+00
5.575835708675704154e+03,1.471179868180077843e+00
5.575353578816475419e+03,1.471179510139319691e+00
5.574871448957246685e+03,1.471179272435911622e+00
5.574389319098018859e+03,1.471179033246857282e+00
5.573907189238791034e+03,1.471178676691745402e+00
5.573425059379562299e+03,1.471178318650987027e+00
5.572942929520333564e+03,1.471178079461932686e+00
5.572460799661104829e+03,1.471177722906820584e+00
5.571978669801877004e+03,1.471177364866062431e+00
5.571496539942649179e+03,1.471177127162654363e+00
5.571014410083420444e+03,1.471176887973600023e+00
5.570532280224191709e+03,1.471176529932841870e+00
5.570050150364962974e+03,1.471176292229433802e+00
5.569568020505735149e+03,1.471176053040379461e+00
5.569085890646507323e+03,1.471175815336971393e+00
5.568603760787278588e+03,1.471175576147917274e+00
5.568121630928049854e+03,1.471175338444509206e+00
5.567639501068821119e+03,1.471174980403750832e+00
5.567157371209593293e+03,1.471174742700342986e+00
5.566675241350365468e+03,1.471174384659584611e+00
5.566193111491136733e+03,1.471174146956176543e+00
5.565710981631907998e+03,1.471173788915418390e+00
5.565228851772679263e+03,1.471173430874660015e+00
5.564746721913451438e+03,1.471173193171251947e+00
5.564264592054223613e+03,1.471172953982197606e+00
5.563782462194994878e+03,1.471172716278789760e+00
5.563300332335766143e+03,1.471172477089735420e+00
5.562818202476537408e+03,1.471172119048977045e+00
5.562336072617309583e+03,1.471171881345569199e+00
5.561853942758081757e+03,1.471171642156514858e+00
5.561371812898853022e+03,1.471171285601402756e+00
5.560889683039624288e+03,1.471171046412348415e+00
5.560407553180395553e+03,1.471170689857236535e+00
5.559925423321167727e+03,1.471170331816478161e+00
5.559443293461939902e+03,1.471170092627423820e+00
5.558961163602711167e+03,1.471169736072311940e+00
5.558479033743482432e+03,1.471169496883257599e+00
5.557996903884254607e+03,1.471169138842499224e+00
5.557514774025025872e+03,1.471168901139091378e+00
5.557032644165798047e+03,1.471168661950037038e+00
5.556550514306569312e+03,1.471168424246628970e+00
5.556068384447340577e+03,1.471168066205870595e+00
5.555586254588112752e+03,1.471167947354166783e+00
5.555104124728884017e+03,1.471167589313408408e+00
5.554621994869656191e+03,1.471167232758296306e+00
5.554139865010427457e+03,1.471166874717538153e+00
5.553657735151198722e+03,1.471166635528483813e+00
5.553175605291970896e+03,1.471166278973371710e+00
5.552693475432743071e+03,1.471165920932613558e+00
5.552211345573514336e+03,1.471165562891855183e+00
5.551729215714285601e+03,1.471165325188447115e+00
5.551247085855056866e+03,1.471164967147688962e+00
5.550764955995829041e+03,1.471164729444280894e+00
5.550282826136601216e+03,1.471164490255226553e+00
5.549800696277372481e+03,1.471164132214468401e+00
5.549318566418143746e+03,1.471163894511060333e+00
5.548836436558915011e+03,1.471163536470301958e+00
5.548354306699687186e+03,1.471163298766893890e+00
5.547872176840459360e+03,1.471162940726135737e+00
5.547390046981230626e+03,1.471162701537081396e+00
5.546907917122001891e+03,1.471162463833673328e+00
5.546425787262773156e+03,1.471162105792915176e+00
5.545943657403545330e+03,1.471161747752156801e+00
5.545461527544317505e+03,1.471161391197044699e+00
5.544979397685088770e+03,1.471161152007990580e+00
5.544497267825860035e+03,1.471160795452878478e+00
5.544015137966631301e+03,1.471160556263824137e+00
5.543533008107403475e+03,1.471160318560416291e+00
5.543050878248175650e+03,1.471160079371361951e+00
5.542568748388946915e+03,1.471159721330603576e+00
5.542086618529718180e+03,1.471159483627195508e+00
5.541604488670489445e+03,1.471159244438141389e+00
5.541122358811261620e+03,1.471159006734733321e+00
5.540640228952033794e+03,1.471158648693974946e+00
5.540158099092805060e+03,1.471158292138863066e+00
5.539675969233576325e+03,1.471157934098104692e+00
5.539193839374347590e+03,1.471157694909050351e+00
5.538711709515119765e+03,1.471157457205642283e+00
5.538229579655891939e+03,1.471157099164884130e+00
5.537747449796663204e+03,1.471156861461476062e+00
5.537265319937434469e+03,1.471156622272421721e+00
5.536783190078206644e+03,1.471156384569013875e+00
5.536301060218977909e+03,1.471156145379959534e+00
5.535818930359750084e+03,1.471155907676551466e+00
5.535336800500521349e+03,1.471155668487497126e+00
5.534854670641292614e+03,1.471155430784089280e+00
5.534372540782064789e+03,1.471155191595034939e+00
5.533890410922836054e+03,1.471154835039922837e+00
5.533408281063608229e+03,1.471154595850868496e+00
5.532926151204379494e+03,1.471154358147460650e+00
5.532444021345150759e+03,1.471154118958406309e+00
5.531961891485922933e+03,1.471153881254998241e+00
5.531479761626695108e+03,1.471153642065943901e+00
5.530997631767466373e+03,1.471153284025185748e+00
5.530515501908237638e+03,1.471153165173481714e+00
5.530033372049008904e+03,1.471152927470073646e+00
5.529551242189781078e+03,1.471152688281019305e+00
5.529069112330553253e+03,1.471152450577611459e+00
5.528586982471324518e+03,1.471152211388557118e+00
5.528104852612095783e+03,1.471151973685149050e+00
5.527622722752867048e+03,1.471151734496094710e+00
5.527140592893639223e+03,1.471151496792686864e+00
5.526658463034411398e+03,1.471151138751928489e+00
5.526176333175182663e+03,1.471150901048520421e+00
5.525694203315953928e+03,1.471150543007762268e+00
5.525212073456725193e+03,1.471150303818707927e+00
5.524729943597497368e+03,1.471150066115299859e+00
5.524247813738269542e+03,1.471149826926245519e+00
5.523765683879040807e+03,1.471149589222837673e+00
5.523283554019812073e+03,1.471149350033783332e+00
5.522801424160583338e+03,1.471149112330375264e+00
5.522319294301355512e+03,1.471148874626967196e+00
5.521837164442127687e+03,1.471148635437913077e+00
5.521355034582898952e+03,1.471148397734505009e+00
5.520872904723670217e+03,1.471148039693746634e+00
5.520390774864441482e+03,1.471147800504692293e+00
5.519908645005213657e+03,1.471147443949580413e+00
5.519426515145985832e+03,1.471147085908822039e+00
5.518944385286757097e+03,1.471146846719767698e+00
5.518462255427528362e+03,1.471146490164655818e+00
5.517980125568299627e+03,1.471146250975601477e+00
5.517497995709071802e+03,1.471146013272193409e+00
5.517015865849843976e+03,1.471145774083139290e+00
5.516533735990615241e+03,1.471145536379731222e+00
5.516051606131386507e+03,1.471145297190676882e+00
5.515569476272158681e+03,1.471145059487268814e+00
5.515087346412929946e+03,1.471144701446510661e+00
5.514605216553702121e+03,1.471144463743102593e+00
5.514123086694473386e+03,1.471144105702344218e+00
5.513640956835244651e+03,1.471143866513290099e+00
5.513158826976016826e+03,1.471143509958177997e+00
5.512676697116788091e+03,1.471143270769123657e+00
5.512194567257560266e+03,1.471142912728365282e+00
5.511712437398331531e+03,1.471142675024957436e+00
5.511230307539102796e+03,1.471142316984199061e+00
5.510748177679874971e+03,1.471142079280790993e+00
5.510266047820647145e+03,1.471141840091736874e+00
5.509783917961418410e+03,1.471141602388328806e+00
5.509301788102189676e+03,1.471141363199274466e+00
5.508819658242960941e+03,1.471141006644162585e+00
5.508337528383733115e+03,1.471140767455108245e+00
5.507855398524505290e+03,1.471140529751700177e+00
5.507373268665276555e+03,1.471140171710941802e+00
5.506891138806047820e+03,1.471139932521887683e+00
5.506409008946819085e+03,1.471139575966775581e+00
5.505926879087591260e+03,1.471139336777721240e+00
5.505444749228363435e+03,1.471138980222609360e+00
5.504962619369134700e+03,1.471138741033555020e+00
5.504480489509905965e+03,1.471138382992796645e+00
5.503998359650677230e+03,1.471138145289388799e+00
5.503516229791449405e+03,1.471137906100334458e+00
5.503034099932221579e+03,1.471137668396926390e+00
5.502551970072992845e+03,1.471137429207872049e+00
5.502069840213764110e+03,1.471137191504464203e+00
5.501587710354535375e+03,1.471136952315409863e+00
5.501105580495307549e+03,1.471136714612001795e+00
5.500623450636079724e+03,1.471136356571243420e+00
5.500141320776850989e+03,1.471136118867835574e+00
5.499659190917622254e+03,1.471135760827077199e+00
5.499177061058393519e+03,1.471135523123669131e+00
5.498694931199165694e+03,1.471135165082910978e+00
5.498212801339937869e+03,1.471134925893856638e+00
5.497730671480709134e+03,1.471134688190448570e+00
5.497248541621480399e+03,1.471134330149690195e+00
5.496766411762251664e+03,1.471134211297986383e+00
5.496284281903023839e+03,1.471133853257228008e+00
5.495802152043796013e+03,1.471133734405523974e+00
5.495320022184567279e+03,1.471133495216469633e+00
5.494837892325338544e+03,1.471133257513061787e+00
5.494355762466110718e+03,1.471132899472303412e+00
5.493873632606881984e+03,1.471132661768895344e+00
5.493391502747654158e+03,1.471132422579841004e+00
5.492909372888425423e+03,1.471132066024729124e+00
5.492427243029196688e+03,1.471131826835674783e+00
5.491945113169968863e+03,1.471131589132266715e+00
5.491462983310740128e+03,1.471131231091508562e+00
5.490980853451512303e+03,1.471130991902454221e+00
5.490498723592283568e+03,1.471130754199046153e+00
5.490016593733054833e+03,1.471130515009991813e+00
5.489534463873827008e+03,1.471130277306583967e+00
5.489052334014599182e+03,1.471130158454879933e+00
5.488570204155370448e+03,1.471129919265825592e+00
5.488088074296141713e+03,1.471129681562417524e+00
5.487605944436912978e+03,1.471129442373363183e+00
5.487123814577685152e+03,1.471129204669955337e+00
5.486641684718457327e+03,1.471128965480900996e+00
5.486159554859228592e+03,1.471128727777492928e+00
5.485677424999999857e+03,1.471128369736734776e+00
5.485195295140771123e+03,1.471128132033326708e+00
5.484713165281543297e+03,1.471127892844272367e+00
5.484231035422315472e+03,1.471127773992568333e+00
5.483748905563086737e+03,1.471127534803513992e+00
5.483266775703858002e+03,1.471127297100106146e+00
5.482784645844629267e+03,1.471127178248402112e+00
5.482302515985401442e+03,1.471126939059347771e+00
5.481820386126173617e+03,1.471126820207643737e+00
5.481338256266944882e+03,1.471126581018589397e+00
5.480856126407716147e+03,1.471126343315181551e+00
5.480373996548487412e+03,1.471126105611773482e+00
5.479891866689259587e+03,1.471125866422719142e+00
5.479409736830031761e+03,1.471125628719311296e+00
5.478927606970803026e+03,1.471125389530256955e+00
5.478445477111574291e+03,1.471125151826848887e+00
5.477963347252345557e+03,1.471124912637794546e+00
5.477481217393117731e+03,1.471124793786090512e+00
5.476999087533889906e+03,1.471124554597036393e+00
5.476516957674661171e+03,1.471124316893628325e+00
5.476034827815432436e+03,1.471124198041924291e+00
5.475552697956203701e+03,1.471123958852869951e+00
5.475070568096975876e+03,1.471123840001165917e+00
5.474588438237748051e+03,1.471123600812111798e+00
5.474106308378519316e+03,1.471123363108703730e+00
5.473624178519290581e+03,1.471123125405295662e+00
5.473142048660062756e+03,1.471122886216241321e+00
5.472659918800834021e+03,1.471122648512833475e+00
5.472177788941606195e+03,1.471122409323779134e+00
5.471695659082377460e+03,1.471122171620371066e+00
5.471213529223148726e+03,1.471121932431316726e+00
5.470731399363920900e+03,1.471121694727908880e+00
5.470249269504692165e+03,1.471121455538854539e+00
5.469767139645464340e+03,1.471121217835446471e+00
5.469285009786235605e+03,1.471120978646392130e+00
5.468802879927006870e+03,1.471120859794688096e+00
5.468320750067779045e+03,1.471120620605633977e+00
5.467838620208551220e+03,1.471120382902225909e+00
5.467356490349322485e+03,1.471120143713171569e+00
5.466874360490093750e+03,1.471119906009763501e+00
5.466392230630865015e+03,1.471119668306355655e+00
5.465910100771637190e+03,1.471119429117301314e+00
5.465427970912409364e+03,1.471119071076542939e+00
5.464945841053180629e+03,1.471118833373135093e+00
5.464463711193951895e+03,1.471118594184080752e+00
5.463981581334723160e+03,1.471118356480672684e+00
5.463499451475495334e+03,1.471118117291618344e+00
5.463017321616267509e+03,1.471117998439914309e+00
5.462535191757038774e+03,1.471117760736506463e+00
5.462053061897810039e+03,1.471117521547452123e+00
5.461570932038581304e+03,1.471117402695748089e+00
5.461088802179353479e+03,1.471117163506693748e+00
5.460606672320125654e+03,1.471116925803285902e+00
5.460124542460896919e+03,1.471116688099877834e+00
5.459642412601668184e+03,1.471116448910823493e+00
5.459160282742439449e+03,1.471116330059119459e+00
5.458678152883211624e+03,1.471116090870065118e+00
5.458196023023983798e+03,1.471115853166657272e+00
5.457713893164755063e+03,1.471115613977602932e+00
5.457231763305526329e+03,1.471115376274194864e+00
5.456749633446297594e+03,1.471115137085140523e+00
5.456267503587069768e+03,1.471115018233436489e+00
5.455785373727841943e+03,1.471114780530028643e+00
5.455303243868613208e+03,1.471114660192678336e+00
5.454821114009384473e+03,1.471114541340974302e+00
5.454338984150155738e+03,1.471114303637566234e+00
5.453856854290927913e+03,1.471114183300215927e+00
5.453374724431700088e+03,1.471113945596808081e+00
5.452892594572471353e+03,1.471113826745104047e+00
5.452410464713242618e+03,1.471113587556049707e+00
5.451928334854014793e+03,1.471113468704345673e+00
5.451446204994786058e+03,1.471113231000937605e+00
5.450964075135558232e+03,1.471113110663587298e+00
5.450481945276329498e+03,1.471112872960179452e+00
5.449999815417100763e+03,1.471112754108475418e+00
5.449517685557872937e+03,1.471112633771125111e+00
5.449035555698644202e+03,1.471112514919421077e+00
5.448553425839416377e+03,1.471112396067717043e+00
5.448071295980187642e+03,1.471112277216013009e+00
5.447589166120958907e+03,1.471112156878662702e+00
5.447107036261731082e+03,1.471112038026958890e+00
5.446624906402503257e+03,1.471111919175254856e+00
5.446142776543274522e+03,1.471111800323550822e+00
5.445660646684045787e+03,1.471111561134496482e+00
5.445178516824817052e+03,1.471111442282792448e+00
5.444696386965589227e+03,1.471111323431088413e+00
5.444214257106361401e+03,1.471111203093738107e+00
5.443732127247132667e+03,1.471111084242034295e+00
5.443249997387903932e+03,1.471110965390330261e+00
5.442767867528675197e+03,1.471110846538626227e+00
5.442285737669447371e+03,1.471110726201275920e+00
5.441803607810219546e+03,1.471110726201275920e+00
5.441321477950990811e+03,1.471110607349571886e+00
5.440839348091762076e+03,1.471110607349571886e+00
5.440357218232533342e+03,1.471110488497867852e+00
5.439875088373305516e+03,1.471110369646163818e+00
5.439392958514077691e+03,1.471110250794459784e+00
5.438910828654848956e+03,1.471110250794459784e+00
5.438428698795620221e+03,1.471110130457109699e+00
5.437946568936391486e+03,1.471110011605405665e+00
5.437464439077163661e+03,1.471109773901997597e+00
5.436982309217935835e+03,1.471109773901997597e+00
5.436500179358707101e+03,1.471109653564647290e+00
5.436018049499478366e+03,1.471109653564647290e+00
5.435535919640249631e+03,1.471109653564647290e+00
5.435053789781021806e+03,1.471109653564647290e+00
5.434571659921793980e+03,1.471109534712943256e+00
5.434089530062565245e+03,1.471109534712943256e+00
5.433607400203336510e+03,1.471109415861239222e+00
5.433125270344107776e+03,1.471109415861239222e+00
5.432643140484879950e+03,1.471109297009535188e+00
5.432161010625652125e+03,1.471109176672184882e+00
5.431678880766423390e+03,1.471109176672184882e+00
5.431196750907194655e+03,1.471109057820481070e+00
5.430714621047966830e+03,1.471108938968777036e+00
5.430232491188738095e+03,1.471108938968777036e+00
5.429750361329510270e+03,1.471108938968777036e+00
5.429268231470281535e+03,1.471108938968777036e+00
5.428786101611052800e+03,1.471108938968777036e+00
5.428303971751824974e+03,1.471108938968777036e+00
5.427821841892596240e+03,1.471108820117073002e+00
5.427339712033368414e+03,1.471108820117073002e+00
5.426857582174139679e+03,1.471108820117073002e+00
5.426375452314910945e+03,1.471108820117073002e+00
5.425893322455683119e+03,1.471108699779722695e+00
5.425411192596455294e+03,1.471108699779722695e+00
5.424929062737226559e+03,1.471108580928018661e+00
5.424446932877997824e+03,1.471108699779722695e+00
5.423964803018769089e+03,1.471108580928018661e+00
5.423482673159541264e+03,1.471108580928018661e+00
5.423000543300313439e+03,1.471108580928018661e+00
5.422518413441084704e+03,1.471108580928018661e+00
5.422036283581855969e+03,1.471108580928018661e+00
5.421554153722627234e+03,1.471108580928018661e+00
5.421072023863399409e+03,1.471108462076314627e+00
5.420589894004171583e+03,1.471108462076314627e+00
5.420107764144942848e+03,1.471108462076314627e+00
5.419625634285714114e+03,1.471108343224610593e+00
5.419143504426485379e+03,1.471108222887260286e+00
5.418661374567257553e+03,1.471108222887260286e+00
5.418179244708029728e+03,1.471108104035556474e+00
5.417697114848800993e+03,1.471107985183852440e+00
5.417214984989572258e+03,1.471107866332148406e+00
5.416732855130343523e+03,1.471107745994798099e+00
5.416250725271115698e+03,1.471107745994798099e+00
5.415768595411887873e+03,1.471107627143094065e+00
5.415286465552659138e+03,1.471107627143094065e+00
5.414804335693430403e+03,1.471107508291390031e+00
5.414322205834201668e+03,1.471107389439685997e+00
5.413840075974973843e+03,1.471107270587982185e+00
5.413357946115746017e+03,1.471107150250631879e+00
5.412875816256517282e+03,1.471107031398927845e+00
5.412393686397288548e+03,1.471106912547223811e+00
5.411911556538059813e+03,1.471106793695519777e+00
5.411429426678831987e+03,1.471106554506465436e+00
5.410947296819604162e+03,1.471106435654761402e+00
5.410465166960375427e+03,1.471106316803057590e+00
5.409983037101146692e+03,1.471106077614003249e+00
5.409500907241918867e+03,1.471105958762299215e+00
5.409018777382690132e+03,1.471105839910595181e+00
5.408536647523462307e+03,1.471105719573244874e+00
5.408054517664233572e+03,1.471105600721540840e+00
5.407572387805004837e+03,1.471105481869836806e+00
5.407090257945777012e+03,1.471105363018132994e+00
5.406608128086548277e+03,1.471105123829078654e+00
5.406125998227320451e+03,1.471104886125670586e+00
5.405643868368091717e+03,1.471104646936616245e+00
5.405161738508862982e+03,1.471104528084912211e+00
5.404679608649635156e+03,1.471104288895858092e+00
5.404197478790407331e+03,1.471104170044154058e+00
5.403715348931178596e+03,1.471103932340745990e+00
5.403233219071949861e+03,1.471103693151691649e+00
5.402751089212721126e+03,1.471103455448283803e+00
5.402268959353493301e+03,1.471103336596579769e+00
5.401786829494265476e+03,1.471103216259229463e+00
5.401304699635036741e+03,1.471103097407525429e+00
5.400822569775808006e+03,1.471102859704117360e+00
5.400340439916579271e+03,1.471102739366767054e+00
5.399858310057351446e+03,1.471102501663358986e+00
5.399376180198123620e+03,1.471102262474304867e+00
5.398894050338894885e+03,1.471102143622600833e+00
5.398411920479666151e+03,1.471101905919192765e+00
5.397929790620437416e+03,1.471101666730138424e+00
5.397447660761209590e+03,1.471101547878434390e+00
5.396965530901981765e+03,1.471101308689380271e+00
5.396483401042753030e+03,1.471101189837676237e+00
5.396001271183524295e+03,1.471101070985972203e+00
5.395519141324295560e+03,1.471100952134268169e+00
5.395037011465067735e+03,1.471100712945213829e+00
5.394554881605839910e+03,1.471100594093509795e+00
5.394072751746611175e+03,1.471100475241805983e+00
5.393590621887382440e+03,1.471100356390101949e+00
5.393108492028153705e+03,1.471100236052751642e+00
5.392626362168925880e+03,1.471100117201047608e+00
5.392144232309698054e+03,1.471099879497639540e+00
5.391662102450469320e+03,1.471099640308585199e+00
5.391179972591240585e+03,1.471099521456881387e+00
5.390697842732011850e+03,1.471099402605177353e+00
5.390215712872784025e+03,1.471099163416123012e+00
5.389733583013556199e+03,1.471099044564418978e+00
5.389251453154327464e+03,1.471098925712714944e+00
5.388769323295098729e+03,1.471098925712714944e+00
5.388287193435870904e+03,1.471098805375364638e+00
5.387805063576642169e+03,1.471098686523660604e+00
5.387322933717414344e+03,1.471098567671956792e+00
5.386840803858185609e+03,1.471098448820252758e+00
5.386358673998956874e+03,1.471098328482902451e+00
5.385876544139729049e+03,1.471098209631198417e+00
5.385394414280500314e+03,1.471098090779494383e+00
5.384912284421272489e+03,1.471097971927790349e+00
5.384430154562043754e+03,1.471097732738736008e+00
5.383948024702815019e+03,1.471097613887032196e+00
5.383465894843587193e+03,1.471097495035328162e+00
5.382983764984359368e+03,1.471097376183624128e+00
5.382501635125130633e+03,1.471097255846273821e+00
5.382019505265901898e+03,1.471097255846273821e+00
5.381537375406673164e+03,1.471097136994569787e+00
5.381055245547445338e+03,1.471097018142865753e+00
5.380573115688217513e+03,1.471096899291161719e+00
5.380090985828988778e+03,1.471096778953811413e+00
5.379608855969760043e+03,1.471096660102107601e+00
5.379126726110531308e+03,1.471096541250403567e+00
5.378644596251303483e+03,1.471096422398699533e+00
5.378162466392075657e+03,1.471096302061349226e+00
5.377680336532846923e+03,1.471096064357941158e+00
5.377198206673618188e+03,1.471095945506237124e+00
5.376716076814389453e+03,1.471095825168886817e+00
5.376233946955161628e+03,1.471095706317182783e+00
5.375751817095933802e+03,1.471095587465478971e+00
5.375269687236705067e+03,1.471095468613774937e+00
5.374787557377476332e+03,1.471095468613774937e+00
5.374305427518247598e+03,1.471095348276424630e+00
5.373823297659019772e+03,1.471095229424720596e+00
5.373341167799791947e+03,1.471095110573016562e+00
5.372859037940563212e+03,1.471094991721312528e+00
5.372376908081334477e+03,1.471094871383962222e+00
5.371894778222105742e+03,1.471094633680554375e+00
5.371412648362877917e+03,1.471094514828850341e+00
5.370930518503650092e+03,1.471094395977146307e+00
5.370448388644421357e+03,1.471094156788091967e+00
5.369966258785192622e+03,1.471094037936387933e+00
5.369484128925963887e+03,1.471093919084683899e+00
5.369001999066736062e+03,1.471093798747333592e+00
5.368519869207508236e+03,1.471093798747333592e+00
5.368037739348279501e+03,1.471093679895629780e+00
5.367555609489050767e+03,1.471093561043925746e+00
5.367073479629822941e+03,1.471093442192221712e+00
5.366591349770594206e+03,1.471093321854871405e+00
5.366109219911366381e+03,1.471093203003167371e+00
5.365627090052137646e+03,1.471093084151463337e+00
5.365144960192908911e+03,1.471092844962408996e+00
5.364662830333681086e+03,1.471092726110705184e+00
5.364180700474452351e+03,1.471092488407297116e+00
5.363698570615224526e+03,1.471092368069946810e+00
5.363216440755995791e+03,1.471092130366538742e+00
5.362734310896767056e+03,1.471092011514834708e+00
5.362252181037539231e+03,1.471091772325780589e+00
5.361770051178311405e+03,1.471091653474076555e+00
5.361287921319082670e+03,1.471091534622372521e+00
5.360805791459853936e+03,1.471091414285022214e+00
5.360323661600625201e+03,1.471091295433318180e+00
5.359841531741397375e+03,1.471091176581614146e+00
5.359359401882169550e+03,1.471091057729910112e+00
5.358877272022940815e+03,1.471090818540855993e+00
5.358395142163712080e+03,1.471090699689151959e+00
5.357913012304483345e+03,1.471090461985743891e+00
5.357430882445255520e+03,1.471090222796689551e+00
5.356948752586027695e+03,1.471089985093281483e+00
5.356466622726798960e+03,1.471089864755931398e+00
5.355984492867570225e+03,1.471089627052523330e+00
5.355502363008341490e+03,1.471089508200819296e+00
5.355020233149113665e+03,1.471089387863468989e+00
5.354538103289885839e+03,1.471089269011764955e+00
5.354055973430657104e+03,1.471089150160060921e+00
5.353573843571428370e+03,1.471088910971006802e+00
5.353091713712199635e+03,1.471088792119302768e+00
5.352609583852971809e+03,1.471088673267598734e+00
5.352127453993743984e+03,1.471088434078544394e+00
5.351645324134515249e+03,1.471088315226840360e+00
5.351163194275286514e+03,1.471088077523432291e+00
5.350681064416057779e+03,1.471087958671728479e+00
5.350198934556829954e+03,1.471087838334378173e+00
5.349716804697602129e+03,1.471087719482674139e+00
5.349234674838373394e+03,1.471087600630970105e+00
5.348752544979144659e+03,1.471087361441915764e+00
5.348270415119915924e+03,1.471087242590211730e+00
5.347788285260688099e+03,1.471087123738507696e+00
5.347306155401460273e+03,1.471087004886803884e+00
5.346824025542231539e+03,1.471086884549453577e+00
5.346341895683002804e+03,1.471086765697749543e+00
5.345859765823774069e+03,1.471086646846045509e+00
5.345377635964546243e+03,1.471086527994341475e+00
5.344895506105318418e+03,1.471086288805287134e+00
5.344413376246089683e+03,1.471086169953583100e+00
5.343931246386860948e+03,1.471086051101879288e+00
5.343449116527633123e+03,1.471085930764528982e+00
5.342966986668404388e+03,1.471085693061120914e+00
5.342484856809176563e+03,1.471085574209416880e+00
5.342002726949947828e+03,1.471085453872066573e+00
5.341520597090719093e+03,1.471085453872066573e+00
5.341038467231491268e+03,1.471085335020362539e+00
5.340556337372262533e+03,1.471085216168658505e+00
5.340074207513034708e+03,1.471085097316954693e+00
5.339592077653805973e+03,1.471084858127900352e+00
5.339109947794577238e+03,1.471084739276196318e+00
5.338627817935349412e+03,1.471084620424492284e+00
5.338145688076121587e+03,1.471084381235437943e+00
5.337663558216892852e+03,1.471084262383733909e+00
5.337181428357664117e+03,1.471084024680326063e+00
5.336699298498435382e+03,1.471083785491271723e+00
5.336217168639207557e+03,1.471083666639567689e+00
5.335735038779979732e+03,1.471083547787863655e+00
5.335252908920750997e+03,1.471083308598809314e+00
5.334770779061522262e+03,1.471083189747105502e+00
5.334288649202293527e+03,1.471083070895401468e+00
5.333806519343065702e+03,1.471082831706347127e+00
5.333324389483837876e+03,1.471082712854643093e+00
5.332842259624609142e+03,1.471082473665588752e+00
5.332360129765380407e+03,1.471082354813884718e+00
5.331877999906151672e+03,1.471082117110476872e+00
5.331395870046923847e+03,1.471081877921422532e+00
5.330913740187696021e+03,1.471081640218014464e+00
5.330431610328467286e+03,1.471081521366310429e+00
5.329949480469238551e+03,1.471081282177256089e+00
5.329467350610009817e+03,1.471081044473848243e+00
5.328985220750781991e+03,1.471080924136497936e+00
5.328503090891554166e+03,1.471080686433089868e+00
5.328020961032325431e+03,1.471080447244035527e+00
5.327538831173096696e+03,1.471080209540627681e+00
5.327056701313867961e+03,1.471079970351573341e+00
5.326574571454640136e+03,1.471079732648165272e+00
5.326092441595412311e+03,1.471079613796461238e+00
5.325610311736183576e+03,1.471079255755703086e+00
5.325128181876954841e+03,1.471079016566648745e+00
5.324646052017726106e+03,1.471078778863240677e+00
5.324163922158498281e+03,1.471078539674186336e+00
5.323681792299270455e+03,1.471078183119074456e+00
5.323199662440041720e+03,1.471077943930020115e+00
5.322717532580812986e+03,1.471077706226612047e+00
5.322235402721585160e+03,1.471077467037557707e+00
5.321753272862356425e+03,1.471077229334149861e+00
5.321271143003128600e+03,1.471076990145095520e+00
5.320789013143899865e+03,1.471076752441687452e+00
5.320306883284671130e+03,1.471076513252633111e+00
5.319824753425443305e+03,1.471076275549225265e+00
5.319342623566214570e+03,1.471076036360170924e+00
5.318860493706986745e+03,1.471075798656762856e+00
5.318378363847758010e+03,1.471075440616004482e+00
5.317896233988529275e+03,1.471075202912596636e+00
5.317414104129301450e+03,1.471074844871838261e+00
5.316931974270073624e+03,1.471074486831079886e+00
5.316449844410844889e+03,1.471074249127672040e+00
5.315967714551616154e+03,1.471074009938617699e+00
5.315485584692387420e+03,1.471073772235209631e+00
5.315003454833159594e+03,1.471073533046155291e+00
5.314521324973931769e+03,1.471073295342747445e+00
5.314039195114703034e+03,1.471073056153693104e+00
5.313557065255474299e+03,1.471072818450285036e+00
5.313074935396245564e+03,1.471072579261230695e+00
5.312592805537017739e+03,1.471072341557822849e+00
5.312110675677789914e+03,1.471072102368768508e+00
5.311628545818561179e+03,1.471071864665360440e+00
5.311146415959332444e+03,1.471071506624602288e+00
5.310664286100103709e+03,1.471071268921194219e+00
5.310182156240875884e+03,1.471071029732139879e+00
5.309700026381648058e+03,1.471070792028731811e+00
5.309217896522419323e+03,1.471070552839677692e+00
5.308735766663190589e+03,1.471070315136269624e+00
5.308253636803961854e+03,1.471070075947215283e+00
5.307771506944734028e+03,1.471069838243807215e+00
5.307289377085506203e+03,1.471069599054753096e+00
5.306807247226277468e+03,1.471069361351345028e+00
5.306325117367048733e+03,1.471069122162290688e+00
5.305842987507819998e+03,1.471069003310586654e+00
5.305360857648592173e+03,1.471068646755474774e+00
5.304878727789364348e+03,1.471068407566420433e+00
5.304396597930135613e+03,1.471068169863012365e+00
5.303914468070906878e+03,1.471067930673958024e+00
5.303432338211678143e+03,1.471067692970550178e+00
5.302950208352450318e+03,1.471067453781495837e+00
5.302468078493222492e+03,1.471067095740737463e+00
5.301985948633993758e+03,1.471066976889033429e+00
5.301503818774765023e+03,1.471066739185625583e+00
5.301021688915537197e+03,1.471066499996571242e+00
5.300539559056308462e+03,1.471066262293163174e+00
5.300057429197080637e+03,1.471066141955812867e+00
5.299575299337851902e+03,1.471065785400700987e+00
5.299093169478623167e+03,1.471065665063350680e+00
5.298611039619395342e+03,1.471065308508238578e+00
5.298128909760166607e+03,1.471065069319184238e+00
5.297646779900938782e+03,1.471064831615776392e+00
5.297164650041710047e+03,1.471064473575018017e+00
5.296682520182481312e+03,1.471064235871609949e+00
5.296200390323253487e+03,1.471063996682555608e+00
5.295718260464025661e+03,1.471063758979147762e+00
5.295236130604796926e+03,1.471063519790093421e+00
5.294754000745568192e+03,1.471063282086685353e+00
5.294271870886339457e+03,1.471063161749335046e+00
5.293789741027111631e+03,1.471062924045927200e+00
5.293307611167883806e+03,1.471062684856872860e+00
5.292825481308655071e+03,1.471062447153464792e+00
5.292343351449426336e+03,1.471062209450056724e+00
5.291861221590197601e+03,1.471061970261002383e+00
5.291379091730969776e+03,1.471061732557594537e+00
5.290896961871741951e+03,1.471061493368540196e+00
5.290414832012513216e+03,1.471061255665132128e+00
5.289932702153284481e+03,1.471060897624373975e+00
5.289450572294055746e+03,1.471060778772669941e+00
5.288968442434827921e+03,1.471060420731911567e+00
5.288486312575600095e+03,1.471060181542857226e+00
5.288004182716371361e+03,1.471059943839449380e+00
5.287522052857142626e+03,1.471059824987745346e+00
5.287039922997913891e+03,1.471059585798691005e+00
5.286557793138686066e+03,1.471059348095282937e+00
5.286075663279458240e+03,1.471059229243578903e+00
5.285593533420229505e+03,1.471058990054524784e+00
5.285111403561000770e+03,1.471058752351116716e+00
5.284629273701772036e+03,1.471058513162062376e+00
5.284147143842544210e+03,1.471058275458654307e+00
5.283665013983316385e+03,1.471057917417896155e+00
5.283182884124087650e+03,1.471057678228841814e+00
5.282700754264858915e+03,1.471057440525433746e+00
5.282218624405630180e+03,1.471057201336379405e+00
5.281736494546402355e+03,1.471056963632971559e+00
5.281254364687174530e+03,1.471056844781267525e+00
5.280772234827945795e+03,1.471056605592213185e+00
5.280290104968717060e+03,1.471056367888805116e+00
5.279807975109489234e+03,1.471056247551454810e+00
5.279325845250260500e+03,1.471056009848046964e+00
5.278843715391032674e+03,1.471055772144638896e+00
5.278361585531803939e+03,1.471055532955584555e+00
5.277879455672575205e+03,1.471055414103880521e+00
5.277397325813347379e+03,1.471055056063122368e+00
5.276915195954118644e+03,1.471054818359714300e+00
5.276433066094890819e+03,1.471054579170659959e+00
5.275950936235662084e+03,1.471054341467251891e+00
5.275468806376433349e+03,1.471054102278197773e+00
5.274986676517205524e+03,1.471053864574789705e+00
5.274504546657977698e+03,1.471053744237439398e+00
5.274022416798748964e+03,1.471053506534031330e+00
5.273540286939520229e+03,1.471053267344976989e+00
5.273058157080291494e+03,1.471053148493273177e+00
5.272576027221063669e+03,1.471052910789865109e+00
5.272093897361835843e+03,1.471052671600810768e+00
5.271611767502607108e+03,1.471052433897402700e+00
5.271129637643378373e+03,1.471052194708348582e+00
5.270647507784149639e+03,1.471051957004940514e+00
5.270165377924921813e+03,1.471051717815886173e+00
5.269683248065693988e+03,1.471051480112478105e+00
5.269201118206465253e+03,1.471051240923423986e+00
5.268718988347236518e+03,1.471051003220015918e+00
5.268236858488007783e+03,1.471050884368311884e+00
5.267754728628779958e+03,1.471050645179257543e+00
5.267272598769552133e+03,1.471050526327553509e+00
5.266790468910323398e+03,1.471050287138499391e+00
5.266308339051094663e+03,1.471050168286795357e+00
5.265826209191865928e+03,1.471049930583387289e+00
5.265344079332638103e+03,1.471049810246036982e+00
5.264861949473410277e+03,1.471049572542628914e+00
5.264379819614181542e+03,1.471049453690925102e+00
5.263897689754952808e+03,1.471049334839221068e+00
5.263415559895724073e+03,1.471049095650166727e+00
5.262933430036496247e+03,1.471048976798462693e+00
5.262451300177268422e+03,1.471048737609408352e+00
5.261969170318039687e+03,1.471048618757704318e+00
5.261487040458810952e+03,1.471048499906000284e+00
5.261004910599582217e+03,1.471048381054296472e+00
5.260522780740354392e+03,1.471048260716946166e+00
5.260040650881126567e+03,1.471048141865242131e+00
5.259558521021897832e+03,1.471048023013538097e+00
5.259076391162669097e+03,1.471047904161834063e+00
5.258594261303441272e+03,1.471047783824483757e+00
5.258112131444212537e+03,1.471047664972779723e+00
5.257630001584984711e+03,1.471047546121075689e+00
5.257147871725755977e+03,1.471047427269371877e+00
5.256665741866527242e+03,1.471047306932021570e+00
5.256183612007299416e+03,1.471047188080317536e+00
5.255701482148070681e+03,1.471047069228613502e+00
5.255219352288842856e+03,1.471047069228613502e+00
5.254737222429614121e+03,1.471046950376909468e+00
5.254255092570385386e+03,1.471046830039559161e+00
5.253772962711157561e+03,1.471046830039559161e+00
5.253290832851929736e+03,1.471046711187855127e+00
5.252808702992701001e+03,1.471046711187855127e+00
5.252326573133472266e+03,1.471046592336151093e+00
5.251844443274243531e+03,1.471046473484447281e+00
5.251362313415015706e+03,1.471046354632743247e+00
5.250880183555787880e+03,1.471046354632743247e+00
5.250398053696559145e+03,1.471046115443688906e+00
5.249915923837330411e+03,1.471046115443688906e+00
5.249433793978101676e+03,1.471045996591984872e+00
5.248951664118873850e+03,1.471045877740280838e+00
5.248469534259646025e+03,1.471045757402930532e+00
5.247987404400417290e+03,1.471045757402930532e+00
5.247505274541188555e+03,1.471045638551226498e+00
5.247023144681959820e+03,1.471045519699522686e+00
5.246541014822731995e+03,1.471045519699522686e+00
5.246058884963504170e+03,1.471045400847818652e+00
5.245576755104275435e+03,1.471045280510468345e+00
5.245094625245046700e+03,1.471045161658764311e+00
5.244612495385817965e+03,1.471045042807060277e+00
5.244130365526590140e+03,1.471044923955356243e+00
5.243648235667362314e+03,1.471044803618005936e+00
5.243166105808133580e+03,1.471044684766301902e+00
5.242683975948904845e+03,1.471044447062894056e+00
5.242201846089676110e+03,1.471044326725543749e+00
5.241719716230448284e+03,1.471044207873839715e+00
5.241237586371220459e+03,1.471044089022135681e+00
5.240755456511991724e+03,1.471044089022135681e+00
5.240273326652762989e+03,1.471043970170431647e+00
5.239791196793534255e+03,1.471043849833081341e+00
5.239309066934306429e+03,1.471043730981377307e+00
5.238826937075078604e+03,1.471043612129673495e+00
5.238344807215849869e+03,1.471043493277969461e+00
5.237862677356621134e+03,1.471043372940619154e+00
5.237380547497393309e+03,1.471043254088915120e+00
5.236898417638164574e+03,1.471043016385507052e+00
5.236416287778936749e+03,1.471042897533803018e+00
5.235934157919708014e+03,1.471042777196452711e+00
5.235452028060479279e+03,1.471042658344748899e+00
5.234969898201251453e+03,1.471042539493044865e+00
5.234487768342022719e+03,1.471042300303990524e+00
5.234005638482794893e+03,1.471042181452286490e+00
5.233523508623566158e+03,1.471042062600582456e+00
5.233041378764337423e+03,1.471041943748878422e+00
5.232559248905109598e+03,1.471041943748878422e+00
5.232077119045881773e+03,1.471041823411528116e+00
5.231594989186653038e+03,1.471041585708120270e+00
5.231112859327424303e+03,1.471041466856416235e+00
5.230630729468195568e+03,1.471041346519065929e+00
5.230148599608967743e+03,1.471041108815657861e+00
5.229666469749739917e+03,1.471040989963953827e+00
5.229184339890511183e+03,1.471040750774899486e+00
5.228702210031282448e+03,1.471040631923195674e+00
5.228220080172053713e+03,1.471040513071491640e+00
5.227737950312825888e+03,1.471040392734141333e+00
5.227255820453598062e+03,1.471040273882437299e+00
5.226773690594369327e+03,1.471040155030733265e+00
5.226291560735140592e+03,1.471040036179029231e+00
5.225809430875911858e+03,1.471039796989974890e+00
5.225327301016684032e+03,1.471039678138271078e+00
5.224845171157456207e+03,1.471039559286567044e+00
5.224363041298227472e+03,1.471039440434863010e+00
5.223880911438998737e+03,1.471039201245808670e+00
5.223398781579770002e+03,1.471038963542400602e+00
5.222916651720542177e+03,1.471038843205050295e+00
5.222434521861314352e+03,1.471038605501642449e+00
5.221952392002085617e+03,1.471038486649938415e+00
5.221470262142856882e+03,1.471038366312588108e+00
5.220988132283628147e+03,1.471038247460884074e+00
5.220506002424400322e+03,1.471038128609180040e+00
5.220023872565172496e+03,1.471038009757476006e+00
5.219541742705943761e+03,1.471037770568421887e+00
5.219059612846715027e+03,1.471037651716717853e+00
5.218577482987486292e+03,1.471037532865013819e+00
5.218095353128258466e+03,1.471037293675959479e+00
5.217613223269030641e+03,1.471037174824255445e+00
5.217131093409801906e+03,1.471036935635201104e+00
5.216648963550573171e+03,1.471036697931793258e+00
5.216166833691345346e+03,1.471036579080089224e+00
5.215684703832116611e+03,1.471036339891034883e+00
5.215202573972888786e+03,1.471036221039330849e+00
5.214720444113660051e+03,1.471036102187626815e+00
5.214238314254431316e+03,1.471035862998572696e+00
5.213756184395203491e+03,1.471035744146868662e+00
5.213274054535974756e+03,1.471035625295164628e+00
5.212791924676746930e+03,1.471035506443460594e+00
5.212309794817518195e+03,1.471035386106110288e+00
5.211827664958289461e+03,1.471035148402702220e+00
5.211345535099061635e+03,1.471035029550998185e+00
5.210863405239833810e+03,1.471034790361944067e+00
5.210381275380605075e+03,1.471034552658535999e+00
5.209899145521376340e+03,1.471034432321185692e+00
5.209417015662147605e+03,1.471034194617777624e+00
5.208934885802919780e+03,1.471033955428723283e+00
5.208452755943691955e+03,1.471033836577019471e+00
5.207970626084463220e+03,1.471033598873611403e+00
5.207488496225234485e+03,1.471033480021907369e+00
5.207006366366005750e+03,1.471033359684557063e+00
5.206524236506777925e+03,1.471033240832853028e+00
5.206042106647550099e+03,1.471033121981148994e+00
5.205559976788321364e+03,1.471032882792094876e+00
5.205077846929092630e+03,1.471032763940390842e+00
5.204595717069863895e+03,1.471032526236982774e+00
5.204113587210636069e+03,1.471032405899632467e+00
5.203631457351408244e+03,1.471032168196224399e+00
5.203149327492179509e+03,1.471032049344520587e+00
5.202667197632950774e+03,1.471031810155466246e+00
5.202185067773722039e+03,1.471031572452058178e+00
5.201702937914494214e+03,1.471031452114707871e+00
5.201220808055266389e+03,1.471031214411299803e+00
5.200738678196037654e+03,1.471031095559595991e+00
5.200256548336808919e+03,1.471030856370541651e+00
5.199774418477580184e+03,1.471030737518837617e+00
5.199292288618352359e+03,1.471030498329783276e+00
5.198810158759124533e+03,1.471030379478079242e+00
5.198328028899895799e+03,1.471030141774671396e+00
5.197845899040667064e+03,1.471030022922967362e+00
5.197363769181438329e+03,1.471029783733913021e+00
5.196881639322210503e+03,1.471029546030504953e+00
5.196399509462982678e+03,1.471029306841450612e+00
5.195917379603753943e+03,1.471029069138042766e+00
5.195435249744525208e+03,1.471028829948988426e+00
5.194953119885297383e+03,1.471028711097284392e+00
5.194470990026068648e+03,1.471028471908230051e+00
5.193988860166840823e+03,1.471028234204821983e+00
5.193506730307612088e+03,1.471027995015767864e+00
5.193024600448383353e+03,1.471027876164063830e+00
5.192542470589155528e+03,1.471027757312359796e+00
5.192060340729926793e+03,1.471027518123305455e+00
5.191578210870698967e+03,1.471027399271601421e+00
5.191096081011470233e+03,1.471027161568193575e+00
5.190613951152241498e+03,1.471026922379139235e+00
5.190131821293013672e+03,1.471026684675731167e+00
5.189649691433785847e+03,1.471026445486676826e+00
5.189167561574557112e+03,1.471026207783268980e+00
5.188685431715328377e+03,1.471025968594214639e+00
5.188203301856099642e+03,1.471025730890806571e+00
5.187721171996871817e+03,1.471025612039102537e+00
5.187239042137643992e+03,1.471025372850048196e+00
5.186756912278415257e+03,1.471025253998344384e+00
5.186274782419186522e+03,1.471025135146640350e+00
5.185792652559957787e+03,1.471024895957586009e+00
5.185310522700729962e+03,1.471024777105881975e+00
5.184828392841502136e+03,1.471024537916827635e+00
5.184346262982273402e+03,1.471024300213419789e+00
5.183864133123044667e+03,1.471024061024365448e+00
5.183382003263815932e+03,1.471023942172661414e+00
5.182899873404588106e+03,1.471023704469253346e+00
5.182417743545360281e+03,1.471023465280199005e+00
5.181935613686131546e+03,1.471023227576791159e+00
5.181453483826902811e+03,1.471022988387736818e+00
5.180971353967674077e+03,1.471022869536032784e+00
5.180489224108446251e+03,1.471022631832624716e+00
5.180007094249218426e+03,1.471022511495274410e+00
5.179524964389989691e+03,1.471022392643570598e+00
5.179042834530760956e+03,1.471022154940162530e+00
5.178560704671532221e+03,1.471022034602812223e+00
5.178078574812304396e+03,1.471021796899404155e+00
5.177596444953076571e+03,1.471021678047700121e+00
5.177114315093847836e+03,1.471021438858646002e+00
5.176632185234619101e+03,1.471021201155237934e+00
5.176150055375390366e+03,1.471020961966183593e+00
5.175667925516162541e+03,1.471020843114479559e+00
5.175185795656934715e+03,1.471020605411071491e+00
5.174703665797705980e+03,1.471020366222017373e+00
5.174221535938477246e+03,1.471020247370313339e+00
5.173739406079249420e+03,1.471020008181258998e+00
5.173257276220020685e+03,1.471019889329554964e+00
5.172775146360792860e+03,1.471019770477850930e+00
5.172293016501564125e+03,1.471019531288796589e+00
5.171810886642335390e+03,1.471019412437092777e+00
5.171328756783107565e+03,1.471019174733684709e+00
5.170846626923878830e+03,1.471018935544630368e+00
5.170364497064651005e+03,1.471018697841222300e+00
5.169882367205422270e+03,1.471018458652168182e+00
5.169400237346193535e+03,1.471018220948760113e+00
5.168918107486965710e+03,1.471017981759705773e+00
5.168435977627737884e+03,1.471017744056297705e+00
5.167953847768509149e+03,1.471017504867243586e+00
5.167471717909280414e+03,1.471017386015539552e+00
5.166989588050051680e+03,1.471017148312131484e+00
5.166507458190823854e+03,1.471016909123077143e+00
5.166025328331596029e+03,1.471016790271373109e+00
5.165543198472367294e+03,1.471016551082318990e+00
5.165061068613138559e+03,1.471016313378910922e+00
5.164578938753909824e+03,1.471016074189856582e+00
5.164096808894681999e+03,1.471015955338152548e+00
5.163614679035454174e+03,1.471015597297394395e+00
5.163132549176225439e+03,1.471015359593986327e+00
5.162650419316996704e+03,1.471015120404931986e+00
5.162168289457767969e+03,1.471014882701523918e+00
5.161686159598540144e+03,1.471014524660765765e+00
5.161204029739312318e+03,1.471014405809061731e+00
5.160721899880083583e+03,1.471014168105653663e+00
5.160239770020854849e+03,1.471013928916599323e+00
5.159757640161626114e+03,1.471013691213191477e+00
5.159275510302398288e+03,1.471013452024137136e+00
5.158793380443170463e+03,1.471013214320729068e+00
5.158311250583941728e+03,1.471013093983378761e+00
5.157829120724712993e+03,1.471012856279970693e+00
5.157346990865484258e+03,1.471012617090916574e+00
5.156864861006256433e+03,1.471012260535804472e+00
5.156382731147028608e+03,1.471012021346750132e+00
5.155900601287799873e+03,1.471011783643342286e+00
5.155418471428571138e+03,1.471011544454287945e+00
5.154936341569342403e+03,1.471011306750879877e+00
5.154454211710114578e+03,1.471010948710121502e+00
5.153972081850886752e+03,1.471010711006713656e+00
5.153489951991658018e+03,1.471010590669363349e+00
5.153007822132429283e+03,1.471010352965955281e+00
5.152525692273201457e+03,1.471010113776900941e+00
5.152043562413972722e+03,1.471009994925196906e+00
5.151561432554744897e+03,1.471009757221789060e+00
5.151079302695516162e+03,1.471009399181030686e+00
5.150597172836287427e+03,1.471009159991976345e+00
5.150115042977059602e+03,1.471008922288568499e+00
5.149632913117830867e+03,1.471008683099514158e+00
5.149150783258603042e+03,1.471008445396106090e+00
5.148668653399374307e+03,1.471008206207051749e+00
5.148186523540145572e+03,1.471007849651939869e+00
5.147704393680917747e+03,1.471007610462885529e+00
5.147222263821689921e+03,1.471007372759477461e+00
5.146740133962461186e+03,1.471007253907773427e+00
5.146258004103232452e+03,1.471007014718719086e+00
5.145775874244003717e+03,1.471006895867015274e+00
5.145293744384775891e+03,1.471006656677960933e+00
5.144811614525548066e+03,1.471006418974552865e+00
5.144329484666319331e+03,1.471006179785498524e+00
5.143847354807090596e+03,1.471005942082090678e+00
5.143365224947861861e+03,1.471005702893036338e+00
5.142883095088634036e+03,1.471005465189628270e+00
5.142400965229406211e+03,1.471005226000573929e+00
5.141918835370177476e+03,1.471004988297166083e+00
5.141436705510948741e+03,1.471004750593758015e+00
5.140954575651720006e+03,1.471004511404703674e+00
5.140472445792492181e+03,1.471004273701295606e+00
5.139990315933264355e+03,1.471004153363945299e+00
5.139508186074035621e+03,1.471003915660537453e+00
5.139026056214806886e+03,1.471003796808833419e+00
5.138543926355578151e+03,1.471003557619779079e+00
5.138061796496350325e+03,1.471003438768075045e+00
5.137579666637122500e+03,1.471003199579020704e+00
5.137097536777893765e+03,1.471002961875612858e+00
5.136615406918665030e+03,1.471002722686558517e+00
5.136133277059436296e+03,1.471002484983150449e+00
5.135651147200208470e+03,1.471002245794096108e+00
5.135169017340980645e+03,1.471002126942392296e+00
5.134686887481751910e+03,1.471001889238984228e+00
5.134204757622523175e+03,1.471001650049929887e+00
5.133722627763294440e+03,1.471001531198225853e+00
5.133240497904066615e+03,1.471001412346521819e+00
5.132758368044838790e+03,1.471001173157467701e+00
5.132276238185610055e+03,1.471001054305763667e+00
5.131794108326381320e+03,1.471000935454059633e+00
5.131311978467153494e+03,1.471000816602355599e+00
5.130829848607924760e+03,1.471000577413301258e+00
5.130347718748696934e+03,1.471000458561597224e+00
5.129865588889468199e+03,1.471000219372542883e+00
5.129383459030239464e+03,1.471000100520839071e+00
5.128901329171011639e+03,1.470999862817431003e+00
5.128419199311782904e+03,1.470999742480080696e+00
5.127937069452555079e+03,1.470999504776672628e+00
5.127454939593326344e+03,1.470999385924968594e+00
5.126972809734097609e+03,1.470999265587618288e+00
5.126490679874869784e+03,1.470999146735914476e+00
5.126008550015641958e+03,1.470998909032506408e+00
5.125526420156413224e+03,1.470998788695156101e+00
5.125044290297184489e+03,1.470998669843452067e+00
5.124562160437955754e+03,1.470998550991748033e+00
5.124080030578727929e+03,1.470998432140043999e+00
5.123597900719500103e+03,1.470998313288340187e+00
5.123115770860271368e+03,1.470998074099285846e+00
5.122633641001042633e+03,1.470997955247581812e+00
5.122151511141813899e+03,1.470997716058527471e+00
5.121669381282586073e+03,1.470997597206823437e+00
5.121187251423358248e+03,1.470997478355119403e+00
5.120705121564129513e+03,1.470997359503415591e+00
5.120222991704900778e+03,1.470997120314361251e+00
5.119740861845672043e+03,1.470997001462657217e+00
5.119258731986444218e+03,1.470996762273602876e+00
5.118776602127216393e+03,1.470996643421898842e+00
5.118294472267987658e+03,1.470996524570194808e+00
5.117812342408758923e+03,1.470996405718490996e+00
5.117330212549530188e+03,1.470996166529436655e+00
5.116848082690302363e+03,1.470996047677732621e+00
5.116365952831074537e+03,1.470995808488678280e+00
5.115883822971845802e+03,1.470995570785270212e+00
5.115401693112617068e+03,1.470995331596216094e+00
5.114919563253388333e+03,1.470995093892808026e+00
5.114437433394160507e+03,1.470994856189399957e+00
5.113955303534932682e+03,1.470994617000345617e+00
5.113473173675703947e+03,1.470994498148641583e+00
5.112991043816475212e+03,1.470994258959587464e+00
5.112508913957246477e+03,1.470994021256179396e+00
5.112026784098018652e+03,1.470993902404475362e+00
5.111544654238790827e+03,1.470993663215421021e+00
5.111062524379562092e+03,1.470993425512013175e+00
5.110580394520333357e+03,1.470993186322958834e+00
5.110098264661104622e+03,1.470992948619550766e+00
5.109616134801876797e+03,1.470992709430496426e+00
5.109134004942648971e+03,1.470992471727088580e+00
5.108651875083420236e+03,1.470992113686330205e+00
5.108169745224191502e+03,1.470991875982922137e+00
5.107687615364963676e+03,1.470991517942163984e+00
5.107205485505734941e+03,1.470991278753109643e+00
5.106723355646507116e+03,1.470991159901405609e+00
5.106241225787278381e+03,1.470990922197997541e+00
5.105759095928049646e+03,1.470990683008943201e+00
5.105276966068821821e+03,1.470990445305535355e+00
5.104794836209593086e+03,1.470990087264776980e+00
5.104312706350365261e+03,1.470989968413072946e+00
5.103830576491136526e+03,1.470989729224018605e+00
5.103348446631907791e+03,1.470989371183260452e+00
5.102866316772679966e+03,1.470989133479852384e+00
5.102384186913452140e+03,1.470988775439094010e+00
5.101902057054223405e+03,1.470988537735686164e+00
5.101419927194994671e+03,1.470988179694927789e+00
5.100937797335765936e+03,1.470987941991519721e+00
5.100455667476538110e+03,1.470987702802465602e+00
5.099973537617310285e+03,1.470987344761707227e+00
5.099491407758081550e+03,1.470987107058299159e+00
5.099009277898852815e+03,1.470986867869244819e+00
5.098527148039624080e+03,1.470986749017540784e+00
5.098045018180396255e+03,1.470986511314132938e+00
5.097562888321168430e+03,1.470986272125078598e+00
5.097080758461939695e+03,1.470985914084320223e+00
5.096598628602710960e+03,1.470985676380912377e+00
5.096116498743482225e+03,1.470985318340154002e+00
5.095634368884254400e+03,1.470985080636745934e+00
5.095152239025026574e+03,1.470984722595987781e+00
5.094670109165797840e+03,1.470984484892579713e+00
5.094187979306569105e+03,1.470984126851821339e+00
5.093705849447340370e+03,1.470983887662766998e+00
5.093223719588112544e+03,1.470983649959359152e+00
5.092741589728884719e+03,1.470983410770304811e+00
5.092259459869655984e+03,1.470983173066896743e+00
5.091777330010427249e+03,1.470982815026138590e+00
5.091295200151198515e+03,1.470982577322730522e+00
5.090813070291970689e+03,1.470982338133676182e+00
5.090330940432742864e+03,1.470981981578564302e+00
5.089848810573514129e+03,1.470981742389509961e+00
5.089366680714285394e+03,1.470981504686101893e+00
5.088884550855056659e+03,1.470981146645343518e+00
5.088402420995828834e+03,1.470980788604585365e+00
5.087920291136601008e+03,1.470980550901177297e+00
5.087438161277372274e+03,1.470980192860418923e+00
5.086956031418143539e+03,1.470979953671364582e+00
5.086473901558915713e+03,1.470979715967956736e+00
5.085991771699686979e+03,1.470979476778902395e+00
5.085509641840459153e+03,1.470979120223790293e+00
5.085027511981230418e+03,1.470978881034736174e+00
5.084545382122001683e+03,1.470978643331328106e+00
5.084063252262773858e+03,1.470978404142273765e+00
5.083581122403545123e+03,1.470978047587161885e+00
5.083098992544317298e+03,1.470977808398107545e+00
5.082616862685088563e+03,1.470977450357349170e+00
5.082134732825859828e+03,1.470977093802237290e+00
5.081652602966632003e+03,1.470976854613182949e+00
5.081170473107404177e+03,1.470976496572424574e+00
5.080688343248175443e+03,1.470976258869016506e+00
5.080206213388946708e+03,1.470975900828258354e+00
5.079724083529717973e+03,1.470975663124850286e+00
5.079241953670490147e+03,1.470975423935795945e+00
5.078759823811262322e+03,1.470975186232388099e+00
5.078277693952033587e+03,1.470974947043333758e+00
5.077795564092804852e+03,1.470974709339925690e+00
5.077313434233576118e+03,1.470974470150871349e+00
5.076831304374348292e+03,1.470974113595759469e+00
5.076349174515120467e+03,1.470973874406705129e+00
5.075867044655891732e+03,1.470973516365946754e+00
5.075384914796662997e+03,1.470973278662538686e+00
5.074902784937434262e+03,1.470972920621780533e+00
5.074420655078206437e+03,1.470972682918372465e+00
5.073938525218978612e+03,1.470972324877614090e+00
5.073456395359749877e+03,1.470972087174206244e+00
5.072974265500521142e+03,1.470971847985151904e+00
5.072492135641292407e+03,1.470971610281743835e+00
5.072010005782064582e+03,1.470971371092689495e+00
5.071527875922836756e+03,1.470971133389281649e+00
5.071045746063608021e+03,1.470970894200227308e+00
5.070563616204379287e+03,1.470970656496819240e+00
5.070081486345150552e+03,1.470970417307764899e+00
5.069599356485922726e+03,1.470970059267006746e+00
5.069117226626694901e+03,1.470969821563598678e+00
5.068635096767466166e+03,1.470969463522840304e+00
5.068152966908237431e+03,1.470969225819432458e+00
5.067670837049008696e+03,1.470968867778674083e+00
5.067188707189780871e+03,1.470968630075266015e+00
5.066706577330553046e+03,1.470968390886211896e+00
5.066224447471324311e+03,1.470968032845453521e+00
5.065742317612095576e+03,1.470967795142045453e+00
5.065260187752867751e+03,1.470967555952991113e+00
5.064778057893639016e+03,1.470967318249583267e+00
5.064295928034411190e+03,1.470967079060528926e+00
5.063813798175182455e+03,1.470966841357120858e+00
5.063331668315953721e+03,1.470966602168066517e+00
5.062849538456725895e+03,1.470966245612954637e+00
5.062367408597497160e+03,1.470965887572196262e+00
5.061885278738269335e+03,1.470965649868788194e+00
5.061403148879040600e+03,1.470965291828030042e+00
5.060921019019811865e+03,1.470965052638975701e+00
5.060438889160584040e+03,1.470964814935567633e+00
5.059956759301356215e+03,1.470964456894809480e+00
5.059474629442127480e+03,1.470964219191401412e+00
5.058992499582898745e+03,1.470963980002347071e+00
5.058510369723670010e+03,1.470963742298939003e+00
5.058028239864442185e+03,1.470963503109884885e+00
5.057546110005214359e+03,1.470963146554772782e+00
5.057063980145985624e+03,1.470962907365718442e+00
5.056581850286756890e+03,1.470962549324960289e+00
5.056099720427528155e+03,1.470962311621552221e+00
5.055617590568300329e+03,1.470962072432497880e+00
5.055135460709072504e+03,1.470961715877386000e+00
5.054653330849843769e+03,1.470961476688331659e+00
5.054171200990615034e+03,1.470961118647573285e+00
5.053689071131386299e+03,1.470960762092461183e+00
5.053206941272158474e+03,1.470960522903407064e+00
5.052724811412930649e+03,1.470960285199998996e+00
5.052242681553701914e+03,1.470960046010944655e+00
5.051760551694473179e+03,1.470959808307536587e+00
5.051278421835244444e+03,1.470959569118482468e+00
5.050796291976016619e+03,1.470959212563370366e+00
5.050314162116788793e+03,1.470958973374316026e+00
5.049832032257560058e+03,1.470958735670908180e+00
5.049349902398331324e+03,1.470958496481853839e+00
5.048867772539102589e+03,1.470958138441095464e+00
5.048385642679874763e+03,1.470957781885983584e+00
5.047903512820646938e+03,1.470957542696929243e+00
5.047421382961418203e+03,1.470957184656170869e+00
5.046939253102189468e+03,1.470956946952762801e+00
5.046457123242960733e+03,1.470956709249354954e+00
5.045974993383732908e+03,1.470956470060300614e+00
5.045492863524505083e+03,1.470956112019542239e+00
5.045010733665276348e+03,1.470955874316134393e+00
5.044528603806047613e+03,1.470955635127080052e+00
5.044046473946819788e+03,1.470955397423671984e+00
5.043564344087591053e+03,1.470955158234617643e+00
5.043082214228363227e+03,1.470954920531209797e+00
5.042600084369134493e+03,1.470954562490451423e+00
5.042117954509905758e+03,1.470954324787043355e+00
5.041635824650677932e+03,1.470954085597989014e+00
5.041153694791449198e+03,1.470953727557230861e+00
5.040671564932221372e+03,1.470953489853822793e+00
5.040189435072992637e+03,1.470953252150414725e+00
5.039707305213763902e+03,1.470952894109656572e+00
5.039225175354536077e+03,1.470952654920602232e+00
5.038743045495308252e+03,1.470952417217194164e+00
5.038260915636079517e+03,1.470952178028139823e+00
5.037778785776850782e+03,1.470952059176435789e+00
5.037296655917622047e+03,1.470951701135677636e+00
5.036814526058394222e+03,1.470951463432269568e+00
5.036332396199166396e+03,1.470951224243215227e+00
5.035850266339937662e+03,1.470950986539807381e+00
5.035368136480708927e+03,1.470950747350753041e+00
5.034886006621480192e+03,1.470950390795640939e+00
5.034403876762252366e+03,1.470950151606586598e+00
5.033921746903024541e+03,1.470949795051474718e+00
5.033439617043795806e+03,1.470949555862420377e+00
5.032957487184567071e+03,1.470949318159012309e+00
5.032475357325338337e+03,1.470949078969958190e+00
5.031993227466110511e+03,1.470948960118254156e+00
5.031511097606882686e+03,1.470948720929199816e+00
5.031028967747653951e+03,1.470948483225791747e+00
5.030546837888425216e+03,1.470948244036737407e+00
5.030064708029196481e+03,1.470948006333329561e+00
5.029582578169968656e+03,1.470947767144275220e+00
5.029100448310740830e+03,1.470947410589163118e+00
5.028618318451512096e+03,1.470947171400108999e+00
5.028136188592283361e+03,1.470946933696700931e+00
5.027654058733054626e+03,1.470946575655942556e+00
5.027171928873826801e+03,1.470946337952534488e+00
5.026689799014598975e+03,1.470946098763480370e+00
5.026207669155370240e+03,1.470945861060072302e+00
5.025725539296141505e+03,1.470945621871017961e+00
5.025243409436912771e+03,1.470945384167609893e+00
5.024761279577684945e+03,1.470945144978555774e+00
5.024279149718457120e+03,1.470945026126851740e+00
5.023797019859228385e+03,1.470944786937797399e+00
5.023314889999999650e+03,1.470944668086093365e+00
5.022832760140771825e+03,1.470944310045334991e+00
5.022350630281543090e+03,1.470944072341927145e+00
5.021868500422315265e+03,1.470943834638519077e+00
5.021386370563086530e+03,1.470943595449464736e+00
5.020904240703857795e+03,1.470943357746056890e+00
5.020422110844629970e+03,1.470943118557002549e+00
5.019939980985401235e+03,1.470942880853594481e+00
5.019457851126173409e+03,1.470942641664540140e+00
5.018975721266944674e+03,1.470942403961132294e+00
5.018493591407715940e+03,1.470942283623781988e+00
5.018011461548488114e+03,1.470942045920373920e+00
5.017529331689260289e+03,1.470941806731319579e+00
5.017047201830031554e+03,1.470941687879615545e+00
5.016565071970802819e+03,1.470941450176207699e+00
5.016082942111574084e+03,1.470941210987153358e+00
5.015600812252346259e+03,1.470940973283745290e+00
5.015118682393118434e+03,1.470940734094690949e+00
5.014636552533889699e+03,1.470940496391283103e+00
5.014154422674660964e+03,1.470940257202228763e+00
5.013672292815432229e+03,1.470940019498820694e+00
5.013190162956204404e+03,1.470939780309766354e+00
5.012708033096976578e+03,1.470939542606358286e+00
5.012225903237747843e+03,1.470939423754654474e+00
5.011743773378519109e+03,1.470939184565600133e+00
5.011261643519290374e+03,1.470939065713896099e+00
5.010779513660062548e+03,1.470938826524841758e+00
5.010297383800834723e+03,1.470938707673137724e+00
5.009815253941605988e+03,1.470938469969729878e+00
5.009333124082377253e+03,1.470938349632379571e+00
5.008850994223148518e+03,1.470938111928971503e+00
5.008368864363920693e+03,1.470937872739917163e+00
5.007886734504692868e+03,1.470937635036509095e+00
5.007404604645464133e+03,1.470937397333101249e+00
5.006922474786235398e+03,1.470937276995750942e+00
5.006440344927006663e+03,1.470937039292342874e+00
5.005958215067778838e+03,1.470936920440638840e+00
5.005476085208551012e+03,1.470936681251584499e+00
5.004993955349322277e+03,1.470936562399880687e+00
5.004511825490093543e+03,1.470936443548176653e+00
5.004029695630864808e+03,1.470936323210826346e+00
5.003547565771636982e+03,1.470936085507418278e+00
5.003065435912409157e+03,1.470935966655714244e+00
5.002583306053180422e+03,1.470935727466659904e+00
5.002101176193951687e+03,1.470935608614956092e+00
5.001619046334723862e+03,1.470935369425901751e+00
5.001136916475495127e+03,1.470935131722493683e+00
5.000654786616267302e+03,1.470934892533439342e+00
5.000172656757038567e+03,1.470934773681735308e+00
4.999690526897809832e+03,1.470934535978327462e+00
4.999208397038582007e+03,1.470934415640977155e+00
4.998726267179353272e+03,1.470934177937569087e+00
4.998244137320125446e+03,1.470934059085865053e+00
4.997762007460896712e+03,1.470933940234161019e+00
4.997279877601667977e+03,1.470933701045106901e+00
4.996797747742440151e+03,1.470933582193402867e+00
4.996315617883212326e+03,1.470933343004348526e+00
4.995833488023983591e+03,1.470933224152644492e+00
4.995351358164754856e+03,1.470932986449236424e+00
4.994869228305526121e+03,1.470932747260182083e+00
4.994387098446298296e+03,1.470932509556774237e+00
4.993904968587070471e+03,1.470932270367719896e+00
4.993422838727841736e+03,1.470932032664311828e+00
4.992940708868613001e+03,1.470931793475257487e+00
4.992458579009384266e+03,1.470931555771849641e+00
4.991976449150156441e+03,1.470931435434499335e+00
4.991494319290928615e+03,1.470931197731091267e+00
4.991012189431699881e+03,1.470930960027683199e+00
4.990530059572471146e+03,1.470930839690332892e+00
4.990047929713242411e+03,1.470930601986925046e+00
4.989565799854014585e+03,1.470930483135221012e+00
4.989083669994786760e+03,1.470930243946166671e+00
4.988601540135558025e+03,1.470930006242758603e+00
4.988119410276329290e+03,1.470929648202000450e+00
4.987637280417100555e+03,1.470929409012946110e+00
4.987155150557872730e+03,1.470929171309538042e+00
4.986673020698644905e+03,1.470928932120483701e+00
4.986190890839416170e+03,1.470928694417075855e+00
4.985708760980187435e+03,1.470928455228021514e+00
4.985226631120958700e+03,1.470928217524613446e+00
4.984744501261730875e+03,1.470928098672909412e+00
4.984262371402503049e+03,1.470927978335559105e+00
4.983780241543274315e+03,1.470927740632151259e+00
4.983298111684045580e+03,1.470927621780447225e+00
4.982815981824816845e+03,1.470927382591392885e+00
4.982333851965589020e+03,1.470927144887984817e+00
4.981851722106361194e+03,1.470926905698930698e+00
4.981369592247132459e+03,1.470926667995522630e+00
4.980887462387903724e+03,1.470926428806468289e+00
4.980405332528675899e+03,1.470926191103060221e+00
4.979923202669447164e+03,1.470925951914006102e+00
4.979441072810219339e+03,1.470925714210598034e+00
4.978958942950990604e+03,1.470925595358894000e+00
4.978476813091761869e+03,1.470925356169839660e+00
4.977994683232534044e+03,1.470925237318135625e+00
4.977512553373305309e+03,1.470924998129081285e+00
4.977030423514077484e+03,1.470924879277377473e+00
4.976548293654848749e+03,1.470924641573969405e+00
4.976066163795620014e+03,1.470924402384915064e+00
4.975584033936392188e+03,1.470924164681506996e+00
4.975101904077164363e+03,1.470924045829803184e+00
4.974619774217935628e+03,1.470923687789044809e+00
4.974137644358706893e+03,1.470923448599990468e+00
4.973655514499478159e+03,1.470923210896582400e+00
4.973173384640250333e+03,1.470923092044878588e+00
4.972691254781022508e+03,1.470922852855824248e+00
4.972209124921793773e+03,1.470922615152416180e+00
4.971726995062565038e+03,1.470922375963361839e+00
4.971244865203336303e+03,1.470922257111657805e+00
4.970762735344108478e+03,1.470922017922603686e+00
4.970280605484880653e+03,1.470921899070899652e+00
4.969798475625651918e+03,1.470921661367491584e+00
4.969316345766423183e+03,1.470921541030141277e+00
4.968834215907194448e+03,1.470921303326733209e+00
4.968352086047966623e+03,1.470921065623325363e+00
4.967869956188738797e+03,1.470920826434271023e+00
4.967387826329510062e+03,1.470920588730862955e+00
4.966905696470281327e+03,1.470920349541808614e+00
4.966423566611052593e+03,1.470920111838400768e+00
4.965941436751824767e+03,1.470919872649346427e+00
4.965459306892596942e+03,1.470919634945938359e+00
4.964977177033368207e+03,1.470919514608588052e+00
4.964495047174139472e+03,1.470919276905179984e+00
4.964012917314910737e+03,1.470919158053476172e+00
4.963530787455682912e+03,1.470918918864421832e+00
4.963048657596455087e+03,1.470918800012717798e+00
4.962566527737226352e+03,1.470918560823663457e+00
4.962084397877997617e+03,1.470918323120255389e+00
4.961602268018768882e+03,1.470918085416847543e+00
4.961120138159541057e+03,1.470917846227793202e+00
4.960638008300313231e+03,1.470917608524385134e+00
4.960155878441084496e+03,1.470917369335330793e+00
4.959673748581855762e+03,1.470917131631922947e+00
4.959191618722627936e+03,1.470916892442868606e+00
4.958709488863399201e+03,1.470916773591164572e+00
4.958227359004171376e+03,1.470916534402110232e+00
4.957745229144942641e+03,1.470916415550406198e+00
4.957263099285713906e+03,1.470916177846998352e+00
4.956780969426486081e+03,1.470916057509648045e+00
4.956298839567257346e+03,1.470915819806239977e+00
4.955816709708029521e+03,1.470915700954535943e+00
4.955334579848800786e+03,1.470915461765481602e+00
4.954852449989572051e+03,1.470915224062073756e+00
4.954370320130344226e+03,1.470914984873019415e+00
4.953888190271116400e+03,1.470914628317907313e+00
4.953406060411887665e+03,1.470914389128853195e+00
4.952923930552658931e+03,1.470914270277149161e+00
4.952441800693430196e+03,1.470914031088094820e+00
4.951959670834202370e+03,1.470913793384686752e+00
4.951477540974974545e+03,1.470913554195632411e+00
4.950995411115745810e+03,1.470913435343928599e+00
4.950513281256517075e+03,1.470913197640520531e+00
4.950031151397288340e+03,1.470913077303170224e+00
4.949549021538060515e+03,1.470912839599762156e+00
4.949066891678832690e+03,1.470912720748058122e+00
4.948584761819603955e+03,1.470912362707299970e+00
4.948102631960375220e+03,1.470912123518245629e+00
4.947620502101146485e+03,1.470911885814837561e+00
4.947138372241918660e+03,1.470911766963133527e+00
4.946656242382690834e+03,1.470911527774079186e+00
4.946174112523462099e+03,1.470911290070671340e+00
4.945691982664233365e+03,1.470911050881616999e+00
4.945209852805004630e+03,1.470910813178208931e+00
4.944727722945776804e+03,1.470910573989154591e+00
4.944245593086548979e+03,1.470910336285746745e+00
4.943763463227320244e+03,1.470910217434042710e+00
4.943281333368091509e+03,1.470909978244988370e+00
4.942799203508862774e+03,1.470909859393284336e+00
4.942317073649634949e+03,1.470909620204229995e+00
4.941834943790407124e+03,1.470909382500822149e+00
4.941352813931178389e+03,1.470909143311767808e+00
4.940870684071949654e+03,1.470908905608359740e+00
4.940388554212720919e+03,1.470908667904951894e+00
4.939906424353493094e+03,1.470908428715897553e+00
4.939424294494265268e+03,1.470908191012489485e+00
4.938942164635036534e+03,1.470907951823435145e+00
4.938460034775807799e+03,1.470907714120027299e+00
4.937977904916579973e+03,1.470907593782676992e+00
4.937495775057351239e+03,1.470907356079268924e+00
4.937013645198123413e+03,1.470907116890214583e+00
4.936531515338894678e+03,1.470906998038510549e+00
4.936049385479665943e+03,1.470906760335102703e+00
4.935567255620438118e+03,1.470906639997752396e+00
4.935085125761209383e+03,1.470906402294344328e+00
4.934602995901981558e+03,1.470906283442640294e+00
4.934120866042752823e+03,1.470905925401881920e+00
4.933638736183524088e+03,1.470905806550177886e+00
4.933156606324296263e+03,1.470905567361123767e+00
4.932674476465068437e+03,1.470905329657715699e+00
4.932192346605839703e+03,1.470905210806011665e+00
4.931710216746610968e+03,1.470904971616957324e+00
4.931228086887382233e+03,1.470904852765253290e+00
4.930745957028154407e+03,1.470904613576199171e+00
4.930263827168926582e+03,1.470904494724495137e+00
4.929781697309697847e+03,1.470904375872791103e+00
4.929299567450469112e+03,1.470904257021087069e+00
4.928817437591240378e+03,1.470904017832032729e+00
4.928335307732012552e+03,1.470903898980328695e+00
4.927853177872784727e+03,1.470903659791274576e+00
4.927371048013555992e+03,1.470903540939570542e+00
4.926888918154327257e+03,1.470903303236162474e+00
4.926406788295098522e+03,1.470903064047108133e+00
4.925924658435870697e+03,1.470902945195404099e+00
4.925442528576642871e+03,1.470902706006349980e+00
4.924960398717414137e+03,1.470902587154645946e+00
4.924478268858185402e+03,1.470902349451237878e+00
4.923996138998956667e+03,1.470902230599533844e+00
4.923514009139728842e+03,1.470902110262183538e+00
4.923031879280501016e+03,1.470901991410479503e+00
4.922549749421272281e+03,1.470901872558775692e+00
4.922067619562043546e+03,1.470901633369721351e+00
4.921585489702814812e+03,1.470901514518017317e+00
4.921103359843586986e+03,1.470901276814609249e+00
4.920621229984359161e+03,1.470901037625554908e+00
4.920139100125130426e+03,1.470900799922147062e+00
4.919656970265901691e+03,1.470900560733092721e+00
4.919174840406672956e+03,1.470900441881388687e+00
4.918692710547445131e+03,1.470900202692334346e+00
4.918210580688217306e+03,1.470900083840630312e+00
4.917728450828988571e+03,1.470899846137222466e+00
4.917246320969759836e+03,1.470899606948168126e+00
4.916764191110532010e+03,1.470899369244760058e+00
4.916282061251303276e+03,1.470899248907409751e+00
4.915799931392075450e+03,1.470899011204001683e+00
4.915317801532846715e+03,1.470898892352297871e+00
4.914835671673617981e+03,1.470898534311539496e+00
4.914353541814390155e+03,1.470898296608131428e+00
4.913871411955161420e+03,1.470898057419077087e+00
4.913389282095933595e+03,1.470897699378318935e+00
4.912907152236704860e+03,1.470897461674910867e+00
4.912425022377476125e+03,1.470897222485856526e+00
4.911942892518248300e+03,1.470896984782448680e+00
4.911460762659020475e+03,1.470896745593394339e+00
4.910978632799791740e+03,1.470896507889986271e+00
4.910496502940563005e+03,1.470896268700931930e+00
4.910014373081334270e+03,1.470896149849227896e+00
4.909532243222106445e+03,1.470895912145820050e+00
4.909050113362878619e+03,1.470895672956765710e+00
4.908567983503649884e+03,1.470895435253357642e+00
4.908085853644421150e+03,1.470895077212599489e+00
4.907603723785192415e+03,1.470894839509191421e+00
4.907121593925964589e+03,1.470894600320137080e+00
4.906639464066736764e+03,1.470894242279378705e+00
4.906157334207508029e+03,1.470894004575970859e+00
4.905675204348279294e+03,1.470893765386916519e+00
4.905193074489050559e+03,1.470893408831804416e+00
4.904710944629822734e+03,1.470893169642750298e+00
4.904228814770594909e+03,1.470893050791046264e+00
4.903746684911366174e+03,1.470892811601991923e+00
4.903264555052137439e+03,1.470892692750287889e+00
4.902782425192908704e+03,1.470892455046879821e+00
4.902300295333680879e+03,1.470892097006121668e+00
4.901818165474453053e+03,1.470891859302713600e+00
4.901336035615224318e+03,1.470891620113659259e+00
4.900853905755995584e+03,1.470891382410251191e+00
4.900371775896766849e+03,1.470891024369493039e+00
4.899889646037539023e+03,1.470890785180438698e+00
4.899407516178311198e+03,1.470890547477030630e+00
4.898925386319082463e+03,1.470890308287976289e+00
4.898443256459853728e+03,1.470890070584568443e+00
4.897961126600624993e+03,1.470889831395514102e+00
4.897478996741397168e+03,1.470889593692106034e+00
4.896996866882169343e+03,1.470889355988698188e+00
4.896514737022940608e+03,1.470889116799643848e+00
4.896032607163711873e+03,1.470888997947939814e+00
4.895550477304484048e+03,1.470888758758885473e+00
4.895068347445255313e+03,1.470888521055477405e+00
4.894586217586027487e+03,1.470888281866423286e+00
4.894104087726798753e+03,1.470887925311311184e+00
4.893621957867570018e+03,1.470887686122256843e+00
4.893139828008342192e+03,1.470887328081498691e+00
4.892657698149113457e+03,1.470887090378090623e+00
4.892175568289885632e+03,1.470886851189036282e+00
4.891693438430656897e+03,1.470886613485628214e+00
4.891211308571428162e+03,1.470886374296574095e+00
4.890729178712200337e+03,1.470886136593166027e+00
4.890247048852971602e+03,1.470885898889757959e+00
4.889764918993743777e+03,1.470885659700703618e+00
4.889282789134515042e+03,1.470885421997295772e+00
4.888800659275286307e+03,1.470885182808241431e+00
4.888318529416058482e+03,1.470884945104833363e+00
4.887836399556830656e+03,1.470884587064074989e+00
4.887354269697601922e+03,1.470884347875020870e+00
4.886872139838373187e+03,1.470883991319908768e+00
4.886390009979144452e+03,1.470883752130854427e+00
4.885907880119916626e+03,1.470883394090096274e+00
4.885425750260688801e+03,1.470883156386688206e+00
4.884943620401460066e+03,1.470882798345929832e+00
4.884461490542231331e+03,1.470882560642521986e+00
4.883979360683002596e+03,1.470882321453467645e+00
4.883497230823774771e+03,1.470882083750059577e+00
4.883015100964546946e+03,1.470881844561005236e+00
4.882532971105318211e+03,1.470881488005893356e+00
4.882050841246089476e+03,1.470881248816839015e+00
4.881568711386860741e+03,1.470881011113430947e+00
4.881086581527632916e+03,1.470880653072672795e+00
4.880604451668405090e+03,1.470880413883618454e+00
4.880122321809176356e+03,1.470880057328506352e+00
4.879640191949947621e+03,1.470879699287748199e+00
4.879158062090718886e+03,1.470879341246989824e+00
4.878675932231491061e+03,1.470879103543581756e+00
4.878193802372263235e+03,1.470878864354527416e+00
4.877711672513034500e+03,1.470878507799415535e+00
4.877229542653805765e+03,1.470878268610361195e+00
4.876747412794577031e+03,1.470878030906953127e+00
4.876265282935349205e+03,1.470877672866194974e+00
4.875783153076121380e+03,1.470877433677140633e+00
4.875301023216892645e+03,1.470877195973732565e+00
4.874818893357663910e+03,1.470876837932974190e+00
4.874336763498435175e+03,1.470876481377862310e+00
4.873854633639207350e+03,1.470876123337103936e+00
4.873372503779979525e+03,1.470875884148049595e+00
4.872890373920750790e+03,1.470875527592937715e+00
4.872408244061522055e+03,1.470875169552179340e+00
4.871926114202294229e+03,1.470874930363124999e+00
4.871443984343065495e+03,1.470874573808013119e+00
4.870961854483837669e+03,1.470874215767254745e+00
4.870479724624608934e+03,1.470873857726496592e+00
4.869997594765380200e+03,1.470873620023088524e+00
4.869515464906152374e+03,1.470873380834034183e+00
4.869033335046923639e+03,1.470873024278922303e+00
4.868551205187695814e+03,1.470872666238163928e+00
4.868069075328467079e+03,1.470872308197405554e+00
4.867586945469238344e+03,1.470871950156647401e+00
4.867104815610010519e+03,1.470871593601535299e+00
4.866622685750782694e+03,1.470871235560776924e+00
4.866140555891553959e+03,1.470870877520018771e+00
4.865658426032325224e+03,1.470870400627556362e+00
4.865176296173096489e+03,1.470870044072444482e+00
4.864694166313868664e+03,1.470869686031686108e+00
4.864212036454640838e+03,1.470869446842631767e+00
4.863729906595412103e+03,1.470869090287519887e+00
4.863247776736183368e+03,1.470868732246761512e+00
4.862765646876954634e+03,1.470868374206003137e+00
4.862283517017726808e+03,1.470868016165244985e+00
4.861801387158498983e+03,1.470867659610132883e+00
4.861319257299270248e+03,1.470867301569374508e+00
4.860837127440041513e+03,1.470866943528616355e+00
4.860354997580812778e+03,1.470866586973504253e+00
4.859872867721584953e+03,1.470866228932746100e+00
4.859390737862357128e+03,1.470865870891987726e+00
4.858908608003128393e+03,1.470865393999525317e+00
4.858426478143899658e+03,1.470865035958767164e+00
4.857944348284670923e+03,1.470864679403655062e+00
4.857462218425443098e+03,1.470864440214600721e+00
4.856980088566215272e+03,1.470864082173842569e+00
4.856497958706986537e+03,1.470863725618730466e+00
4.856015828847757803e+03,1.470863367577972092e+00
4.855533698988529068e+03,1.470863129874564246e+00
4.855051569129301242e+03,1.470862771833805871e+00
4.854569439270073417e+03,1.470862413793047496e+00
4.854087309410844682e+03,1.470862055752289344e+00
4.853605179551615947e+03,1.470861578859826935e+00
4.853123049692387212e+03,1.470861222304715055e+00
4.852640919833159387e+03,1.470860864263956680e+00
4.852158789973931562e+03,1.470860506223198305e+00
4.851676660114702827e+03,1.470860149668086425e+00
4.851194530255474092e+03,1.470859791627328050e+00
4.850712400396246267e+03,1.470859552438273710e+00
4.850230270537017532e+03,1.470859195883161830e+00
4.849748140677789706e+03,1.470858956694107489e+00
4.849266010818560972e+03,1.470858718990699421e+00
4.848783880959332237e+03,1.470858360949941268e+00
4.848301751100104411e+03,1.470858002909182893e+00
4.847819621240875676e+03,1.470857765205774825e+00
4.847337491381647851e+03,1.470857407165016673e+00
4.846855361522419116e+03,1.470857049124258298e+00
4.846373231663190381e+03,1.470856692569146196e+00
4.845891101803962556e+03,1.470856334528388043e+00
4.845408971944734731e+03,1.470855976487629668e+00
4.844926842085505996e+03,1.470855618446871294e+00
4.844444712226277261e+03,1.470855380743463448e+00
4.843962582367048526e+03,1.470855141554409107e+00
4.843480452507820701e+03,1.470854903851001039e+00
4.842998322648592875e+03,1.470854545810242886e+00
4.842516192789364140e+03,1.470854308106834818e+00
4.842034062930135406e+03,1.470854068917780477e+00
4.841551933070906671e+03,1.470853712362668597e+00
4.841069803211678845e+03,1.470853473173614256e+00
4.840587673352451020e+03,1.470853115132855882e+00
4.840105543493222285e+03,1.470852877429447814e+00
4.839623413633993550e+03,1.470852519388689661e+00
4.839141283774764815e+03,1.470852161347931286e+00
4.838659153915536990e+03,1.470851804792819184e+00
4.838177024056309165e+03,1.470851565603765065e+00
4.837694894197080430e+03,1.470851327900356997e+00
4.837212764337851695e+03,1.470850969859598623e+00
4.836730634478622960e+03,1.470850732156190777e+00
4.836248504619395135e+03,1.470850492967136436e+00
4.835766374760167309e+03,1.470850255263728368e+00
4.835284244900938575e+03,1.470850016074674027e+00
4.834802115041709840e+03,1.470849778371266181e+00
4.834319985182481105e+03,1.470849420330507806e+00
4.833837855323253279e+03,1.470849062289749432e+00
4.833355725464025454e+03,1.470848704248991279e+00
4.832873595604796719e+03,1.470848466545583211e+00
4.832391465745567984e+03,1.470848108504824836e+00
4.831909335886339250e+03,1.470847870801416990e+00
4.831427206027111424e+03,1.470847512760658615e+00
4.830945076167883599e+03,1.470847154719900240e+00
4.830462946308654864e+03,1.470846917016492394e+00
4.829980816449426129e+03,1.470846677827438054e+00
4.829498686590198304e+03,1.470846440124029986e+00
4.829016556730969569e+03,1.470846082083271611e+00
4.828534426871741744e+03,1.470845724042513458e+00
4.828052297012513009e+03,1.470845367487401356e+00
4.827570167153284274e+03,1.470845128298347015e+00
4.827088037294056448e+03,1.470844770257588863e+00
4.826605907434827714e+03,1.470844413702476761e+00
4.826123777575599888e+03,1.470844055661718386e+00
4.825641647716371153e+03,1.470843697620960233e+00
4.825159517857142419e+03,1.470843341065848131e+00
4.824677387997914593e+03,1.470842983025089978e+00
4.824195258138686768e+03,1.470842624984331604e+00
4.823713128279458033e+03,1.470842387280923536e+00
4.823230998420229298e+03,1.470842029240165383e+00
4.822748868561000563e+03,1.470841790051111042e+00
4.822266738701772738e+03,1.470841433495998940e+00
4.821784608842544912e+03,1.470841075455240787e+00
4.821302478983316178e+03,1.470840717414482413e+00
4.820820349124087443e+03,1.470840479711074344e+00
4.820338219264858708e+03,1.470840002818612158e+00
4.819856089405630883e+03,1.470839644777853783e+00
4.819373959546403057e+03,1.470839167885391596e+00
4.818891829687174322e+03,1.470838809844633222e+00
4.818409699827945587e+03,1.470838453289521119e+00
4.817927569968716853e+03,1.470838095248762967e+00
4.817445440109489027e+03,1.470837737208004592e+00
4.816963310250261202e+03,1.470837380652892490e+00
4.816481180391032467e+03,1.470837022612134337e+00
4.815999050531803732e+03,1.470836664571375962e+00
4.815516920672574997e+03,1.470836426867967894e+00
4.815034790813347172e+03,1.470836068827209742e+00
4.814552660954119347e+03,1.470835710786451367e+00
4.814070531094890612e+03,1.470835352745692992e+00
4.813588401235661877e+03,1.470834877338877078e+00
4.813106271376433142e+03,1.470834519298118703e+00
4.812624141517205317e+03,1.470834161257360551e+00
4.812142011657977491e+03,1.470833803216602176e+00
4.811659881798748756e+03,1.470833326324139989e+00
4.811177751939520022e+03,1.470832969769027887e+00
4.810695622080291287e+03,1.470832492876565700e+00
4.810213492221063461e+03,1.470832134835807326e+00
4.809731362361835636e+03,1.470831776795048951e+00
4.809249232502606901e+03,1.470831539091640883e+00
4.808767102643378166e+03,1.470831062199178696e+00
4.808284972784150341e+03,1.470830704158420321e+00
4.807802842924921606e+03,1.470830346117662168e+00
4.807320713065693781e+03,1.470829989562550066e+00
4.806838583206465046e+03,1.470829512670087880e+00
4.806356453347236311e+03,1.470829154629329505e+00
4.805874323488008486e+03,1.470828796588571130e+00
4.805392193628779751e+03,1.470828319696108943e+00
4.804910063769551925e+03,1.470827842803646535e+00
4.804427933910323191e+03,1.470827486248534655e+00
4.803945804051094456e+03,1.470827128207776280e+00
4.803463674191866630e+03,1.470826770167017905e+00
4.802981544332638805e+03,1.470826412126259752e+00
4.802499414473410070e+03,1.470826055571147650e+00
4.802017284614181335e+03,1.470825578678685464e+00
4.801535154754952600e+03,1.470825220637927089e+00
4.801053024895724775e+03,1.470824862597168714e+00
4.800570895036496950e+03,1.470824506042056834e+00
4.800088765177268215e+03,1.470824148001298459e+00
4.799606635318039480e+03,1.470823671108836272e+00
4.799124505458810745e+03,1.470823194216373864e+00
4.798642375599582920e+03,1.470822836175615489e+00
4.798160245740355094e+03,1.470822359283153302e+00
4.797678115881126359e+03,1.470822002728041200e+00
4.797195986021897625e+03,1.470821644687283047e+00
4.796713856162668890e+03,1.470821286646524673e+00
4.796231726303441064e+03,1.470820928605766298e+00
4.795749596444213239e+03,1.470820572050654418e+00
4.795267466584984504e+03,1.470820214009896043e+00
4.794785336725755769e+03,1.470819855969137890e+00
4.794303206866527034e+03,1.470819497928379516e+00
4.793821077007299209e+03,1.470819141373267414e+00
4.793338947148071384e+03,1.470818664480805227e+00
4.792856817288842649e+03,1.470818306440046852e+00
4.792374687429613914e+03,1.470817948399288699e+00
4.791892557570385179e+03,1.470817591844176597e+00
4.791410427711157354e+03,1.470817114951714188e+00
4.790928297851929528e+03,1.470816756910956036e+00
4.790446167992700794e+03,1.470816398870197661e+00
4.789964038133472059e+03,1.470816161166789593e+00
4.789481908274243324e+03,1.470815803126031440e+00
4.788999778415015498e+03,1.470815565422623372e+00
4.788517648555787673e+03,1.470815207381864997e+00
4.788035518696558938e+03,1.470814849341106845e+00
4.787553388837330203e+03,1.470814491300348470e+00
4.787071258978102378e+03,1.470814134745236590e+00
4.786589129118873643e+03,1.470813776704478215e+00
4.786106999259645818e+03,1.470813418663719840e+00
4.785624869400417083e+03,1.470813060622961688e+00
4.785142739541188348e+03,1.470812704067849586e+00
4.784660609681960523e+03,1.470812346027091211e+00
4.784178479822731788e+03,1.470811987986333058e+00
4.783696349963503962e+03,1.470811750282924990e+00
4.783214220104275228e+03,1.470811392242166615e+00
4.782732090245046493e+03,1.470811034201408463e+00
4.782249960385818667e+03,1.470810677646296361e+00
4.781767830526590842e+03,1.470810319605537986e+00
4.781285700667362107e+03,1.470810080416483867e+00
4.780803570808133372e+03,1.470809723861371765e+00
4.780321440948904637e+03,1.470809365820613390e+00
4.779839311089676812e+03,1.470809007779855238e+00
4.779357181230448987e+03,1.470808530887392829e+00
4.778875051371220252e+03,1.470808174332280949e+00
4.778392921511991517e+03,1.470807816291522574e+00
4.777910791652762782e+03,1.470807458250764199e+00
4.777428661793534957e+03,1.470807100210006046e+00
4.776946531934307131e+03,1.470806743654893944e+00
4.776464402075078397e+03,1.470806385614135792e+00
4.775982272215849662e+03,1.470806027573377417e+00
4.775500142356620927e+03,1.470805671018265315e+00
4.775018012497393102e+03,1.470805312977507162e+00
4.774535882638165276e+03,1.470805073788452821e+00
4.774053752778936541e+03,1.470804596895990413e+00
4.773571622919707806e+03,1.470804240340878533e+00
4.773089493060479072e+03,1.470803763448416124e+00
4.772607363201251246e+03,1.470803405407657971e+00
4.772125233342023421e+03,1.470803047366899596e+00
4.771643103482794686e+03,1.470802690811787494e+00
4.771160973623565951e+03,1.470802213919325308e+00
4.770678843764337216e+03,1.470801855878566933e+00
4.770196713905109391e+03,1.470801497837808780e+00
4.769714584045881566e+03,1.470801139797050405e+00
4.769232454186652831e+03,1.470800783241938303e+00
4.768750324327424096e+03,1.470800425201180150e+00
4.768268194468195361e+03,1.470800067160421776e+00
4.767786064608967536e+03,1.470799710605309896e+00
4.767303934749739710e+03,1.470799352564551521e+00
4.766821804890510975e+03,1.470798994523793146e+00
4.766339675031282241e+03,1.470798517631330959e+00
4.765857545172054415e+03,1.470798159590572585e+00
4.765375415312825680e+03,1.470797682698110398e+00
4.764893285453597855e+03,1.470797205805647989e+00
4.764411155594369120e+03,1.470796849250535887e+00
4.763929025735140385e+03,1.470796491209777734e+00
4.763446895875912560e+03,1.470796133169019360e+00
4.762964766016683825e+03,1.470795776613907480e+00
4.762482636157456000e+03,1.470795299721445071e+00
4.762000506298227265e+03,1.470794941680686696e+00
4.761518376438998530e+03,1.470794583639928543e+00
4.761036246579770705e+03,1.470794225599170169e+00
4.760554116720542879e+03,1.470793869044058289e+00
4.760071986861314144e+03,1.470793392151595880e+00
4.759589857002085409e+03,1.470792915259133693e+00
4.759107727142856675e+03,1.470792557218375318e+00
4.758625597283628849e+03,1.470792080325912909e+00
4.758143467424401024e+03,1.470791722285154757e+00
4.757661337565172289e+03,1.470791365730042655e+00
4.757179207705943554e+03,1.470791007689284502e+00
4.756697077846714819e+03,1.470790530796822093e+00
4.756214947987486994e+03,1.470790172756063718e+00
4.755732818128259169e+03,1.470789816200951838e+00
4.755250688269030434e+03,1.470789577011897498e+00
4.754768558409801699e+03,1.470789218971139123e+00
4.754286428550572964e+03,1.470788862416027243e+00
4.753804298691345139e+03,1.470788385523564834e+00
4.753322168832117313e+03,1.470788027482806681e+00
4.752840038972888578e+03,1.470787550590344273e+00
4.752357909113659844e+03,1.470787192549585898e+00
4.751875779254431109e+03,1.470786835994474018e+00
4.751393649395203283e+03,1.470786359102011609e+00
4.750911519535975458e+03,1.470786001061253456e+00
4.750429389676746723e+03,1.470785643020495082e+00
4.749947259817517988e+03,1.470785284979736707e+00
4.749465129958289253e+03,1.470785047276328861e+00
4.748983000099061428e+03,1.470784689235570486e+00
4.748500870239833603e+03,1.470784331194812111e+00
4.748018740380604868e+03,1.470783974639700231e+00
4.747536610521376133e+03,1.470783616598941856e+00
4.747054480662147398e+03,1.470783258558183482e+00
4.746572350802919573e+03,1.470782902003071602e+00
4.746090220943691747e+03,1.470782425110609193e+00
4.745608091084463013e+03,1.470782067069851040e+00
4.745125961225234278e+03,1.470781590177388631e+00
4.744643831366006452e+03,1.470781232136630479e+00
4.744161701506777717e+03,1.470780874095872104e+00
4.743679571647549892e+03,1.470780517540760002e+00
4.743197441788321157e+03,1.470780159500001849e+00
4.742715311929092422e+03,1.470779801459243474e+00
4.742233182069864597e+03,1.470779444904131594e+00
4.741751052210635862e+03,1.470779205715077254e+00
4.741268922351408037e+03,1.470778847674318879e+00
4.740786792492179302e+03,1.470778609970910811e+00
4.740304662632950567e+03,1.470778133078448624e+00
4.739822532773722742e+03,1.470777775037690249e+00
4.739340402914494916e+03,1.470777298145228063e+00
4.738858273055266181e+03,1.470776941590115960e+00
4.738376143196037447e+03,1.470776583549357586e+00
4.737894013336808712e+03,1.470776225508599433e+00
4.737411883477580886e+03,1.470775867467841058e+00
4.736929753618353061e+03,1.470775510912729178e+00
4.736447623759124326e+03,1.470775034020266769e+00
4.735965493899895591e+03,1.470774794831212429e+00
4.735483364040666856e+03,1.470774436790454276e+00
4.735001234181439031e+03,1.470774080235342174e+00
4.734519104322211206e+03,1.470773722194583799e+00
4.734036974462982471e+03,1.470773364153825646e+00
4.733554844603753736e+03,1.470773007598713544e+00
4.733072714744525001e+03,1.470772649557955392e+00
4.732590584885297176e+03,1.470772291517197017e+00
4.732108455026069350e+03,1.470771933476438642e+00
4.731626325166840616e+03,1.470771456583976455e+00
4.731144195307611881e+03,1.470771100028864353e+00
4.730662065448383146e+03,1.470770623136402167e+00
4.730179935589155320e+03,1.470770265095643792e+00
4.729697805729927495e+03,1.470770027392235724e+00
4.729215675870698760e+03,1.470769669351477571e+00
4.728733546011470025e+03,1.470769311310719196e+00
4.728251416152241291e+03,1.470768953269960821e+00
4.727769286293013465e+03,1.470768596714848941e+00
4.727287156433785640e+03,1.470768238674090567e+00
4.726805026574556905e+03,1.470767880633332192e+00
4.726322896715328170e+03,1.470767524078220312e+00
4.725840766856099435e+03,1.470767166037461937e+00
4.725358636996871610e+03,1.470766689144999750e+00
4.724876507137643785e+03,1.470766331104241376e+00
4.724394377278415050e+03,1.470765854211779189e+00
4.723912247419186315e+03,1.470765496171020814e+00
4.723430117559958489e+03,1.470765139615908712e+00
4.722947987700729755e+03,1.470764781575150559e+00
4.722465857841501929e+03,1.470764423534392185e+00
4.721983727982273194e+03,1.470764066979280082e+00
4.721501598123044459e+03,1.470763708938521930e+00
4.721019468263816634e+03,1.470763469749467589e+00
4.720537338404587899e+03,1.470763113194355487e+00
4.720055208545360074e+03,1.470762636301893300e+00
4.719573078686131339e+03,1.470762278261134925e+00
4.719090948826902604e+03,1.470761801368672739e+00
4.718608818967674779e+03,1.470761443327914364e+00
4.718126689108446953e+03,1.470760966435452177e+00
4.717644559249218219e+03,1.470760609880340075e+00
4.717162429389989484e+03,1.470760132987877888e+00
4.716680299530760749e+03,1.470759774947119514e+00
4.716198169671532924e+03,1.470759416906361139e+00
4.715716039812305098e+03,1.470759058865602986e+00
4.715233909953076363e+03,1.470758702310490884e+00
4.714751780093847628e+03,1.470758344269732509e+00
4.714269650234618894e+03,1.470757867377270323e+00
4.713787520375391068e+03,1.470757509336511948e+00
4.713305390516163243e+03,1.470757032444049761e+00
4.712823260656934508e+03,1.470756555551587352e+00
4.712341130797705773e+03,1.470756198996475472e+00
4.711859000938477038e+03,1.470755722104013064e+00
4.711376871079249213e+03,1.470755245211550877e+00
4.710894741220021388e+03,1.470754768319088468e+00
4.710412611360792653e+03,1.470754291426626281e+00
4.709930481501563918e+03,1.470753933385867906e+00
4.709448351642335183e+03,1.470753456493405498e+00
4.708966221783107358e+03,1.470753098452647345e+00
4.708484091923879532e+03,1.470752621560184936e+00
4.708001962064650797e+03,1.470752265005073056e+00
4.707519832205422063e+03,1.470751788112610647e+00
4.707037702346193328e+03,1.470751430071852495e+00
4.706555572486965502e+03,1.470750953179390086e+00
4.706073442627737677e+03,1.470750476286927899e+00
4.705591312768508942e+03,1.470749999394465490e+00
4.705109182909280207e+03,1.470749403650299270e+00
4.704627053050051472e+03,1.470748926757836861e+00
4.704144923190823647e+03,1.470748568717078486e+00
4.703662793331595822e+03,1.470748091824616299e+00
4.703180663472367087e+03,1.470747614932153891e+00
4.702698533613138352e+03,1.470747138039691704e+00
4.702216403753910527e+03,1.470746661147229295e+00
4.701734273894681792e+03,1.470746304592117415e+00
4.701252144035453966e+03,1.470745827699655006e+00
4.700770014176225231e+03,1.470745469658896853e+00
4.700287884316996497e+03,1.470744992766434445e+00
4.699805754457768671e+03,1.470744515873972258e+00
4.699323624598539936e+03,1.470744038981509849e+00
4.698841494739312111e+03,1.470743562089047662e+00
4.698359364880083376e+03,1.470743085196585254e+00
4.697877235020854641e+03,1.470742489452419033e+00
4.697395105161626816e+03,1.470742012559956624e+00
4.696912975302398991e+03,1.470741535667494437e+00
4.696430845443170256e+03,1.470741058775032029e+00
4.695948715583941521e+03,1.470740700734273876e+00
4.695466585724712786e+03,1.470740223841811467e+00
4.694984455865484961e+03,1.470739867286699587e+00
4.694502326006257135e+03,1.470739390394237178e+00
4.694020196147028400e+03,1.470738913501774991e+00
4.693538066287799666e+03,1.470738436609312583e+00
4.693055936428570931e+03,1.470737959716850396e+00
4.692573806569343105e+03,1.470737482824387987e+00
4.692091676710115280e+03,1.470737005931925800e+00
4.691609546850886545e+03,1.470736529039463392e+00
4.691127416991657810e+03,1.470735933295297171e+00
4.690645287132429075e+03,1.470735456402834762e+00
4.690163157273201250e+03,1.470734979510372575e+00
4.689681027413973425e+03,1.470734621469614201e+00
4.689198897554744690e+03,1.470734144577151792e+00
4.688716767695515955e+03,1.470733667684689605e+00
4.688234637836287220e+03,1.470733190792227196e+00
4.687752507977059395e+03,1.470732713899765010e+00
4.687270378117831569e+03,1.470732357344652907e+00
4.686788248258602835e+03,1.470731880452190721e+00
4.686306118399374100e+03,1.470731403559728312e+00
4.685823988540145365e+03,1.470730926667266125e+00
4.685341858680917539e+03,1.470730329437453410e+00
4.684859728821689714e+03,1.470729733693287189e+00
4.684377598962460979e+03,1.470729256800825002e+00
4.683895469103232244e+03,1.470728779908362593e+00
4.683413339244003510e+03,1.470728303015900185e+00
4.682931209384775684e+03,1.470727826123437998e+00
4.682449079525547859e+03,1.470727349230975589e+00
4.681966949666319124e+03,1.470726872338513402e+00
4.681484819807090389e+03,1.470726515783401300e+00
4.681002689947862564e+03,1.470726038890939114e+00
4.680520560088633829e+03,1.470725561998476705e+00
4.680038430229406003e+03,1.470725203957718552e+00
4.679556300370177269e+03,1.470724608213552109e+00
4.679074170510948534e+03,1.470724131321089923e+00
4.678592040651720708e+03,1.470723654428627514e+00
4.678109910792491974e+03,1.470723058684461293e+00
4.677627780933264148e+03,1.470722581791998884e+00
4.677145651074035413e+03,1.470722104899536697e+00
4.676663521214806678e+03,1.470721628007074289e+00
4.676181391355578853e+03,1.470721151114612102e+00
4.675699261496351028e+03,1.470720674222149693e+00
4.675217131637122293e+03,1.470720316181391540e+00
4.674735001777893558e+03,1.470719839288929132e+00
4.674252871918664823e+03,1.470719362396466945e+00
4.673770742059436998e+03,1.470718885504004536e+00
4.673288612200209172e+03,1.470718408611542349e+00
4.672806482340980438e+03,1.470717931719079941e+00
4.672324352481751703e+03,1.470717454826617754e+00
4.671842222622522968e+03,1.470716859082451311e+00
4.671360092763295143e+03,1.470716382189989124e+00
4.670877962904067317e+03,1.470715786445822681e+00
4.670395833044838582e+03,1.470715309553360495e+00
4.669913703185609847e+03,1.470714832660898086e+00
4.669431573326381113e+03,1.470714355768435899e+00
4.668949443467153287e+03,1.470713997727677524e+00
4.668467313607925462e+03,1.470713520835215338e+00
4.667985183748696727e+03,1.470713045428399202e+00
4.667503053889467992e+03,1.470712568535937015e+00
4.667020924030239257e+03,1.470712091643474606e+00
4.666538794171011432e+03,1.470711614751012419e+00
4.666056664311783607e+03,1.470711137858550011e+00
4.665574534452554872e+03,1.470710660966087824e+00
4.665092404593326137e+03,1.470710065221921603e+00
4.664610274734097402e+03,1.470709588329459194e+00
4.664128144874869577e+03,1.470709111436996785e+00
4.663646015015641751e+03,1.470708514207184292e+00
4.663163885156413016e+03,1.470708037314721883e+00
4.662681755297184282e+03,1.470707560422259697e+00
4.662199625437955547e+03,1.470707083529797288e+00
4.661717495578727721e+03,1.470706608122981374e+00
4.661235365719499896e+03,1.470706250082222999e+00
4.660753235860271161e+03,1.470705773189760812e+00
4.660271106001042426e+03,1.470705296297298403e+00
4.659788976141813691e+03,1.470704819404836217e+00
4.659306846282585866e+03,1.470704223660669996e+00
4.658824716423358041e+03,1.470703746768207587e+00
4.658342586564129306e+03,1.470703269875745400e+00
4.657860456704900571e+03,1.470702674131578958e+00
4.657378326845672746e+03,1.470702197239116771e+00
4.656896196986444011e+03,1.470701600009304055e+00
4.656414067127216185e+03,1.470701123116841869e+00
4.655931937267987450e+03,1.470700646224379460e+00
4.655449807408758716e+03,1.470700170817563546e+00
4.654967677549530890e+03,1.470699693925101137e+00
4.654485547690302155e+03,1.470699217032638950e+00
4.654003417831074330e+03,1.470698740140176541e+00
4.653521287971845595e+03,1.470698263247714355e+00
4.653039158112616860e+03,1.470697786355251946e+00
4.652557028253389035e+03,1.470697309462789759e+00
4.652074898394161210e+03,1.470696713718623316e+00
4.651592768534932475e+03,1.470696236826161130e+00
4.651110638675703740e+03,1.470695639596348414e+00
4.650628508816475005e+03,1.470695043852182193e+00
4.650146378957247180e+03,1.470694566959719785e+00
4.649664249098019354e+03,1.470694090067257598e+00
4.649182119238790619e+03,1.470693613174795189e+00
4.648699989379561885e+03,1.470693136282333002e+00
4.648217859520333150e+03,1.470692659389870594e+00
4.647735729661105324e+03,1.470692182497408407e+00
4.647253599801877499e+03,1.470691705604945998e+00
4.646771469942648764e+03,1.470691228712483811e+00
4.646289340083420029e+03,1.470690753305667897e+00
4.645807210224191294e+03,1.470690156075855182e+00
4.645325080364963469e+03,1.470689679183392995e+00
4.644842950505735644e+03,1.470689083439226552e+00
4.644360820646506909e+03,1.470688487695060331e+00
4.643878690787278174e+03,1.470688010802597923e+00
4.643396560928049439e+03,1.470687415058431702e+00
4.642914431068821614e+03,1.470686938165969293e+00
4.642432301209593788e+03,1.470686461273507106e+00
4.641950171350365054e+03,1.470685865529340886e+00
4.641468041491136319e+03,1.470685507488582511e+00
4.640985911631907584e+03,1.470684911744416290e+00
4.640503781772679758e+03,1.470684553703657915e+00
4.640021651913451933e+03,1.470683957959491694e+00
4.639539522054223198e+03,1.470683362215325252e+00
4.639057392194994463e+03,1.470682885322863065e+00
4.638575262335765728e+03,1.470682288093050349e+00
4.638093132476537903e+03,1.470681811200588163e+00
4.637611002617310078e+03,1.470681215456421720e+00
4.637128872758081343e+03,1.470680619712255499e+00
4.636646742898852608e+03,1.470680023968089278e+00
4.636164613039624783e+03,1.470679428223922836e+00
4.635682483180396048e+03,1.470678951331460649e+00
4.635200353321168222e+03,1.470678474438998240e+00
4.634718223461939488e+03,1.470677997546536053e+00
4.634236093602710753e+03,1.470677401802369610e+00
4.633753963743482927e+03,1.470676924909907424e+00
4.633271833884254193e+03,1.470676327680094708e+00
4.632789704025026367e+03,1.470675731935928487e+00
4.632307574165797632e+03,1.470675136191762267e+00
4.631825444306568897e+03,1.470674659299299858e+00
4.631343314447341072e+03,1.470673944703429603e+00
4.630861184588113247e+03,1.470673347473616888e+00
4.630379054728884512e+03,1.470672751729450667e+00
4.629896924869655777e+03,1.470672155985284446e+00
4.629414795010427042e+03,1.470671679092822037e+00
4.628932665151199217e+03,1.470671083348655817e+00
4.628450535291971391e+03,1.470670487604489596e+00
4.627968405432742657e+03,1.470670010712027187e+00
4.627486275573513922e+03,1.470669413482214694e+00
4.627004145714285187e+03,1.470668936589752285e+00
4.626522015855057361e+03,1.470668340845586064e+00
4.626039885995829536e+03,1.470667745101419621e+00
4.625557756136600801e+03,1.470667149357253400e+00
4.625075626277372066e+03,1.470666553613087180e+00
4.624593496418143332e+03,1.470665837531570430e+00
4.624111366558915506e+03,1.470665241787404209e+00
4.623629236699687681e+03,1.470664646043237989e+00
4.623147106840458946e+03,1.470664050299071546e+00
4.622664976981230211e+03,1.470663334217555018e+00
4.622182847122001476e+03,1.470662738473388798e+00
4.621700717262773651e+03,1.470662261580926389e+00
4.621218587403545826e+03,1.470661665836760168e+00
4.620736457544317091e+03,1.470661070092593725e+00
4.620254327685088356e+03,1.470660593200131538e+00
4.619772197825859621e+03,1.470659877118614789e+00
4.619290067966631796e+03,1.470659281374448568e+00
4.618807938107403970e+03,1.470658685630282347e+00
4.618325808248175235e+03,1.470657969548765598e+00
4.617843678388946500e+03,1.470657373804599377e+00
4.617361548529717766e+03,1.470656659208729122e+00
4.616879418670489940e+03,1.470655943127212595e+00
4.616397288811262115e+03,1.470655347383046152e+00
4.615915158952033380e+03,1.470654751638879931e+00
4.615433029092804645e+03,1.470654155894713488e+00
4.614950899233576820e+03,1.470653558664900995e+00
4.614468769374348085e+03,1.470652962920734774e+00
4.613986639515120260e+03,1.470652367176568331e+00
4.613504509655891525e+03,1.470651652580698077e+00
4.613022379796662790e+03,1.470651055350885583e+00
4.612540249937434965e+03,1.470650459606719140e+00
4.612058120078206230e+03,1.470649863862552920e+00
4.611575990218978404e+03,1.470649149266682665e+00
4.611093860359749669e+03,1.470648433185165915e+00
4.610611730500520935e+03,1.470647718589295661e+00
4.610129600641293109e+03,1.470647002507779133e+00
4.609647470782065284e+03,1.470646406763612690e+00
4.609165340922836549e+03,1.470645692167742435e+00
4.608683211063607814e+03,1.470645094937929942e+00
4.608201081204379079e+03,1.470644380342059687e+00
4.607718951345151254e+03,1.470643784597893244e+00
4.607236821485923429e+03,1.470643187368080751e+00
4.606754691626694694e+03,1.470642591623914308e+00
4.606272561767465959e+03,1.470641877028044053e+00
4.605790431908237224e+03,1.470641281283877833e+00
4.605308302049009399e+03,1.470640565202361083e+00
4.604826172189781573e+03,1.470639850606490828e+00
4.604344042330552838e+03,1.470639134524974301e+00
4.603861912471324104e+03,1.470638419929104046e+00
4.603379782612095369e+03,1.470637703847587296e+00
4.602897652752867543e+03,1.470637108103421076e+00
4.602415522893639718e+03,1.470636393507550821e+00
4.601933393034410983e+03,1.470635677426034293e+00
4.601451263175182248e+03,1.470635081681867851e+00
4.600969133315953513e+03,1.470634485937701630e+00
4.600487003456725688e+03,1.470633769856185102e+00
4.600004873597497863e+03,1.470633055260314626e+00
4.599522743738269128e+03,1.470632340664444371e+00
4.599040613879040393e+03,1.470631743434631877e+00
4.598558484019811658e+03,1.470631028838761400e+00
4.598076354160583833e+03,1.470630312757244873e+00
4.597594224301356007e+03,1.470629598161374618e+00
4.597112094442127272e+03,1.470628883565504363e+00
4.596629964582898538e+03,1.470628048632283802e+00
4.596147834723669803e+03,1.470627452888117359e+00
4.595665704864441977e+03,1.470626736806600832e+00
4.595183575005214152e+03,1.470626022210730577e+00
4.594701445145985417e+03,1.470625426466564134e+00
4.594219315286756682e+03,1.470624710385047607e+00
4.593737185427528857e+03,1.470623995789177352e+00
4.593255055568300122e+03,1.470623400045010909e+00
4.592772925709072297e+03,1.470622683963494381e+00
4.592290795849843562e+03,1.470621969367624127e+00
4.591808665990614827e+03,1.470621253286107599e+00
4.591326536131387002e+03,1.470620419838533088e+00
4.590844406272158267e+03,1.470619703757016561e+00
4.590362276412930441e+03,1.470618868823795999e+00
4.589880146553701707e+03,1.470618154227925745e+00
4.589398016694472972e+03,1.470617438146408995e+00
4.588915886835245146e+03,1.470616723550538740e+00
4.588433756976017321e+03,1.470616008954668485e+00
4.587951627116788586e+03,1.470615292873151958e+00
4.587469497257559851e+03,1.470614578277281703e+00
4.586987367398331116e+03,1.470613982533115260e+00
4.586505237539103291e+03,1.470613266451598733e+00
4.586023107679875466e+03,1.470612551855728478e+00
4.585540977820646731e+03,1.470611716922507695e+00
4.585058847961417996e+03,1.470611000840991167e+00
4.584576718102189261e+03,1.470610167393416878e+00
4.584094588242961436e+03,1.470609451311900351e+00
4.583612458383733610e+03,1.470608736716030096e+00
4.583130328524504876e+03,1.470607901782809313e+00
4.582648198665276141e+03,1.470607187186939058e+00
4.582166068806047406e+03,1.470606352253718496e+00
4.581683938946819580e+03,1.470605637657848241e+00
4.581201809087591755e+03,1.470604921576331492e+00
4.580719679228363020e+03,1.470604206980461237e+00
4.580237549369134285e+03,1.470603490898944710e+00
4.579755419509905551e+03,1.470602776303074455e+00
4.579273289650677725e+03,1.470601941369853893e+00
4.578791159791449900e+03,1.470601107922279382e+00
4.578309029932221165e+03,1.470600391840762855e+00
4.577826900072992430e+03,1.470599556907542294e+00
4.577344770213763695e+03,1.470598723459968005e+00
4.576862640354535870e+03,1.470597888526747443e+00
4.576380510495308044e+03,1.470597053593526882e+00
4.575898380636079310e+03,1.470596338997656405e+00
4.575416250776850575e+03,1.470595504064435843e+00
4.574934120917621840e+03,1.470594789468565589e+00
4.574451991058394015e+03,1.470594073387049061e+00
4.573969861199166189e+03,1.470593239939474772e+00
4.573487731339937454e+03,1.470592523857958023e+00
4.573005601480708719e+03,1.470591688924737461e+00
4.572523471621480894e+03,1.470590974328867206e+00
4.572041341762252159e+03,1.470590139395646645e+00
4.571559211903024334e+03,1.470589305948072356e+00
4.571077082043795599e+03,1.470588471014851795e+00
4.570594952184566864e+03,1.470587636081631011e+00
4.570112822325339039e+03,1.470586802634056722e+00
4.569630692466110304e+03,1.470585967700836161e+00
4.569148562606882479e+03,1.470585132767615599e+00
4.568666432747653744e+03,1.470584299320041310e+00
4.568184302888425009e+03,1.470583464386820749e+00
4.567702173029197183e+03,1.470582748305303999e+00
4.567220043169969358e+03,1.470581914857729711e+00
4.566737913310740623e+03,1.470581198776213183e+00
4.566255783451511888e+03,1.470580365328638894e+00
4.565773653592283154e+03,1.470579530395418333e+00
4.565291523733055328e+03,1.470578695462197771e+00
4.564809393873827503e+03,1.470577741677273176e+00
4.564327264014598768e+03,1.470576908229698887e+00
4.563845134155370033e+03,1.470576073296478103e+00
4.563363004296141298e+03,1.470575119511553508e+00
4.562880874436913473e+03,1.470574284578332946e+00
4.562398744577685648e+03,1.470573451130758658e+00
4.561916614718456913e+03,1.470572616197538096e+00
4.561434484859228178e+03,1.470571781264317535e+00
4.560952354999999443e+03,1.470570947816743246e+00
4.560470225140771618e+03,1.470570112883522684e+00
4.559988095281543792e+03,1.470569277950301901e+00
4.559505965422315057e+03,1.470568444502727612e+00
4.559023835563086323e+03,1.470567490717803016e+00
4.558541705703857588e+03,1.470566655784582455e+00
4.558059575844629762e+03,1.470565701999657859e+00
4.557577445985401937e+03,1.470564867066437298e+00
4.557095316126173202e+03,1.470563913281512702e+00
4.556613186266944467e+03,1.470562959496588107e+00
4.556131056407715732e+03,1.470562007197309784e+00
4.555648926548487907e+03,1.470561172264089222e+00
4.555166796689260082e+03,1.470560337330868661e+00
4.554684666830031347e+03,1.470559383545944065e+00
4.554202536970802612e+03,1.470558550098369777e+00
4.553720407111573877e+03,1.470557715165148993e+00
4.553238277252346052e+03,1.470556880231928432e+00
4.552756147393118226e+03,1.470555926447003836e+00
4.552274017533889491e+03,1.470555092999429547e+00
4.551791887674660757e+03,1.470554139214504952e+00
4.551309757815432931e+03,1.470553185429580356e+00
4.550827627956204196e+03,1.470552231644655761e+00
4.550345498096976371e+03,1.470551277859731165e+00
4.549863368237747636e+03,1.470550324074806570e+00
4.549381238378518901e+03,1.470549370289881974e+00
4.548899108519291076e+03,1.470548416504957379e+00
4.548416978660062341e+03,1.470547581571736817e+00
4.547934848800834516e+03,1.470546629272458494e+00
4.547452718941605781e+03,1.470545794339237933e+00
4.546970589082377046e+03,1.470544959406017371e+00
4.546488459223149221e+03,1.470544005621092776e+00
4.546006329363921395e+03,1.470543051836168180e+00
4.545524199504692660e+03,1.470542098051243585e+00
4.545042069645463926e+03,1.470541144266318989e+00
4.544559939786235191e+03,1.470540191967040666e+00
4.544077809927007365e+03,1.470539238182116071e+00
4.543595680067779540e+03,1.470538164059841169e+00
4.543113550208550805e+03,1.470537210274916573e+00
4.542631420349322070e+03,1.470536257975638250e+00
4.542149290490093335e+03,1.470535304190713655e+00
4.541667160630865510e+03,1.470534350405789059e+00
4.541185030771637685e+03,1.470533396620864464e+00
4.540702900912408950e+03,1.470532442835939868e+00
4.540220771053180215e+03,1.470531607902719085e+00
4.539738641193951480e+03,1.470530535266090677e+00
4.539256511334723655e+03,1.470529581481166082e+00
4.538774381475495829e+03,1.470528627696241486e+00
4.538292251616267095e+03,1.470527673911316890e+00
4.537810121757038360e+03,1.470526601274688261e+00
4.537327991897809625e+03,1.470525528638059631e+00
4.536845862038581799e+03,1.470524456001431002e+00
4.536363732179353974e+03,1.470523383364802372e+00
4.535881602320125239e+03,1.470522429579877777e+00
4.535399472460896504e+03,1.470521475794953181e+00
4.534917342601667769e+03,1.470520403158324552e+00
4.534435212742439944e+03,1.470519449373399956e+00
4.533953082883212119e+03,1.470518375251125054e+00
4.533470953023983384e+03,1.470517422951846731e+00
4.532988823164754649e+03,1.470516348829571829e+00
4.532506693305525914e+03,1.470515395044647233e+00
4.532024563446298089e+03,1.470514322408018604e+00
4.531542433587070263e+03,1.470513249771390196e+00
4.531060303727841529e+03,1.470512058283057533e+00
4.530578173868612794e+03,1.470510985646428903e+00
4.530096044009384968e+03,1.470509792672449967e+00
4.529613914150156234e+03,1.470508720035821337e+00
4.529131784290928408e+03,1.470507647399192708e+00
4.528649654431699673e+03,1.470506454425213994e+00
4.528167524572470938e+03,1.470505381788585364e+00
4.527685394713243113e+03,1.470504309151956734e+00
4.527203264854014378e+03,1.470503236515328105e+00
4.526721134994786553e+03,1.470502163878699475e+00
4.526239005135557818e+03,1.470501091242070846e+00
4.525756875276329083e+03,1.470499898268091910e+00
4.525274745417101258e+03,1.470498706779759468e+00
4.524792615557873432e+03,1.470497634143130838e+00
4.524310485698644698e+03,1.470496441169151902e+00
4.523828355839415963e+03,1.470495249680819239e+00
4.523346225980187228e+03,1.470494056706840302e+00
4.522864096120959402e+03,1.470492865218507861e+00
4.522381966261731577e+03,1.470491673730175197e+00
4.521899836402502842e+03,1.470490480756196261e+00
4.521417706543274107e+03,1.470489408119567631e+00
4.520935576684045373e+03,1.470488216631235190e+00
4.520453446824817547e+03,1.470487142508960288e+00
4.519971316965589722e+03,1.470485951020627624e+00
4.519489187106360987e+03,1.470484759532294960e+00
4.519007057247132252e+03,1.470483685410020058e+00
4.518524927387903517e+03,1.470482493921687395e+00
4.518042797528675692e+03,1.470481302433354953e+00
4.517560667669447867e+03,1.470479990607671983e+00
4.517078537810219132e+03,1.470478799119339319e+00
4.516596407950990397e+03,1.470477487293656571e+00
4.516114278091761662e+03,1.470476295805323907e+00
4.515632148232533837e+03,1.470475102831344971e+00
4.515150018373306011e+03,1.470473911343012308e+00
4.514667888514077276e+03,1.470472718369033593e+00
4.514185758654848541e+03,1.470471526880700930e+00
4.513703628795619807e+03,1.470470215055017960e+00
4.513221498936391981e+03,1.470469023566685296e+00
4.512739369077164156e+03,1.470467830592706582e+00
4.512257239217935421e+03,1.470466639104373918e+00
4.511775109358706686e+03,1.470465327278690948e+00
4.511292979499477951e+03,1.470464016938654472e+00
4.510810849640250126e+03,1.470462705112971502e+00
4.510328719781022301e+03,1.470461393287288532e+00
4.509846589921793566e+03,1.470459964095548022e+00
4.509364460062564831e+03,1.470458771121569086e+00
4.508882330203337006e+03,1.470457340444182082e+00
4.508400200344108271e+03,1.470456030104145606e+00
4.507918070484880445e+03,1.470454718278462636e+00
4.507435940625651710e+03,1.470453406452779888e+00
4.506953810766422976e+03,1.470452096112743190e+00
4.506471680907195150e+03,1.470450665435356186e+00
4.505989551047966415e+03,1.470449353609673437e+00
4.505507421188738590e+03,1.470447922932286433e+00
4.505025291329509855e+03,1.470446492254899651e+00
4.504543161470281120e+03,1.470445061577512647e+00
4.504061031611053295e+03,1.470443512048421830e+00
4.503578901751825470e+03,1.470442081371034826e+00
4.503096771892596735e+03,1.470440531841944010e+00
4.502614642033368000e+03,1.470438982312853193e+00
4.502132512174139265e+03,1.470437551635466189e+00
4.501650382314911440e+03,1.470436002106375373e+00
4.501168252455683614e+03,1.470434452577284334e+00
4.500686122596454879e+03,1.470433021899897552e+00
4.500203992737226145e+03,1.470431472370806514e+00
4.499721862877997410e+03,1.470429922841715698e+00
4.499239733018769584e+03,1.470428373312624881e+00
4.498757603159541759e+03,1.470426823783533843e+00
4.498275473300313024e+03,1.470425153917092720e+00
4.497793343441084289e+03,1.470423485536297870e+00
4.497311213581855554e+03,1.470421817155502797e+00
4.496829083722627729e+03,1.470420147289061674e+00
4.496346953863399904e+03,1.470418360056562790e+00
4.495864824004171169e+03,1.470416690190121667e+00
4.495382694144942434e+03,1.470415021809326594e+00
4.494900564285713699e+03,1.470413233091181437e+00
4.494418434426485874e+03,1.470411564710386587e+00
4.493936304567258048e+03,1.470409894843945464e+00
4.493454174708029313e+03,1.470408107611446580e+00
4.492972044848800579e+03,1.470406437745005235e+00
4.492489914989571844e+03,1.470404650512506350e+00
4.492007785130344018e+03,1.470402861794361193e+00
4.491525655271116193e+03,1.470401074561862309e+00
4.491043525411887458e+03,1.470399166992013118e+00
4.490561395552658723e+03,1.470397259422163927e+00
4.490079265693429988e+03,1.470395351852314736e+00
4.489597135834202163e+03,1.470393444282465545e+00
4.489115005974974338e+03,1.470391657049966661e+00
4.488632876115745603e+03,1.470389749480117469e+00
4.488150746256516868e+03,1.470387841910268278e+00
4.487668616397289043e+03,1.470385815488715053e+00
4.487186486538060308e+03,1.470384026770569896e+00
4.486704356678832482e+03,1.470382000349016671e+00
4.486222226819603748e+03,1.470380092779167480e+00
4.485740096960375013e+03,1.470378066357614255e+00
4.485257967101147187e+03,1.470376158787765064e+00
4.484775837241918452e+03,1.470374013514507805e+00
4.484293707382690627e+03,1.470372105944658614e+00
4.483811577523461892e+03,1.470369960671401355e+00
4.483329447664233157e+03,1.470367934249848130e+00
4.482847317805005332e+03,1.470365668639240786e+00
4.482365187945777507e+03,1.470363642217687561e+00
4.481883058086548772e+03,1.470361496944430302e+00
4.481400928227320037e+03,1.470359350185526770e+00
4.480918798368091302e+03,1.470357204912269511e+00
4.480436668508863477e+03,1.470355059639012474e+00
4.479954538649635651e+03,1.470352912880108942e+00
4.479472408790406917e+03,1.470350648755147649e+00
4.478990278931178182e+03,1.470348383144540083e+00
4.478508149071949447e+03,1.470346237871283046e+00
4.478026019212721621e+03,1.470343853408971446e+00
4.477543889353493796e+03,1.470341468946660068e+00
4.477061759494265061e+03,1.470339084484348469e+00
4.476579629635036326e+03,1.470336701507683363e+00
4.476097499775807592e+03,1.470334317045371764e+00
4.475615369916579766e+03,1.470331813731356352e+00
4.475133240057351941e+03,1.470329429269044752e+00
4.474651110198123206e+03,1.470326925955029340e+00
4.474168980338894471e+03,1.470324422641013706e+00
4.473686850479665736e+03,1.470321919326998295e+00
4.473204720620437911e+03,1.470319297161278849e+00
4.472722590761210085e+03,1.470316792361616942e+00
4.472240460901981351e+03,1.470314170195897496e+00
4.471758331042752616e+03,1.470311429178474016e+00
4.471276201183523881e+03,1.470308686675404264e+00
4.470794071324296056e+03,1.470305945657980784e+00
4.470311941465068230e+03,1.470303084303206997e+00
4.469829811605839495e+03,1.470300222948432989e+00
4.469347681746610760e+03,1.470297361593659202e+00
4.468865551887382026e+03,1.470294381387181382e+00
4.468383422028154200e+03,1.470291401180703783e+00
4.467901292168926375e+03,1.470288539825929996e+00
4.467419162309697640e+03,1.470285440767748142e+00
4.466937032450468905e+03,1.470282460561270321e+00
4.466454902591241080e+03,1.470279361503088467e+00
4.465972772732012345e+03,1.470276142107556305e+00
4.465490642872784520e+03,1.470272924197670639e+00
4.465008513013555785e+03,1.470269585950434443e+00
4.464526383154327050e+03,1.470266128851494436e+00
4.464044253295099224e+03,1.470262790604258241e+00
4.463562123435870490e+03,1.470259214653614199e+00
4.463079993576642664e+03,1.470255757554674192e+00
4.462597863717413929e+03,1.470252062752325894e+00
4.462115733858185195e+03,1.470248605653385887e+00
4.461633603998957369e+03,1.470244790513687505e+00
4.461151474139729544e+03,1.470241095711339430e+00
4.460669344280500809e+03,1.470237399423345082e+00
4.460187214421272074e+03,1.470233465431942665e+00
4.459705084562043339e+03,1.470229531440540249e+00
4.459222954702815514e+03,1.470225597449137833e+00
4.458740824843587689e+03,1.470221544606031383e+00
4.458258694984358954e+03,1.470217491762924933e+00
4.457776565125130219e+03,1.470213199730764364e+00
4.457294435265901484e+03,1.470209028035953880e+00
4.456812305406673659e+03,1.470204617152089277e+00
4.456330175547445833e+03,1.470200445457278793e+00
4.455848045688217098e+03,1.470195914236063883e+00
4.455365915828988364e+03,1.470191623689549365e+00
4.454883785969759629e+03,1.470187212805684762e+00
4.454401656110531803e+03,1.470182683070115903e+00
4.453919526251303978e+03,1.470178272186251300e+00
4.453437396392075243e+03,1.470173742450682663e+00
4.452955266532846508e+03,1.470169211229467532e+00
4.452473136673617773e+03,1.470164681493898895e+00
4.451991006814389948e+03,1.470160032906626224e+00
4.451508876955162123e+03,1.470155622022761399e+00
4.451026747095933388e+03,1.470151092287192762e+00
4.450544617236704653e+03,1.470146681403328159e+00
4.450062487377475918e+03,1.470142270519463334e+00
4.449580357518248093e+03,1.470138098824653072e+00
4.449098227659020267e+03,1.470134044495900350e+00
4.448616097799791532e+03,1.470130111990144206e+00
4.448133967940562798e+03,1.470126177998741790e+00
4.447651838081334063e+03,1.470122839751505595e+00
4.447169708222106237e+03,1.470119382652565587e+00
4.446687578362878412e+03,1.470116283594383733e+00
4.446205448503649677e+03,1.470113780280368321e+00
4.445723318644420942e+03,1.470111275480706414e+00
4.445241188785193117e+03,1.470109369396503496e+00
4.444759058925964382e+03,1.470107819867412680e+00
4.444276929066736557e+03,1.470106626893433743e+00
4.443794799207507822e+03,1.470106031149267523e+00
4.443312669348279087e+03,1.470106031149267523e+00
4.442830539489051262e+03,1.470106626893433743e+00
4.442348409629822527e+03,1.470107819867412680e+00
4.441866279770594701e+03,1.470109607099911564e+00
4.441384149911365967e+03,1.470112110413927198e+00
4.440902020052137232e+03,1.470115329809459137e+00
4.440419890192909406e+03,1.470119024611807212e+00
4.439937760333681581e+03,1.470123316643968003e+00
4.439455630474452846e+03,1.470128204420295015e+00
4.438973500615224111e+03,1.470133806792492281e+00
4.438491370755995376e+03,1.470139767205447923e+00
4.438009240896767551e+03,1.470145966807457683e+00
4.437527111037539726e+03,1.470152999857041953e+00
4.437044981178310991e+03,1.470159674865867849e+00
4.436562851319082256e+03,1.470166828252802427e+00
4.436080721459853521e+03,1.470173861302386698e+00
4.435598591600625696e+03,1.470181252392729121e+00
4.435116461741397870e+03,1.470188047738905324e+00
4.434634331882169135e+03,1.470194960451139288e+00
4.434152202022940401e+03,1.470201518093907422e+00
4.433670072163711666e+03,1.470207597358567098e+00
4.433187942304483840e+03,1.470213557771522517e+00
4.432705812445256015e+03,1.470218922440311937e+00
4.432223682586027280e+03,1.470223929068342983e+00
4.431741552726798545e+03,1.470228221100503552e+00
4.431259422867569810e+03,1.470231915902851627e+00
4.430777293008341985e+03,1.470235373001791856e+00
4.430295163149114160e+03,1.470238234356565643e+00
4.429813033289885425e+03,1.470240498481526714e+00
4.429330903430656690e+03,1.470242287199672093e+00
4.428848773571427955e+03,1.470243717877058875e+00
4.428366643712200130e+03,1.470244671661983471e+00
4.427884513852972304e+03,1.470245029702741846e+00
4.427402383993743570e+03,1.470244909365391539e+00
4.426920254134514835e+03,1.470244790513687505e+00
4.426438124275286100e+03,1.470243717877058875e+00
4.425955994416058275e+03,1.470242645240430246e+00
4.425473864556830449e+03,1.470241572603801616e+00
4.424991734697601714e+03,1.470239544696602119e+00
4.424509604838372979e+03,1.470237876315807268e+00
4.424027474979144245e+03,1.470235731042550009e+00
4.423545345119916419e+03,1.470233465431942665e+00
4.423063215260688594e+03,1.470230962117927032e+00
4.422581085401459859e+03,1.470228697992965960e+00
4.422098955542231124e+03,1.470226313530654361e+00
4.421616825683003299e+03,1.470223929068342983e+00
4.421134695823774564e+03,1.470221425754327349e+00
4.420652565964546739e+03,1.470219280481070090e+00
4.420170436105318004e+03,1.470217252573870592e+00
4.419688306246089269e+03,1.470215465341371708e+00
4.419206176386861443e+03,1.470213795474930585e+00
4.418724046527632709e+03,1.470212245945839769e+00
4.418241916668404883e+03,1.470211292160915173e+00
4.417759786809176148e+03,1.470210696416748730e+00
4.417277656949947414e+03,1.470210100672582509e+00
4.416795527090719588e+03,1.470210577565044696e+00
4.416313397231491763e+03,1.470210815268452764e+00
4.415831267372263028e+03,1.470212008242431700e+00
4.415349137513034293e+03,1.470213438919818483e+00
4.414867007653805558e+03,1.470216061085538151e+00
4.414384877794577733e+03,1.470218326696145494e+00
4.413902747935349907e+03,1.470221783795085724e+00
4.413420618076121173e+03,1.470225478597433799e+00
4.412938488216892438e+03,1.470229651777890556e+00
4.412456358357663703e+03,1.470234777257625414e+00
4.411974228498435878e+03,1.470239783885656459e+00
4.411492098639208052e+03,1.470245625446908067e+00
4.411009968779979317e+03,1.470252539644788303e+00
4.410527838920750582e+03,1.470258856612855825e+00
4.410045709061521848e+03,1.470266247703198470e+00
4.409563579202294022e+03,1.470273759130891200e+00
4.409081449343066197e+03,1.470281625628049760e+00
4.408599319483837462e+03,1.470289613948204899e+00
4.408117189624608727e+03,1.470298315378583798e+00
4.407635059765379992e+03,1.470307018294609191e+00
4.407152929906152167e+03,1.470315719724988313e+00
4.406670800046924342e+03,1.470324541492717740e+00
4.406188670187695607e+03,1.470333363260447168e+00
4.405706540328466872e+03,1.470342422731584664e+00
4.405224410469238137e+03,1.470351363351017904e+00
4.404742280610010312e+03,1.470359827077989179e+00
4.404260150750782486e+03,1.470368767697422419e+00
4.403778020891553751e+03,1.470377231424393694e+00
4.403295891032325017e+03,1.470385457447956679e+00
4.402813761173096282e+03,1.470393325430761511e+00
4.402331631313868456e+03,1.470400835372807968e+00
4.401849501454640631e+03,1.470408465652204733e+00
4.401367371595411896e+03,1.470415617553493037e+00
4.400885241736183161e+03,1.470422292562318933e+00
4.400403111876955336e+03,1.470428611016032727e+00
4.399920982017726601e+03,1.470435167173154589e+00
4.399438852158498776e+03,1.470440652179294316e+00
4.398956722299270041e+03,1.470446135699787549e+00
4.398474592440041306e+03,1.470451738071984815e+00
4.397992462580813481e+03,1.470456267807553674e+00
4.397510332721584746e+03,1.470461036732176652e+00
4.397028202862356920e+03,1.470465327278690948e+00
4.396546073003128186e+03,1.470469261270093364e+00
4.396063943143899451e+03,1.470472599517329559e+00
4.395581813284671625e+03,1.470476175467973601e+00
4.395099683425443800e+03,1.470479155674451421e+00
4.394617553566215065e+03,1.470481779325817140e+00
4.394135423706986330e+03,1.470483924599074399e+00
4.393653293847757595e+03,1.470486069872331658e+00
4.393171163988529770e+03,1.470487739738772781e+00
4.392689034129301945e+03,1.470489050078809479e+00
4.392206904270073210e+03,1.470490003863734074e+00
4.391724774410844475e+03,1.470490361904492227e+00
4.391242644551615740e+03,1.470490719945250602e+00
4.390760514692387915e+03,1.470490599607900295e+00
4.390278384833160089e+03,1.470490003863734074e+00
4.389796254973931354e+03,1.470489645822975699e+00
4.389314125114702620e+03,1.470488335482939002e+00
4.388831995255473885e+03,1.470487381698014406e+00
4.388349865396246059e+03,1.470485832168923590e+00
4.387867735537018234e+03,1.470484639194944654e+00
4.387385605677789499e+03,1.470482493921687395e+00
4.386903475818560764e+03,1.470480825540892544e+00
4.386421345959332029e+03,1.470478678781989013e+00
4.385939216100104204e+03,1.470477010401194162e+00
4.385457086240876379e+03,1.470474625938882784e+00
4.384974956381647644e+03,1.470472718369033593e+00
4.384492826522418909e+03,1.470470573095776334e+00
4.384010696663190174e+03,1.470468427822519075e+00
4.383528566803962349e+03,1.470466757956077952e+00
4.383046436944734523e+03,1.470464373493766352e+00
4.382564307085505789e+03,1.470462705112971502e+00
4.382082177226277054e+03,1.470460916394826345e+00
4.381600047367048319e+03,1.470459843758197716e+00
4.381117917507820493e+03,1.470458175377402865e+00
4.380635787648592668e+03,1.470457221592478270e+00
4.380153657789363933e+03,1.470456267807553674e+00
4.379671527930135198e+03,1.470456267807553674e+00
4.379189398070907373e+03,1.470455790915091265e+00
4.378707268211678638e+03,1.470456148955849640e+00
4.378225138352450813e+03,1.470456625848311827e+00
4.377743008493222078e+03,1.470457340444182082e+00
4.377260878633993343e+03,1.470459129162327461e+00
4.376778748774765518e+03,1.470460439502363936e+00
4.376296618915536783e+03,1.470462823964675536e+00
4.375814489056308958e+03,1.470465327278690948e+00
4.375332359197080223e+03,1.470468904714981484e+00
4.374850229337851488e+03,1.470472003773163117e+00
4.374368099478623662e+03,1.470476175467973601e+00
4.373885969619395837e+03,1.470480348648430358e+00
4.373403839760167102e+03,1.470485474128165215e+00
4.372921709900938367e+03,1.470490003863734074e+00
4.372439580041709632e+03,1.470495606235931341e+00
4.371957450182481807e+03,1.470501328945478914e+00
4.371475320323253982e+03,1.470507051655026487e+00
4.370993190464025247e+03,1.470513368623094008e+00
4.370511060604796512e+03,1.470519687076808024e+00
4.370028930745567777e+03,1.470526005530521818e+00
4.369546800886339952e+03,1.470532323984235834e+00
4.369064671027112126e+03,1.470538522100599321e+00
4.368582541167883392e+03,1.470545078257721183e+00
4.368100411308654657e+03,1.470551277859731165e+00
4.367618281449425922e+03,1.470557475976094874e+00
4.367136151590198097e+03,1.470563198685642448e+00
4.366654021730970271e+03,1.470569159098598089e+00
4.366171891871741536e+03,1.470574642619091321e+00
4.365689762012512801e+03,1.470579888436176486e+00
4.365207632153284067e+03,1.470584776212503497e+00
4.364725502294056241e+03,1.470589901692238577e+00
4.364243372434828416e+03,1.470593954535345027e+00
4.363761242575599681e+03,1.470598246567505596e+00
4.363279112716370946e+03,1.470602776303074455e+00
4.362796982857142211e+03,1.470606233402014462e+00
4.362314852997914386e+03,1.470609928204362538e+00
4.361832723138686561e+03,1.470613385303302767e+00
4.361350593279457826e+03,1.470616485847130894e+00
4.360868463420229091e+03,1.470619345716258186e+00
4.360386333561000356e+03,1.470622446260086313e+00
4.359904203701772531e+03,1.470625187277509793e+00
4.359422073842544705e+03,1.470627571739821393e+00
4.358939943983315970e+03,1.470629956202132993e+00
4.358457814124087236e+03,1.470632101475390030e+00
4.357975684264859410e+03,1.470634485937701630e+00
4.357493554405630675e+03,1.470636631210958889e+00
4.357011424546402850e+03,1.470638538780808080e+00
4.356529294687174115e+03,1.470640804391415424e+00
4.356047164827945380e+03,1.470642949664672683e+00
4.355565034968717555e+03,1.470644857234521874e+00
4.355082905109488820e+03,1.470646764804371065e+00
4.354600775250260995e+03,1.470648433185165915e+00
4.354118645391032260e+03,1.470650459606719140e+00
4.353636515531803525e+03,1.470652248324864297e+00
4.353154385672575700e+03,1.470654035557363182e+00
4.352672255813347874e+03,1.470655586572100493e+00
4.352190125954119139e+03,1.470657850697061786e+00
4.351707996094890404e+03,1.470659162522744534e+00
4.351225866235661670e+03,1.470660830903539384e+00
4.350743736376433844e+03,1.470662976176796644e+00
4.350261606517206019e+03,1.470664288002479614e+00
4.349779476657977284e+03,1.470666195572328805e+00
4.349297346798748549e+03,1.470667984290473962e+00
4.348815216939519814e+03,1.470669413482214694e+00
4.348333087080291989e+03,1.470671560241118003e+00
4.347850957221064164e+03,1.470672870581154701e+00
4.347368827361835429e+03,1.470674778151003892e+00
4.346886697502606694e+03,1.470676208828390896e+00
4.346404567643377959e+03,1.470678354101647933e+00
4.345922437784150134e+03,1.470679665927330904e+00
4.345440307924922308e+03,1.470681454645476061e+00
4.344958178065693573e+03,1.470683123026270911e+00
4.344476048206464839e+03,1.470684672555361949e+00
4.343993918347236104e+03,1.470686461273507106e+00
4.343511788488008278e+03,1.470688248506005991e+00
4.343029658628780453e+03,1.470689202290930586e+00
4.342547528769551718e+03,1.470691349049834118e+00
4.342065398910322983e+03,1.470692421686462747e+00
4.341583269051094248e+03,1.470694208918961632e+00
4.341101139191866423e+03,1.470695639596348414e+00
4.340619009332638598e+03,1.470697070273735418e+00
4.340136879473409863e+03,1.470698382099418389e+00
4.339654749614181128e+03,1.470700050480213239e+00
4.339172619754952393e+03,1.470701481157600021e+00
4.338690489895724568e+03,1.470703030686691060e+00
4.338208360036496742e+03,1.470704342512373808e+00
4.337726230177268008e+03,1.470706368933927033e+00
4.337244100318039273e+03,1.470707560422259697e+00
4.336761970458811447e+03,1.470709230288700820e+00
4.336279840599582712e+03,1.470711375561958079e+00
4.335797710740354887e+03,1.470712806239345083e+00
4.335315580881126152e+03,1.470714713809194274e+00
4.334833451021897417e+03,1.470716621379043465e+00
4.334351321162669592e+03,1.470718408611542349e+00
4.333869191303440857e+03,1.470720197329687506e+00
4.333387061444213032e+03,1.470722342602944765e+00
4.332904931584984297e+03,1.470724489361848297e+00
4.332422801725755562e+03,1.470726634635105334e+00
4.331940671866527737e+03,1.470728661056658559e+00
4.331458542007299911e+03,1.470730926667266125e+00
4.330976412148071176e+03,1.470733071940523384e+00
4.330494282288842442e+03,1.470735098362076387e+00
4.330012152429613707e+03,1.470737243635333646e+00
4.329530022570385881e+03,1.470739032353478803e+00
4.329047892711158056e+03,1.470741177626736063e+00
4.328565762851929321e+03,1.470743085196585254e+00
4.328083632992700586e+03,1.470744755063026599e+00
4.327601503133471851e+03,1.470746781484579602e+00
4.327119373274244026e+03,1.470748212161966606e+00
4.326637243415016201e+03,1.470749880542761456e+00
4.326155113555787466e+03,1.470751311220148461e+00
4.325672983696558731e+03,1.470753098452647345e+00
4.325190853837329996e+03,1.470754291426626281e+00
4.324708723978102171e+03,1.470755722104013064e+00
4.324226594118874345e+03,1.470757032444049761e+00
4.323744464259645611e+03,1.470757986228974357e+00
4.323262334400416876e+03,1.470759298054657105e+00
4.322780204541188141e+03,1.470760251839581700e+00
4.322298074681960316e+03,1.470761086772802484e+00
4.321815944822732490e+03,1.470761682516968705e+00
4.321333814963503755e+03,1.470762039072080585e+00
4.320851685104275020e+03,1.470762397112838960e+00
4.320369555245046286e+03,1.470762397112838960e+00
4.319887425385818460e+03,1.470762039072080585e+00
4.319405295526590635e+03,1.470761443327914364e+00
4.318923165667361900e+03,1.470760609880340075e+00
4.318441035808133165e+03,1.470759416906361139e+00
4.317958905948904430e+03,1.470757867377270323e+00
4.317476776089676605e+03,1.470755840955717098e+00
4.316994646230448780e+03,1.470753814534163872e+00
4.316512516371220045e+03,1.470750953179390086e+00
4.316030386511991310e+03,1.470747972972912265e+00
4.315548256652763484e+03,1.470744873914730411e+00
4.315066126793534750e+03,1.470741058775032029e+00
4.314583996934306924e+03,1.470737363972683953e+00
4.314101867075078189e+03,1.470733190792227196e+00
4.313619737215849455e+03,1.470728779908362593e+00
4.313137607356621629e+03,1.470724131321089923e+00
4.312655477497392894e+03,1.470719601585521286e+00
4.312173347638165069e+03,1.470714832660898086e+00
4.311691217778936334e+03,1.470710065221921603e+00
4.311209087919707599e+03,1.470705057108244285e+00
4.310726958060479774e+03,1.470700408520971392e+00
4.310244828201251948e+03,1.470695283041236534e+00
4.309762698342023214e+03,1.470690632968317590e+00
4.309280568482794479e+03,1.470686103232748732e+00
4.308798438623565744e+03,1.470681454645476061e+00
4.308316308764337919e+03,1.470677162613315492e+00
4.307834178905110093e+03,1.470672990918505008e+00
4.307352049045881358e+03,1.470668936589752285e+00
4.306869919186652623e+03,1.470665004083996141e+00
4.306387789327423889e+03,1.470661665836760168e+00
4.305905659468196063e+03,1.470658327589523973e+00
4.305423529608968238e+03,1.470655347383046152e+00
4.304941399749739503e+03,1.470652604879976399e+00
4.304459269890510768e+03,1.470650340755015106e+00
4.303977140031282033e+03,1.470648314333462103e+00
4.303495010172054208e+03,1.470646525615316724e+00
4.303012880312826383e+03,1.470644857234521874e+00
4.302530750453597648e+03,1.470643784597893244e+00
4.302048620594368913e+03,1.470642591623914308e+00
4.301566490735140178e+03,1.470641877028044053e+00
4.301084360875912353e+03,1.470641637838989713e+00
4.300602231016684527e+03,1.470641042094823492e+00
4.300120101157455792e+03,1.470641160946527526e+00
4.299637971298227058e+03,1.470641281283877833e+00
4.299155841438998323e+03,1.470641637838989713e+00
4.298673711579770497e+03,1.470641995879748087e+00
4.298191581720542672e+03,1.470642949664672683e+00
4.297709451861313937e+03,1.470643187368080751e+00
4.297227322002085202e+03,1.470644380342059687e+00
4.296745192142856467e+03,1.470645215275280249e+00
4.296263062283628642e+03,1.470645929871150503e+00
4.295780932424400817e+03,1.470647002507779133e+00
4.295298802565172082e+03,1.470647956292703729e+00
4.294816672705943347e+03,1.470648552036869949e+00
4.294334542846715522e+03,1.470649624673498579e+00
4.293852412987486787e+03,1.470649982714256954e+00
4.293370283128258961e+03,1.470650578458423174e+00
4.292888153269030227e+03,1.470651294539939702e+00
4.292406023409801492e+03,1.470651294539939702e+00
4.291923893550573666e+03,1.470651652580698077e+00
4.291441763691344931e+03,1.470651413391643736e+00
4.290959633832117106e+03,1.470651175688235890e+00
4.290477503972888371e+03,1.470651055350885583e+00
4.289995374113659636e+03,1.470650101565960988e+00
4.289513244254431811e+03,1.470649386970090511e+00
4.289031114395203986e+03,1.470648433185165915e+00
4.288548984535975251e+03,1.470647002507779133e+00
4.288066854676746516e+03,1.470645692167742435e+00
4.287584724817517781e+03,1.470644141153005346e+00
4.287102594958289956e+03,1.470642353920506462e+00
4.286620465099062130e+03,1.470640446350657271e+00
4.286138335239833395e+03,1.470638301077400012e+00
4.285656205380604661e+03,1.470636274655846787e+00
4.285174075521375926e+03,1.470633890193535187e+00
4.284691945662148100e+03,1.470631505731223809e+00
4.284209815802920275e+03,1.470629002417208397e+00
4.283727685943691540e+03,1.470626617954896798e+00
4.283245556084462805e+03,1.470623756600123011e+00
4.282763426225234070e+03,1.470621253286107599e+00
4.282281296366006245e+03,1.470618868823795999e+00
4.281799166506778420e+03,1.470616008954668485e+00
4.281317036647549685e+03,1.470613385303302767e+00
4.280834906788320950e+03,1.470610881989287133e+00
4.280352776929092215e+03,1.470608140971863653e+00
4.279870647069864390e+03,1.470605756509552275e+00
4.279388517210636564e+03,1.470602895154778489e+00
4.278906387351407830e+03,1.470600631029817196e+00
4.278424257492179095e+03,1.470598007378451477e+00
4.277942127632950360e+03,1.470595862105194218e+00
4.277459997773722534e+03,1.470593239939474772e+00
4.276977867914494709e+03,1.470591093180571240e+00
4.276495738055265974e+03,1.470588708718259641e+00
4.276013608196037239e+03,1.470586325741594536e+00
4.275531478336808505e+03,1.470584178982691004e+00
4.275049348477580679e+03,1.470581914857729711e+00
4.274567218618352854e+03,1.470579649247122367e+00
4.274085088759124119e+03,1.470577385122161074e+00
4.273602958899895384e+03,1.470574881808145662e+00
4.273120829040667559e+03,1.470572735049242130e+00
4.272638699181438824e+03,1.470570350586930530e+00
4.272156569322210999e+03,1.470567967610265425e+00
4.271674439462982264e+03,1.470565343958899485e+00
4.271192309603753529e+03,1.470563079833938414e+00
4.270710179744525703e+03,1.470560576519923002e+00
4.270228049885296969e+03,1.470558073205907368e+00
4.269745920026069143e+03,1.470555330702837615e+00
4.269263790166840408e+03,1.470552827388821981e+00
4.268781660307611673e+03,1.470550324074806570e+00
4.268299530448383848e+03,1.470547701909087124e+00
4.267817400589156023e+03,1.470545078257721183e+00
4.267335270729927288e+03,1.470542456092001737e+00
4.266853140870698553e+03,1.470540071629690360e+00
4.266371011011469818e+03,1.470537807504729066e+00
4.265888881152241993e+03,1.470535423042417689e+00
4.265406751293014167e+03,1.470533754661622616e+00
4.264924621433785433e+03,1.470531607902719085e+00
4.264442491574556698e+03,1.470530177225332302e+00
4.263960361715327963e+03,1.470528866885295605e+00
4.263478231856100138e+03,1.470527673911316890e+00
4.262996101996872312e+03,1.470527197018854482e+00
4.262513972137643577e+03,1.470526959315446414e+00
4.262031842278414842e+03,1.470527078167150448e+00
4.261549712419186108e+03,1.470527436207908822e+00
4.261067582559958282e+03,1.470528746547945298e+00
4.260585452700730457e+03,1.470529939521924234e+00
4.260103322841501722e+03,1.470531965943477459e+00
4.259621192982272987e+03,1.470534827298251246e+00
4.259139063123044252e+03,1.470537568315674726e+00
4.258656933263816427e+03,1.470541264603669296e+00
4.258174803404588602e+03,1.470545198595071490e+00
4.257692673545359867e+03,1.470549728330640349e+00
4.257210543686131132e+03,1.470554376917913020e+00
4.256728413826902397e+03,1.470559860438406252e+00
4.256246283967674572e+03,1.470564987403787605e+00
4.255764154108446746e+03,1.470570827479392939e+00
4.255282024249218011e+03,1.470577145933106733e+00
4.254799894389989277e+03,1.470582987494358340e+00
4.254317764530760542e+03,1.470589305948072356e+00
4.253835634671532716e+03,1.470595622916139877e+00
4.253353504812304891e+03,1.470601583329095519e+00
4.252871374953076156e+03,1.470608020634513347e+00
4.252389245093847421e+03,1.470613505640653074e+00
4.251907115234619596e+03,1.470619345716258186e+00
4.251424985375390861e+03,1.470624591533343573e+00
4.250942855516163036e+03,1.470630193905540839e+00
4.250460725656934301e+03,1.470634723641109698e+00
4.249978595797705566e+03,1.470639611417436488e+00
4.249496465938477741e+03,1.470643784597893244e+00
4.249014336079249006e+03,1.470648195481758069e+00
4.248532206220021180e+03,1.470651532243347770e+00
4.248050076360792445e+03,1.470655109679638084e+00
4.247567946501563711e+03,1.470658089886115905e+00
4.247085816642335885e+03,1.470660712051835572e+00
4.246603686783108060e+03,1.470663573406609359e+00
4.246121556923879325e+03,1.470665360639108243e+00
4.245639427064650590e+03,1.470667387060661468e+00
4.245157297205421855e+03,1.470668817738048251e+00
4.244675167346194030e+03,1.470670725307897442e+00
4.244193037486966205e+03,1.470671560241118003e+00
4.243710907627737470e+03,1.470672751729450667e+00
4.243228777768508735e+03,1.470673347473616888e+00
4.242746647909280000e+03,1.470674301258541483e+00
4.242264518050052175e+03,1.470674421595891790e+00
4.241782388190824349e+03,1.470674778151003892e+00
4.241300258331595614e+03,1.470674898488354199e+00
4.240818128472366880e+03,1.470674659299299858e+00
4.240335998613138145e+03,1.470674659299299858e+00
4.239853868753910319e+03,1.470674421595891790e+00
4.239371738894682494e+03,1.470674063555133637e+00
4.238889609035453759e+03,1.470673586662671228e+00
4.238407479176225024e+03,1.470673109770209042e+00
4.237925349316996289e+03,1.470672870581154701e+00
4.237443219457768464e+03,1.470672514026042599e+00
4.236961089598540639e+03,1.470672155985284446e+00
4.236478959739311904e+03,1.470671679092822037e+00
4.235996829880083169e+03,1.470671797944526071e+00
4.235514700020854434e+03,1.470671797944526071e+00
4.235032570161626609e+03,1.470672037133580412e+00
4.234550440302398783e+03,1.470672393688692292e+00
4.234068310443170049e+03,1.470672751729450667e+00
4.233586180583941314e+03,1.470673824366079296e+00
4.233104050724712579e+03,1.470674898488354199e+00
4.232621920865484753e+03,1.470676089976686862e+00
4.232139791006256928e+03,1.470678116398240087e+00
4.231657661147028193e+03,1.470679784779034938e+00
4.231175531287799458e+03,1.470682050389642503e+00
4.230693401428571633e+03,1.470685149447824136e+00
4.230211271569342898e+03,1.470688129654301957e+00
4.229729141710115073e+03,1.470691349049834118e+00
4.229247011850886338e+03,1.470695283041236534e+00
4.228764881991657603e+03,1.470699217032638950e+00
4.228282752132429778e+03,1.470703984471615655e+00
4.227800622273201043e+03,1.470708395355480258e+00
4.227318492413973217e+03,1.470713641172565644e+00
4.226836362554744483e+03,1.470719005841354843e+00
4.226354232695515748e+03,1.470724369024497991e+00
4.225872102836287922e+03,1.470730687478211784e+00
4.225389972977060097e+03,1.470736289850409051e+00
4.224907843117831362e+03,1.470742727155827101e+00
4.224425713258602627e+03,1.470748807906132827e+00
4.223943583399373892e+03,1.470755601766662757e+00
4.223461453540146067e+03,1.470761562179618398e+00
4.222979323680918242e+03,1.470768238674090567e+00
4.222497193821689507e+03,1.470774317938750242e+00
4.222015063962460772e+03,1.470781113284926445e+00
4.221532934103232037e+03,1.470786835994474018e+00
4.221050804244004212e+03,1.470792915259133693e+00
4.220568674384776386e+03,1.470798756820385300e+00
4.220086544525547652e+03,1.470804120003528226e+00
4.219604414666318917e+03,1.470809484672317424e+00
4.219122284807090182e+03,1.470814491300348470e+00
4.218640154947862356e+03,1.470819022521563602e+00
4.218158025088634531e+03,1.470823194216373864e+00
4.217675895229405796e+03,1.470826889018721939e+00
4.217193765370177061e+03,1.470830585306716287e+00
4.216711635510948327e+03,1.470833684364898142e+00
4.216229505651720501e+03,1.470836545719671928e+00
4.215747375792492676e+03,1.470838930181983528e+00
4.215265245933263941e+03,1.470841314644294906e+00
4.214783116074035206e+03,1.470843220728497824e+00
4.214300986214806471e+03,1.470845009446642981e+00
4.213818856355578646e+03,1.470846440124029986e+00
4.213336726496350821e+03,1.470847631612362649e+00
4.212854596637122086e+03,1.470848943438045398e+00
4.212372466777893351e+03,1.470850134926378061e+00
4.211890336918664616e+03,1.470850969859598623e+00
4.211408207059436791e+03,1.470852400536985627e+00
4.210926077200208965e+03,1.470852996281151848e+00
4.210443947340980230e+03,1.470854308106834818e+00
4.209961817481751496e+03,1.470855141554409107e+00
4.209479687622523670e+03,1.470856572231795889e+00
4.208997557763294935e+03,1.470857288313312639e+00
4.208515427904067110e+03,1.470858598653349114e+00
4.208033298044838375e+03,1.470859552438273710e+00
4.207551168185609640e+03,1.470860864263956680e+00
4.207069038326381815e+03,1.470861578859826935e+00
4.206586908467153080e+03,1.470862652982101837e+00
4.206104778607925255e+03,1.470863486429676126e+00
4.205622648748696520e+03,1.470864082173842569e+00
4.205140518889467785e+03,1.470864798255359096e+00
4.204658389030239960e+03,1.470864917107063130e+00
4.204176259171012134e+03,1.470865275147821283e+00
4.203694129311783399e+03,1.470865275147821283e+00
4.203211999452554664e+03,1.470865393999525317e+00
4.202729869593325930e+03,1.470864679403655062e+00
4.202247739734098104e+03,1.470864321362896687e+00
4.201765609874870279e+03,1.470863367577972092e+00
4.201283480015641544e+03,1.470862771833805871e+00
4.200801350156412809e+03,1.470861341156419089e+00
4.200319220297184074e+03,1.470860149668086425e+00
4.199837090437956249e+03,1.470858718990699421e+00
4.199354960578728424e+03,1.470856930272554264e+00
4.198872830719499689e+03,1.470855618446871294e+00
4.198390700860270954e+03,1.470853592025318290e+00
4.197908571001042219e+03,1.470851804792819184e+00
4.197426441141814394e+03,1.470850255263728368e+00
4.196944311282586568e+03,1.470848347693879177e+00
4.196462181423357833e+03,1.470846798164788360e+00
4.195980051564129099e+03,1.470844651405884829e+00
4.195497921704900364e+03,1.470843341065848131e+00
4.195015791845672538e+03,1.470841552347702974e+00
4.194533661986444713e+03,1.470839763629557817e+00
4.194051532127215978e+03,1.470838332952170813e+00
4.193569402267987243e+03,1.470836664571375962e+00
4.193087272408758508e+03,1.470835473083043299e+00
4.192605142549530683e+03,1.470833803216602176e+00
4.192123012690302858e+03,1.470832611728269512e+00
4.191640882831074123e+03,1.470831299902586764e+00
4.191158752971845388e+03,1.470829989562550066e+00
4.190676623112616653e+03,1.470828677736867096e+00
4.190194493253388828e+03,1.470827723951942501e+00
4.189712363394161002e+03,1.470826651315314093e+00
4.189230233534932268e+03,1.470825458341335157e+00
4.188748103675703533e+03,1.470824743745464902e+00
4.188265973816474798e+03,1.470823552257132238e+00
4.187783843957246972e+03,1.470822836175615489e+00
4.187301714098019147e+03,1.470822002728041200e+00
4.186819584238790412e+03,1.470821167794820639e+00
4.186337454379561677e+03,1.470820572050654418e+00
4.185855324520333852e+03,1.470819974820841702e+00
4.185373194661105117e+03,1.470819379076675482e+00
4.184891064801877292e+03,1.470818902184213295e+00
4.184408934942648557e+03,1.470818425291750886e+00
4.183926805083419822e+03,1.470818306440046852e+00
4.183444675224191997e+03,1.470818187588342818e+00
4.182962545364963262e+03,1.470818187588342818e+00
4.182480415505735436e+03,1.470818187588342818e+00
4.181998285646506702e+03,1.470818545629101193e+00
4.181516155787277967e+03,1.470818783332509261e+00
4.181034025928050141e+03,1.470819141373267414e+00
4.180551896068822316e+03,1.470819497928379516e+00
4.180069766209593581e+03,1.470820095158192009e+00
4.179587636350364846e+03,1.470820572050654418e+00
4.179105506491136111e+03,1.470821167794820639e+00
4.178623376631908286e+03,1.470821763538987081e+00
4.178141246772680461e+03,1.470822359283153302e+00
4.177659116913451726e+03,1.470823194216373864e+00
4.177176987054222991e+03,1.470823789960540084e+00
4.176694857194994256e+03,1.470824506042056834e+00
4.176212727335766431e+03,1.470825458341335157e+00
4.175730597476538605e+03,1.470825935233797344e+00
4.175248467617309871e+03,1.470826770167017905e+00
4.174766337758081136e+03,1.470827486248534655e+00
4.174284207898852401e+03,1.470828081992700875e+00
4.173802078039624575e+03,1.470828915440275164e+00
4.173319948180396750e+03,1.470829631521791692e+00
4.172837818321168015e+03,1.470830227265958134e+00
4.172355688461939280e+03,1.470830704158420321e+00
4.171873558602710546e+03,1.470831420239937071e+00
4.171391428743482720e+03,1.470831539091640883e+00
4.170909298884254895e+03,1.470832015984103291e+00
4.170427169025026160e+03,1.470832492876565700e+00
4.169945039165797425e+03,1.470832372539215394e+00
4.169462909306568690e+03,1.470832611728269512e+00
4.168980779447340865e+03,1.470832492876565700e+00
4.168498649588113039e+03,1.470832372539215394e+00
4.168016519728884305e+03,1.470832015984103291e+00
4.167534389869655570e+03,1.470831657943344917e+00
4.167052260010426835e+03,1.470830943347474662e+00
4.166570130151199010e+03,1.470830346117662168e+00
4.166088000291971184e+03,1.470829750373495726e+00
4.165605870432742449e+03,1.470828677736867096e+00
4.165123740573513714e+03,1.470827723951942501e+00
4.164641610714285889e+03,1.470826651315314093e+00
4.164159480855057154e+03,1.470825339489631123e+00
4.163677350995829329e+03,1.470824266853002493e+00
4.163195221136600594e+03,1.470822836175615489e+00
4.162713091277371859e+03,1.470821405498228707e+00
4.162230961418144034e+03,1.470819974820841702e+00
4.161748831558915299e+03,1.470818545629101193e+00
4.161266701699687474e+03,1.470816756910956036e+00
4.160784571840458739e+03,1.470815207381864997e+00
4.160302441981230004e+03,1.470813418663719840e+00
4.159820312122002179e+03,1.470811869134629024e+00
4.159338182262774353e+03,1.470809842713075799e+00
4.158856052403545618e+03,1.470808053994930642e+00
4.158373922544316883e+03,1.470806147910727724e+00
4.157891792685088149e+03,1.470804120003528226e+00
4.157409662825860323e+03,1.470802332771029342e+00
4.156927532966632498e+03,1.470800186012125810e+00
4.156445403107403763e+03,1.470798279927922891e+00
4.155963273248175028e+03,1.470796491209777734e+00
4.155481143388946293e+03,1.470794345936520475e+00
4.154999013529718468e+03,1.470792557218375318e+00
4.154516883670490643e+03,1.470790291607767752e+00
4.154034753811261908e+03,1.470788623226972902e+00
4.153552623952033173e+03,1.470786596805419677e+00
4.153070494092804438e+03,1.470784451532162418e+00
4.152588364233576613e+03,1.470782543962313227e+00
4.152106234374348787e+03,1.470780517540760002e+00
4.151624104515120052e+03,1.470778847674318879e+00
4.151141974655891318e+03,1.470776821252765654e+00
4.150659844796662583e+03,1.470775034020266769e+00
4.150177714937434757e+03,1.470773245302121612e+00
4.149695585078206932e+03,1.470771576921326762e+00
4.149213455218978197e+03,1.470769788203181383e+00
4.148731325359749462e+03,1.470768238674090567e+00
4.148249195500520727e+03,1.470766689144999750e+00
4.147767065641292902e+03,1.470765139615908712e+00
4.147284935782065077e+03,1.470763590086817896e+00
4.146802805922836342e+03,1.470762278261134925e+00
4.146320676063607607e+03,1.470760847583748143e+00
4.145838546204378872e+03,1.470759535758065173e+00
4.145356416345151047e+03,1.470758106566324663e+00
4.144874286485923221e+03,1.470757152781400068e+00
4.144392156626694486e+03,1.470755840955717098e+00
4.143910026767465752e+03,1.470754768319088468e+00
4.143427896908237926e+03,1.470753933385867906e+00
4.142945767049009191e+03,1.470752860749239277e+00
4.142463637189781366e+03,1.470752025816018715e+00
4.141981507330552631e+03,1.470751311220148461e+00
4.141499377471323896e+03,1.470750476286927899e+00
4.141017247612096071e+03,1.470749880542761456e+00
4.140535117752867336e+03,1.470749284798595236e+00
4.140052987893639511e+03,1.470748807906132827e+00
4.139570858034410776e+03,1.470748449865374674e+00
4.139088728175182041e+03,1.470748091824616299e+00
4.138606598315954216e+03,1.470747614932153891e+00
4.138124468456726390e+03,1.470747496080450079e+00
4.137642338597497655e+03,1.470747496080450079e+00
4.137160208738268921e+03,1.470747377228746045e+00
4.136678078879040186e+03,1.470747614932153891e+00
4.136195949019812360e+03,1.470747854121208231e+00
4.135713819160584535e+03,1.470748091824616299e+00
4.135231689301355800e+03,1.470748568717078486e+00
4.134749559442127065e+03,1.470748926757836861e+00
4.134267429582898330e+03,1.470749522502003082e+00
4.133785299723670505e+03,1.470749999394465490e+00
4.133303169864442680e+03,1.470750715475982018e+00
4.132821040005213945e+03,1.470751192368444427e+00
4.132338910145985210e+03,1.470751906964314681e+00
4.131856780286756475e+03,1.470752265005073056e+00
4.131374650427528650e+03,1.470752860749239277e+00
4.130892520568300824e+03,1.470753575345109532e+00
4.130410390709072090e+03,1.470753933385867906e+00
4.129928260849843355e+03,1.470754410278330093e+00
4.129446130990614620e+03,1.470754768319088468e+00
4.128964001131386794e+03,1.470754887170792502e+00
4.128481871272158969e+03,1.470755006022496536e+00
4.127999741412930234e+03,1.470755124874200570e+00
4.127517611553701499e+03,1.470755006022496536e+00
4.127035481694472765e+03,1.470754649467384434e+00
4.126553351835244939e+03,1.470754172574922247e+00
4.126071221976017114e+03,1.470753575345109532e+00
4.125589092116788379e+03,1.470752860749239277e+00
4.125106962257559644e+03,1.470751906964314681e+00
4.124624832398330909e+03,1.470750715475982018e+00
4.124142702539103084e+03,1.470749641353707116e+00
4.123660572679875258e+03,1.470748212161966606e+00
4.123178442820646524e+03,1.470746781484579602e+00
4.122696312961417789e+03,1.470745469658896853e+00
4.122214183102189963e+03,1.470743680940751696e+00
4.121732053242961229e+03,1.470742131411660658e+00
4.121249923383733403e+03,1.470740223841811467e+00
4.120767793524504668e+03,1.470738436609312583e+00
4.120285663665275933e+03,1.470736410187759358e+00
4.119803533806048108e+03,1.470734502617910167e+00
4.119321403946819373e+03,1.470732476196356942e+00
4.118839274087591548e+03,1.470730449774803716e+00
4.118357144228362813e+03,1.470728303015900185e+00
4.117875014369134078e+03,1.470726157742643148e+00
4.117392884509906253e+03,1.470724131321089923e+00
4.116910754650678427e+03,1.470721986047832663e+00
4.116428624791449693e+03,1.470719839288929132e+00
4.115946494932220958e+03,1.470717931719079941e+00
4.115464365072992223e+03,1.470715786445822681e+00
4.114982235213764397e+03,1.470713760024269678e+00
4.114500105354536572e+03,1.470711733602716453e+00
4.114017975495307837e+03,1.470709707181163228e+00
4.113535845636079102e+03,1.470707680759610003e+00
4.113053715776850368e+03,1.470705773189760812e+00
4.112571585917622542e+03,1.470703746768207587e+00
4.112089456058394717e+03,1.470701720346654362e+00
4.111607326199165982e+03,1.470699693925101137e+00
4.111125196339937247e+03,1.470697666017901639e+00
4.110643066480708512e+03,1.470695639596348414e+00
4.110160936621480687e+03,1.470693852363849530e+00
4.109678806762252862e+03,1.470691705604945998e+00
4.109196676903024127e+03,1.470689918372447114e+00
4.108714547043795392e+03,1.470687891950893889e+00
4.108232417184566657e+03,1.470685984381044697e+00
4.107750287325338832e+03,1.470684076811195506e+00
4.107268157466111006e+03,1.470682169241346315e+00
4.106786027606882271e+03,1.470680261671497124e+00
4.106303897747653536e+03,1.470678235249943899e+00
4.105821767888424802e+03,1.470676208828390896e+00
4.105339638029196976e+03,1.470674301258541483e+00
4.104857508169969151e+03,1.470672393688692292e+00
4.104375378310740416e+03,1.470670487604489596e+00
4.103893248451511681e+03,1.470668580034640183e+00
4.103411118592282946e+03,1.470666791316495026e+00
4.102928988733055121e+03,1.470664883746645835e+00
4.102446858873827296e+03,1.470663215365850984e+00
4.101964729014598561e+03,1.470661426647705827e+00
4.101482599155369826e+03,1.470659758266910977e+00
4.101000469296142001e+03,1.470658208737819939e+00
4.100518339436913266e+03,1.470656420019674782e+00
4.100036209577685440e+03,1.470654989342287999e+00
4.099554079718456705e+03,1.470653320961492927e+00
4.099071949859227971e+03,1.470651890284106145e+00
4.098589820000000145e+03,1.470650340755015106e+00
4.098107690140771410e+03,1.470648910077628324e+00
4.097625560281543585e+03,1.470647718589295661e+00
4.097143430422314850e+03,1.470646287911908878e+00
4.096661300563086115e+03,1.470645094937929942e+00
4.096179170703858290e+03,1.470643903449597278e+00
4.095697040844630010e+03,1.470642949664672683e+00
4.095214910985401275e+03,1.470641877028044053e+00
4.094732781126172995e+03,1.470641042094823492e+00
4.094250651266944715e+03,1.470640207161602930e+00
4.093768521407716435e+03,1.470639373714028642e+00
4.093286391548488155e+03,1.470638777969862199e+00
4.092804261689259420e+03,1.470638061888345671e+00
4.092322131830031140e+03,1.470637584995883484e+00
4.091840001970802859e+03,1.470637108103421076e+00
4.091357872111574579e+03,1.470636631210958889e+00
4.090875742252346299e+03,1.470636393507550821e+00
4.090393612393118019e+03,1.470636035466792446e+00
4.089911482533889284e+03,1.470635916615088412e+00
4.089429352674661004e+03,1.470635797763384600e+00
4.088947222815432724e+03,1.470635797763384600e+00
4.088465092956204444e+03,1.470635677426034293e+00
4.087982963096976164e+03,1.470635677426034293e+00
4.087500833237747429e+03,1.470635677426034293e+00
4.087018703378519149e+03,1.470635677426034293e+00
4.086536573519290869e+03,1.470635558574330259e+00
4.086054443660062589e+03,1.470635439722626225e+00
4.085572313800834308e+03,1.470635200533571885e+00
4.085090183941606028e+03,1.470635081681867851e+00
4.084608054082377294e+03,1.470634604789405664e+00
4.084125924223149013e+03,1.470634246748647289e+00
4.083643794363920733e+03,1.470633769856185102e+00
4.083161664504692453e+03,1.470633174112018660e+00
4.082679534645464173e+03,1.470632578367852439e+00
4.082197404786235438e+03,1.470631982623685996e+00
4.081715274927007158e+03,1.470631147690465435e+00
4.081233145067778878e+03,1.470630312757244873e+00
4.080751015208550598e+03,1.470629479309670584e+00
4.080268885349322318e+03,1.470628525524745989e+00
4.079786755490094038e+03,1.470627571739821393e+00
4.079304625630865303e+03,1.470626736806600832e+00
4.078822495771637023e+03,1.470625783021676236e+00
4.078340365912408743e+03,1.470624829236751641e+00
4.077858236053180462e+03,1.470623995789177352e+00
4.077376106193952182e+03,1.470623279707660602e+00
4.076893976334723448e+03,1.470622683963494381e+00
4.076411846475495167e+03,1.470622088219328161e+00
4.075929716616266887e+03,1.470621730178569786e+00
4.075447586757038607e+03,1.470621492475161718e+00
4.074965456897810327e+03,1.470621372137811411e+00
4.074483327038582047e+03,1.470621492475161718e+00
4.074001197179353312e+03,1.470621611326865752e+00
4.073519067320125032e+03,1.470621969367624127e+00
4.073036937460896752e+03,1.470622207071032195e+00
4.072554807601668472e+03,1.470622802815198416e+00
4.072072677742440192e+03,1.470623279707660602e+00
4.071590547883211457e+03,1.470623995789177352e+00
4.071108418023983177e+03,1.470624591533343573e+00
4.070626288164754897e+03,1.470625426466564134e+00
4.070144158305526616e+03,1.470626141062434389e+00
4.069662028446298336e+03,1.470626857143951138e+00
4.069179898587070056e+03,1.470627571739821393e+00
4.068697768727841321e+03,1.470628286335691648e+00
4.068215638868613041e+03,1.470628883565504363e+00
4.067733509009384761e+03,1.470629360457966550e+00
4.067251379150156481e+03,1.470629837350428959e+00
4.066769249290928201e+03,1.470630193905540839e+00
4.066287119431699466e+03,1.470630312757244873e+00
4.065804989572471186e+03,1.470630551946299214e+00
4.065322859713242906e+03,1.470630312757244873e+00
4.064840729854014626e+03,1.470630193905540839e+00
4.064358599994786346e+03,1.470629837350428959e+00
4.063876470135558066e+03,1.470629240120616243e+00
4.063394340276329331e+03,1.470628644376450023e+00
4.062912210417101051e+03,1.470627929780579768e+00
4.062430080557872770e+03,1.470626975995655172e+00
4.061947950698644490e+03,1.470626022210730577e+00
4.061465820839416210e+03,1.470624949574101947e+00
4.060983690980187475e+03,1.470623756600123011e+00
4.060501561120959195e+03,1.470622325922736007e+00
4.060019431261730915e+03,1.470620895245349224e+00
4.059537301402502635e+03,1.470619226864554374e+00
4.059055171543274355e+03,1.470617677335463336e+00
4.058573041684046075e+03,1.470615769765614145e+00
4.058090911824817340e+03,1.470613982533115260e+00
4.057608781965589060e+03,1.470611954625915763e+00
4.057126652106360780e+03,1.470609928204362538e+00
4.056644522247132500e+03,1.470607782931105501e+00
4.056162392387904220e+03,1.470605637657848241e+00
4.055680262528675485e+03,1.470603490898944710e+00
4.055198132669447205e+03,1.470601226773983417e+00
4.054716002810218924e+03,1.470598961163376073e+00
4.054233872950990644e+03,1.470596697038414780e+00
4.053751743091762364e+03,1.470594312576103402e+00
4.053269613232534084e+03,1.470591928113791802e+00
4.052787483373305349e+03,1.470589543651480202e+00
4.052305353514077069e+03,1.470587040337464790e+00
4.051823223654848789e+03,1.470584537023449379e+00
4.051341093795620509e+03,1.470582033709433745e+00
4.050858963936392229e+03,1.470579411543714299e+00
4.050376834077163494e+03,1.470576908229698887e+00
4.049894704217935214e+03,1.470574284578332946e+00
4.049412574358706934e+03,1.470571781264317535e+00
4.048930444499478654e+03,1.470569159098598089e+00
4.048448314640250373e+03,1.470566655784582455e+00
4.047966184781022093e+03,1.470564033618863009e+00
4.047484054921793359e+03,1.470561409967497291e+00
4.047001925062565078e+03,1.470558787801777623e+00
4.046519795203336798e+03,1.470556165636058177e+00
4.046037665344108518e+03,1.470553423132988424e+00
4.045555535484880238e+03,1.470550800967268978e+00
4.045073405625651503e+03,1.470548058464199004e+00
4.044591275766423223e+03,1.470545436298479558e+00
4.044109145907194943e+03,1.470542574943705771e+00
4.043627016047966663e+03,1.470539833926282292e+00
4.043144886188738383e+03,1.470537091423212539e+00
4.042662756329510103e+03,1.470534469257493093e+00
4.042180626470281368e+03,1.470531726754423119e+00
4.041698496611053088e+03,1.470529104588703673e+00
4.041216366751824808e+03,1.470526363571280193e+00
4.040734236892596527e+03,1.470523739919914474e+00
4.040252107033368247e+03,1.470521117754194806e+00
4.039769977174139512e+03,1.470518495588475361e+00
4.039287847314911232e+03,1.470515871937109642e+00
4.038805717455682952e+03,1.470513368623094008e+00
4.038323587596454672e+03,1.470510746457374562e+00
4.037841457737226392e+03,1.470508243143359151e+00
4.037359327877998112e+03,1.470505858681047551e+00
4.036877198018769377e+03,1.470503474218736173e+00
4.036395068159541097e+03,1.470501210093774880e+00
4.035912938300312817e+03,1.470499063334871348e+00
4.035430808441084537e+03,1.470496918061614089e+00
4.034948678581856257e+03,1.470495010491764898e+00
4.034466548722627522e+03,1.470493102921915707e+00
4.033984418863399242e+03,1.470491434541120856e+00
4.033502289004170962e+03,1.470489766160326006e+00
4.033020159144942681e+03,1.470488216631235190e+00
4.032538029285714401e+03,1.470486785953848186e+00
4.032055899426486121e+03,1.470485474128165215e+00
4.031573769567257386e+03,1.470484282639832774e+00
4.031091639708029106e+03,1.470483208517557872e+00
4.030609509848800826e+03,1.470482256218279549e+00
4.030127379989572546e+03,1.470481540136762799e+00
4.029645250130344266e+03,1.470480825540892544e+00
4.029163120271115531e+03,1.470480228311080051e+00
4.028680990411887251e+03,1.470479871755967949e+00
4.028198860552658971e+03,1.470479513715209796e+00
4.027716730693430691e+03,1.470479155674451421e+00
4.027234600834202411e+03,1.470479036822747387e+00
4.026752470974974131e+03,1.470478917971043353e+00
4.026270341115745396e+03,1.470478678781989013e+00
4.025788211256517116e+03,1.470478559930285201e+00
4.025306081397288835e+03,1.470478441078581167e+00
4.024823951538060555e+03,1.470478322226877133e+00
4.024341821678832275e+03,1.470478201889526826e+00
4.023859691819603540e+03,1.470478083037822792e+00
4.023377561960375260e+03,1.470477964186118758e+00
4.022895432101146980e+03,1.470477845334414724e+00
4.022413302241918700e+03,1.470477724997064417e+00
4.021931172382690420e+03,1.470477606145360383e+00
4.021449042523462140e+03,1.470477487293656571e+00
4.020966912664233405e+03,1.470477368441952537e+00
4.020484782805005125e+03,1.470477248104602230e+00
4.020002652945776845e+03,1.470477129252898196e+00
4.019520523086548565e+03,1.470477010401194162e+00
4.019038393227320284e+03,1.470476771212139822e+00
4.018556263368091550e+03,1.470476652360435788e+00
4.018074133508863270e+03,1.470476414657027942e+00
4.017592003649634989e+03,1.470476414657027942e+00
4.017109873790406709e+03,1.470476175467973601e+00
4.016627743931178429e+03,1.470476175467973601e+00
4.016145614071950149e+03,1.470476056616269567e+00
4.015663484212721414e+03,1.470476175467973601e+00
4.015181354353493134e+03,1.470476175467973601e+00
4.014699224494264854e+03,1.470476175467973601e+00
4.014217094635036574e+03,1.470476175467973601e+00
4.013734964775808294e+03,1.470476295805323907e+00
4.013252834916579559e+03,1.470476295805323907e+00
4.012770705057351279e+03,1.470476295805323907e+00
4.012288575198122999e+03,1.470476295805323907e+00
4.011806445338894719e+03,1.470476175467973601e+00
4.011324315479666438e+03,1.470476175467973601e+00
4.010842185620438158e+03,1.470476056616269567e+00
4.010360055761209424e+03,1.470475937764565533e+00
4.009877925901981143e+03,1.470475698575511192e+00
4.009395796042752863e+03,1.470475579723807380e+00
4.008913666183524583e+03,1.470475460872103346e+00
4.008431536324296303e+03,1.470475221683049005e+00
4.007949406465067568e+03,1.470475102831344971e+00
4.007467276605839288e+03,1.470474865127936903e+00
4.006985146746611008e+03,1.470474625938882784e+00
4.006503016887382728e+03,1.470474507087178750e+00
4.006020887028154448e+03,1.470474267898124410e+00
4.005538757168926168e+03,1.470473911343012308e+00
4.005056627309697433e+03,1.470473791005662001e+00
4.004574497450469153e+03,1.470473553302254155e+00
4.004092367591240873e+03,1.470473314113199814e+00
4.003610237732012592e+03,1.470473076409791746e+00
4.003128107872784312e+03,1.470472957558087712e+00
4.002645978013555577e+03,1.470472718369033593e+00
4.002163848154327297e+03,1.470472599517329559e+00
4.001681718295099017e+03,1.470472361813921491e+00
4.001199588435870737e+03,1.470472122624867151e+00
4.000717458576642457e+03,1.470471884921459083e+00
4.000235328717414177e+03,1.470471645732404964e+00
3.999753198858185442e+03,1.470471287691646589e+00
3.999271068998957162e+03,1.470470810799184402e+00
3.998788939139728882e+03,1.470470333906721994e+00
3.998306809280500602e+03,1.470469858499906080e+00
3.997824679421272322e+03,1.470469023566685296e+00
3.997342549562043587e+03,1.470468307485168769e+00
3.996860419702815307e+03,1.470467353700244173e+00
3.996378289843587027e+03,1.470466520252669884e+00
3.995896159984358746e+03,1.470465327278690948e+00
3.995414030125130466e+03,1.470464373493766352e+00
3.994931900265902186e+03,1.470463063153729877e+00
3.994449770406673451e+03,1.470461870179750941e+00
3.993967640547445171e+03,1.470460559839714243e+00
3.993485510688216891e+03,1.470459248014031495e+00
3.993003380828988611e+03,1.470457817336644490e+00
3.992521250969760331e+03,1.470456386659257486e+00
3.992039121110531596e+03,1.470454955981870704e+00
3.991556991251303316e+03,1.470453406452779888e+00
3.991074861392075036e+03,1.470452096112743190e+00
3.990592731532846756e+03,1.470450665435356186e+00
3.990110601673618476e+03,1.470449234757969403e+00
3.989628471814390196e+03,1.470448041783990467e+00
3.989146341955161461e+03,1.470446731443953992e+00
3.988664212095933181e+03,1.470445658807325362e+00
3.988182082236704900e+03,1.470444705022400766e+00
3.987699952377476620e+03,1.470443751237476171e+00
3.987217822518248340e+03,1.470442916304255387e+00
3.986735692659019605e+03,1.470442320560089167e+00
3.986253562799791325e+03,1.470441724815922946e+00
3.985771432940563045e+03,1.470441127586110230e+00
3.985289303081334765e+03,1.470440771030998350e+00
3.984807173222106485e+03,1.470440412990239976e+00
3.984325043362878205e+03,1.470440054949481601e+00
3.983842913503649470e+03,1.470440054949481601e+00
3.983360783644421190e+03,1.470439817246073755e+00
3.982878653785192910e+03,1.470440054949481601e+00
3.982396523925964630e+03,1.470439936097777789e+00
3.981914394066736349e+03,1.470440294138535942e+00
3.981432264207507615e+03,1.470440531841944010e+00
3.980950134348279335e+03,1.470441008734406196e+00
3.980468004489051054e+03,1.470441485626868605e+00
3.979985874629822774e+03,1.470442201708385133e+00
3.979503744770594494e+03,1.470442797452551575e+00
3.979021614911366214e+03,1.470443632385772137e+00
3.978539485052137479e+03,1.470444584685050460e+00
3.978057355192909199e+03,1.470445658807325362e+00
3.977575225333680919e+03,1.470446731443953992e+00
3.977093095474452639e+03,1.470448041783990467e+00
3.976610965615224359e+03,1.470449353609673437e+00
3.976128835755995624e+03,1.470451021990468288e+00
3.975646705896767344e+03,1.470452573005205599e+00
3.975164576037539064e+03,1.470454479089408295e+00
3.974682446178310784e+03,1.470456506996607793e+00
3.974200316319082503e+03,1.470458652269865052e+00
3.973718186459854223e+03,1.470460916394826345e+00
3.973236056600625488e+03,1.470463421194488030e+00
3.972753926741397208e+03,1.470465924508503663e+00
3.972271796882168928e+03,1.470468784377631177e+00
3.971789667022940648e+03,1.470471526880700930e+00
3.971307537163712368e+03,1.470474625938882784e+00
3.970825407304483633e+03,1.470477724997064417e+00
3.970343277445255353e+03,1.470481063244300612e+00
3.969861147586027073e+03,1.470484401491536586e+00
3.969379017726798793e+03,1.470487977442180849e+00
3.968896887867570513e+03,1.470491553392824891e+00
3.968414758008342233e+03,1.470495130829115205e+00
3.967932628149113498e+03,1.470498825631463502e+00
3.967450498289885218e+03,1.470502520433811577e+00
3.966968368430656938e+03,1.470506216721805925e+00
3.966486238571428657e+03,1.470509911524154001e+00
3.966004108712200377e+03,1.470513488960444315e+00
3.965521978852971642e+03,1.470517064911088578e+00
3.965039848993743362e+03,1.470520403158324552e+00
3.964557719134515082e+03,1.470523739919914474e+00
3.964075589275286802e+03,1.470526959315446414e+00
3.963593459416058522e+03,1.470529820670220200e+00
3.963111329556829787e+03,1.470532800876698021e+00
3.962629199697601507e+03,1.470535304190713655e+00
3.962147069838373227e+03,1.470537926356433100e+00
3.961664939979144947e+03,1.470540191967040666e+00
3.961182810119916667e+03,1.470542456092001737e+00
3.960700680260688387e+03,1.470544363661850928e+00
3.960218550401459652e+03,1.470546032042646001e+00
3.959736420542231372e+03,1.470547701909087124e+00
3.959254290683003092e+03,1.470549012249123599e+00
3.958772160823774811e+03,1.470550084885752229e+00
3.958290030964546531e+03,1.470551038670676824e+00
3.957807901105317796e+03,1.470551873603897386e+00
3.957325771246089516e+03,1.470552350496359795e+00
3.956843641386861236e+03,1.470552589685414135e+00
3.956361511527632956e+03,1.470552708537118169e+00
3.955879381668404676e+03,1.470552589685414135e+00
3.955397251809176396e+03,1.470552350496359795e+00
3.954915121949947661e+03,1.470551992455601420e+00
3.954432992090719381e+03,1.470551396711435199e+00
3.953950862231491101e+03,1.470550800967268978e+00
3.953468732372262821e+03,1.470549847182344383e+00
3.952986602513034541e+03,1.470548893397419787e+00
3.952504472653805806e+03,1.470547701909087124e+00
3.952022342794577526e+03,1.470546390083404154e+00
3.951540212935349246e+03,1.470544959406017371e+00
3.951058083076120965e+03,1.470543528728630367e+00
3.950575953216892685e+03,1.470541979199539551e+00
3.950093823357664405e+03,1.470540191967040666e+00
3.949611693498435670e+03,1.470538522100599321e+00
3.949129563639207390e+03,1.470536614530750130e+00
3.948647433779979110e+03,1.470534706960900939e+00
3.948165303920750830e+03,1.470532680539347714e+00
3.947683174061522550e+03,1.470530654117794489e+00
3.947201044202293815e+03,1.470528627696241486e+00
3.946718914343065535e+03,1.470526482422984227e+00
3.946236784483837255e+03,1.470524337149726968e+00
3.945754654624608975e+03,1.470522071539119402e+00
3.945272524765380695e+03,1.470519926265862365e+00
3.944790394906152414e+03,1.470517541803550765e+00
3.944308265046923680e+03,1.470515276192943199e+00
3.943826135187695400e+03,1.470512891730631821e+00
3.943344005328467119e+03,1.470510508753966494e+00
3.942861875469238839e+03,1.470508124291655117e+00
3.942379745610010559e+03,1.470505620977639483e+00
3.941897615750781824e+03,1.470503236515328105e+00
3.941415485891553544e+03,1.470500852053016505e+00
3.940933356032325264e+03,1.470498467590705127e+00
3.940451226173096984e+03,1.470496083128393527e+00
3.939969096313868704e+03,1.470493819003432456e+00
3.939486966454640424e+03,1.470491434541120856e+00
3.939004836595411689e+03,1.470489050078809479e+00
3.938522706736183409e+03,1.470486785953848186e+00
3.938040576876955129e+03,1.470484520343240620e+00
3.937558447017726849e+03,1.470482256218279549e+00
3.937076317158498568e+03,1.470479871755967949e+00
3.936594187299269834e+03,1.470477724997064417e+00
3.936112057440041553e+03,1.470475579723807380e+00
3.935629927580813273e+03,1.470473553302254155e+00
3.935147797721584993e+03,1.470471526880700930e+00
3.934665667862356713e+03,1.470469619310851739e+00
3.934183538003128433e+03,1.470467711741002548e+00
3.933701408143899698e+03,1.470466043360207697e+00
3.933219278284671418e+03,1.470464254642062318e+00
3.932737148425443138e+03,1.470462823964675536e+00
3.932255018566214858e+03,1.470461274435584498e+00
3.931772888706986578e+03,1.470459843758197716e+00
3.931290758847757843e+03,1.470458533418161018e+00
3.930808628988529563e+03,1.470457459295886116e+00
3.930326499129301283e+03,1.470456386659257486e+00
3.929844369270073003e+03,1.470455553211683197e+00
3.929362239410844722e+03,1.470454718278462636e+00
3.928880109551616442e+03,1.470454122534296415e+00
3.928397979692387707e+03,1.470453764493538040e+00
3.927915849833159427e+03,1.470453526790130194e+00
3.927433719973931147e+03,1.470453526790130194e+00
3.926951590114702867e+03,1.470453645641834006e+00
3.926469460255474587e+03,1.470454002196946108e+00
3.925987330396245852e+03,1.470454479089408295e+00
3.925505200537017572e+03,1.470455076319221011e+00
3.925023070677789292e+03,1.470455909766795299e+00
3.924540940818561012e+03,1.470456983889070202e+00
3.924058810959332732e+03,1.470458056525698831e+00
3.923576681100104452e+03,1.470459248014031495e+00
3.923094551240875717e+03,1.470460678691418277e+00
3.922612421381647437e+03,1.470462109368805281e+00
3.922130291522419157e+03,1.470463658897896098e+00
3.921648161663190876e+03,1.470465447616041255e+00
3.921166031803962596e+03,1.470467115996836105e+00
3.920683901944733861e+03,1.470468904714981484e+00
3.920201772085505581e+03,1.470470810799184402e+00
3.919719642226277301e+03,1.470472599517329559e+00
3.919237512367049021e+03,1.470474507087178750e+00
3.918755382507820741e+03,1.470476295805323907e+00
3.918273252648592461e+03,1.470478083037822792e+00
3.917791122789363726e+03,1.470479751418617642e+00
3.917308992930135446e+03,1.470481302433354953e+00
3.916826863070907166e+03,1.470482851962445769e+00
3.916344733211678886e+03,1.470484282639832774e+00
3.915862603352450606e+03,1.470485592979869249e+00
3.915380473493221871e+03,1.470486904805552220e+00
3.914898343633993591e+03,1.470488096293884883e+00
3.914416213774765311e+03,1.470489289267863597e+00
3.913934083915537030e+03,1.470490243052788193e+00
3.913451954056308750e+03,1.470491196837712788e+00
3.912969824197080470e+03,1.470492030285287299e+00
3.912487694337851735e+03,1.470492865218507861e+00
3.912005564478623455e+03,1.470493460962674082e+00
3.911523434619395175e+03,1.470494056706840302e+00
3.911041304760166895e+03,1.470494414747598677e+00
3.910559174900938615e+03,1.470494772788357052e+00
3.910077045041709880e+03,1.470495010491764898e+00
3.909594915182481600e+03,1.470495130829115205e+00
3.909112785323253320e+03,1.470495010491764898e+00
3.908630655464025040e+03,1.470494891640061086e+00
3.908148525604796760e+03,1.470494533599302711e+00
3.907666395745568479e+03,1.470494295895894643e+00
3.907184265886339745e+03,1.470493700151728422e+00
3.906702136027111465e+03,1.470493223259266014e+00
3.906220006167883184e+03,1.470492388326045452e+00
3.905737876308654904e+03,1.470491673730175197e+00
3.905255746449426624e+03,1.470490719945250602e+00
3.904773616590197889e+03,1.470489766160326006e+00
3.904291486730969609e+03,1.470488573186347070e+00
3.903809356871741329e+03,1.470487500549718440e+00
3.903327227012513049e+03,1.470486188724035692e+00
3.902845097153284769e+03,1.470484878383998995e+00
3.902362967294056489e+03,1.470483447706611990e+00
3.901880837434827754e+03,1.470482135880929242e+00
3.901398707575599474e+03,1.470480705203542238e+00
3.900916577716371194e+03,1.470479394863505762e+00
3.900434447857142914e+03,1.470478083037822792e+00
3.899952317997914633e+03,1.470476771212139822e+00
3.899470188138685899e+03,1.470475460872103346e+00
3.898988058279457618e+03,1.470474149046420376e+00
3.898505928420229338e+03,1.470472838706383900e+00
3.898023798561001058e+03,1.470471645732404964e+00
3.897541668701772778e+03,1.470470454244072300e+00
3.897059538842544498e+03,1.470469261270093364e+00
3.896577408983315763e+03,1.470468069781760700e+00
3.896095279124087483e+03,1.470466997145132293e+00
3.895613149264859203e+03,1.470465924508503663e+00
3.895131019405630923e+03,1.470464970723579068e+00
3.894648889546402643e+03,1.470464016938654472e+00
3.894166759687173908e+03,1.470463182005433689e+00
3.893684629827945628e+03,1.470462228220509093e+00
3.893202499968717348e+03,1.470461513624638838e+00
3.892720370109489068e+03,1.470460797543122311e+00
3.892238240250260787e+03,1.470460201798956090e+00
3.891756110391032507e+03,1.470459487203085613e+00
3.891273980531803772e+03,1.470458889973273120e+00
3.890791850672575492e+03,1.470458294229106899e+00
3.890309720813347212e+03,1.470457698484940456e+00
3.889827590954118932e+03,1.470457102740774236e+00
3.889345461094890652e+03,1.470456625848311827e+00
3.888863331235661917e+03,1.470456148955849640e+00
3.888381201376433637e+03,1.470455672063387231e+00
3.887899071517205357e+03,1.470455195170925045e+00
3.887416941657977077e+03,1.470454955981870704e+00
3.886934811798748797e+03,1.470454479089408295e+00
3.886452681939520517e+03,1.470454241386000449e+00
3.885970552080291782e+03,1.470453764493538040e+00
3.885488422221063502e+03,1.470453526790130194e+00
3.885006292361835222e+03,1.470453049897667785e+00
3.884524162502606941e+03,1.470452691856909411e+00
3.884042032643378661e+03,1.470452214964447224e+00
3.883559902784149926e+03,1.470451738071984815e+00
3.883077772924921646e+03,1.470451261179522628e+00
3.882595643065693366e+03,1.470450665435356186e+00
3.882113513206465086e+03,1.470450069691189965e+00
3.881631383347236806e+03,1.470449472461377471e+00
3.881149253488008526e+03,1.470448757865506995e+00
3.880667123628779791e+03,1.470448162121340774e+00
3.880184993769551511e+03,1.470447446039824246e+00
3.879702863910323231e+03,1.470446612592249958e+00
3.879220734051094951e+03,1.470445777659029396e+00
3.878738604191866671e+03,1.470444942725808612e+00
3.878256474332637936e+03,1.470444109278234324e+00
3.877774344473409656e+03,1.470443035155959421e+00
3.877292214614181376e+03,1.470441962519330792e+00
3.876810084754953095e+03,1.470440889882702384e+00
3.876327954895724815e+03,1.470439578057019414e+00
3.875845825036496535e+03,1.470438386568686751e+00
3.875363695177267800e+03,1.470437074743004002e+00
3.874881565318039520e+03,1.470435644065616998e+00
3.874399435458811240e+03,1.470434333725580300e+00
3.873917305599582960e+03,1.470432903048193518e+00
3.873435175740354680e+03,1.470431472370806514e+00
3.872953045881125945e+03,1.470430041693419732e+00
3.872470916021897665e+03,1.470428492164328693e+00
3.871988786162669385e+03,1.470426942635237877e+00
3.871506656303441105e+03,1.470425272768796754e+00
3.871024526444212825e+03,1.470423723239705716e+00
3.870542396584984544e+03,1.470421936007206831e+00
3.870060266725755810e+03,1.470420266140765708e+00
3.869578136866527529e+03,1.470418478908266824e+00
3.869096007007299249e+03,1.470416690190121667e+00
3.868613877148070969e+03,1.470414902957622783e+00
3.868131747288842689e+03,1.470413114239477403e+00
3.867649617429613954e+03,1.470411325521332246e+00
3.867167487570385674e+03,1.470409657140537396e+00
3.866685357711157394e+03,1.470407868422392239e+00
3.866203227851929114e+03,1.470406081189893355e+00
3.865721097992700834e+03,1.470404292471748198e+00
3.865238968133472554e+03,1.470402624090953125e+00
3.864756838274243819e+03,1.470400716521103934e+00
3.864274708415015539e+03,1.470398927802958777e+00
3.863792578555787259e+03,1.470397020233109586e+00
3.863310448696558979e+03,1.470395114148906668e+00
3.862828318837330698e+03,1.470393325430761511e+00
3.862346188978101964e+03,1.470391417860912320e+00
3.861864059118873683e+03,1.470389510291063129e+00
3.861381929259645403e+03,1.470387723058564244e+00
3.860899799400417123e+03,1.470385815488715053e+00
3.860417669541188843e+03,1.470384026770569896e+00
3.859935539681960563e+03,1.470382239538070790e+00
3.859453409822731828e+03,1.470380450819925633e+00
3.858971279963503548e+03,1.470378662101780476e+00
3.858489150104275268e+03,1.470376993720985626e+00
3.858007020245046988e+03,1.470375086151136435e+00
3.857524890385818708e+03,1.470373417770341584e+00
3.857042760526589973e+03,1.470371510200492393e+00
3.856560630667361693e+03,1.470369721482347014e+00
3.856078500808133413e+03,1.470367934249848130e+00
3.855596370948905133e+03,1.470366264383407007e+00
3.855114241089676852e+03,1.470364596002612156e+00
3.854632111230448572e+03,1.470362927621817084e+00
3.854149981371219837e+03,1.470361257755375961e+00
3.853667851511991557e+03,1.470359708226285145e+00
3.853185721652763277e+03,1.470358158697194106e+00
3.852703591793534997e+03,1.470356728019807324e+00
3.852221461934306717e+03,1.470355178490716286e+00
3.851739332075077982e+03,1.470353866665033538e+00
3.851257202215849702e+03,1.470352435987646533e+00
3.850775072356621422e+03,1.470351125647610058e+00
3.850292942497393142e+03,1.470349694970223053e+00
3.849810812638164862e+03,1.470348383144540083e+00
3.849328682778936582e+03,1.470347072804503608e+00
3.848846552919707847e+03,1.470345879830524671e+00
3.848364423060479567e+03,1.470344569490488196e+00
3.847882293201251287e+03,1.470343376516509259e+00
3.847400163342023006e+03,1.470342185028176596e+00
3.846918033482794726e+03,1.470341112391547966e+00
3.846435903623565991e+03,1.470339919417569030e+00
3.845953773764337711e+03,1.470338846780940401e+00
3.845471643905109431e+03,1.470337655292607959e+00
3.844989514045881151e+03,1.470336581170333057e+00
3.844507384186652871e+03,1.470335508533704427e+00
3.844025254327424591e+03,1.470334317045371764e+00
3.843543124468195856e+03,1.470333124071392827e+00
3.843060994608967576e+03,1.470332051434764198e+00
3.842578864749739296e+03,1.470330859946431756e+00
3.842096734890511016e+03,1.470329666972452820e+00
3.841614605031282736e+03,1.470328475484120156e+00
3.841132475172054001e+03,1.470327402847491527e+00
3.840650345312825721e+03,1.470326209873512591e+00
3.840168215453597441e+03,1.470325137236884183e+00
3.839686085594369160e+03,1.470323945748551520e+00
3.839203955735140880e+03,1.470322873111922890e+00
3.838721825875912600e+03,1.470321800475294260e+00
3.838239696016683865e+03,1.470320726353019358e+00
3.837757566157455585e+03,1.470319534864686695e+00
3.837275436298227305e+03,1.470318343376354253e+00
3.836793306438999025e+03,1.470317150402375317e+00
3.836311176579770745e+03,1.470315958914042653e+00
3.835829046720542010e+03,1.470314647088359683e+00
3.835346916861313730e+03,1.470313455600027241e+00
3.834864787002085450e+03,1.470312143774344271e+00
3.834382657142857170e+03,1.470310831948661301e+00
3.833900527283628890e+03,1.470309521608624825e+00
3.833418397424400609e+03,1.470308328634645889e+00
3.832936267565171875e+03,1.470307018294609191e+00
3.832454137705943594e+03,1.470305706468926443e+00
3.831972007846715314e+03,1.470304394643243473e+00
3.831489877987487034e+03,1.470302965451502963e+00
3.831007748128258754e+03,1.470301534774115959e+00
3.830525618269030019e+03,1.470300104096729177e+00
3.830043488409801739e+03,1.470298554567638138e+00
3.829561358550573459e+03,1.470297003552901050e+00
3.829079228691345179e+03,1.470295335172106199e+00
3.828597098832116899e+03,1.470293785643015161e+00
3.828114968972888619e+03,1.470292117262220311e+00
3.827632839113659884e+03,1.470290447395779188e+00
3.827150709254431604e+03,1.470288779014984115e+00
3.826668579395203324e+03,1.470287110634189265e+00
3.826186449535975044e+03,1.470285440767748142e+00
3.825704319676746763e+03,1.470283772386953292e+00
3.825222189817518029e+03,1.470281983668807912e+00
3.824740059958289748e+03,1.470280315288013062e+00
3.824257930099061468e+03,1.470278407718163871e+00
3.823775800239833188e+03,1.470276619000018714e+00
3.823293670380604908e+03,1.470274711430169523e+00
3.822811540521376628e+03,1.470272805345966605e+00
3.822329410662147893e+03,1.470270897776117414e+00
3.821847280802919613e+03,1.470268990206268223e+00
3.821365150943691333e+03,1.470267082636419032e+00
3.820883021084463053e+03,1.470265175066569840e+00
3.820400891225234773e+03,1.470263267496720649e+00
3.819918761366006038e+03,1.470261361412517731e+00
3.819436631506777758e+03,1.470259453842668540e+00
3.818954501647549478e+03,1.470257546272819349e+00
3.818472371788321198e+03,1.470255638702970158e+00
3.817990241929092917e+03,1.470253849984825001e+00
3.817508112069864637e+03,1.470251823563271776e+00
3.817025982210635902e+03,1.470250036330772891e+00
3.816543852351407622e+03,1.470248009909219666e+00
3.816061722492179342e+03,1.470246102339370475e+00
3.815579592632951062e+03,1.470244194769521284e+00
3.815097462773722782e+03,1.470242287199672093e+00
3.814615332914494047e+03,1.470240379629822902e+00
3.814133203055265767e+03,1.470238592397323796e+00
3.813651073196037487e+03,1.470236803679178639e+00
3.813168943336809207e+03,1.470235135298383788e+00
3.812686813477580927e+03,1.470233465431942665e+00
3.812204683618352647e+03,1.470231797051147593e+00
3.811722553759123912e+03,1.470230127184706470e+00
3.811240423899895632e+03,1.470228458803911620e+00
3.810758294040667352e+03,1.470226790423116769e+00
3.810276164181439071e+03,1.470225120556675424e+00
3.809794034322210791e+03,1.470223452175880574e+00
3.809311904462982056e+03,1.470221902646789758e+00
3.808829774603753776e+03,1.470220232780348413e+00
3.808347644744525496e+03,1.470218683251257596e+00
3.807865514885297216e+03,1.470217133722166780e+00
3.807383385026068936e+03,1.470215584193075742e+00
3.806901255166840656e+03,1.470214153515688960e+00
3.806419125307611921e+03,1.470212603986597921e+00
3.805936995448383641e+03,1.470211173309211139e+00
3.805454865589155361e+03,1.470209623780120101e+00
3.804972735729927081e+03,1.470208193102733318e+00
3.804490605870698801e+03,1.470206643573642502e+00
3.804008476011470066e+03,1.470205094044551464e+00
3.803526346152241786e+03,1.470203544515460647e+00
3.803044216293013505e+03,1.470201994986369609e+00
3.802562086433785225e+03,1.470200325119928486e+00
3.802079956574556945e+03,1.470198656739133636e+00
3.801597826715328665e+03,1.470196988358338785e+00
3.801115696856099930e+03,1.470195318491897440e+00
3.800633566996871650e+03,1.470193650111102590e+00
3.800151437137643370e+03,1.470191861392957433e+00
3.799669307278415090e+03,1.470190193012162583e+00
3.799187177419186810e+03,1.470188523145721238e+00
3.798705047559958075e+03,1.470186854764926387e+00
3.798222917700729795e+03,1.470185066046781230e+00
3.797740787841501515e+03,1.470183278814282346e+00
3.797258657982273235e+03,1.470181371244433155e+00
3.796776528123044955e+03,1.470179582526287998e+00
3.796294398263816674e+03,1.470177676442085080e+00
3.795812268404587940e+03,1.470175887723939701e+00
3.795330138545359659e+03,1.470173861302386698e+00
3.794848008686131379e+03,1.470172072584241318e+00
3.794365878826903099e+03,1.470170165014392127e+00
3.793883748967674819e+03,1.470168258930189209e+00
3.793401619108446084e+03,1.470166470212044052e+00
3.792919489249217804e+03,1.470164681493898895e+00
3.792437359389989524e+03,1.470162773924049704e+00
3.791955229530761244e+03,1.470160986691550820e+00
3.791473099671532964e+03,1.470159079121701629e+00
3.790990969812304684e+03,1.470157290403556472e+00
3.790508839953075949e+03,1.470155384319353553e+00
3.790026710093847669e+03,1.470153476749504362e+00
3.789544580234619389e+03,1.470151569179655171e+00
3.789062450375391109e+03,1.470149661609805980e+00
3.788580320516162828e+03,1.470147754039956789e+00
3.788098190656934094e+03,1.470145966807457683e+00
3.787616060797705813e+03,1.470144059237608491e+00
3.787133930938477533e+03,1.470142270519463334e+00
3.786651801079249253e+03,1.470140481801318177e+00
3.786169671220020973e+03,1.470138813420523327e+00
3.785687541360792693e+03,1.470137024702378170e+00
3.785205411501563958e+03,1.470135356321583098e+00
3.784723281642335678e+03,1.470133569089084213e+00
3.784241151783107398e+03,1.470131899222643090e+00
3.783759021923879118e+03,1.470130230841848240e+00
3.783276892064650838e+03,1.470128442123703083e+00
3.782794762205422103e+03,1.470126773742908011e+00
3.782312632346193823e+03,1.470125103876466888e+00
3.781830502486965543e+03,1.470123435495672037e+00
3.781348372627737263e+03,1.470121885966580999e+00
3.780866242768508982e+03,1.470120336437490183e+00
3.780384112909280702e+03,1.470118786908399366e+00
3.779901983050051967e+03,1.470117356231012362e+00
3.779419853190823687e+03,1.470116044405329392e+00
3.778937723331595407e+03,1.470114613727942610e+00
3.778455593472367127e+03,1.470113303387905912e+00
3.777973463613138847e+03,1.470112110413927198e+00
3.777491333753910112e+03,1.470110800073890500e+00
3.777009203894681832e+03,1.470109607099911564e+00
3.776527074035453552e+03,1.470108415611578900e+00
3.776044944176225272e+03,1.470107222637600186e+00
3.775562814316996992e+03,1.470106150000971557e+00
3.775080684457768712e+03,1.470105077364342927e+00
3.774598554598539977e+03,1.470104123579418332e+00
3.774116424739311697e+03,1.470103169794493736e+00
3.773634294880083417e+03,1.470102216009569140e+00
3.773152165020855136e+03,1.470101382561994852e+00
3.772670035161626856e+03,1.470100666480478102e+00
3.772187905302398121e+03,1.470099951884607847e+00
3.771705775443169841e+03,1.470099235803091320e+00
3.771223645583941561e+03,1.470098521207221065e+00
3.770741515724713281e+03,1.470097925463054622e+00
3.770259385865485001e+03,1.470097328233242129e+00
3.769777256006256721e+03,1.470096732489075686e+00
3.769295126147027986e+03,1.470096017893205431e+00
3.768812996287799706e+03,1.470095541000743244e+00
3.768330866428571426e+03,1.470094945256576802e+00
3.767848736569343146e+03,1.470094348026764308e+00
3.767366606710114866e+03,1.470093752282598087e+00
3.766884476850886131e+03,1.470093275390135679e+00
3.766402346991657851e+03,1.470092798497673492e+00
3.765920217132429570e+03,1.470092321605211083e+00
3.765438087273201290e+03,1.470091844712748896e+00
3.764955957413973010e+03,1.470091367820286488e+00
3.764473827554744730e+03,1.470090772076120267e+00
3.763991697695515995e+03,1.470090295183657858e+00
3.763509567836287715e+03,1.470089699439491637e+00
3.763027437977059435e+03,1.470089222547029228e+00
3.762545308117831155e+03,1.470088507951158974e+00
3.762063178258602875e+03,1.470087910721346480e+00
3.761581048399374140e+03,1.470087314977180037e+00
3.761098918540145860e+03,1.470086719233013817e+00
3.760616788680917580e+03,1.470086123488847596e+00
3.760134658821689300e+03,1.470085527744681153e+00
3.759652528962461020e+03,1.470084811663164626e+00
3.759170399103232739e+03,1.470084334770702217e+00
3.758688269244004005e+03,1.470083739026535996e+00
3.758206139384775724e+03,1.470083143282369775e+00
3.757724009525547444e+03,1.470082427200853026e+00
3.757241879666319164e+03,1.470081831456686805e+00
3.756759749807090884e+03,1.470081116860816550e+00
3.756277619947862149e+03,1.470080519631003835e+00
3.755795490088633869e+03,1.470079686183429546e+00
3.755313360229405589e+03,1.470078970101913018e+00
3.754831230370177309e+03,1.470078255506042764e+00
3.754349100510949029e+03,1.470077420572822202e+00
3.753866970651720749e+03,1.470076705976951725e+00
3.753384840792492014e+03,1.470075989895435198e+00
3.752902710933263734e+03,1.470075156447860909e+00
3.752420581074035454e+03,1.470074321514640348e+00
3.751938451214807174e+03,1.470073367729715752e+00
3.751456321355578893e+03,1.470072532796495191e+00
3.750974191496350159e+03,1.470071579011570595e+00
3.750492061637121878e+03,1.470070506374941965e+00
3.750009931777893598e+03,1.470069433738313336e+00
3.749527801918665318e+03,1.470068361101684706e+00
3.749045672059437038e+03,1.470067168127705770e+00
3.748563542200208758e+03,1.470065857787669295e+00
3.748081412340980023e+03,1.470064545961986324e+00
3.747599282481751743e+03,1.470063354473653661e+00
3.747117152622523463e+03,1.470061923796266878e+00
3.746635022763295183e+03,1.470060611970583908e+00
3.746152892904066903e+03,1.470059301630547210e+00
3.745670763044838168e+03,1.470057870953160428e+00
3.745188633185609888e+03,1.470056440275773424e+00
3.744706503326381608e+03,1.470055009598386642e+00
3.744224373467153328e+03,1.470053341217591791e+00
3.743742243607925047e+03,1.470051910540204787e+00
3.743260113748696767e+03,1.470050240673763664e+00
3.742777983889468032e+03,1.470048691144672626e+00
3.742295854030239752e+03,1.470047022763877775e+00
3.741813724171011472e+03,1.470045352897436652e+00
3.741331594311783192e+03,1.470043684516641802e+00
3.740849464452554912e+03,1.470042016135846730e+00
3.740367334593326177e+03,1.470040346269405607e+00
3.739885204734097897e+03,1.470038796740314790e+00
3.739403074874869617e+03,1.470037128359519718e+00
3.738920945015641337e+03,1.470035458493078595e+00
3.738438815156413057e+03,1.470033790112283745e+00
3.737956685297184777e+03,1.470032240583192706e+00
3.737474555437956042e+03,1.470030572202397856e+00
3.736992425578727762e+03,1.470029021187660767e+00
3.736510295719499481e+03,1.470027352806865695e+00
3.736028165860271201e+03,1.470025922129478912e+00
3.735546036001042921e+03,1.470024253748684062e+00
3.735063906141814186e+03,1.470022823071297058e+00
3.734581776282585906e+03,1.470021273542206242e+00
3.734099646423357626e+03,1.470019842864819237e+00
3.733617516564129346e+03,1.470018412187432455e+00
3.733135386704901066e+03,1.470017100361749485e+00
3.732653256845672786e+03,1.470015790021712787e+00
3.732171126986444051e+03,1.470014478196030039e+00
3.731688997127215771e+03,1.470013286707697375e+00
3.731206867267987491e+03,1.470012093733718439e+00
3.730724737408759211e+03,1.470011021097089809e+00
3.730242607549530931e+03,1.470009948460461402e+00
3.729760477690302196e+03,1.470008875823832772e+00
3.729278347831073916e+03,1.470007922038908177e+00
3.728796217971845635e+03,1.470006968253983581e+00
3.728314088112617355e+03,1.470006133320762798e+00
3.727831958253389075e+03,1.470005299873188509e+00
3.727349828394160340e+03,1.470004702643376016e+00
3.726867698534932060e+03,1.470003988047505761e+00
3.726385568675703780e+03,1.470003392303339318e+00
3.725903438816475500e+03,1.470002915410877131e+00
3.725421308957247220e+03,1.470002557370118756e+00
3.724939179098018940e+03,1.470002199329360382e+00
3.724457049238790205e+03,1.470001961625952536e+00
3.723974919379561925e+03,1.470001722436898195e+00
3.723492789520333645e+03,1.470001603585194161e+00
3.723010659661105365e+03,1.470001484733490127e+00
3.722528529801877085e+03,1.470001484733490127e+00
3.722046399942648350e+03,1.470001484733490127e+00
3.721564270083420070e+03,1.470001603585194161e+00
3.721082140224191789e+03,1.470001842774248502e+00
3.720600010364963509e+03,1.470002199329360382e+00
3.720117880505735229e+03,1.470002438518414722e+00
3.719635750646506949e+03,1.470002915410877131e+00
3.719153620787278214e+03,1.470003511155043352e+00
3.718671490928049934e+03,1.470004106899209795e+00
3.718189361068821654e+03,1.470004702643376016e+00
3.717707231209593374e+03,1.470005537576596577e+00
3.717225101350365094e+03,1.470006252172466832e+00
3.716742971491136359e+03,1.470007087105687393e+00
3.716260841631908079e+03,1.470007803187204143e+00
3.715778711772679799e+03,1.470008755486482466e+00
3.715296581913451519e+03,1.470009471567998993e+00
3.714814452054223239e+03,1.470010425352923589e+00
3.714332322194994958e+03,1.470011260286144150e+00
3.713850192335766224e+03,1.470011974882014405e+00
3.713368062476537943e+03,1.470012928666939001e+00
3.712885932617309663e+03,1.470013643262809477e+00
3.712403802758081383e+03,1.470014359344326005e+00
3.711921672898853103e+03,1.470015073940196260e+00
3.711439543039624368e+03,1.470015550832658668e+00
3.710957413180396088e+03,1.470016027725120855e+00
3.710475283321167808e+03,1.470016385765879230e+00
3.709993153461939528e+03,1.470016623469287298e+00
3.709511023602711248e+03,1.470016743806637383e+00
3.709028893743482968e+03,1.470016743806637383e+00
3.708546763884254233e+03,1.470016385765879230e+00
3.708064634025025953e+03,1.470016146576824889e+00
3.707582504165797673e+03,1.470015550832658668e+00
3.707100374306569393e+03,1.470015073940196260e+00
3.706618244447341112e+03,1.470014359344326005e+00
3.706136114588112378e+03,1.470013405559401409e+00
3.705653984728884097e+03,1.470012451774476814e+00
3.705171854869655817e+03,1.470011497989552218e+00
3.704689725010427537e+03,1.470010186163869248e+00
3.704207595151199257e+03,1.470008875823832772e+00
3.703725465291970977e+03,1.470007563998149802e+00
3.703243335432742242e+03,1.470005895617354952e+00
3.702761205573513962e+03,1.470004346088263913e+00
3.702279075714285682e+03,1.470002676221822790e+00
3.701796945855057402e+03,1.470000768651973599e+00
3.701314815995829122e+03,1.469998981419474715e+00
3.700832686136600387e+03,1.469996954997921490e+00
3.700350556277372561e+03,1.469994928576368265e+00
3.699868426418143827e+03,1.469993021006519074e+00
3.699386296558915092e+03,1.469990994584965849e+00
3.698904166699687266e+03,1.469988968163412624e+00
3.698422036840458532e+03,1.469986940256213126e+00
3.697939906981230706e+03,1.469984913834659901e+00
3.697457777122001971e+03,1.469982768561402864e+00
3.696975647262774146e+03,1.469980623288145605e+00
3.696493517403545411e+03,1.469978596866592380e+00
3.696011387544316676e+03,1.469976331255984814e+00
3.695529257685088851e+03,1.469974185982727777e+00
3.695047127825860116e+03,1.469971920372120211e+00
3.694564997966632291e+03,1.469969775098862952e+00
3.694082868107403556e+03,1.469967628339959420e+00
3.693600738248174821e+03,1.469965601918406195e+00
3.693118608388946996e+03,1.469963456645149158e+00
3.692636478529718261e+03,1.469961430223595933e+00
3.692154348670490435e+03,1.469959403802042708e+00
3.691672218811261700e+03,1.469957377380489483e+00
3.691190088952032966e+03,1.469955469810640292e+00
3.690707959092805140e+03,1.469953562240791101e+00
3.690225829233576405e+03,1.469951654670941910e+00
3.689743699374348580e+03,1.469949867438443025e+00
3.689261569515119845e+03,1.469947959868593834e+00
3.688779439655891110e+03,1.469946171150448677e+00
3.688297309796663285e+03,1.469944383917949793e+00
3.687815179937434550e+03,1.469942714051508448e+00
3.687333050078206725e+03,1.469940926819009563e+00
3.686850920218977990e+03,1.469939496141622781e+00
3.686368790359750164e+03,1.469937946612531743e+00
3.685886660500521430e+03,1.469936515935144961e+00
3.685404530641292695e+03,1.469935085257757956e+00
3.684922400782064869e+03,1.469933773432074986e+00
3.684440270922836135e+03,1.469932461606392238e+00
3.683958141063608309e+03,1.469931270118059574e+00
3.683476011204379574e+03,1.469930078629726911e+00
3.682993881345150839e+03,1.469929004507452008e+00
3.682511751485923014e+03,1.469927931870823601e+00
3.682029621626694279e+03,1.469926978085898783e+00
3.681547491767466454e+03,1.469926024300974188e+00
3.681065361908237719e+03,1.469925190853399899e+00
3.680583232049008984e+03,1.469924355920179337e+00
3.680101102189781159e+03,1.469923760176013117e+00
3.679618972330552424e+03,1.469923164431846896e+00
3.679136842471324599e+03,1.469922687539384487e+00
3.678654712612095864e+03,1.469922448350330146e+00
3.678172582752867129e+03,1.469922210646922300e+00
3.677690452893639304e+03,1.469922091795218266e+00
3.677208323034410569e+03,1.469922210646922300e+00
3.676726193175182743e+03,1.469922448350330146e+00
3.676244063315954008e+03,1.469922806391088521e+00
3.675761933456726183e+03,1.469923283283550708e+00
3.675279803597497448e+03,1.469923997879421185e+00
3.674797673738268713e+03,1.469924713960937712e+00
3.674315543879040888e+03,1.469925786597566342e+00
3.673833414019812153e+03,1.469926859234194971e+00
3.673351284160584328e+03,1.469928289911581754e+00
3.672869154301355593e+03,1.469929720588968758e+00
3.672387024442126858e+03,1.469931509307113915e+00
3.671904894582899033e+03,1.469933296539612799e+00
3.671422764723670298e+03,1.469935322961166024e+00
3.670940634864442472e+03,1.469937349382719249e+00
3.670458505005213738e+03,1.469939496141622781e+00
3.669976375145985003e+03,1.469941760266583852e+00
3.669494245286757177e+03,1.469944025877191418e+00
3.669012115427528443e+03,1.469946410339502796e+00
3.668529985568300617e+03,1.469948674464464089e+00
3.668047855709071882e+03,1.469951058926775689e+00
3.667565725849843147e+03,1.469953443389087067e+00
3.667083595990615322e+03,1.469955588662344326e+00
3.666601466131386587e+03,1.469957973124655704e+00
3.666119336272158762e+03,1.469959999546208929e+00
3.665637206412930027e+03,1.469962144819466188e+00
3.665155076553702202e+03,1.469964171241019413e+00
3.664672946694473467e+03,1.469966078810868604e+00
3.664190816835244732e+03,1.469967986380717795e+00
3.663708686976016907e+03,1.469969656247158918e+00
3.663226557116788172e+03,1.469971205776249956e+00
3.662744427257560346e+03,1.469972636453636738e+00
3.662262297398331611e+03,1.469973827941969402e+00
3.661780167539102877e+03,1.469974900578598032e+00
3.661298037679875051e+03,1.469975854363522627e+00
3.660815907820646316e+03,1.469976570445039155e+00
3.660333777961418491e+03,1.469977403892613443e+00
3.659851648102189756e+03,1.469977880785075852e+00
3.659369518242961021e+03,1.469978357677538039e+00
3.658887388383733196e+03,1.469978715718296414e+00
3.658405258524504461e+03,1.469978834570000448e+00
3.657923128665276636e+03,1.469979073759054788e+00
3.657440998806047901e+03,1.469979073759054788e+00
3.656958868946819166e+03,1.469979073759054788e+00
3.656476739087591341e+03,1.469978834570000448e+00
3.655994609228362606e+03,1.469978715718296414e+00
3.655512479369134780e+03,1.469978357677538039e+00
3.655030349509906046e+03,1.469977880785075852e+00
3.654548219650678220e+03,1.469977403892613443e+00
3.654066089791449485e+03,1.469976808148447223e+00
3.653583959932220750e+03,1.469976212404281002e+00
3.653101830072992925e+03,1.469975496322764252e+00
3.652619700213764190e+03,1.469974781726893998e+00
3.652137570354536365e+03,1.469974065645377470e+00
3.651655440495307630e+03,1.469973351049506993e+00
3.651173310636078895e+03,1.469972516116286432e+00
3.650691180776851070e+03,1.469971562331361836e+00
3.650209050917622335e+03,1.469970728883787547e+00
3.649726921058394510e+03,1.469969775098862952e+00
3.649244791199165775e+03,1.469968821313938356e+00
3.648762661339937040e+03,1.469967628339959420e+00
3.648280531480709215e+03,1.469966676040681097e+00
3.647798401621480480e+03,1.469965483066702383e+00
3.647316271762252654e+03,1.469964291578369719e+00
3.646834141903023919e+03,1.469963098604390783e+00
3.646352012043795185e+03,1.469961907116058120e+00
3.645869882184567359e+03,1.469960476438671337e+00
3.645387752325338624e+03,1.469959284950338674e+00
3.644905622466110799e+03,1.469957973124655704e+00
3.644423492606882064e+03,1.469956661298972955e+00
3.643941362747654239e+03,1.469955230621585951e+00
3.643459232888425504e+03,1.469953801429845441e+00
3.642977103029196769e+03,1.469952250415108130e+00
3.642494973169968944e+03,1.469950821223367621e+00
3.642012843310740209e+03,1.469949270208630310e+00
3.641530713451512383e+03,1.469947601827835459e+00
3.641048583592283649e+03,1.469946052298744643e+00
3.640566453733054914e+03,1.469944383917949793e+00
3.640084323873827088e+03,1.469942714051508448e+00
3.639602194014598354e+03,1.469941045670713597e+00
3.639120064155370528e+03,1.469939375804272474e+00
3.638637934296141793e+03,1.469937707423477402e+00
3.638155804436913058e+03,1.469935918705332245e+00
3.637673674577685233e+03,1.469934250324537395e+00
3.637191544718456498e+03,1.469932461606392238e+00
3.636709414859228673e+03,1.469930793225597387e+00
3.636227284999999938e+03,1.469929004507452008e+00
3.635745155140771203e+03,1.469927217274953124e+00
3.635263025281543378e+03,1.469925428556807967e+00
3.634780895422314643e+03,1.469923641324309083e+00
3.634298765563086818e+03,1.469921733754459892e+00
3.633816635703858083e+03,1.469919945036314735e+00
3.633334505844630257e+03,1.469918157803815850e+00
3.632852375985401522e+03,1.469916369085670693e+00
3.632370246126172788e+03,1.469914461515821502e+00
3.631888116266944962e+03,1.469912672797676123e+00
3.631405986407716227e+03,1.469911004416881273e+00
3.630923856548488402e+03,1.469909217184382388e+00
3.630441726689259667e+03,1.469907428466237231e+00
3.629959596830030932e+03,1.469905639748092074e+00
3.629477466970803107e+03,1.469903852515593190e+00
3.628995337111574372e+03,1.469902063797447811e+00
3.628513207252346547e+03,1.469900156227598620e+00
3.628031077393117812e+03,1.469898487846803770e+00
3.627548947533889077e+03,1.469896580276954579e+00
3.627066817674661252e+03,1.469894791558809422e+00
3.626584687815432517e+03,1.469893004326310537e+00
3.626102557956204691e+03,1.469891096756461346e+00
3.625620428096975957e+03,1.469889308038316189e+00
3.625138298237747222e+03,1.469887639657521117e+00
3.624656168378519396e+03,1.469885850939375960e+00
3.624174038519290661e+03,1.469884063706877075e+00
3.623691908660062836e+03,1.469882274988731918e+00
3.623209778800834101e+03,1.469880606607937068e+00
3.622727648941606276e+03,1.469878817889791689e+00
3.622245519082377541e+03,1.469877149508996839e+00
3.621763389223148806e+03,1.469875360790851682e+00
3.621281259363920981e+03,1.469873573558352797e+00
3.620799129504692246e+03,1.469871903691911674e+00
3.620316999645464421e+03,1.469869996122062483e+00
3.619834869786235686e+03,1.469868327741267411e+00
3.619352739927006951e+03,1.469866659360472561e+00
3.618870610067779126e+03,1.469864989494031438e+00
3.618388480208550391e+03,1.469863321113236587e+00
3.617906350349322565e+03,1.469861771584145549e+00
3.617424220490093830e+03,1.469860101717704426e+00
3.616942090630865096e+03,1.469858433336909576e+00
3.616459960771637270e+03,1.469857002659522571e+00
3.615977830912408535e+03,1.469855334278727721e+00
3.615495701053180710e+03,1.469853784749636683e+00
3.615013571193951975e+03,1.469852233734899594e+00
3.614531441334723240e+03,1.469850804543159084e+00
3.614049311475495415e+03,1.469849134676717739e+00
3.613567181616266680e+03,1.469847703999330957e+00
3.613085051757038855e+03,1.469846154470239918e+00
3.612602921897810120e+03,1.469844723792853136e+00
3.612120792038581385e+03,1.469843293115466132e+00
3.611638662179353560e+03,1.469841982775429656e+00
3.611156532320124825e+03,1.469840670949746686e+00
3.610674402460896999e+03,1.469839359124063716e+00
3.610192272601668265e+03,1.469838048784027240e+00
3.609710142742440439e+03,1.469836855810048304e+00
3.609228012883211704e+03,1.469835664321715640e+00
3.608745883023982969e+03,1.469834591685087011e+00
3.608263753164755144e+03,1.469833398711108297e+00
3.607781623305526409e+03,1.469832326074479667e+00
3.607299493446298584e+03,1.469831253437851037e+00
3.606817363587069849e+03,1.469830418504630476e+00
3.606335233727841114e+03,1.469829345868001846e+00
3.605853103868613289e+03,1.469828631272131592e+00
3.605370974009384554e+03,1.469827796338910808e+00
3.604888844150156729e+03,1.469827081743040553e+00
3.604406714290927994e+03,1.469826365661524026e+00
3.603924584431699259e+03,1.469825888769061617e+00
3.603442454572471433e+03,1.469825293024895396e+00
3.602960324713242699e+03,1.469824816132432987e+00
3.602478194854014873e+03,1.469824220388266767e+00
3.601996064994786138e+03,1.469823862347508392e+00
3.601513935135557404e+03,1.469823385455046205e+00
3.601031805276329578e+03,1.469822908562583796e+00
3.600549675417100843e+03,1.469822431670121610e+00
3.600067545557873018e+03,1.469822193966713542e+00
3.599585415698644283e+03,1.469821598222547321e+00
3.599103285839416458e+03,1.469821359033492980e+00
3.598621155980187723e+03,1.469820882141030793e+00
3.598139026120958988e+03,1.469820644437622725e+00
3.597656896261731163e+03,1.469820167545160317e+00
3.597174766402502428e+03,1.469819809504402164e+00
3.596692636543274602e+03,1.469819451463643789e+00
3.596210506684045868e+03,1.469818974571181602e+00
3.595728376824817133e+03,1.469818497678719194e+00
3.595246246965589307e+03,1.469818141123607091e+00
3.594764117106360573e+03,1.469817425042090564e+00
3.594281987247132747e+03,1.469816948149628377e+00
3.593799857387904012e+03,1.469816352405461934e+00
3.593317727528675277e+03,1.469815637809591680e+00
3.592835597669447452e+03,1.469815040579779186e+00
3.592353467810218717e+03,1.469814325983908709e+00
3.591871337950990892e+03,1.469813609902392182e+00
3.591389208091762157e+03,1.469813014158225961e+00
3.590907078232533422e+03,1.469812299562355484e+00
3.590424948373305597e+03,1.469811583480838957e+00
3.589942818514076862e+03,1.469810868884968702e+00
3.589460688654849037e+03,1.469810152803452175e+00
3.588978558795620302e+03,1.469809438207581698e+00
3.588496428936392476e+03,1.469808723611711443e+00
3.588014299077163741e+03,1.469807888678490881e+00
3.587532169217935007e+03,1.469807053745270320e+00
3.587050039358707181e+03,1.469806220297696031e+00
3.586567909499478446e+03,1.469805623067883316e+00
3.586085779640250621e+03,1.469804669282958720e+00
3.585603649781021886e+03,1.469804073538792499e+00
3.585121519921793151e+03,1.469803119753867904e+00
3.584639390062565326e+03,1.469802524009701683e+00
3.584157260203336591e+03,1.469801689076480899e+00
3.583675130344108766e+03,1.469801093332314679e+00
3.583193000484880031e+03,1.469800378736444424e+00
3.582710870625651296e+03,1.469799662654927896e+00
3.582228740766423471e+03,1.469799066910761454e+00
3.581746610907194736e+03,1.469798352314891199e+00
3.581264481047966910e+03,1.469797517381670637e+00
3.580782351188738176e+03,1.469796921637504195e+00
3.580300221329509441e+03,1.469796086704283633e+00
3.579818091470281615e+03,1.469795372108413378e+00
3.579335961611052880e+03,1.469794537175192817e+00
3.578853831751825055e+03,1.469793941431026596e+00
3.578371701892596320e+03,1.469793106497805812e+00
3.577889572033368495e+03,1.469792510753639592e+00
3.577407442174139760e+03,1.469791675820419030e+00
3.576925312314911025e+03,1.469790961224548775e+00
3.576443182455683200e+03,1.469790126291327992e+00
3.575961052596454465e+03,1.469789411695457737e+00
3.575478922737226640e+03,1.469788457910533142e+00
3.574996792877997905e+03,1.469787622977312580e+00
3.574514663018769170e+03,1.469786550340683950e+00
3.574032533159541345e+03,1.469785715407463389e+00
3.573550403300312610e+03,1.469784642770834759e+00
3.573068273441084784e+03,1.469783688985910164e+00
3.572586143581856049e+03,1.469782616349281534e+00
3.572104013722627315e+03,1.469781662564356939e+00
3.571621883863399489e+03,1.469780589927728309e+00
3.571139754004170754e+03,1.469779517291099902e+00
3.570657624144942929e+03,1.469778443168825000e+00
3.570175494285714194e+03,1.469777370532196370e+00
3.569693364426485459e+03,1.469776297895567740e+00
3.569211234567257634e+03,1.469775106407235077e+00
3.568729104708028899e+03,1.469774033770606447e+00
3.568246974848801074e+03,1.469772840796627511e+00
3.567764844989572339e+03,1.469771530456591035e+00
3.567282715130344513e+03,1.469770337482612099e+00
3.566800585271115779e+03,1.469769145994279436e+00
3.566318455411887044e+03,1.469767715316892653e+00
3.565836325552659218e+03,1.469766522342913717e+00
3.565354195693430484e+03,1.469765212002877020e+00
3.564872065834202658e+03,1.469763900177194271e+00
3.564389935974973923e+03,1.469762588351511301e+00
3.563907806115745188e+03,1.469761278011474603e+00
3.563425676256517363e+03,1.469760085037495889e+00
3.562943546397288628e+03,1.469758774697459192e+00
3.562461416538060803e+03,1.469757462871776221e+00
3.561979286678832068e+03,1.469756032194389439e+00
3.561497156819603333e+03,1.469754721854352741e+00
3.561015026960375508e+03,1.469753170839615652e+00
3.560532897101146773e+03,1.469751860499578955e+00
3.560050767241918948e+03,1.469750310970488139e+00
3.559568637382690213e+03,1.469748880293101134e+00
3.559086507523461478e+03,1.469747449615714352e+00
3.558604377664233652e+03,1.469746018938327348e+00
3.558122247805004918e+03,1.469744588260940565e+00
3.557640117945777092e+03,1.469743038731849527e+00
3.557157988086548357e+03,1.469741608054462745e+00
3.556675858227320532e+03,1.469740177377075740e+00
3.556193728368091797e+03,1.469738627847984924e+00
3.555711598508863062e+03,1.469737197170597920e+00
3.555229468649635237e+03,1.469735647641507104e+00
3.554747338790406502e+03,1.469734098112416287e+00
3.554265208931178677e+03,1.469732429731621215e+00
3.553783079071949942e+03,1.469730878716884126e+00
3.553300949212721207e+03,1.469729329187793088e+00
3.552818819353493382e+03,1.469727779658702271e+00
3.552336689494264647e+03,1.469726111277907421e+00
3.551854559635036821e+03,1.469724561748816383e+00
3.551372429775808087e+03,1.469722891882375260e+00
3.550890299916579352e+03,1.469721342353284443e+00
3.550408170057351526e+03,1.469719673972489593e+00
3.549926040198122791e+03,1.469718243295102589e+00
3.549443910338894966e+03,1.469716574914307738e+00
3.548961780479666231e+03,1.469715023899570427e+00
3.548479650620437496e+03,1.469713355518775577e+00
3.547997520761209671e+03,1.469711805989684761e+00
3.547515390901980936e+03,1.469710137608889688e+00
3.547033261042753111e+03,1.469708586594152600e+00
3.546551131183524376e+03,1.469706918213357749e+00
3.546069001324296551e+03,1.469705368684266711e+00
3.545586871465067816e+03,1.469703579966121554e+00
3.545104741605839081e+03,1.469702030437030738e+00
3.544622611746611256e+03,1.469700362056235887e+00
3.544140481887382521e+03,1.469698812527144849e+00
3.543658352028154695e+03,1.469697262998054033e+00
3.543176222168925960e+03,1.469695832320667028e+00
3.542694092309697226e+03,1.469694282791576212e+00
3.542211962450469400e+03,1.469692731776838901e+00
3.541729832591240665e+03,1.469691182247748085e+00
3.541247702732012840e+03,1.469689632718657268e+00
3.540765572872784105e+03,1.469688083189566230e+00
3.540283443013555370e+03,1.469686652512179448e+00
3.539801313154327545e+03,1.469685102983088409e+00
3.539319183295098810e+03,1.469683672305701627e+00
3.538837053435870985e+03,1.469682241628314623e+00
3.538354923576642250e+03,1.469680810950927841e+00
3.537872793717413515e+03,1.469679380273540836e+00
3.537390663858185690e+03,1.469678069933504361e+00
3.536908533998956955e+03,1.469676639256117356e+00
3.536426404139729129e+03,1.469675327430434386e+00
3.535944274280500395e+03,1.469674017090397911e+00
3.535462144421272569e+03,1.469672705264714940e+00
3.534980014562043834e+03,1.469671393439032192e+00
3.534497884702815099e+03,1.469669962761645188e+00
3.534015754843587274e+03,1.469668771273312524e+00
3.533533624984358539e+03,1.469667459447629776e+00
3.533051495125130714e+03,1.469666149107593078e+00
3.532569365265901979e+03,1.469664956133614142e+00
3.532087235406673244e+03,1.469663645793577667e+00
3.531605105547445419e+03,1.469662573156949037e+00
3.531122975688216684e+03,1.469661380182970101e+00
3.530640845828988859e+03,1.469660307546341471e+00
3.530158715969760124e+03,1.469659353761416876e+00
3.529676586110531389e+03,1.469658281124788246e+00
3.529194456251303563e+03,1.469657327339863651e+00
3.528712326392074829e+03,1.469656373554939055e+00
3.528230196532847003e+03,1.469655300918310425e+00
3.527748066673618268e+03,1.469654584836793898e+00
3.527265936814389534e+03,1.469653512200165268e+00
3.526783806955161708e+03,1.469652678752590980e+00
3.526301677095932973e+03,1.469651724967666384e+00
3.525819547236705148e+03,1.469650890034445823e+00
3.525337417377476413e+03,1.469650055101225261e+00
3.524855287518248588e+03,1.469649221653650972e+00
3.524373157659019853e+03,1.469648267868726377e+00
3.523891027799791118e+03,1.469647551787209627e+00
3.523408897940563293e+03,1.469646598002285032e+00
3.522926768081334558e+03,1.469645883406414777e+00
3.522444638222106732e+03,1.469644929621490181e+00
3.521962508362877998e+03,1.469644094688269620e+00
3.521480378503649263e+03,1.469643140903345024e+00
3.520998248644421437e+03,1.469642307455770736e+00
3.520516118785192702e+03,1.469641233333495833e+00
3.520033988925964877e+03,1.469640281034217510e+00
3.519551859066736142e+03,1.469639327249292915e+00
3.519069729207507407e+03,1.469638253127018013e+00
3.518587599348279582e+03,1.469637180490389383e+00
3.518105469489050847e+03,1.469636226705464788e+00
3.517623339629823022e+03,1.469635154068836158e+00
3.517141209770594287e+03,1.469634081432207529e+00
3.516659079911365552e+03,1.469633008795578899e+00
3.516176950052137727e+03,1.469632055010654303e+00
3.515694820192908992e+03,1.469630862036675589e+00
3.515212690333681167e+03,1.469629789400046960e+00
3.514730560474452432e+03,1.469628597911714296e+00
3.514248430615224606e+03,1.469627525275085667e+00
3.513766300755995871e+03,1.469626332301106730e+00
3.513284170896767137e+03,1.469625140812774289e+00
3.512802041037539311e+03,1.469623828987091319e+00
3.512319911178310576e+03,1.469622756350462689e+00
3.511837781319082751e+03,1.469621564862130025e+00
3.511355651459854016e+03,1.469620371888151089e+00
3.510873521600625281e+03,1.469619180399818648e+00
3.510391391741397456e+03,1.469618107763190018e+00
3.509909261882168721e+03,1.469616795937507048e+00
3.509427132022940896e+03,1.469615723300878418e+00
3.508945002163712161e+03,1.469614531812545977e+00
3.508462872304483426e+03,1.469613338838567040e+00
3.507980742445255601e+03,1.469612147350234377e+00
3.507498612586026866e+03,1.469610954376255441e+00
3.507016482726799040e+03,1.469609762887922999e+00
3.506534352867570306e+03,1.469608451062240029e+00
3.506052223008341571e+03,1.469607259573907365e+00
3.505570093149113745e+03,1.469605947748224395e+00
3.505087963289885010e+03,1.469604756259891953e+00
3.504605833430657185e+03,1.469603444434208983e+00
3.504123703571428450e+03,1.469602252945876320e+00
3.503641573712200625e+03,1.469601059971897383e+00
3.503159443852971890e+03,1.469599749631860908e+00
3.502677313993743155e+03,1.469598676995232278e+00
3.502195184134515330e+03,1.469597246317845496e+00
3.501713054275286595e+03,1.469596053343866560e+00
3.501230924416058770e+03,1.469594743003829862e+00
3.500748794556830035e+03,1.469593431178146892e+00
3.500266664697601300e+03,1.469592119352464143e+00
3.499784534838373474e+03,1.469590809012427446e+00
3.499302404979144740e+03,1.469589378335040664e+00
3.498820275119916914e+03,1.469588066509357693e+00
3.498338145260688179e+03,1.469586754683674723e+00
3.497856015401459445e+03,1.469585325491934213e+00
3.497373885542231619e+03,1.469584013666251243e+00
3.496891755683002884e+03,1.469582701840568495e+00
3.496409625823775059e+03,1.469581271163181491e+00
3.495927495964546324e+03,1.469580079674848827e+00
3.495445366105317589e+03,1.469578648997462045e+00
3.494963236246089764e+03,1.469577337171779075e+00
3.494481106386861029e+03,1.469575907980038565e+00
3.493998976527633204e+03,1.469574477302651561e+00
3.493516846668404469e+03,1.469573046625264778e+00
3.493034716809176643e+03,1.469571615947877774e+00
3.492552586949947909e+03,1.469570185270490992e+00
3.492070457090719174e+03,1.469568754593103987e+00
3.491588327231491348e+03,1.469567323915716983e+00
3.491106197372262613e+03,1.469566013575680508e+00
3.490624067513034788e+03,1.469564462560943197e+00
3.490141937653806053e+03,1.469563152220906721e+00
3.489659807794577318e+03,1.469561721543519717e+00
3.489177677935349493e+03,1.469560409717836968e+00
3.488695548076120758e+03,1.469558979040449964e+00
3.488213418216892933e+03,1.469557668700413489e+00
3.487731288357664198e+03,1.469556238023026484e+00
3.487249158498435463e+03,1.469554807345639702e+00
3.486767028639207638e+03,1.469553257816548664e+00
3.486284898779978903e+03,1.469551827139161881e+00
3.485802768920751078e+03,1.469550277610070843e+00
3.485320639061522343e+03,1.469548846932684061e+00
3.484838509202293608e+03,1.469547297403593022e+00
3.484356379343065782e+03,1.469545866726206240e+00
3.483874249483837048e+03,1.469544317197115202e+00
3.483392119624609222e+03,1.469542886519728420e+00
3.482909989765380487e+03,1.469541455842341415e+00
3.482427859906152662e+03,1.469540025164954633e+00
3.481945730046923927e+03,1.469538475635863595e+00
3.481463600187695192e+03,1.469537044958476812e+00
3.480981470328467367e+03,1.469535376577681962e+00
3.480499340469238632e+03,1.469533945900294958e+00
3.480017210610010807e+03,1.469532276033853835e+00
3.479535080750782072e+03,1.469530726504762796e+00
3.479052950891553337e+03,1.469529058123967946e+00
3.478570821032325512e+03,1.469527508594877130e+00
3.478088691173096777e+03,1.469525838728435785e+00
3.477606561313868951e+03,1.469524289199344969e+00
3.477124431454640217e+03,1.469522620818550118e+00
3.476642301595411482e+03,1.469521071289459302e+00
3.476160171736183656e+03,1.469519401423017957e+00
3.475678041876954921e+03,1.469517733042223107e+00
3.475195912017727096e+03,1.469516183513132290e+00
3.474713782158498361e+03,1.469514515132337218e+00
3.474231652299269626e+03,1.469512726414192061e+00
3.473749522440041801e+03,1.469511058033397211e+00
3.473267392580813066e+03,1.469509269315252054e+00
3.472785262721585241e+03,1.469507600934457203e+00
3.472303132862356506e+03,1.469505693364607790e+00
3.471821003003128681e+03,1.469504023498166667e+00
3.471338873143899946e+03,1.469502236265667783e+00
3.470856743284671211e+03,1.469500447547522626e+00
3.470374613425443385e+03,1.469498660315023741e+00
3.469892483566214651e+03,1.469496871596878584e+00
3.469410353706986825e+03,1.469495082878733205e+00
3.468928223847758090e+03,1.469493295646234321e+00
3.468446093988529356e+03,1.469491388076385130e+00
3.467963964129301530e+03,1.469489599358239973e+00
3.467481834270072795e+03,1.469487691788390782e+00
3.466999704410844970e+03,1.469485904555891898e+00
3.466517574551616235e+03,1.469483878134338672e+00
3.466035444692387500e+03,1.469482089416193515e+00
3.465553314833159675e+03,1.469480062994640290e+00
3.465071184973930940e+03,1.469478155424791099e+00
3.464589055114703115e+03,1.469476129003237874e+00
3.464106925255474380e+03,1.469474340285092717e+00
3.463624795396245645e+03,1.469472434200889799e+00
3.463142665537017820e+03,1.469470526631040608e+00
3.462660535677789085e+03,1.469468619061191417e+00
3.462178405818561259e+03,1.469466830343046260e+00
3.461696275959332525e+03,1.469464803921493035e+00
3.461214146100104699e+03,1.469463016688994150e+00
3.460732016240875964e+03,1.469460990267440925e+00
3.460249886381647229e+03,1.469459082697591734e+00
3.459767756522419404e+03,1.469457056276038509e+00
3.459285626663190669e+03,1.469455148706189318e+00
3.458803496803962844e+03,1.469453122284636093e+00
3.458321366944734109e+03,1.469451214714786902e+00
3.457839237085505374e+03,1.469449188293233677e+00
3.457357107226277549e+03,1.469447280723384486e+00
3.456874977367048814e+03,1.469445373153535295e+00
3.456392847507820989e+03,1.469443465583686104e+00
3.455910717648592254e+03,1.469441439162132879e+00
3.455428587789363519e+03,1.469439650443987722e+00
3.454946457930135693e+03,1.469437624022434496e+00
3.454464328070906959e+03,1.469435716452585305e+00
3.453982198211679133e+03,1.469433690031032080e+00
3.453500068352450398e+03,1.469431783946829162e+00
3.453017938493221664e+03,1.469429756039629664e+00
3.452535808633993838e+03,1.469427729618076439e+00
3.452053678774765103e+03,1.469425703196523214e+00
3.451571548915537278e+03,1.469423676774969989e+00
3.451089419056308543e+03,1.469421650353416986e+00
3.450607289197080718e+03,1.469419623931863761e+00
3.450125159337851983e+03,1.469417597510310536e+00
3.449643029478623248e+03,1.469415689940461345e+00
3.449160899619395423e+03,1.469413544667204086e+00
3.448678769760166688e+03,1.469411637097354895e+00
3.448196639900938862e+03,1.469409491824097636e+00
3.447714510041710128e+03,1.469407463916898138e+00
3.447232380182481393e+03,1.469405318643641101e+00
3.446750250323253567e+03,1.469403173370383842e+00
3.446268120464024832e+03,1.469401026611480310e+00
3.445785990604797007e+03,1.469398881338223051e+00
3.445303860745568272e+03,1.469396617213261980e+00
3.444821730886339537e+03,1.469394470454358448e+00
3.444339601027111712e+03,1.469392206329397155e+00
3.443857471167882977e+03,1.469390059570493623e+00
3.443375341308655152e+03,1.469387795445532552e+00
3.442893211449426417e+03,1.469385648686629020e+00
3.442411081590197682e+03,1.469383384561667727e+00
3.441928951730969857e+03,1.469381118951060383e+00
3.441446821871741122e+03,1.469378734488748783e+00
3.440964692012513297e+03,1.469376470363787490e+00
3.440482562153284562e+03,1.469374085901476112e+00
3.440000432294056736e+03,1.469371701439164513e+00
3.439518302434828001e+03,1.469369198125149101e+00
3.439036172575599267e+03,1.469366813662837501e+00
3.438554042716371441e+03,1.469364310348822089e+00
3.438071912857142706e+03,1.469361925886510489e+00
3.437589782997914881e+03,1.469359422572495077e+00
3.437107653138686146e+03,1.469357039595829972e+00
3.436625523279457411e+03,1.469354536281814338e+00
3.436143393420229586e+03,1.469352151819502961e+00
3.435661263561000851e+03,1.469349528168137020e+00
3.435179133701773026e+03,1.469347145191471915e+00
3.434697003842544291e+03,1.469344641877456503e+00
3.434214873983315556e+03,1.469342138563440869e+00
3.433732744124087731e+03,1.469339514912075151e+00
3.433250614264858996e+03,1.469336892746355483e+00
3.432768484405631170e+03,1.469334270580636037e+00
3.432286354546402436e+03,1.469331767266620625e+00
3.431804224687173701e+03,1.469329024763550873e+00
3.431322094827945875e+03,1.469326521449535239e+00
3.430839964968717140e+03,1.469323899283815793e+00
3.430357835109489315e+03,1.469321275632450075e+00
3.429875705250260580e+03,1.469318653466730407e+00
3.429393575391032755e+03,1.469316150152714995e+00
3.428911445531804020e+03,1.469313527986995549e+00
3.428429315672575285e+03,1.469310904335629608e+00
3.427947185813347460e+03,1.469308282169910163e+00
3.427465055954118725e+03,1.469305660004190717e+00
3.426982926094890900e+03,1.469302917501120964e+00
3.426500796235662165e+03,1.469300295335401296e+00
3.426018666376433430e+03,1.469297554317977816e+00
3.425536536517205604e+03,1.469294930666612098e+00
3.425054406657976870e+03,1.469292308500892652e+00
3.424572276798749044e+03,1.469289565997822899e+00
3.424090146939520309e+03,1.469286943832103232e+00
3.423608017080291575e+03,1.469284321666383786e+00
3.423125887221063749e+03,1.469281698015018067e+00
3.422643757361835014e+03,1.469279075849298399e+00
3.422161627502607189e+03,1.469276453683578954e+00
3.421679497643378454e+03,1.469273831517859508e+00
3.421197367784149719e+03,1.469271207866493789e+00
3.420715237924921894e+03,1.469268585700774121e+00
3.420233108065693159e+03,1.469265843197704369e+00
3.419750978206465334e+03,1.469263221031984923e+00
3.419268848347236599e+03,1.469260480014561443e+00
3.418786718488008773e+03,1.469257856363195502e+00
3.418304588628780039e+03,1.469255115345772023e+00
3.417822458769551304e+03,1.469252372842702270e+00
3.417340328910323478e+03,1.469249750676982824e+00
3.416858199051094743e+03,1.469247128511263378e+00
3.416376069191866918e+03,1.469244504859897438e+00
3.415893939332638183e+03,1.469241882694177992e+00
3.415411809473409448e+03,1.469239260528458546e+00
3.414929679614181623e+03,1.469236638362739100e+00
3.414447549754952888e+03,1.469234014711373160e+00
3.413965419895725063e+03,1.469231392545653714e+00
3.413483290036496328e+03,1.469228650042583961e+00
3.413001160177267593e+03,1.469225909025160481e+00
3.412519030318039768e+03,1.469223166522090507e+00
3.412036900458811033e+03,1.469220544356371061e+00
3.411554770599583208e+03,1.469217683001597274e+00
3.411072640740354473e+03,1.469215060835877829e+00
3.410590510881125738e+03,1.469212199481104042e+00
3.410108381021897912e+03,1.469209577315384596e+00
3.409626251162669178e+03,1.469206834812314622e+00
3.409144121303441352e+03,1.469204093794891142e+00
3.408661991444212617e+03,1.469201351291821389e+00
3.408179861584984792e+03,1.469198610274397909e+00
3.407697731725756057e+03,1.469195748919624123e+00
3.407215601866527322e+03,1.469193006416554370e+00
3.406733472007299497e+03,1.469190026210076550e+00
3.406251342148070762e+03,1.469187166340949036e+00
3.405769212288842937e+03,1.469184186134471215e+00
3.405287082429614202e+03,1.469181324779697428e+00
3.404804952570385467e+03,1.469178344573219608e+00
3.404322822711157642e+03,1.469175364366741787e+00
3.403840692851928907e+03,1.469172384160263967e+00
3.403358562992701081e+03,1.469169403953786146e+00
3.402876433133472347e+03,1.469166423747308325e+00
3.402394303274243612e+03,1.469163443540830505e+00
3.401912173415015786e+03,1.469160342997002600e+00
3.401430043555787051e+03,1.469157362790524779e+00
3.400947913696559226e+03,1.469154263732342924e+00
3.400465783837330491e+03,1.469151164674161070e+00
3.399983653978101756e+03,1.469147945278628908e+00
3.399501524118873931e+03,1.469144727368743242e+00
3.399019394259645196e+03,1.469141507973211080e+00
3.398537264400417371e+03,1.469138408915029226e+00
3.398055134541188636e+03,1.469135070667793252e+00
3.397573004681960811e+03,1.469131971609611398e+00
3.397090874822732076e+03,1.469128753699725509e+00
3.396608744963503341e+03,1.469125653155897382e+00
3.396126615104275515e+03,1.469122435246011715e+00
3.395644485245046781e+03,1.469119336187829861e+00
3.395162355385818955e+03,1.469116116792297699e+00
3.394680225526590220e+03,1.469113017734116067e+00
3.394198095667361486e+03,1.469109798338583905e+00
3.393715965808133660e+03,1.469106580428698017e+00
3.393233835948904925e+03,1.469103361033166077e+00
3.392751706089677100e+03,1.469100143123280189e+00
3.392269576230448365e+03,1.469096923727748027e+00
3.391787446371219630e+03,1.469093705817862361e+00
3.391305316511991805e+03,1.469090367570626166e+00
3.390823186652763070e+03,1.469087268512444311e+00
3.390341056793535245e+03,1.469084049116912372e+00
3.389858926934306510e+03,1.469080831207026483e+00
3.389376797075077775e+03,1.469077732148844628e+00
3.388894667215849950e+03,1.469074631605016501e+00
3.388412537356621215e+03,1.469071413695130834e+00
3.387930407497393389e+03,1.469068194299598673e+00
3.387448277638164654e+03,1.469064976389712784e+00
3.386966147778936829e+03,1.469061756994180845e+00
3.386484017919708094e+03,1.469058539084294956e+00
3.386001888060479359e+03,1.469055319688762795e+00
3.385519758201251534e+03,1.469051982927173094e+00
3.385037628342022799e+03,1.469048763531640933e+00
3.384555498482794974e+03,1.469045425284404960e+00
3.384073368623566239e+03,1.469042207374519071e+00
3.383591238764337504e+03,1.469038869127283098e+00
3.383109108905109679e+03,1.469035651217397209e+00
3.382626979045880944e+03,1.469032431821865048e+00
3.382144849186653119e+03,1.469029213911979381e+00
3.381662719327424384e+03,1.469025994516447220e+00
3.381180589468195649e+03,1.469022776606561331e+00
3.380698459608967823e+03,1.469019438359325358e+00
3.380216329749739089e+03,1.469016218963793197e+00
3.379734199890511263e+03,1.469012882202203496e+00
3.379252070031282528e+03,1.469009662806671335e+00
3.378769940172053794e+03,1.469006324559435139e+00
3.378287810312825968e+03,1.469003106649549473e+00
3.377805680453597233e+03,1.468999887254017311e+00
3.377323550594369408e+03,1.468996669344131423e+00
3.376841420735140673e+03,1.468993449948599483e+00
3.376359290875911938e+03,1.468990350890417629e+00
3.375877161016684113e+03,1.468987132980531740e+00
3.375395031157455378e+03,1.468984032436703613e+00
3.374912901298227553e+03,1.468980814526817946e+00
3.374430771438998818e+03,1.468977715468636092e+00
3.373948641579770992e+03,1.468974496073103930e+00
3.373466511720542258e+03,1.468971397014922298e+00
3.372984381861313523e+03,1.468968177619390136e+00
3.372502252002085697e+03,1.468965078561208282e+00
3.372020122142856962e+03,1.468961860651322393e+00
3.371537992283629137e+03,1.468958641255790454e+00
3.371055862424400402e+03,1.468955423345904565e+00
3.370573732565171667e+03,1.468952322802076438e+00
3.370091602705943842e+03,1.468949104892190771e+00
3.369609472846715107e+03,1.468945885496658610e+00
3.369127342987487282e+03,1.468942667586772721e+00
3.368645213128258547e+03,1.468939568528591089e+00
3.368163083269029812e+03,1.468936230281354893e+00
3.367680953409801987e+03,1.468933010885822732e+00
3.367198823550573252e+03,1.468929674124233031e+00
3.366716693691345426e+03,1.468926335876996836e+00
3.366234563832116692e+03,1.468922997629760863e+00
3.365752433972887957e+03,1.468919540530820633e+00
3.365270304113660131e+03,1.468916083431880626e+00
3.364788174254431397e+03,1.468912746670290703e+00
3.364306044395203571e+03,1.468909169234000389e+00
3.363823914535974836e+03,1.468905832472410689e+00
3.363341784676747011e+03,1.468902255036120152e+00
3.362859654817518276e+03,1.468898918274530452e+00
3.362377524958289541e+03,1.468895340838239916e+00
3.361895395099061716e+03,1.468892004076650215e+00
3.361413265239832981e+03,1.468888426640359901e+00
3.360931135380605156e+03,1.468884969541419672e+00
3.360449005521376421e+03,1.468881512442479664e+00
3.359966875662147686e+03,1.468878056829185708e+00
3.359484745802919861e+03,1.468874479392895394e+00
3.359002615943691126e+03,1.468871022293955386e+00
3.358520486084463300e+03,1.468867446343311123e+00
3.358038356225234565e+03,1.468863989244371115e+00
3.357556226366005831e+03,1.468860532145430886e+00
3.357074096506778005e+03,1.468857314235545219e+00
3.356591966647549270e+03,1.468853975988309024e+00
3.356109836788321445e+03,1.468850756592777085e+00
3.355627706929092710e+03,1.468847538682891196e+00
3.355145577069863975e+03,1.468844439624709342e+00
3.354663447210636150e+03,1.468841339080881214e+00
3.354181317351407415e+03,1.468838358874403394e+00
3.353699187492179590e+03,1.468835259816221761e+00
3.353217057632950855e+03,1.468832279609743940e+00
3.352734927773723030e+03,1.468829299403266120e+00
3.352252797914494295e+03,1.468826438048492333e+00
3.351770668055265560e+03,1.468823578179364819e+00
3.351288538196037734e+03,1.468820835676295067e+00
3.350806408336809000e+03,1.468817974321521280e+00
3.350324278477581174e+03,1.468815352155801612e+00
3.349842148618352439e+03,1.468812609652731860e+00
3.349360018759123705e+03,1.468810106338716448e+00
3.348877888899895879e+03,1.468807365321292968e+00
3.348395759040667144e+03,1.468804741669927028e+00
3.347913629181439319e+03,1.468802119504207582e+00
3.347431499322210584e+03,1.468799497338488136e+00
3.346949369462981849e+03,1.468796754835418383e+00
3.346467239603754024e+03,1.468794132669698715e+00
3.345985109744525289e+03,1.468791271314924929e+00
3.345502979885297464e+03,1.468788530297501449e+00
3.345020850026068729e+03,1.468785668942727662e+00
3.344538720166839994e+03,1.468782807587953876e+00
3.344056590307612169e+03,1.468779827381476055e+00
3.343574460448383434e+03,1.468776966026702269e+00
3.343092330589155608e+03,1.468773866968520414e+00
3.342610200729926873e+03,1.468770886762042593e+00
3.342128070870699048e+03,1.468767787703860961e+00
3.341645941011470313e+03,1.468764688645679106e+00
3.341163811152241578e+03,1.468761469250146945e+00
3.340681681293013753e+03,1.468758370191965090e+00
3.340199551433785018e+03,1.468755031944729117e+00
3.339717421574557193e+03,1.468751814034843228e+00
3.339235291715328458e+03,1.468748356935903221e+00
3.338753161856099723e+03,1.468745018688667026e+00
3.338271031996871898e+03,1.468741561589727018e+00
3.337788902137643163e+03,1.468738223342490823e+00
3.337306772278415337e+03,1.468734766243550816e+00
3.336824642419186603e+03,1.468731427996314620e+00
3.336342512559957868e+03,1.468728091234724920e+00
3.335860382700730042e+03,1.468724871839192758e+00
3.335378252841501308e+03,1.468721533591956785e+00
3.334896122982273482e+03,1.468718315682070896e+00
3.334413993123044747e+03,1.468714977434834701e+00
3.333931863263816012e+03,1.468711759524949034e+00
3.333449733404588187e+03,1.468708540129416873e+00
3.332967603545359452e+03,1.468705322219530984e+00
3.332485473686131627e+03,1.468702221675703079e+00
3.332003343826902892e+03,1.468699003765817190e+00
3.331521213967675067e+03,1.468696023559339370e+00
3.331039084108446332e+03,1.468692924501157515e+00
3.330556954249217597e+03,1.468689944294679695e+00
3.330074824389989772e+03,1.468687082939905908e+00
3.329592694530761037e+03,1.468684221585132121e+00
3.329110564671533211e+03,1.468681360230358335e+00
3.328628434812304477e+03,1.468678619212934855e+00
3.328146304953075742e+03,1.468675876709865102e+00
3.327664175093847916e+03,1.468673135692441623e+00
3.327182045234619181e+03,1.468670512041075682e+00
3.326699915375391356e+03,1.468667771023652202e+00
3.326217785516162621e+03,1.468665148857932756e+00
3.325735655656933886e+03,1.468662406354863004e+00
3.325253525797706061e+03,1.468659784189143558e+00
3.324771395938477326e+03,1.468657160537777617e+00
3.324289266079249501e+03,1.468654657223762205e+00
3.323807136220020766e+03,1.468652035058042760e+00
3.323325006360792031e+03,1.468649531744027126e+00
3.322842876501564206e+03,1.468646909578307680e+00
3.322360746642335471e+03,1.468644406264292268e+00
3.321878616783107645e+03,1.468641902950276634e+00
3.321396486923878911e+03,1.468639399636261222e+00
3.320914357064651085e+03,1.468636775984895282e+00
3.320432227205422350e+03,1.468634272670879870e+00
3.319950097346193616e+03,1.468631650505160424e+00
3.319467967486965790e+03,1.468629028339440978e+00
3.318985837627737055e+03,1.468626285836371004e+00
3.318503707768509230e+03,1.468623663670651558e+00
3.318021577909280495e+03,1.468620921167581805e+00
3.317539448050051760e+03,1.468618180150158326e+00
3.317057318190823935e+03,1.468615437647088573e+00
3.316575188331595200e+03,1.468612696629665093e+00
3.316093058472367375e+03,1.468609835274891084e+00
3.315610928613138640e+03,1.468607092771821332e+00
3.315128798753909905e+03,1.468604232902693818e+00
3.314646668894682080e+03,1.468601490399624065e+00
3.314164539035453345e+03,1.468598510193146245e+00
3.313682409176225519e+03,1.468595529986668424e+00
3.313200279316996784e+03,1.468592549780190604e+00
3.312718149457768050e+03,1.468589569573712783e+00
3.312236019598540224e+03,1.468586470515531150e+00
3.311753889739311489e+03,1.468583371457349296e+00
3.311271759880083664e+03,1.468580152061817135e+00
3.310789630020854929e+03,1.468576934151931468e+00
3.310307500161627104e+03,1.468573833608103341e+00
3.309825370302398369e+03,1.468570615698217452e+00
3.309343240443169634e+03,1.468567396302685291e+00
3.308861110583941809e+03,1.468564059541095590e+00
3.308378980724713074e+03,1.468560840145563429e+00
3.307896850865485249e+03,1.468557501898327455e+00
3.307414721006256514e+03,1.468554044799387226e+00
3.306932591147027779e+03,1.468550708037797525e+00
3.306450461287799953e+03,1.468547130601506989e+00
3.305968331428571219e+03,1.468543673502566982e+00
3.305486201569343393e+03,1.468539978700218906e+00
3.305004071710114658e+03,1.468536402749574865e+00
3.304521941850885923e+03,1.468532706461580295e+00
3.304039811991658098e+03,1.468529011659232220e+00
3.303557682132429363e+03,1.468525196519533838e+00
3.303075552273201538e+03,1.468521620568889796e+00
3.302593422413972803e+03,1.468517686577487380e+00
3.302111292554744068e+03,1.468513990289493032e+00
3.301629162695516243e+03,1.468510176635440923e+00
3.301147032836287508e+03,1.468506361495742540e+00
3.300664902977059683e+03,1.468502308652636090e+00
3.300182773117830948e+03,1.468498374661233674e+00
3.299700643258603122e+03,1.468494321818127224e+00
3.299218513399374388e+03,1.468490268975020996e+00
3.298736383540145653e+03,1.468486095794564239e+00
3.298254253680917827e+03,1.468482042951457789e+00
3.297772123821689092e+03,1.468477869771001032e+00
3.297289993962461267e+03,1.468473698076190770e+00
3.296807864103232532e+03,1.468469526381380286e+00
3.296325734244003797e+03,1.468465353200923529e+00
3.295843604384775972e+03,1.468461181506113267e+00
3.295361474525547237e+03,1.468457008325656510e+00
3.294879344666319412e+03,1.468452717779141992e+00
3.294397214807090677e+03,1.468448544598685457e+00
3.293915084947861942e+03,1.468444372903874973e+00
3.293432955088634117e+03,1.468440080871714182e+00
3.292950825229405382e+03,1.468435790325199886e+00
3.292468695370177556e+03,1.468431617144743129e+00
3.291986565510948822e+03,1.468427325112582560e+00
3.291504435651720087e+03,1.468423034566068042e+00
3.291022305792492261e+03,1.468418742533907473e+00
3.290540175933263527e+03,1.468414570839096989e+00
3.290058046074035701e+03,1.468410278806936198e+00
3.289575916214806966e+03,1.468406107112125936e+00
3.289093786355579141e+03,1.468401933931669179e+00
3.288611656496350406e+03,1.468397762236858695e+00
3.288129526637121671e+03,1.468393589056402160e+00
3.287647396777893846e+03,1.468389417361591676e+00
3.287165266918665111e+03,1.468385244181134919e+00
3.286683137059437286e+03,1.468380953634620623e+00
3.286201007200208551e+03,1.468376661602459832e+00
3.285718877340979816e+03,1.468372489907649570e+00
3.285236747481751991e+03,1.468368197875488779e+00
3.284754617622523256e+03,1.468363905843327988e+00
3.284272487763295430e+03,1.468359615296813692e+00
3.283790357904066695e+03,1.468355323264652901e+00
3.283308228044837961e+03,1.468351031232492332e+00
3.282826098185610135e+03,1.468346740685977814e+00
3.282343968326381400e+03,1.468342448653817245e+00
3.281861838467153575e+03,1.468338037769952420e+00
3.281379708607924840e+03,1.468333626886087817e+00
3.280897578748696105e+03,1.468329216002222992e+00
3.280415448889468280e+03,1.468324686266654355e+00
3.279933319030239545e+03,1.468320275382789752e+00
3.279451189171011720e+03,1.468315626795517082e+00
3.278969059311782985e+03,1.468311097059948223e+00
3.278486929452555160e+03,1.468306446987029279e+00
3.278004799593326425e+03,1.468301798399756608e+00
3.277522669734097690e+03,1.468297029475133630e+00
3.277040539874869864e+03,1.468292380887860960e+00
3.276558410015641130e+03,1.468287611963237982e+00
3.276076280156413304e+03,1.468282963375965089e+00
3.275594150297184569e+03,1.468278075599638299e+00
3.275112020437955834e+03,1.468273427012365406e+00
3.274629890578728009e+03,1.468268539236038395e+00
3.274147760719499274e+03,1.468263770311415417e+00
3.273665630860271449e+03,1.468258882535088405e+00
3.273183501001042714e+03,1.468253994758761394e+00
3.272701371141813979e+03,1.468248988130730570e+00
3.272219241282586154e+03,1.468244100354403558e+00
3.271737111423357419e+03,1.468239093726372513e+00
3.271254981564129594e+03,1.468234087098341467e+00
3.270772851704900859e+03,1.468228961618606387e+00
3.270290721845672124e+03,1.468224073842279598e+00
3.269808591986444299e+03,1.468218948362544518e+00
3.269326462127215564e+03,1.468214060586217506e+00
3.268844332267987738e+03,1.468208814769132120e+00
3.268362202408759003e+03,1.468203926992805108e+00
3.267880072549531178e+03,1.468198801513070251e+00
3.267397942690302443e+03,1.468193676033335171e+00
3.266915812831073708e+03,1.468188549067953819e+00
3.266433682971845883e+03,1.468183423588218961e+00
3.265951553112617148e+03,1.468178177771133575e+00
3.265469423253389323e+03,1.468172933439694683e+00
3.264987293394160588e+03,1.468167568770905262e+00
3.264505163534931853e+03,1.468162443291170183e+00
3.264023033675704028e+03,1.468156959770676950e+00
3.263540903816475293e+03,1.468151713953591786e+00
3.263058773957247467e+03,1.468146468136506400e+00
3.262576644098018733e+03,1.468140984616013167e+00
3.262094514238789998e+03,1.468135740284574053e+00
3.261612384379562172e+03,1.468130256764080821e+00
3.261130254520333438e+03,1.468124892095291401e+00
3.260648124661105612e+03,1.468119408574798168e+00
3.260165994801876877e+03,1.468113925054304936e+00
3.259683864942648142e+03,1.468108441533811703e+00
3.259201735083420317e+03,1.468102837675967942e+00
3.258719605224191582e+03,1.468097235303770676e+00
3.258237475364963757e+03,1.468091632931573409e+00
3.257755345505735022e+03,1.468085910222025836e+00
3.257273215646507197e+03,1.468080307849828570e+00
3.256791085787278462e+03,1.468074585140280996e+00
3.256308955928049727e+03,1.468068863916379696e+00
3.255826826068821902e+03,1.468063260058535935e+00
3.255344696209593167e+03,1.468057538834634634e+00
3.254862566350365341e+03,1.468051816125087061e+00
3.254380436491136606e+03,1.468045974563835454e+00
3.253898306631907872e+03,1.468040253339934154e+00
3.253416176772680046e+03,1.468034411778682546e+00
3.252934046913451311e+03,1.468028570217430939e+00
3.252451917054223486e+03,1.468022730141825605e+00
3.251969787194994751e+03,1.468016888580573998e+00
3.251487657335766016e+03,1.468010807830268272e+00
3.251005527476538191e+03,1.468004967754662937e+00
3.250523397617309456e+03,1.467999007341707296e+00
3.250041267758081631e+03,1.467993046928751655e+00
3.249559137898852896e+03,1.467987205367500048e+00
3.249077008039624161e+03,1.467981363806248440e+00
3.248594878180396336e+03,1.467975284541588987e+00
3.248112748321167601e+03,1.467969442980337380e+00
3.247630618461939775e+03,1.467963482567381739e+00
3.247148488602711041e+03,1.467957522154426098e+00
3.246666358743483215e+03,1.467951561741470456e+00
3.246184228884254480e+03,1.467945601328514815e+00
3.245702099025025746e+03,1.467939522063855362e+00
3.245219969165797920e+03,1.467933680502603755e+00
3.244737839306569185e+03,1.467927599752297807e+00
3.244255709447341360e+03,1.467921759676692472e+00
3.243773579588112625e+03,1.467915799263736831e+00
3.243291449728883890e+03,1.467910076554189258e+00
3.242809319869656065e+03,1.467904116141233617e+00
3.242327190010427330e+03,1.467898393431686044e+00
3.241845060151199505e+03,1.467892553356080709e+00
3.241362930291970770e+03,1.467886949498237170e+00
3.240880800432742035e+03,1.467881109422631836e+00
3.240398670573514210e+03,1.467875625902138603e+00
3.239916540714285475e+03,1.467869784340886996e+00
3.239434410855057649e+03,1.467864300820393764e+00
3.238952280995828914e+03,1.467858696962550002e+00
3.238470151136600180e+03,1.467853213442056770e+00
3.237988021277372354e+03,1.467847729921563538e+00
3.237505891418143619e+03,1.467842246401070083e+00
3.237023761558915794e+03,1.467836881732280885e+00
3.236541631699687059e+03,1.467831637400841993e+00
3.236059501840459234e+03,1.467826391583756607e+00
3.235577371981230499e+03,1.467821266104021527e+00
3.235095242122001764e+03,1.467815901435232329e+00
3.234613112262773939e+03,1.467810894807201283e+00
3.234130982403545204e+03,1.467805648990115897e+00
3.233648852544317378e+03,1.467800642362085073e+00
3.233166722685088644e+03,1.467795398030645959e+00
3.232684592825859909e+03,1.467790389916968641e+00
3.232202462966632083e+03,1.467785145585529749e+00
3.231720333107403349e+03,1.467780018620148397e+00
3.231238203248175523e+03,1.467774893140413317e+00
3.230756073388946788e+03,1.467769886512382493e+00
3.230273943529718053e+03,1.467764640695297107e+00
3.229791813670490228e+03,1.467759515215562027e+00
3.229309683811261493e+03,1.467754389735827170e+00
3.228827553952033668e+03,1.467749262770445817e+00
3.228345424092804933e+03,1.467744018439006704e+00
3.227863294233576198e+03,1.467739011810975880e+00
3.227381164374348373e+03,1.467733647142186459e+00
3.226899034515119638e+03,1.467728401325101295e+00
3.226416904655891813e+03,1.467723036656311875e+00
3.225934774796663078e+03,1.467717792324872983e+00
3.225452644937435252e+03,1.467712427656083563e+00
3.224970515078206518e+03,1.467707062987294364e+00
3.224488385218977783e+03,1.467701579466800910e+00
3.224006255359749957e+03,1.467696214798011711e+00
3.223524125500521222e+03,1.467690850129222291e+00
3.223041995641293397e+03,1.467685605797783399e+00
3.222559865782064662e+03,1.467680122277290167e+00
3.222077735922835927e+03,1.467674876460204780e+00
3.221595606063608102e+03,1.467669392939711548e+00
3.221113476204379367e+03,1.467664148608272434e+00
3.220631346345151542e+03,1.467658663602132929e+00
3.220149216485922807e+03,1.467653419270693815e+00
3.219667086626694072e+03,1.467647935750200583e+00
3.219184956767466247e+03,1.467642571081411385e+00
3.218702826908237512e+03,1.467637206412621964e+00
3.218220697049009686e+03,1.467631962081183072e+00
3.217738567189780952e+03,1.467626597412393652e+00
3.217256437330552217e+03,1.467621232743604454e+00
3.216774307471324391e+03,1.467615986926519067e+00
3.216292177612095657e+03,1.467610861446783987e+00
3.215810047752867831e+03,1.467605615629698823e+00
3.215327917893639096e+03,1.467600490149963743e+00
3.214845788034411271e+03,1.467595364670228886e+00
3.214363658175182536e+03,1.467590118853143499e+00
3.213881528315953801e+03,1.467584993373408420e+00
3.213399398456725976e+03,1.467579986745377596e+00
3.212917268597497241e+03,1.467574622076588176e+00
3.212435138738269416e+03,1.467569853151965198e+00
3.211953008879040681e+03,1.467564608820526084e+00
3.211470879019811946e+03,1.467559600706848988e+00
3.210988749160584121e+03,1.467554594078817942e+00
3.210506619301355386e+03,1.467549706302490931e+00
3.210024489442127560e+03,1.467544699674459885e+00
3.209542359582898825e+03,1.467539811898132873e+00
3.209060229723670091e+03,1.467535044459156168e+00
3.208578099864442265e+03,1.467530275534533191e+00
3.208095970005213530e+03,1.467525268906502145e+00
3.207613840145985705e+03,1.467520620319229474e+00
3.207131710286756970e+03,1.467515732542902462e+00
3.206649580427528235e+03,1.467511082469983519e+00
3.206167450568300410e+03,1.467506315031006814e+00
3.205685320709071675e+03,1.467501427254679802e+00
3.205203190849843850e+03,1.467496897519111165e+00
3.204721060990615115e+03,1.467492128594488188e+00
3.204238931131387289e+03,1.467487480007215295e+00
3.203756801272158555e+03,1.467482950271646658e+00
3.203274671412929820e+03,1.467478300198727714e+00
3.202792541553701994e+03,1.467473651611455043e+00
3.202310411694473260e+03,1.467469121875886184e+00
3.201828281835245434e+03,1.467464592140317547e+00
3.201346151976016699e+03,1.467460060919102638e+00
3.200864022116787964e+03,1.467455651520884086e+00
3.200381892257560139e+03,1.467450882596261108e+00
3.199899762398331404e+03,1.467446590564100539e+00
3.199417632539103579e+03,1.467441823125123834e+00
3.198935502679874844e+03,1.467437291903908703e+00
3.198453372820646109e+03,1.467432762168340066e+00
3.197971242961418284e+03,1.467428113581067395e+00
3.197489113102189549e+03,1.467423583845498758e+00
3.197006983242961724e+03,1.467419054109929899e+00
3.196524853383732989e+03,1.467414285185306921e+00
3.196042723524504254e+03,1.467409636598034250e+00
3.195560593665276429e+03,1.467405105376819341e+00
3.195078463806047694e+03,1.467400219086138602e+00
3.194596333946819868e+03,1.467395687864923692e+00
3.194114204087591133e+03,1.467390920425946987e+00
3.193632074228363308e+03,1.467386032649619976e+00
3.193149944369134573e+03,1.467381263724996998e+00
3.192667814509905838e+03,1.467376257096965952e+00
3.192185684650678013e+03,1.467371489657989247e+00
3.191703554791449278e+03,1.467366481544311929e+00
3.191221424932221453e+03,1.467361474916280883e+00
3.190739295072992718e+03,1.467356349436545804e+00
3.190257165213763983e+03,1.467351461660218792e+00
3.189775035354536158e+03,1.467346217328779900e+00
3.189292905495307423e+03,1.467341090363398548e+00
3.188810775636079597e+03,1.467335846031959656e+00
3.188328645776850863e+03,1.467330839403928611e+00
3.187846515917622128e+03,1.467325235546085072e+00
3.187364386058394302e+03,1.467320110066349992e+00
3.186882256199165568e+03,1.467314745397560793e+00
3.186400126339937742e+03,1.467309261877067339e+00
3.185917996480709007e+03,1.467303778356574107e+00
3.185435866621480272e+03,1.467298294836080874e+00
3.184953736762252447e+03,1.467292334423125233e+00
3.184471606903023712e+03,1.467286969754335813e+00
3.183989477043795887e+03,1.467281009341380393e+00
3.183507347184567152e+03,1.467275167780128786e+00
3.183025217325339327e+03,1.467269326218877179e+00
3.182543087466110592e+03,1.467263486143271844e+00
3.182060957606881857e+03,1.467257286541261863e+00
3.181578827747654032e+03,1.467251326128306221e+00
3.181096697888425297e+03,1.467245126526296461e+00
3.180614568029197471e+03,1.467239047261636786e+00
3.180132438169968736e+03,1.467232609956218958e+00
3.179650308310740002e+03,1.467226291502504942e+00
3.179168178451512176e+03,1.467219616493679046e+00
3.178686048592283441e+03,1.467213179188261218e+00
3.178203918733055616e+03,1.467206383842085016e+00
3.177721788873826881e+03,1.467199708833259120e+00
3.177239659014598146e+03,1.467192913487082917e+00
3.176757529155370321e+03,1.467185880437498646e+00
3.176275399296141586e+03,1.467178847387914598e+00
3.175793269436913761e+03,1.467171933190034361e+00
3.175311139577685026e+03,1.467164779803099783e+00
3.174829009718456291e+03,1.467157509050107667e+00
3.174346879859228466e+03,1.467150117959765021e+00
3.173864749999999731e+03,1.467142964572830666e+00
3.173382620140771905e+03,1.467135216927376140e+00
3.172900490281543171e+03,1.467127944688737529e+00
3.172418360422315345e+03,1.467119957854228884e+00
3.171936230563086610e+03,1.467112447912182205e+00
3.171454100703857875e+03,1.467104459592027288e+00
3.170971970844630050e+03,1.467096593094868728e+00
3.170489840985401315e+03,1.467088725112063896e+00
3.170007711126173490e+03,1.467080738277555030e+00
3.169525581266944755e+03,1.467072631105696079e+00
3.169043451407716020e+03,1.467064525419483179e+00
3.168561321548488195e+03,1.467056299395920194e+00
3.168079191689259460e+03,1.467048193709707293e+00
3.167597061830031635e+03,1.467039729982736240e+00
3.167114931970802900e+03,1.467031503959173033e+00
3.166632802111574165e+03,1.467022921380497946e+00
3.166150672252346340e+03,1.467014457653526893e+00
3.165668542393117605e+03,1.467005754737501499e+00
3.165186412533889779e+03,1.466997291010530446e+00
3.164704282674661044e+03,1.466988469242801019e+00
3.164222152815432310e+03,1.466979767812421898e+00
3.163740022956204484e+03,1.466970827192988436e+00
3.163257893096975749e+03,1.466962124276963042e+00
3.162775763237747924e+03,1.466953183657529802e+00
3.162293633378519189e+03,1.466944243038096340e+00
3.161811503519291364e+03,1.466935302418662879e+00
3.161329373660062629e+03,1.466926242947525383e+00
3.160847243800833894e+03,1.466917181990741836e+00
3.160365113941606069e+03,1.466908122519604341e+00
3.159882984082377334e+03,1.466898942711116760e+00
3.159400854223149508e+03,1.466889645536571196e+00
3.158918724363920774e+03,1.466880465728083616e+00
3.158436594504692039e+03,1.466871048216187967e+00
3.157954464645464213e+03,1.466861511852588285e+00
3.157472334786235479e+03,1.466852332044100482e+00
3.156990204927007653e+03,1.466842676828796765e+00
3.156508075067778918e+03,1.466833140465197083e+00
3.156025945208550183e+03,1.466823602615951128e+00
3.155543815349322358e+03,1.466814066252351445e+00
3.155061685490093623e+03,1.466804290699697422e+00
3.154579555630865798e+03,1.466794635484393705e+00
3.154097425771637063e+03,1.466784859931739682e+00
3.153615295912408328e+03,1.466775084379085659e+00
3.153133166053180503e+03,1.466765071123023789e+00
3.152651036193951768e+03,1.466755176718665732e+00
3.152168906334723943e+03,1.466744925759195795e+00
3.151686776475495208e+03,1.466735031354837737e+00
3.151204646616267382e+03,1.466724778909721305e+00
3.150722516757038647e+03,1.466714407612901061e+00
3.150240386897809913e+03,1.466704394356839192e+00
3.149758257038582087e+03,1.466694023060018726e+00
3.149276127179353352e+03,1.466683532911494448e+00
3.148793997320125527e+03,1.466673280466378237e+00
3.148311867460896792e+03,1.466662790317853959e+00
3.147829737601668057e+03,1.466652179831979375e+00
3.147347607742440232e+03,1.466641570831751062e+00
3.146865477883211497e+03,1.466630841494172444e+00
3.146383348023983672e+03,1.466619993304889791e+00
3.145901218164754937e+03,1.466609384304661479e+00
3.145419088305526202e+03,1.466598178074620673e+00
3.144936958446298377e+03,1.466587569074392361e+00
3.144454828587069642e+03,1.466576243992647299e+00
3.143972698727841816e+03,1.466565276951660834e+00
3.143490568868613082e+03,1.466554070721619807e+00
3.143008439009384347e+03,1.466542865977225274e+00
3.142526309150156521e+03,1.466531659747184468e+00
3.142044179290927786e+03,1.466520334665439407e+00
3.141562049431699961e+03,1.466508771880286499e+00
3.141079919572471226e+03,1.466497446798541660e+00
3.140597789713242491e+03,1.466486002865092786e+00
3.140115659854014666e+03,1.466474200890885538e+00
3.139633529994785931e+03,1.466462517768382323e+00
3.139151400135558106e+03,1.466450836131525381e+00
3.138669270276329371e+03,1.466438915305614321e+00
3.138187140417101546e+03,1.466426994479703039e+00
3.137705010557872811e+03,1.466414953316441672e+00
3.137222880698644076e+03,1.466402794787122321e+00
3.136740750839416251e+03,1.466390873961211261e+00
3.136258620980187516e+03,1.466378595094541604e+00
3.135776491120959690e+03,1.466366316227872169e+00
3.135294361261730955e+03,1.466354157698553040e+00
3.134812231402502221e+03,1.466341758494533298e+00
3.134330101543274395e+03,1.466329241924455795e+00
3.133847971684045660e+03,1.466316725354378292e+00
3.133365841824817835e+03,1.466304327636004601e+00
3.132883711965589100e+03,1.466291334173464911e+00
3.132401582106360365e+03,1.466278816117741135e+00
3.131919452247132540e+03,1.466265941506905257e+00
3.131437322387903805e+03,1.466253066896069601e+00
3.130955192528675980e+03,1.466239835730121621e+00
3.130473062669447245e+03,1.466227079970989999e+00
3.129990932810218510e+03,1.466213728467691713e+00
3.129508802950990685e+03,1.466200735005152023e+00
3.129026673091761950e+03,1.466187502353557992e+00
3.128544543232534124e+03,1.466174150850259705e+00
3.128062413373305390e+03,1.466160799346961641e+00
3.127580283514077564e+03,1.466147447843663576e+00
3.127098153654848829e+03,1.466133738299607137e+00
3.126616023795620094e+03,1.466120267944605038e+00
3.126133893936392269e+03,1.466106320697140752e+00
3.125651764077163534e+03,1.466092731490434620e+00
3.125169634217935709e+03,1.466078663905619806e+00
3.124687504358706974e+03,1.466064955847209861e+00
3.124205374499478239e+03,1.466050769410691013e+00
3.123723244640250414e+03,1.466036822163226727e+00
3.123241114781021679e+03,1.466022516875004067e+00
3.122758984921793854e+03,1.466008569627539559e+00
3.122276855062565119e+03,1.465994145487612865e+00
3.121794725203336384e+03,1.465979840199390205e+00
3.121312595344108558e+03,1.465965295722113204e+00
3.120830465484879824e+03,1.465950990433890544e+00
3.120348335625651998e+03,1.465936328590555782e+00
3.119866205766423263e+03,1.465921546409870713e+00
3.119384075907194529e+03,1.465906764229185866e+00
3.118901946047966703e+03,1.465891863196796763e+00
3.118419816188737968e+03,1.465876962164407882e+00
3.117937686329510143e+03,1.465861942280314745e+00
3.117455556470281408e+03,1.465846920910575557e+00
3.116973426611053583e+03,1.465831782174778386e+00
3.116491296751824848e+03,1.465816641953335164e+00
3.116009166892596113e+03,1.465801382880187909e+00
3.115527037033368288e+03,1.465786125292686926e+00
3.115044907174139553e+03,1.465770747367835636e+00
3.114562777314911727e+03,1.465755130253930005e+00
3.114080647455682993e+03,1.465739513140024375e+00
3.113598517596454258e+03,1.465724016363469051e+00
3.113116387737226432e+03,1.465708280397859387e+00
3.112634257877997698e+03,1.465692306728841876e+00
3.112152128018769872e+03,1.465676570763232212e+00
3.111669998159541137e+03,1.465660478242510667e+00
3.111187868300312402e+03,1.465644623425197191e+00
3.110705738441084577e+03,1.465628410567125117e+00
3.110223608581855842e+03,1.465612436898107607e+00
3.109741478722628017e+03,1.465595986336627687e+00
3.109259348863399282e+03,1.465579892330259870e+00
3.108777219004170547e+03,1.465563441768779951e+00
3.108295089144942722e+03,1.465546872355595998e+00
3.107812959285713987e+03,1.465530301456765772e+00
3.107330829426486162e+03,1.465513850895285852e+00
3.106848699567257427e+03,1.465497042293047780e+00
3.106366569708029601e+03,1.465480233690809486e+00
3.105884439848800866e+03,1.465463306236867380e+00
3.105402309989572132e+03,1.465446616486333120e+00
3.104920180130344306e+03,1.465429212139928605e+00
3.104438050271115571e+03,1.465412522389394345e+00
3.103955920411887746e+03,1.465394880339581984e+00
3.103473790552659011e+03,1.465378071737343690e+00
3.102991660693430276e+03,1.465360309350180801e+00
3.102509530834202451e+03,1.465343023855480320e+00
3.102027400974973716e+03,1.465325619509075805e+00
3.101545271115745891e+03,1.465307975973617172e+00
3.101063141256517156e+03,1.465290333923804589e+00
3.100581011397288421e+03,1.465272571536641699e+00
3.100098881538060596e+03,1.465254569960424691e+00
3.099616751678831861e+03,1.465236688721557989e+00
3.099134621819604035e+03,1.465218449441932691e+00
3.098652491960375301e+03,1.465200449351361955e+00
3.098170362101146566e+03,1.465182328923440913e+00
3.097688232241918740e+03,1.465163733088703735e+00
3.097206102382690005e+03,1.465145612660782692e+00
3.096723972523462180e+03,1.465126897974341702e+00
3.096241842664233445e+03,1.465108658694716404e+00
3.095759712805005620e+03,1.465089703333574800e+00
3.095277582945776885e+03,1.465070868309783503e+00
3.094795453086548150e+03,1.465052272475046324e+00
3.094313323227320325e+03,1.465033079410496653e+00
3.093831193368091590e+03,1.465014363238409167e+00
3.093349063508863765e+03,1.464994694767043582e+00
3.092866933649635030e+03,1.464975620554197722e+00
3.092384803790406295e+03,1.464956189786239982e+00
3.091902673931178470e+03,1.464936638680932157e+00
3.091420544071949735e+03,1.464916970209566349e+00
3.090938414212721909e+03,1.464897181400850457e+00
3.090456284353493174e+03,1.464877511443838376e+00
3.089974154494264440e+03,1.464857484931714415e+00
3.089492024635036614e+03,1.464837456933944182e+00
3.089009894775807879e+03,1.464817191232765881e+00
3.088527764916580054e+03,1.464797045868937886e+00
3.088045635057351319e+03,1.464776659830409278e+00
3.087563505198122584e+03,1.464755918722414840e+00
3.087081375338894759e+03,1.464735294980478386e+00
3.086599245479666024e+03,1.464714552386837676e+00
3.086117115620438199e+03,1.464693690941493154e+00
3.085634985761209464e+03,1.464672471455390257e+00
3.085152855901981638e+03,1.464651370820991394e+00
3.084670726042752904e+03,1.464630271672238582e+00
3.084188596183524169e+03,1.464608456441969464e+00
3.083706466324296343e+03,1.464587236955866567e+00
3.083224336465067609e+03,1.464565182536543109e+00
3.082742206605839783e+03,1.464543844198736178e+00
3.082260076746611048e+03,1.464521672413354958e+00
3.081777946887382313e+03,1.464499617994031500e+00
3.081295817028154488e+03,1.464477563574708041e+00
3.080813687168925753e+03,1.464455033748568447e+00
3.080331557309697928e+03,1.464432741625836920e+00
3.079849427450469193e+03,1.464410091462347241e+00
3.079367297591240458e+03,1.464387203595449494e+00
3.078885167732012633e+03,1.464364315728551524e+00
3.078403037872783898e+03,1.464341188672599436e+00
3.077920908013556073e+03,1.464317823913239502e+00
3.077438778154327338e+03,1.464294817194637499e+00
3.076956648295098603e+03,1.464270736353760816e+00
3.076474518435870777e+03,1.464247609297808728e+00
3.075992388576642043e+03,1.464223290753524198e+00
3.075510258717414217e+03,1.464199330249997599e+00
3.075028128858185482e+03,1.464175130557416882e+00
3.074545998998957657e+03,1.464150453972373978e+00
3.074063869139728922e+03,1.464125896239034885e+00
3.073581739280500187e+03,1.464100981950583913e+00
3.073099609421272362e+03,1.464075590769670754e+00
3.072617479562043627e+03,1.464050318440461407e+00
3.072135349702815802e+03,1.464024927259548026e+00
3.071653219843587067e+03,1.463999178037876492e+00
3.071171089984358332e+03,1.463972951923742549e+00
3.070688960125130507e+03,1.463946963513016675e+00
3.070206830265901772e+03,1.463920260506420545e+00
3.069724700406673946e+03,1.463893915540582569e+00
3.069242570547445212e+03,1.463866735641524031e+00
3.068760440688216477e+03,1.463839913783223867e+00
3.068278310828988651e+03,1.463812375843407176e+00
3.067796180969759916e+03,1.463784481348478383e+00
3.067314051110532091e+03,1.463757182597715811e+00
3.066831921251303356e+03,1.463728811210324610e+00
3.066349791392074621e+03,1.463700438337287357e+00
3.065867661532846796e+03,1.463672066949896156e+00
3.065385531673618061e+03,1.463643218670042767e+00
3.064903401814390236e+03,1.463614012349431004e+00
3.064421271955161501e+03,1.463584806028819463e+00
3.063939142095933676e+03,1.463555122815745291e+00
3.063457012236704941e+03,1.463525439602671341e+00
3.062974882377476206e+03,1.463495279497134982e+00
3.062492752518248381e+03,1.463465000539894811e+00
3.062010622659019646e+03,1.463434244690192232e+00
3.061528492799791820e+03,1.463403488840489652e+00
3.061046362940563085e+03,1.463372374950028698e+00
3.060564233081334351e+03,1.463340307274643148e+00
3.060082103222106525e+03,1.463309313721532501e+00
3.059599973362877790e+03,1.463276769153684764e+00
3.059117843503649965e+03,1.463244582626595403e+00
3.058635713644421230e+03,1.463211561166285257e+00
3.058153583785192495e+03,1.463178541191621385e+00
3.057671453925964670e+03,1.463145280542256899e+00
3.057189324066735935e+03,1.463111664823426805e+00
3.056707194207508110e+03,1.463077212685729878e+00
3.056225064348279375e+03,1.463043118588791103e+00
3.055742934489050640e+03,1.463008070706927954e+00
3.055260804629822815e+03,1.462973143162414891e+00
3.054778674770594080e+03,1.462937380684681266e+00
3.054296544911366254e+03,1.462901020977135147e+00
3.053814415052137520e+03,1.462865020795993454e+00
3.053332285192909694e+03,1.462827946492577080e+00
3.052850155333680959e+03,1.462790991040864519e+00
3.052368025474452224e+03,1.462753797885743889e+00
3.051885895615224399e+03,1.462715413242290818e+00
3.051403765755995664e+03,1.462676550220729288e+00
3.050921635896767839e+03,1.462638284428980029e+00
3.050439506037539104e+03,1.462599421407418498e+00
3.049957376178310369e+03,1.462560797574911087e+00
3.049475246319082544e+03,1.462521459146533198e+00
3.048993116459853809e+03,1.462482358421563600e+00
3.048510986600625984e+03,1.462442543100723524e+00
3.048028856741397249e+03,1.462402607442533364e+00
3.047546726882168514e+03,1.462361957188472728e+00
3.047064597022940688e+03,1.462320948893653716e+00
3.046582467163711954e+03,1.462279584043722824e+00
3.046100337304484128e+03,1.462237263923221064e+00
3.045618207445255393e+03,1.462193991503440982e+00
3.045136077586026659e+03,1.462150003002144372e+00
3.044653947726798833e+03,1.462104823012515098e+00
3.044171817867570098e+03,1.462058092008148513e+00
3.043689688008342273e+03,1.462011243637724389e+00
3.043207558149113538e+03,1.461963083441617295e+00
3.042725428289885713e+03,1.461915398652326115e+00
3.042243298430656978e+03,1.461866523860348765e+00
3.041761168571428243e+03,1.461818243326891364e+00
3.041279038712200418e+03,1.461768533601693232e+00
3.040796908852971683e+03,1.461719419620661542e+00
3.040314778993743857e+03,1.461668635773188729e+00
3.039832649134515123e+03,1.461619402940453005e+00
3.039350519275286388e+03,1.461569214837146413e+00
3.038868389416058562e+03,1.461517001797932869e+00
3.038386259556829827e+03,1.461465861395347954e+00
3.037904129697602002e+03,1.461415196399579175e+00
3.037421999838373267e+03,1.461362267278849103e+00
3.036939869979144532e+03,1.461309219306414997e+00
3.036457740119916707e+03,1.461254740656593887e+00
3.035975610260687972e+03,1.461199785114310590e+00
3.035493480401460147e+03,1.461145068761081633e+00
3.035011350542231412e+03,1.461087967945541077e+00
3.034529220683002677e+03,1.461028720371096989e+00
3.034047090823774852e+03,1.460967208671691830e+00
3.033564960964546117e+03,1.460904266294899889e+00
3.033082831105318292e+03,1.460843350339660951e+00
3.032600701246089557e+03,1.460780049922110413e+00
3.032118571386861731e+03,1.460715914571339535e+00
3.031636441527632996e+03,1.460650587732235994e+00
3.031154311668404262e+03,1.460584785486316317e+00
3.030672181809176436e+03,1.460519219458158435e+00
3.030190051949947701e+03,1.460454846403979490e+00
3.029707922090719876e+03,1.460388565779951131e+00
3.029225792231491141e+03,1.460321451708348706e+00
3.028743662372262406e+03,1.460251476281972494e+00
3.028261532513034581e+03,1.460180545585025191e+00
3.027779402653805846e+03,1.460106636167246563e+00
3.027297272794578021e+03,1.460031891816247152e+00
3.026815142935349286e+03,1.459955837125211264e+00
3.026333013076120551e+03,1.459881449329323955e+00
3.025850883216892726e+03,1.459806944167378884e+00
3.025368753357663991e+03,1.459730412583880810e+00
3.024886623498436165e+03,1.459651137011666489e+00
3.024404493639207431e+03,1.459569717651841403e+00
3.023922363779978696e+03,1.459486628425574972e+00
3.023440233920750870e+03,1.459403420347604508e+00
3.022958104061522135e+03,1.459321405243612979e+00
3.022475974202294310e+03,1.459237839124884362e+00
3.021993844343065575e+03,1.459153677261989301e+00
3.021511714483837750e+03,1.459065939448450200e+00
3.021029584624609015e+03,1.458975817172599498e+00
3.020547454765380280e+03,1.458881402864588228e+00
3.020065324906152455e+03,1.458785678216540482e+00
3.019583195046923720e+03,1.458689357824326294e+00
3.019101065187695895e+03,1.458593989731390206e+00
3.018618935328467160e+03,1.458500529208303531e+00
3.018136805469238425e+03,1.458407903618437418e+00
3.017654675610010599e+03,1.458313728499480488e+00
3.017172545750781865e+03,1.458216931214803891e+00
3.016690415891554039e+03,1.458120013592777209e+00
3.016208286032325304e+03,1.458021665293363522e+00
3.015726156173096570e+03,1.457924749156982891e+00
3.015244026313868744e+03,1.457829739104805400e+00
3.014761896454640009e+03,1.457731153101983645e+00
3.014279766595412184e+03,1.457634951561473491e+00
3.013797636736183449e+03,1.457535530625431175e+00
3.013315506876954714e+03,1.457440162532495309e+00
3.012833377017726889e+03,1.457350756338161357e+00
3.012351247158498154e+03,1.457263375079734136e+00
3.011869117299270329e+03,1.457177186795286072e+00
3.011386987440041594e+03,1.457086707964323491e+00
3.010904857580813768e+03,1.456993128589532782e+00
3.010422727721585034e+03,1.456901217595536924e+00
3.009940597862356299e+03,1.456810499575520002e+00
3.009458468003128473e+03,1.456722880613684934e+00
3.008976338143899738e+03,1.456639195643252283e+00
3.008494208284671913e+03,1.456552530466341588e+00
3.008012078425443178e+03,1.456472541783903285e+00
3.007529948566214443e+03,1.456385756269642506e+00
3.007047818706986618e+03,1.456299330281786375e+00
3.006565688847757883e+03,1.456200267386502434e+00
3.006083558988530058e+03,1.456095720970725038e+00
3.005601429129301323e+03,1.455985809886158444e+00
3.005119299270072588e+03,1.455869580347878056e+00
3.004637169410844763e+03,1.455749893710657439e+00
3.004155039551616028e+03,1.455623413212906891e+00
3.003672909692388203e+03,1.455488945880647700e+00
3.003190779833159468e+03,1.455349470434710968e+00
3.002708649973930733e+03,1.455201174706691303e+00
3.002226520114702907e+03,1.455048705798214881e+00
3.001744390255474173e+03,1.454888368906933627e+00
3.001262260396246347e+03,1.454724695254062672e+00
3.000780130537017612e+03,1.454552556388574391e+00
3.000298000677789787e+03,1.454376603869033779e+00
2.999815870818561052e+03,1.454192783366688557e+00
2.999333740959332317e+03,1.454006697253735769e+00
2.998851611100104492e+03,1.453812743157978149e+00
2.998369481240875757e+03,1.453614021623243824e+00
2.997887351381647932e+03,1.453405762239263543e+00
2.997405221522419197e+03,1.453189398654716635e+00
2.996923091663190462e+03,1.452970409933157736e+00
2.996440961803962637e+03,1.452744866540123247e+00
2.995958831944733902e+03,1.452515149966632002e+00
2.995476702085506076e+03,1.452279831020943490e+00
2.994994572226277342e+03,1.452035690307525773e+00
2.994512442367048607e+03,1.451783204718840592e+00
2.994030312507820781e+03,1.451525593650420776e+00
2.993548182648592046e+03,1.451256657500255898e+00
2.993066052789364221e+03,1.450972224573535696e+00
2.992583922930135486e+03,1.450684095358820924e+00
2.992101793070906751e+03,1.450379157541868302e+00
2.991619663211678926e+03,1.450070645259917690e+00
2.991137533352450191e+03,1.449757720608455980e+00
2.990655403493222366e+03,1.449435139256044502e+00
2.990173273633993631e+03,1.449100996604126168e+00
2.989691143774765806e+03,1.448758865632052917e+00
2.989209013915537071e+03,1.448412562965169181e+00
2.988726884056308336e+03,1.448049093655288999e+00
2.988244754197080510e+03,1.447691347054956390e+00
2.987762624337851776e+03,1.447325730986172676e+00
2.987280494478623950e+03,1.446955109775004189e+00
2.986798364619395215e+03,1.446588064514479965e+00
2.986316234760166481e+03,1.446220542361493333e+00
2.985834104900938655e+03,1.445856119266688555e+00
2.985351975041709920e+03,1.445504809971773996e+00
2.984869845182482095e+03,1.445171738470838019e+00
2.984387715323253360e+03,1.444851661918088226e+00
2.983905585464024625e+03,1.444562460066745047e+00
2.983423455604796800e+03,1.444301629602792847e+00
2.982941325745568065e+03,1.444075371613888104e+00
2.982459195886340240e+03,1.443904186533324197e+00
2.981977066027111505e+03,1.443778778672202501e+00
2.981494936167882770e+03,1.443723823129918982e+00
2.981012806308654945e+03,1.443727399080563245e+00
2.980530676449426210e+03,1.443816209530730976e+00
2.980048546590198384e+03,1.443976069529549822e+00
2.979566416730969650e+03,1.444232845664749298e+00
2.979084286871741824e+03,1.444565798313981020e+00
2.978602157012513089e+03,1.444994474125614659e+00
2.978120027153284354e+03,1.445498014625597794e+00
2.977637897294056529e+03,1.446064616354076904e+00
2.977155767434827794e+03,1.446735645646629376e+00
2.976673637575599969e+03,1.447436118963201679e+00
2.976191507716371234e+03,1.448206569191796467e+00
2.975709377857142499e+03,1.448999310057476286e+00
2.975227247997914674e+03,1.449821854473580585e+00
2.974745118138685939e+03,1.450674319806166901e+00
2.974262988279458114e+03,1.451495195841476349e+00
2.973780858420229379e+03,1.452368284915999341e+00
2.973298728561000644e+03,1.453195359067672277e+00
2.972816598701772818e+03,1.454071308011322783e+00
2.972334468842544084e+03,1.454906250145800550e+00
2.971852338983316258e+03,1.455762888658843401e+00
2.971370209124087523e+03,1.456635380503553900e+00
2.970888079264858789e+03,1.457504058694212068e+00
2.970405949405630963e+03,1.458400989420557403e+00
2.969923819546402228e+03,1.459306146170465723e+00
2.969441689687174403e+03,1.460221316176436135e+00
2.968959559827945668e+03,1.461177255288170995e+00
2.968477429968717843e+03,1.462137605283770903e+00
2.967995300109489108e+03,1.463135983367711557e+00
2.967513170250260373e+03,1.464132572733507276e+00
2.967031040391032548e+03,1.465162421263020986e+00
2.966548910531803813e+03,1.466185357080300733e+00
2.966066780672575987e+03,1.467232849145273299e+00
2.965584650813347253e+03,1.468259479764901121e+00
2.965102520954118518e+03,1.469293023096762907e+00
2.964620391094890692e+03,1.470289016718392183e+00
2.964138261235661957e+03,1.471275592828125811e+00
2.963656131376434132e+03,1.472216274352359688e+00
2.963174001517205397e+03,1.473106290880824787e+00
2.962691871657976662e+03,1.473951842015531088e+00
2.962209741798748837e+03,1.474754835326327340e+00
2.961727611939520102e+03,1.475453640262104571e+00
2.961245482080292277e+03,1.476119900630034065e+00
2.960763352221063542e+03,1.476694728382076383e+00
2.960281222361834807e+03,1.477184321634595010e+00
2.959799092502606982e+03,1.477608944603122199e+00
2.959316962643378247e+03,1.477944638269777622e+00
2.958834832784150422e+03,1.478219295643843800e+00
2.958352702924921687e+03,1.478415038457746578e+00
2.957870573065693861e+03,1.478537703815798743e+00
2.957388443206465126e+03,1.478606129713084139e+00
2.956906313347236392e+03,1.478625680818392185e+00
2.956424183488008566e+03,1.478589441448196151e+00
2.955942053628779831e+03,1.478502537082231338e+00
2.955459923769552006e+03,1.478381658956678280e+00
2.954977793910323271e+03,1.478230501873884606e+00
2.954495664051094536e+03,1.478042985083545036e+00
2.954013534191866711e+03,1.477822329466837559e+00
2.953531404332637976e+03,1.477586771332094706e+00
2.953049274473410151e+03,1.477321411132573870e+00
2.952567144614181416e+03,1.477049138220819291e+00
2.952085014754952681e+03,1.476756598122239916e+00
2.951602884895724856e+03,1.476464655253473257e+00
2.951120755036496121e+03,1.476160313180686634e+00
2.950638625177268295e+03,1.475845124404263853e+00
2.950156495318039561e+03,1.475528265761399949e+00
2.949674365458810826e+03,1.475212718944218793e+00
2.949192235599583000e+03,1.474892045161656284e+00
2.948710105740354265e+03,1.474567676576745923e+00
2.948227975881126440e+03,1.474243547180889680e+00
2.947745846021897705e+03,1.473919655488441505e+00
2.947263716162669880e+03,1.473568225856176417e+00
2.946781586303441145e+03,1.473229791172097514e+00
2.946299456444212410e+03,1.472881580935364587e+00
2.945817326584984585e+03,1.472533012657873508e+00
2.945335196725755850e+03,1.472172404702767112e+00
2.944853066866528025e+03,1.471820499663686110e+00
2.944370937007299290e+03,1.471438909925884886e+00
2.943888807148070555e+03,1.471054937211418334e+00
2.943406677288842729e+03,1.470668221993882030e+00
2.942924547429613995e+03,1.470274473726761455e+00
2.942442417570386169e+03,1.469873215517594423e+00
2.941960287711157434e+03,1.469473029945056020e+00
2.941478157851928700e+03,1.469074393901608655e+00
2.940996027992700874e+03,1.468671346974296466e+00
2.940513898133472139e+03,1.468265200988802421e+00
2.940031768274244314e+03,1.467870856977515626e+00
2.939549638415015579e+03,1.467476989858691017e+00
2.939067508555786844e+03,1.467103386955398658e+00
2.938585378696559019e+03,1.466739084197944187e+00
2.938103248837330284e+03,1.466405058912083614e+00
2.937621118978102459e+03,1.466097856970169699e+00
2.937138989118873724e+03,1.465821529729662176e+00
2.936656859259645898e+03,1.465616131700455682e+00
2.936174729400417164e+03,1.465443398576447231e+00
2.935692599541188429e+03,1.465342070070555724e+00
2.935210469681960603e+03,1.465323949642634682e+00
2.934728339822731868e+03,1.465365674018970221e+00
2.934246209963504043e+03,1.465530063753357704e+00
2.933764080104275308e+03,1.465787316781019589e+00
2.933281950245046573e+03,1.466141726619762276e+00
2.932799820385818748e+03,1.466611052685456329e+00
2.932317690526590013e+03,1.467169906768481136e+00
2.931835560667362188e+03,1.467840457682924926e+00
2.931353430808133453e+03,1.468588734640492222e+00
2.930871300948904718e+03,1.469430232932092073e+00
2.930389171089676893e+03,1.470330264202265314e+00
2.929907041230448158e+03,1.471277619249679036e+00
2.929424911371220333e+03,1.472271825638809428e+00
2.928942781511991598e+03,1.473297860514271029e+00
2.928460651652762863e+03,1.474318649572647244e+00
2.927978521793535037e+03,1.475318219144920784e+00
2.927496391934306303e+03,1.476294305106129912e+00
2.927014262075078477e+03,1.477245594144946050e+00
2.926532132215849742e+03,1.478109146855869138e+00
2.926050002356621917e+03,1.478956605560424409e+00
2.925567872497393182e+03,1.479696776831779026e+00
2.925085742638164447e+03,1.480412865776610465e+00
2.924603612778936622e+03,1.481030012163508269e+00
2.924121482919707887e+03,1.481602098898127107e+00
2.923639353060480062e+03,1.482122685703756382e+00
2.923157223201251327e+03,1.482576873033653486e+00
2.922675093342022592e+03,1.482990410109489954e+00
2.922192963482794767e+03,1.483349468535505533e+00
2.921710833623566032e+03,1.483660604468821864e+00
2.921228703764338206e+03,1.483940269956565361e+00
2.920746573905109472e+03,1.484197404132522990e+00
2.920264444045880737e+03,1.484396483708015690e+00
2.919782314186652911e+03,1.484595563283508390e+00
2.919300184327424176e+03,1.484757806258992341e+00
2.918818054468196351e+03,1.484891321291973432e+00
2.918335924608967616e+03,1.485011483336009963e+00
2.917853794749738881e+03,1.485106613725537983e+00
2.917371664890511056e+03,1.485174204689602595e+00
2.916889535031282321e+03,1.485248353296435786e+00
2.916407405172054496e+03,1.485283876585115070e+00
2.915925275312825761e+03,1.485316183449554739e+00
2.915443145453597026e+03,1.485342051522930307e+00
2.914961015594369201e+03,1.485351706738234023e+00
2.914478885735140466e+03,1.485343482200317311e+00
2.913996755875912640e+03,1.485322620754972789e+00
2.913514626016683906e+03,1.485295797411026131e+00
2.913032496157456080e+03,1.485238338554727422e+00
2.912550366298227345e+03,1.485199953911274351e+00
2.912068236438998611e+03,1.485134508220466776e+00
2.911586106579770785e+03,1.485088374445912685e+00
2.911103976720542050e+03,1.485014225839079716e+00
2.910621846861314225e+03,1.484957601916001568e+00
2.910139717002085490e+03,1.484878088640379401e+00
2.909657587142856755e+03,1.484802748545213769e+00
2.909175457283628930e+03,1.484725858920957098e+00
2.908693327424400195e+03,1.484642769694690889e+00
2.908211197565172370e+03,1.484553124311302597e+00
2.907729067705943635e+03,1.484464670416246745e+00
2.907246937846714900e+03,1.484374787329450385e+00
2.906764807987487075e+03,1.484276915922499107e+00
2.906282678128258340e+03,1.484172131803313865e+00
2.905800548269030514e+03,1.484072352826513175e+00
2.905318418409801779e+03,1.483965661137478742e+00
2.904836288550573045e+03,1.483863499184012946e+00
2.904354158691345219e+03,1.483753467762096045e+00
2.903872028832116484e+03,1.483649875131243245e+00
2.903389898972888659e+03,1.483542944253154472e+00
2.902907769113659924e+03,1.483443285613704088e+00
2.902425639254432099e+03,1.483339334942093135e+00
2.901943509395203364e+03,1.483230616831505477e+00
2.901461379535974629e+03,1.483123446764362363e+00
2.900979249676746804e+03,1.483021047107488499e+00
2.900497119817518069e+03,1.482917811031747801e+00
2.900014989958290244e+03,1.482811475897825471e+00
2.899532860099061509e+03,1.482706452589585888e+00
2.899050730239832774e+03,1.482592727850967185e+00
2.898568600380604948e+03,1.482480432304088991e+00
2.898086470521376214e+03,1.482360268774406187e+00
2.897604340662148388e+03,1.482240463285481535e+00
2.897122210802919653e+03,1.482111241770307508e+00
2.896640080943690919e+03,1.481981660728728833e+00
2.896157951084463093e+03,1.481845762719082638e+00
2.895675821225234358e+03,1.481708432546403387e+00
2.895193691366006533e+03,1.481567051016263736e+00
2.894711561506777798e+03,1.481420304817334888e+00
2.894229431647549063e+03,1.481267359016396279e+00
2.893747301788321238e+03,1.481108929694964216e+00
2.893265171929092503e+03,1.480946089489667550e+00
2.892783042069864678e+03,1.480780508266947404e+00
2.892300912210635943e+03,1.480609323186383497e+00
2.891818782351408117e+03,1.480439807972260935e+00
2.891336652492179383e+03,1.480266119577681616e+00
2.890854522632950648e+03,1.480096008619392833e+00
2.890372392773722822e+03,1.479921485291592953e+00
2.889890262914494087e+03,1.479749227574400416e+00
2.889408133055266262e+03,1.479572202418231397e+00
2.888926003196037527e+03,1.479394938073008037e+00
2.888443873336808792e+03,1.479217554876080643e+00
2.887961743477580967e+03,1.479041005126727537e+00
2.887479613618352232e+03,1.478865887540407487e+00
2.886997483759124407e+03,1.478691841105070015e+00
2.886515353899895672e+03,1.478518749940303190e+00
2.886033224040666937e+03,1.478347564859739505e+00
2.885551094181439112e+03,1.478175427479897497e+00
2.885068964322210377e+03,1.478010321663993265e+00
2.884586834462982551e+03,1.477846529159418276e+00
2.884104704603753817e+03,1.477692152681092663e+00
2.883622574744525082e+03,1.477538848839395680e+00
2.883140444885297256e+03,1.477393056425391427e+00
2.882658315026068522e+03,1.477248455499719837e+00
2.882176185166840696e+03,1.477110649920224450e+00
2.881694055307611961e+03,1.476981189215996082e+00
2.881211925448384136e+03,1.476861144538017090e+00
2.880729795589155401e+03,1.476750875412692343e+00
2.880247665729926666e+03,1.476650739880779772e+00
2.879765535870698841e+03,1.476563120918944483e+00
2.879283406011470106e+03,1.476489688393628263e+00
2.878801276152242281e+03,1.476434137107178524e+00
2.878319146293013546e+03,1.476392414216489479e+00
2.877837016433784811e+03,1.476375128721788998e+00
2.877354886574556986e+03,1.476374651829326590e+00
2.876872756715328251e+03,1.476403977001642387e+00
2.876390626856100425e+03,1.476457024974076493e+00
2.875908496996871690e+03,1.476541663729433740e+00
2.875426367137642956e+03,1.476666117805631062e+00
2.874944237278415130e+03,1.476826454696912094e+00
2.874462107419186395e+03,1.477028514478882615e+00
2.873979977559958570e+03,1.477271224514913550e+00
2.873497847700729835e+03,1.477552081490989710e+00
2.873015717841501100e+03,1.477871681151277095e+00
2.872533587982273275e+03,1.478222752742783808e+00
2.872051458123044540e+03,1.478610898637707116e+00
2.871569328263816715e+03,1.479023958821081397e+00
2.871087198404587980e+03,1.479446317664647292e+00
2.870605068545360155e+03,1.479876305301963679e+00
2.870122938686131420e+03,1.480289842377800147e+00
2.869640808826902685e+03,1.480687882677081291e+00
2.869158678967674859e+03,1.481050398202036877e+00
2.868676549108446125e+03,1.481375958275279903e+00
2.868194419249218299e+03,1.481665518167381457e+00
2.867712289389989564e+03,1.481909061650986903e+00
2.867230159530760830e+03,1.482111956366177763e+00
2.866748029671533004e+03,1.482273842786549833e+00
2.866265899812304269e+03,1.482390310028238289e+00
2.865783769953076444e+03,1.482471849725413904e+00
2.865301640093847709e+03,1.482517625459209398e+00
2.864819510234618974e+03,1.482534196358039624e+00
2.864337380375391149e+03,1.482521082558149628e+00
2.863855250516162414e+03,1.482490326708447048e+00
2.863373120656934589e+03,1.482437039546958601e+00
2.862890990797705854e+03,1.482374336359220779e+00
2.862408860938477119e+03,1.482298638223296994e+00
2.861926731079249294e+03,1.482217456566879754e+00
2.861444601220020559e+03,1.482132580108114439e+00
2.860962471360792733e+03,1.482051517303401234e+00
2.860480341501563998e+03,1.481971885176074810e+00
2.859998211642336173e+03,1.481899764476441339e+00
2.859516081783107438e+03,1.481837059803057244e+00
2.859033951923878703e+03,1.481781508516607726e+00
2.858551822064650878e+03,1.481742049750879753e+00
2.858069692205422143e+03,1.481718803843223631e+00
2.857587562346194318e+03,1.481710698157010730e+00
2.857105432486965583e+03,1.481723691619550642e+00
2.856623302627736848e+03,1.481748605908001615e+00
2.856141172768509023e+03,1.481790567987745000e+00
2.855659042909280288e+03,1.481841470686922069e+00
2.855176913050052462e+03,1.481901551708940223e+00
2.854694783190823728e+03,1.481970216795279960e+00
2.854212653331594993e+03,1.482037807759344794e+00
2.853730523472367167e+03,1.482105519060759935e+00
2.853248393613138433e+03,1.482168461437552098e+00
2.852766263753910607e+03,1.482223893872297582e+00
2.852284133894681872e+03,1.482269192713630890e+00
2.851802004035453137e+03,1.482301141537312406e+00
2.851319874176225312e+03,1.482324268593264494e+00
2.850837744316996577e+03,1.482336904015046031e+00
2.850355614457768752e+03,1.482334639890084738e+00
2.849873484598540017e+03,1.482320811494324486e+00
2.849391354739312192e+03,1.482288266926476528e+00
2.848909224880083457e+03,1.482244874169346138e+00
2.848427095020854722e+03,1.482188131394563957e+00
2.847944965161626897e+03,1.482123758340385011e+00
2.847462835302398162e+03,1.482050682370180672e+00
2.846980705443170336e+03,1.481968904969596990e+00
2.846498575583941602e+03,1.481877472353709813e+00
2.846016445724712867e+03,1.481778170269371531e+00
2.845534315865485041e+03,1.481672312027911387e+00
2.845052186006256306e+03,1.481562998173157286e+00
2.844570056147028481e+03,1.481452133303666097e+00
2.844087926287799746e+03,1.481339123160917870e+00
2.843605796428571011e+03,1.481227781398964272e+00
2.843123666569343186e+03,1.481115367000382266e+00
2.842641536710114451e+03,1.481006886593202454e+00
2.842159406850886626e+03,1.480899716526059340e+00
2.841677276991657891e+03,1.480797554572593544e+00
2.841195147132429156e+03,1.480697300188976939e+00
2.840713017273201331e+03,1.480600740607708410e+00
2.840230887413972596e+03,1.480509664546933335e+00
2.839748757554744770e+03,1.480424309710059338e+00
2.839266627695516036e+03,1.480344797920083444e+00
2.838784497836288210e+03,1.480269218635863471e+00
2.838302367977059475e+03,1.480199720101949445e+00
2.837820238117830741e+03,1.480136181980991061e+00
2.837338108258602915e+03,1.480084802389351806e+00
2.836855978399374180e+03,1.480043317202070607e+00
2.836373848540146355e+03,1.480009223105132055e+00
2.835891718680917620e+03,1.479983236180052453e+00
2.835409588821688885e+03,1.479962493586411743e+00
2.834927458962461060e+03,1.479948546338947457e+00
2.834445329103232325e+03,1.479944135455082632e+00
2.833963199244004500e+03,1.479944970388303194e+00
2.833481069384775765e+03,1.479952957222812060e+00
2.832998939525547030e+03,1.479965712981943904e+00
2.832516809666319205e+03,1.479984071113273014e+00
2.832034679807090470e+03,1.480005766006191825e+00
2.831552549947862644e+03,1.480031635565213888e+00
2.831070420088633909e+03,1.480057503638589456e+00
2.830588290229405175e+03,1.480086470770146878e+00
2.830106160370177349e+03,1.480114366750721944e+00
2.829624030510948614e+03,1.480139995635043171e+00
2.829141900651720789e+03,1.480164911409140416e+00
2.828659770792492054e+03,1.480186726639409756e+00
2.828177640933264229e+03,1.480208302680624532e+00
2.827695511074035494e+03,1.480228091489340647e+00
2.827213381214806759e+03,1.480245853876503315e+00
2.826731251355578934e+03,1.480262066734575388e+00
2.826249121496350199e+03,1.480273868708782414e+00
2.825766991637122374e+03,1.480281855543291281e+00
2.825284861777893639e+03,1.480283405072382097e+00
2.824802731918664904e+03,1.480280662569312344e+00
2.824320602059437078e+03,1.480271721949878883e+00
2.823838472200208344e+03,1.480258013891468938e+00
2.823356342340980518e+03,1.480239535422789521e+00
2.822874212481751783e+03,1.480219390058961526e+00
2.822392082622523048e+03,1.480194355433160247e+00
2.821909952763295223e+03,1.480170752970392023e+00
2.821427822904066488e+03,1.480141188609022107e+00
2.820945693044838663e+03,1.480111147355189782e+00
2.820463563185609928e+03,1.480072881563440745e+00
2.819981433326381193e+03,1.480035688408320116e+00
2.819499303467153368e+03,1.479982996990998112e+00
2.819017173607924633e+03,1.479937102405498583e+00
2.818535043748696808e+03,1.479899551209619801e+00
2.818052913889468073e+03,1.479851628716920553e+00
2.817570784030240247e+03,1.479805018049904497e+00
2.817088654171011513e+03,1.479755546028114432e+00
2.816606524311782778e+03,1.479705240558750079e+00
2.816124394452554952e+03,1.479657436917755087e+00
2.815642264593326217e+03,1.479606177663466138e+00
2.815160134734098392e+03,1.479545857452393420e+00
2.814678004874869657e+03,1.479491616505980600e+00
2.814195875015640922e+03,1.479433085013053040e+00
2.813713745156413097e+03,1.479376937982437301e+00
2.813231615297184362e+03,1.479318763044621843e+00
2.812749485437956537e+03,1.479262139121543695e+00
2.812267355578727802e+03,1.479204322224486390e+00
2.811785225719499067e+03,1.479147936004816311e+00
2.811303095860271242e+03,1.479090835189275754e+00
2.810820966001042507e+03,1.479035044713771896e+00
2.810338836141814681e+03,1.478979732616376497e+00
2.809856706282585947e+03,1.478924658222389388e+00
2.809374576423357212e+03,1.478868986598589341e+00
2.808892446564129386e+03,1.478815700922747389e+00
2.808410316704900652e+03,1.478761936868796534e+00
2.807928186845672826e+03,1.478709961532991057e+00
2.807446056986444091e+03,1.478658463089647990e+00
2.806963927127216266e+03,1.478608276471987670e+00
2.806481797267987531e+03,1.478558327557735197e+00
2.805999667408758796e+03,1.478510047024277796e+00
2.805517537549530971e+03,1.478462005679874736e+00
2.805035407690302236e+03,1.478415515350208986e+00
2.804553277831074411e+03,1.478369261238304588e+00
2.804071147971845676e+03,1.478324439289433689e+00
2.803589018112616941e+03,1.478279973895674670e+00
2.803106888253389116e+03,1.478236581138544281e+00
2.802624758394160381e+03,1.478194023314634453e+00
2.802142628534932555e+03,1.478152777316407596e+00
2.801660498675703820e+03,1.478111531318180738e+00
2.801178368816475086e+03,1.478071953700748731e+00
2.800696238957247260e+03,1.478032494935020758e+00
2.800214109098018525e+03,1.477994347994975533e+00
2.799731979238790700e+03,1.477956559095688682e+00
2.799249849379561965e+03,1.477919961684734496e+00
2.798767719520333230e+03,1.477883960017946752e+00
2.798285589661105405e+03,1.477848674432675313e+00
2.797803459801876670e+03,1.477813388847404097e+00
2.797321329942648845e+03,1.477779413602169356e+00
2.796839200083420110e+03,1.477745319505230803e+00
2.796357070224192285e+03,1.477712060341512590e+00
2.795874940364963550e+03,1.477678443137036224e+00
2.795392810505734815e+03,1.477645779717484453e+00
2.794910680646506989e+03,1.477612759742820581e+00
2.794428550787278255e+03,1.477580452878380690e+00
2.793946420928050429e+03,1.477547551755421074e+00
2.793464291068821694e+03,1.477515484080035524e+00
2.792982161209592959e+03,1.477482820660483753e+00
2.792500031350365134e+03,1.477450634133394169e+00
2.792017901491136399e+03,1.477418209902896740e+00
2.791535771631908574e+03,1.477386142227511190e+00
2.791053641772679839e+03,1.477353836848717794e+00
2.790571511913451104e+03,1.477321769173332244e+00
2.790089382054223279e+03,1.477289582646242661e+00
2.789607252194994544e+03,1.477257514970857111e+00
2.789125122335766719e+03,1.477225448781118056e+00
2.788642992476537984e+03,1.477193618809140574e+00
2.788160862617309249e+03,1.477161432282050990e+00
2.787678732758081424e+03,1.477129603795719781e+00
2.787196602898852689e+03,1.477097775309388572e+00
2.786714473039624863e+03,1.477066065674761397e+00
2.786232343180396128e+03,1.477034116851079881e+00
2.785750213321168303e+03,1.477002765257211081e+00
2.785268083461939568e+03,1.476971174474287718e+00
2.784785953602710833e+03,1.476939941732122952e+00
2.784303823743483008e+03,1.476908708989957963e+00
2.783821693884254273e+03,1.476877595099497009e+00
2.783339564025026448e+03,1.476846720398090396e+00
2.782857434165797713e+03,1.476816083400091850e+00
2.782375304306568978e+03,1.476785566739443611e+00
2.781893174447341153e+03,1.476755167444852912e+00
2.781411044588112418e+03,1.476725007339316775e+00
2.780928914728884592e+03,1.476694967571130723e+00
2.780446784869655858e+03,1.476665164020706467e+00
2.779964655010427123e+03,1.476635480807632295e+00
2.779482525151199297e+03,1.476605917931908651e+00
2.779000395291970563e+03,1.476576592759593076e+00
2.778518265432742737e+03,1.476547505290685347e+00
2.778036135573514002e+03,1.476518657010831959e+00
2.777554005714285267e+03,1.476489807245332297e+00
2.777071875855057442e+03,1.476461198154533028e+00
2.776589745995828707e+03,1.476432825281495775e+00
2.776107616136600882e+03,1.476404811934862948e+00
2.775625486277372147e+03,1.476376678250879815e+00
2.775143356418144322e+03,1.476348783755951022e+00
2.774661226558915587e+03,1.476321126964430297e+00
2.774179096699686852e+03,1.476293470172909350e+00
2.773696966840459027e+03,1.476266052570442966e+00
2.773214836981230292e+03,1.476238872671384428e+00
2.772732707122002466e+03,1.476211573920621856e+00
2.772250577262773731e+03,1.476184870914025726e+00
2.771768447403544997e+03,1.476157928718375256e+00
2.771286317544317171e+03,1.476131464900833246e+00
2.770804187685088436e+03,1.476104999597645184e+00
2.770322057825860611e+03,1.476078773483511242e+00
2.769839927966631876e+03,1.476052428517673265e+00
2.769357798107403141e+03,1.476026560444297697e+00
2.768875668248175316e+03,1.476000692370922129e+00
2.768393538388946581e+03,1.475975062000954408e+00
2.767911408529718756e+03,1.475949193927578840e+00
2.767429278670490021e+03,1.475923921598369493e+00
2.766947148811261286e+03,1.475898410080106027e+00
2.766465018952033461e+03,1.475873137750896680e+00
2.765982889092804726e+03,1.475848104610741673e+00
2.765500759233576900e+03,1.475823188836644428e+00
2.765018629374348166e+03,1.475798274548193456e+00
2.764536499515120340e+03,1.475773597963150330e+00
2.764054369655891605e+03,1.475748921378107426e+00
2.763572239796662871e+03,1.475724483982118640e+00
2.763090109937435045e+03,1.475700046586130076e+00
2.762607980078206310e+03,1.475675846893549359e+00
2.762125850218978485e+03,1.475651528349264607e+00
2.761643720359749750e+03,1.475627566360091958e+00
2.761161590500521015e+03,1.475603487004861547e+00
2.760679460641293190e+03,1.475579525015688898e+00
2.760197330782064455e+03,1.475555803701216639e+00
2.759715200922836630e+03,1.475531960563748024e+00
2.759233071063607895e+03,1.475508237763629493e+00
2.758750941204379160e+03,1.475484873004269559e+00
2.758268811345151335e+03,1.475461270541501335e+00
2.757786681485922600e+03,1.475437904296494906e+00
2.757304551626694774e+03,1.475414539537134972e+00
2.756822421767466039e+03,1.475391293629478850e+00
2.756340291908237305e+03,1.475368168059173035e+00
2.755858162049009479e+03,1.475344922151516913e+00
2.755376032189780744e+03,1.475321795095564825e+00
2.754893902330552919e+03,1.475298788376963044e+00
2.754411772471324184e+03,1.475275661321010956e+00
2.753929642612096359e+03,1.475252773454112987e+00
2.753447512752867624e+03,1.475229765249864933e+00
2.752965382893638889e+03,1.475207115086375254e+00
2.752483253034411064e+03,1.475184227219477284e+00
2.752001123175182329e+03,1.475161578541633878e+00
2.751518993315954503e+03,1.475139166081552045e+00
2.751036863456725769e+03,1.475116636255412672e+00
2.750554733597497034e+03,1.475094225280977112e+00
2.750072603738269208e+03,1.475071933158245585e+00
2.749590473879040474e+03,1.475049878738922127e+00
2.749108344019812648e+03,1.475027705467894634e+00
2.748626214160583913e+03,1.475005890237625295e+00
2.748144084301355178e+03,1.474984193859060211e+00
2.747661954442127353e+03,1.474962498966141400e+00
2.747179824582898618e+03,1.474941398331742315e+00
2.746697694723670793e+03,1.474920178845639418e+00
2.746215564864442058e+03,1.474899555103702964e+00
2.745733435005213323e+03,1.474878932847412560e+00
2.745251305145985498e+03,1.474858785997938293e+00
2.744769175286756763e+03,1.474838997189222400e+00
2.744287045427528938e+03,1.474819566421264661e+00
2.743804915568300203e+03,1.474800373356714989e+00
2.743322785709072377e+03,1.474781777521977810e+00
2.742840655849843642e+03,1.474763657094056768e+00
2.742358525990614908e+03,1.474746133895948219e+00
2.741876396131387082e+03,1.474728967252951772e+00
2.741394266272158347e+03,1.474712635543175887e+00
2.740912136412930522e+03,1.474697138766620563e+00
2.740430006553701787e+03,1.474682356585935494e+00
2.739947876694473052e+03,1.474668767379229362e+00
2.739465746835245227e+03,1.474656011620097518e+00
2.738983616976016492e+03,1.474644805390056712e+00
2.738501487116788667e+03,1.474634792133994621e+00
2.738019357257559932e+03,1.474626328407023568e+00
2.737537227398331197e+03,1.474619651912551399e+00
2.737055097539103372e+03,1.474614884473574694e+00
2.736572967679874637e+03,1.474612260822208976e+00
2.736090837820646811e+03,1.474611904267096874e+00
2.735608707961418077e+03,1.474614049540354133e+00
2.735126578102189342e+03,1.474618698127626804e+00
2.734644448242961516e+03,1.474626328407023568e+00
2.734162318383732782e+03,1.474636222811381625e+00
2.733680188524504956e+03,1.474649216273921315e+00
2.733198058665276221e+03,1.474664117306310418e+00
2.732715928806048396e+03,1.474681879693473086e+00
2.732233798946819661e+03,1.474700952420672673e+00
2.731751669087590926e+03,1.474721457310905093e+00
2.731269539228363101e+03,1.474743033352120092e+00
2.730787409369134366e+03,1.474764373175573295e+00
2.730305279509906541e+03,1.474785234620917818e+00
2.729823149650677806e+03,1.474805023429633932e+00
2.729341019791449071e+03,1.474823142371908702e+00
2.728858889932221246e+03,1.474839236378276519e+00
2.728376760072992511e+03,1.474852825584982652e+00
2.727894630213764685e+03,1.474863436070857237e+00
2.727412500354535950e+03,1.474871660608774171e+00
2.726930370495307216e+03,1.474877144129267403e+00
2.726448240636079390e+03,1.474879647443282815e+00
2.725966110776850655e+03,1.474879886632337156e+00
2.725483980917622830e+03,1.474878097914191999e+00
2.725001851058394095e+03,1.474874045071085549e+00
2.724519721199165360e+03,1.474868322361537976e+00
2.724037591339937535e+03,1.474861647352712080e+00
2.723555461480708800e+03,1.474853421329149095e+00
2.723073331621480975e+03,1.474844601047065940e+00
2.722591201762252240e+03,1.474835063197819984e+00
2.722109071903024414e+03,1.474825289130812234e+00
2.721626942043795680e+03,1.474815155537399836e+00
2.721144812184566945e+03,1.474805142281337966e+00
2.720662682325339119e+03,1.474795366728683943e+00
2.720180552466110385e+03,1.474785591176029920e+00
2.719698422606882559e+03,1.474776412853188390e+00
2.719216292747653824e+03,1.474767472233755150e+00
2.718734162888425089e+03,1.474758650466025722e+00
2.718252033029197264e+03,1.474750186739054669e+00
2.717769903169968529e+03,1.474742199904545803e+00
2.717287773310740704e+03,1.474733973880982596e+00
2.716805643451511969e+03,1.474725987046473952e+00
2.716323513592283234e+03,1.474718000211965085e+00
2.715841383733055409e+03,1.474709894525752185e+00
2.715359253873826674e+03,1.474701668502189200e+00
2.714877124014598849e+03,1.474693204775218147e+00
2.714394994155370114e+03,1.474684145304080651e+00
2.713912864296141379e+03,1.474674965495593071e+00
2.713430734436913554e+03,1.474665429131993388e+00
2.712948604577684819e+03,1.474655295538580990e+00
2.712466474718456993e+03,1.474645044579111053e+00
2.711984344859228258e+03,1.474634196389828400e+00
2.711502215000000433e+03,1.474623348200545747e+00
2.711020085140771698e+03,1.474612023118800908e+00
2.710537955281542963e+03,1.474600460333648000e+00
2.710055825422315138e+03,1.474588777211144786e+00
2.709573695563086403e+03,1.474576856385233503e+00
2.709091565703858578e+03,1.474564935559322443e+00
2.708609435844629843e+03,1.474553133585115194e+00
2.708127305985401108e+03,1.474541331610907946e+00
2.707645176126173283e+03,1.474529768825755038e+00
2.707163046266944548e+03,1.474518443744010199e+00
2.706680916407716722e+03,1.474507118662265359e+00
2.706198786548487988e+03,1.474496509662037047e+00
2.705716656689259253e+03,1.474486019513512769e+00
2.705234526830031427e+03,1.474476243960858746e+00
2.704752396970802693e+03,1.474466587259908756e+00
2.704270267111574867e+03,1.474457527788771261e+00
2.703788137252346132e+03,1.474449064061800208e+00
2.703306007393117397e+03,1.474440838038237001e+00
2.702823877533889572e+03,1.474433209244486509e+00
2.702341747674660837e+03,1.474426055857552154e+00
2.701859617815433012e+03,1.474419380848726258e+00
2.701377487956204277e+03,1.474413301584066582e+00
2.700895358096976452e+03,1.474407460022814975e+00
2.700413228237747717e+03,1.474402214205729589e+00
2.699931098378518982e+03,1.474397446766752884e+00
2.699448968519291157e+03,1.474393035882888281e+00
2.698966838660062422e+03,1.474389220743189899e+00
2.698484708800834596e+03,1.474385525940841823e+00
2.698002578941605861e+03,1.474382545734364003e+00
2.697520449082377127e+03,1.474379684379590216e+00
2.697038319223149301e+03,1.474377181065574582e+00
2.696556189363920566e+03,1.474375154644021579e+00
2.696074059504692741e+03,1.474373128222468354e+00
2.695591929645464006e+03,1.474371458356027009e+00
2.695109799786235271e+03,1.474369789975232159e+00
2.694627669927007446e+03,1.474368359297845377e+00
2.694145540067778711e+03,1.474366690917050304e+00
2.693663410208550886e+03,1.474365260239663522e+00
2.693181280349322151e+03,1.474363829562276518e+00
2.692699150490093416e+03,1.474361921992427327e+00
2.692217020630865591e+03,1.474360133274282170e+00
2.691734890771636856e+03,1.474357750297617065e+00
2.691252760912409030e+03,1.474355484687009499e+00
2.690770631053180296e+03,1.474352623332235712e+00
2.690288501193952470e+03,1.474349285084999517e+00
2.689806371334723735e+03,1.474345827986059509e+00
2.689324241475495000e+03,1.474341775142953059e+00
2.688842111616267175e+03,1.474337364259088456e+00
2.688359981757038440e+03,1.474332357631057411e+00
2.687877851897810615e+03,1.474326992962267990e+00
2.687395722038581880e+03,1.474321152886662878e+00
2.686913592179353145e+03,1.474314595243894521e+00
2.686431462320125320e+03,1.474307801383364591e+00
2.685949332460896585e+03,1.474300529144726202e+00
2.685467202601668760e+03,1.474292542310217335e+00
2.684985072742440025e+03,1.474284316286654350e+00
2.684502942883211290e+03,1.474275375667220889e+00
2.684020813023983465e+03,1.474266197344379581e+00
2.683538683164754730e+03,1.474256540643429592e+00
2.683056553305526904e+03,1.474246527387367500e+00
2.682574423446298169e+03,1.474236037238843222e+00
2.682092293587069435e+03,1.474225307901264603e+00
2.681610163727841609e+03,1.474214222008573882e+00
2.681128033868612874e+03,1.474203015778533077e+00
2.680645904009385049e+03,1.474191452993380169e+00
2.680163774150156314e+03,1.474179888722580989e+00
2.679681644290927579e+03,1.474167967896669706e+00
2.679199514431699754e+03,1.474156167408108953e+00
2.678717384572471019e+03,1.474144245096551398e+00
2.678235254713243194e+03,1.474132205418936303e+00
2.677753124854014459e+03,1.474120165741320987e+00
2.677270994994786633e+03,1.474108126063705893e+00
2.676788865135557899e+03,1.474095966048740269e+00
2.676306735276329164e+03,1.474083926371125175e+00
2.675824605417101338e+03,1.474071885207863586e+00
2.675342475557872604e+03,1.474059845530248491e+00
2.674860345698644778e+03,1.474047924704337209e+00
2.674378215839416043e+03,1.474036003878425927e+00
2.673896085980187308e+03,1.474024201904218900e+00
2.673413956120959483e+03,1.474012399930011652e+00
2.672931826261730748e+03,1.474000837144858744e+00
2.672449696402502923e+03,1.473989274359705837e+00
2.671967566543274188e+03,1.473977710088906656e+00
2.671485436684045453e+03,1.473966505344511901e+00
2.671003306824817628e+03,1.473955180262767062e+00
2.670521176965588893e+03,1.473944092884430290e+00
2.670039047106361068e+03,1.473932888140035535e+00
2.669556917247132333e+03,1.473921800761698764e+00
2.669074787387903598e+03,1.473910833720712077e+00
2.668592657528675772e+03,1.473899866679725390e+00
2.668110527669447038e+03,1.473888899638738925e+00
2.667628397810219212e+03,1.473878051449456272e+00
2.667146267950990477e+03,1.473867203260173619e+00
2.666664138091762652e+03,1.473856355070891189e+00
2.666182008232533917e+03,1.473845627218958843e+00
2.665699878373305182e+03,1.473834897881380224e+00
2.665217748514077357e+03,1.473824287395505639e+00
2.664735618654848622e+03,1.473813678395277327e+00
2.664253488795620797e+03,1.473803188246753049e+00
2.663771358936392062e+03,1.473792816949932583e+00
2.663289229077163327e+03,1.473782564504816373e+00
2.662807099217935502e+03,1.473772551248754503e+00
2.662324969358706767e+03,1.473762775696100480e+00
2.661842839499478941e+03,1.473753239332500797e+00
2.661360709640250207e+03,1.473744059524012995e+00
2.660878579781021472e+03,1.473735239241929840e+00
2.660396449921793646e+03,1.473726775514958787e+00
2.659914320062564911e+03,1.473718787194803648e+00
2.659432190203337086e+03,1.473711396104461224e+00
2.658950060344108351e+03,1.473704363054876953e+00
2.658467930484879616e+03,1.473697688046051057e+00
2.657985800625651791e+03,1.473691369592337264e+00
2.657503670766423056e+03,1.473685409179381622e+00
2.657021540907195231e+03,1.473679448766425981e+00
2.656539411047966496e+03,1.473673488353470340e+00
2.656057281188738671e+03,1.473667527940514699e+00
2.655575151329509936e+03,1.473661209486800905e+00
2.655093021470281201e+03,1.473654772181383077e+00
2.654610891611053376e+03,1.473647976835206874e+00
2.654128761751824641e+03,1.473640943785622603e+00
2.653646631892596815e+03,1.473633433843576146e+00
2.653164502033368080e+03,1.473625565860771314e+00
2.652682372174139346e+03,1.473617460174558413e+00
2.652200242314911520e+03,1.473608876110237054e+00
2.651718112455682785e+03,1.473600174679857933e+00
2.651235982596454960e+03,1.473591234060424693e+00
2.650753852737226225e+03,1.473582054251936890e+00
2.650271722877997490e+03,1.473572757077391548e+00
2.649789593018769665e+03,1.473563219228145593e+00
2.649307463159540930e+03,1.473553682864545689e+00
2.648825333300313105e+03,1.473544027649242194e+00
2.648343203441084370e+03,1.473534370948291983e+00
2.647861073581855635e+03,1.473524834584692300e+00
2.647378943722627810e+03,1.473515298221092618e+00
2.646896813863399075e+03,1.473505880709196969e+00
2.646414684004171249e+03,1.473496700900709389e+00
2.645932554144942515e+03,1.473487879132979961e+00
2.645450424285714689e+03,1.473479296554304874e+00
2.644968294426485954e+03,1.473471189382445701e+00
2.644486164567257219e+03,1.473463441736991175e+00
2.644004034708029394e+03,1.473456169498352786e+00
2.643521904848800659e+03,1.473449494489526890e+00
2.643039774989572834e+03,1.473443413739220942e+00
2.642557645130344099e+03,1.473438050556077794e+00
2.642075515271115364e+03,1.473433162779750782e+00
2.641593385411887539e+03,1.473428989599294248e+00
2.641111255552658804e+03,1.473425532500354018e+00
2.640629125693430979e+03,1.473422791482930538e+00
2.640146995834202244e+03,1.473420644724027007e+00
2.639664865974973509e+03,1.473419215532286497e+00
2.639182736115745683e+03,1.473418261747361901e+00
2.638700606256516949e+03,1.473417903706603527e+00
2.638218476397289123e+03,1.473417784854899493e+00
2.637736346538060388e+03,1.473418022558307561e+00
2.637254216678831654e+03,1.473418499450769970e+00
2.636772086819603828e+03,1.473418857491528122e+00
2.636289956960375093e+03,1.473419215532286497e+00
2.635807827101147268e+03,1.473419453235694565e+00
2.635325697241918533e+03,1.473419215532286497e+00
2.634843567382690708e+03,1.473418618302473782e+00
2.634361437523461973e+03,1.473417545665845374e+00
2.633879307664233238e+03,1.473415877285050302e+00
2.633397177805005413e+03,1.473413492822738924e+00
2.632915047945776678e+03,1.473410631467965137e+00
2.632432918086548852e+03,1.473406936665617062e+00
2.631950788227320118e+03,1.473402644633456271e+00
2.631468658368091383e+03,1.473397756857129259e+00
2.630986528508863557e+03,1.473392273336636027e+00
2.630504398649634823e+03,1.473386194071976352e+00
2.630022268790406997e+03,1.473379517577504183e+00
2.629540138931178262e+03,1.473372484527919912e+00
2.629058009071949527e+03,1.473365093437577489e+00
2.628575879212721702e+03,1.473357225454772657e+00
2.628093749353492967e+03,1.473349119768559978e+00
2.627611619494265142e+03,1.473340774893292737e+00
2.627129489635036407e+03,1.473332192314617650e+00
2.626647359775807672e+03,1.473323609735942563e+00
2.626165229916579847e+03,1.473314787968213135e+00
2.625683100057351112e+03,1.473305966200483708e+00
2.625200970198123287e+03,1.473297144432754502e+00
2.624718840338894552e+03,1.473288203813321040e+00
2.624236710479666726e+03,1.473279263193887578e+00
2.623754580620437991e+03,1.473270322574454116e+00
2.623272450761209257e+03,1.473261500806724689e+00
2.622790320901981431e+03,1.473252560187291449e+00
2.622308191042752696e+03,1.473243738419562021e+00
2.621826061183524871e+03,1.473234916651832593e+00
2.621343931324296136e+03,1.473226215221453472e+00
2.620861801465067401e+03,1.473217512305428079e+00
2.620379671605839576e+03,1.473208929726752991e+00
2.619897541746610841e+03,1.473200465999781938e+00
2.619415411887383016e+03,1.473192121124514697e+00
2.618933282028154281e+03,1.473183776249247678e+00
2.618451152168925546e+03,1.473175670563035000e+00
2.617969022309697721e+03,1.473167563391175827e+00
2.617486892450468986e+03,1.473159457704962927e+00
2.617004762591241160e+03,1.473151470870454283e+00
2.616522632732012426e+03,1.473143602887649450e+00
2.616040502872783691e+03,1.473135616053140584e+00
2.615558373013555865e+03,1.473127748070335752e+00
2.615076243154327130e+03,1.473119880087530920e+00
2.614594113295099305e+03,1.473112132442076394e+00
2.614111983435870570e+03,1.473104383310975596e+00
2.613629853576642745e+03,1.473096753031578832e+00
2.613147723717414010e+03,1.473089243089532374e+00
2.612665593858185275e+03,1.473081733147485917e+00
2.612183463998957450e+03,1.473074342057143493e+00
2.611701334139728715e+03,1.473066950966800848e+00
2.611219204280500890e+03,1.473059680213808731e+00
2.610737074421272155e+03,1.473052526826874153e+00
2.610254944562043420e+03,1.473045254588235764e+00
2.609772814702815595e+03,1.473038102686947459e+00
2.609290684843586860e+03,1.473031069637363188e+00
2.608808554984359034e+03,1.473024036587779140e+00
2.608326425125130299e+03,1.473016883200844562e+00
2.607844295265901565e+03,1.473009969002964326e+00
2.607362165406673739e+03,1.473002935953380277e+00
2.606880035547445004e+03,1.472996140607204074e+00
2.606397905688217179e+03,1.472989346746674144e+00
2.605915775828988444e+03,1.472982670252201975e+00
2.605433645969759709e+03,1.472975995243376079e+00
2.604951516110531884e+03,1.472969437600607723e+00
2.604469386251303149e+03,1.472962881443485861e+00
2.603987256392075324e+03,1.472956444138068033e+00
2.603505126532846589e+03,1.472950006832649983e+00
2.603022996673618763e+03,1.472943688378936189e+00
2.602540866814390029e+03,1.472937490262572702e+00
2.602058736955161294e+03,1.472931171808858686e+00
2.601576607095933468e+03,1.472925092544199011e+00
2.601094477236704734e+03,1.472919013279539557e+00
2.600612347377476908e+03,1.472912932529233609e+00
2.600130217518248173e+03,1.472907092453628275e+00
2.599648087659019438e+03,1.472901250892376668e+00
2.599165957799791613e+03,1.472895409331125061e+00
2.598683827940562878e+03,1.472889686621577487e+00
2.598201698081335053e+03,1.472883965397676187e+00
2.597719568222106318e+03,1.472878242688128614e+00
2.597237438362877583e+03,1.472872640315931347e+00
2.596755308503649758e+03,1.472866917606383774e+00
2.596273178644421023e+03,1.472861315234186286e+00
2.595791048785193198e+03,1.472855473672934901e+00
2.595308918925964463e+03,1.472849752449033600e+00
2.594826789066735728e+03,1.472843910887781993e+00
2.594344659207507902e+03,1.472838069326530386e+00
2.593862529348279168e+03,1.472832227765278779e+00
2.593380399489051342e+03,1.472826506541377478e+00
2.592898269629822607e+03,1.472820664980125871e+00
2.592416139770594782e+03,1.472814823418874264e+00
2.591934009911366047e+03,1.472809102194972963e+00
2.591451880052137312e+03,1.472803379485425390e+00
2.590969750192909487e+03,1.472797537924173783e+00
2.590487620333680752e+03,1.472791816700272483e+00
2.590005490474452927e+03,1.472785975139020875e+00
2.589523360615224192e+03,1.472780133577769268e+00
2.589041230755995457e+03,1.472774412353867968e+00
2.588559100896767632e+03,1.472768689644320395e+00
2.588076971037538897e+03,1.472762848083068787e+00
2.587594841178311071e+03,1.472757126859167487e+00
2.587112711319082337e+03,1.472751523001323726e+00
2.586630581459853602e+03,1.472745920629126459e+00
2.586148451600625776e+03,1.472740318256929193e+00
2.585666321741397041e+03,1.472734834736435960e+00
2.585184191882169216e+03,1.472729351215942506e+00
2.584702062022940481e+03,1.472723986547153308e+00
2.584219932163711746e+03,1.472718740730067921e+00
2.583737802304483921e+03,1.472713496398629029e+00
2.583255672445255186e+03,1.472708250581543643e+00
2.582773542586027361e+03,1.472703125101808785e+00
2.582291412726798626e+03,1.472698118473777740e+00
2.581809282867570801e+03,1.472693110360100421e+00
2.581327153008342066e+03,1.472688224069419682e+00
2.580845023149113331e+03,1.472683455144796705e+00
2.580362893289885506e+03,1.472678806557524034e+00
2.579880763430656771e+03,1.472674395673659209e+00
2.579398633571428945e+03,1.472669984789794606e+00
2.578916503712200210e+03,1.472665811609337849e+00
2.578434373852971476e+03,1.472661758766231399e+00
2.577952243993743650e+03,1.472657824774828983e+00
2.577470114134514915e+03,1.472654011120777096e+00
2.576987984275287090e+03,1.472650433684486559e+00
2.576505854416058355e+03,1.472646857733842518e+00
2.576023724556829620e+03,1.472643400634902289e+00
2.575541594697601795e+03,1.472640062387666315e+00
2.575059464838373060e+03,1.472636844477780427e+00
2.574577334979145235e+03,1.472633625082248487e+00
2.574095205119916500e+03,1.472630644875770667e+00
2.573613075260687765e+03,1.472627545817588812e+00
2.573130945401459940e+03,1.472624684462815026e+00
2.572648815542231205e+03,1.472621824593687512e+00
2.572166685683003379e+03,1.472618963238913725e+00
2.571684555823774645e+03,1.472616101884139939e+00
2.571202425964546819e+03,1.472613240529366152e+00
2.570720296105318084e+03,1.472610141471184297e+00
2.570238166246089349e+03,1.472607042413002443e+00
2.569756036386861524e+03,1.472603704165766469e+00
2.569273906527632789e+03,1.472600247066826240e+00
2.568791776668404964e+03,1.472596671116182199e+00
2.568309646809176229e+03,1.472592855976483817e+00
2.567827516949947494e+03,1.472588803133377366e+00
2.567345387090719669e+03,1.472584750290270916e+00
2.566863257231490934e+03,1.472580339406406313e+00
2.566381127372263109e+03,1.472575928522541489e+00
2.565898997513034374e+03,1.472571278449622545e+00
2.565416867653805639e+03,1.472566629862349874e+00
2.564934737794577813e+03,1.472561623234318828e+00
2.564452607935349079e+03,1.472556735457991817e+00
2.563970478076121253e+03,1.472551609978256959e+00
2.563488348216892518e+03,1.472546364161171573e+00
2.563006218357663784e+03,1.472541119829732681e+00
2.562524088498435958e+03,1.472535636309239226e+00
2.562041958639207223e+03,1.472530151303099721e+00
2.561559828779979398e+03,1.472524667782606489e+00
2.561077698920750663e+03,1.472519065410409000e+00
2.560595569061522838e+03,1.472513463038211734e+00
2.560113439202294103e+03,1.472507979517718502e+00
2.559631309343065368e+03,1.472502375659874962e+00
2.559149179483837543e+03,1.472496892139381508e+00
2.558667049624608808e+03,1.472491408618888276e+00
2.558184919765380982e+03,1.472485925098395043e+00
2.557702789906152248e+03,1.472480560429605623e+00
2.557220660046923513e+03,1.472475195760816424e+00
2.556738530187695687e+03,1.472469832577673499e+00
2.556256400328466952e+03,1.472464467908884078e+00
2.555774270469239127e+03,1.472459103240094880e+00
2.555292140610010392e+03,1.472453857423009493e+00
2.554810010750781657e+03,1.472448613091570602e+00
2.554327880891553832e+03,1.472443486126189249e+00
2.553845751032325097e+03,1.472438479498158204e+00
2.553363621173097272e+03,1.472433472870127158e+00
2.552881491313868537e+03,1.472428466242096112e+00
2.552399361454639802e+03,1.472423578465769101e+00
2.551917231595411977e+03,1.472418811026792396e+00
2.551435101736183242e+03,1.472414042102169418e+00
2.550952971876955417e+03,1.472409393514896747e+00
2.550470842017726682e+03,1.472404624590273770e+00
2.549988712158498856e+03,1.472399976003001099e+00
2.549506582299270121e+03,1.472395207078378121e+00
2.549024452440041387e+03,1.472390438153755143e+00
2.548542322580813561e+03,1.472385550377428132e+00
2.548060192721584826e+03,1.472380664086747393e+00
2.547578062862357001e+03,1.472375776310420381e+00
2.547095933003128266e+03,1.472370769682389335e+00
2.546613803143899531e+03,1.472365763054358290e+00
2.546131673284671706e+03,1.472360754940681193e+00
2.545649543425442971e+03,1.472355629460946114e+00
2.545167413566215146e+03,1.472350503981211034e+00
2.544685283706986411e+03,1.472345377015829682e+00
2.544203153847757676e+03,1.472340132684390790e+00
2.543721023988529851e+03,1.472334886867305404e+00
2.543238894129301116e+03,1.472329642535866512e+00
2.542756764270073290e+03,1.472324277867077091e+00
2.542274634410844556e+03,1.472318913198287893e+00
2.541792504551615821e+03,1.472313310826090627e+00
2.541310374692387995e+03,1.472307827305597394e+00
2.540828244833159260e+03,1.472302223447753633e+00
2.540346114973931435e+03,1.472296739927260401e+00
2.539863985114702700e+03,1.472291137555063134e+00
2.539381855255474875e+03,1.472285535182865868e+00
2.538899725396246140e+03,1.472279931325022106e+00
2.538417595537017405e+03,1.472274447804528874e+00
2.537935465677789580e+03,1.472268845432331608e+00
2.537453335818560845e+03,1.472263243060134341e+00
2.536971205959333020e+03,1.472257639202290802e+00
2.536489076100104285e+03,1.472252036830093314e+00
2.536006946240875550e+03,1.472246434457896047e+00
2.535524816381647724e+03,1.472240950937402815e+00
2.535042686522418990e+03,1.472235347079559276e+00
2.534560556663191164e+03,1.472229863559065821e+00
2.534078426803962429e+03,1.472224380038572589e+00
2.533596296944733695e+03,1.472219015369783390e+00
2.533114167085505869e+03,1.472213771038344277e+00
2.532632037226277134e+03,1.472208525221258890e+00
2.532149907367049309e+03,1.472203279404173726e+00
2.531667777507820574e+03,1.472198153924438646e+00
2.531185647648591839e+03,1.472193028444703788e+00
2.530703517789364014e+03,1.472187901479322436e+00
2.530221387930135279e+03,1.472182775999587356e+00
2.529739258070907454e+03,1.472177650519852499e+00
2.529257128211678719e+03,1.472172404702767112e+00
2.528774998352450893e+03,1.472167160371327999e+00
2.528292868493222159e+03,1.472161795702538800e+00
2.527810738633993424e+03,1.472156431033749602e+00
2.527328608774765598e+03,1.472150947513256147e+00
2.526846478915536863e+03,1.472145463992762915e+00
2.526364349056309038e+03,1.472139980472269682e+00
2.525882219197080303e+03,1.472134376614425921e+00
2.525400089337851568e+03,1.472128655390524621e+00
2.524917959478623743e+03,1.472122813829273014e+00
2.524435829619395008e+03,1.472116972268021406e+00
2.523953699760167183e+03,1.472111130706769799e+00
2.523471569900938448e+03,1.472105051442110346e+00
2.522989440041709713e+03,1.472098972177450671e+00
2.522507310182481888e+03,1.472092772575440689e+00
2.522025180323253153e+03,1.472086455607373168e+00
2.521543050464025328e+03,1.472080137153659374e+00
2.521060920604796593e+03,1.472073818699945358e+00
2.520578790745567858e+03,1.472067381394527530e+00
2.520096660886340032e+03,1.472061062940813514e+00
2.519614531027111298e+03,1.472054625635395686e+00
2.519132401167883472e+03,1.472048308667328165e+00
2.518650271308654737e+03,1.472041990213614149e+00
2.518168141449426912e+03,1.472035790611604389e+00
2.517686011590198177e+03,1.472029473643536646e+00
2.517203881730969442e+03,1.472023274041526886e+00
2.516721751871741617e+03,1.472016955587812870e+00
2.516239622012512882e+03,1.472010876323153195e+00
2.515757492153285057e+03,1.472004676721143435e+00
2.515275362294056322e+03,1.471998597456483759e+00
2.514793232434827587e+03,1.471992637043528118e+00
2.514311102575599762e+03,1.471986676630572699e+00
2.513828972716371027e+03,1.471980716217617058e+00
2.513346842857143201e+03,1.471975113845419791e+00
2.512864712997914467e+03,1.471969272284168184e+00
2.512382583138685732e+03,1.471963669911970696e+00
2.511900453279457906e+03,1.471958186391477463e+00
2.511418323420229171e+03,1.471952702870984231e+00
2.510936193561001346e+03,1.471947099013140692e+00
2.510454063701772611e+03,1.471941734344351271e+00
2.509971933842543876e+03,1.471936371161208346e+00
2.509489803983316051e+03,1.471931125344122959e+00
2.509007674124087316e+03,1.471925760675333761e+00
2.508525544264859491e+03,1.471920754047302715e+00
2.508043414405630756e+03,1.471915747419271669e+00
2.507561284546402931e+03,1.471911098831998999e+00
2.507079154687174196e+03,1.471906687948134396e+00
2.506597024827945461e+03,1.471902514767677639e+00
2.506114894968717635e+03,1.471898699627979257e+00
2.505632765109488901e+03,1.471895242529039027e+00
2.505150635250261075e+03,1.471892143470857395e+00
2.504668505391032340e+03,1.471889759008545795e+00
2.504186375531803606e+03,1.471887613735288536e+00
2.503704245672575780e+03,1.471886064206197720e+00
2.503222115813347045e+03,1.471884872717865056e+00
2.502739985954119220e+03,1.471884395825402869e+00
2.502257856094890485e+03,1.471884156636348528e+00
2.501775726235661750e+03,1.471884752380514749e+00
2.501293596376433925e+03,1.471885587313735311e+00
2.500811466517205190e+03,1.471887136842826349e+00
2.500329336657977365e+03,1.471889163264379574e+00
2.499847206798748630e+03,1.471891547726690952e+00
2.499365076939519895e+03,1.471894646784872807e+00
2.498882947080292070e+03,1.471898224221163121e+00
2.498400817221063335e+03,1.471902156726919264e+00
2.497918687361835509e+03,1.471906567610784089e+00
2.497436557502606775e+03,1.471911455387111101e+00
2.496954427643378949e+03,1.471916701204196265e+00
2.496472297784150214e+03,1.471922065872985685e+00
2.495990167924921479e+03,1.471927905948590798e+00
2.495508038065693654e+03,1.471933747509842405e+00
2.495025908206464919e+03,1.471939707922798046e+00
2.494543778347237094e+03,1.471945430632345619e+00
2.494061648488008359e+03,1.471951272193597227e+00
2.493579518628779624e+03,1.471956874565794493e+00
2.493097388769551799e+03,1.471962120382879879e+00
2.492615258910323064e+03,1.471967006673560618e+00
2.492133129051095239e+03,1.471971417557425221e+00
2.491650999191866504e+03,1.471975232697123603e+00
2.491168869332637769e+03,1.471978689796063833e+00
2.490686739473409943e+03,1.471981311961783279e+00
2.490204609614181209e+03,1.471983458720686810e+00
2.489722479754953383e+03,1.471985008249777627e+00
2.489240349895724648e+03,1.471985962034702222e+00
2.488758220036495914e+03,1.471986199738110290e+00
2.488276090177268088e+03,1.471985962034702222e+00
2.487793960318039353e+03,1.471985245953185695e+00
2.487311830458811528e+03,1.471984054464853031e+00
2.486829700599582793e+03,1.471982504935762215e+00
2.486347570740354968e+03,1.471980597365913024e+00
2.485865440881126233e+03,1.471978452092655765e+00
2.485383311021897498e+03,1.471975828441290046e+00
2.484901181162669673e+03,1.471973206275570600e+00
2.484419051303440938e+03,1.471970226069092780e+00
2.483936921444213112e+03,1.471967127010910925e+00
2.483454791584984378e+03,1.471964026467082798e+00
2.482972661725755643e+03,1.471960689705493097e+00
2.482490531866527817e+03,1.471957470309960936e+00
2.482008402007299082e+03,1.471954132062724740e+00
2.481526272148071257e+03,1.471950795301135040e+00
2.481044142288842522e+03,1.471947575905602879e+00
2.480562012429613787e+03,1.471944595699125058e+00
2.480079882570385962e+03,1.471941615492647237e+00
2.479597752711157227e+03,1.471939112178631826e+00
2.479115622851929402e+03,1.471936608864616192e+00
2.478633492992700667e+03,1.471934463591359155e+00
2.478151363133471932e+03,1.471932437169805929e+00
2.477669233274244107e+03,1.471930886155068618e+00
2.477187103415015372e+03,1.471929217774273768e+00
2.476704973555787547e+03,1.471927905948590798e+00
2.476222843696558812e+03,1.471926714460258356e+00
2.475740713837330986e+03,1.471925522971925693e+00
2.475258583978102251e+03,1.471924329997946757e+00
2.474776454118873517e+03,1.471923257361318127e+00
2.474294324259645691e+03,1.471921945535635379e+00
2.473812194400416956e+03,1.471920635195598681e+00
2.473330064541189131e+03,1.471919085666507865e+00
2.472847934681960396e+03,1.471917654989120861e+00
2.472365804822731661e+03,1.471915747419271669e+00
2.471883674963503836e+03,1.471913839849422478e+00
2.471401545104275101e+03,1.471911694576165219e+00
2.470919415245047276e+03,1.471909310113853842e+00
2.470437285385818541e+03,1.471906806799838208e+00
2.469955155526589806e+03,1.471903945445064421e+00
2.469473025667361981e+03,1.471900846386882789e+00
2.468990895808133246e+03,1.471897747328700934e+00
2.468508765948905420e+03,1.471894169892410398e+00
2.468026636089676686e+03,1.471890593941766356e+00
2.467544506230447951e+03,1.471886778802067974e+00
2.467062376371220125e+03,1.471882725958961524e+00
2.466580246511991390e+03,1.471878435412447228e+00
2.466098116652763565e+03,1.471874262231990471e+00
2.465615986793534830e+03,1.471869613644717800e+00
2.465133856934307005e+03,1.471865083909149163e+00
2.464651727075078270e+03,1.471860196132822152e+00
2.464169597215849535e+03,1.471855427208199174e+00
2.463687467356621710e+03,1.471850420580168128e+00
2.463205337497392975e+03,1.471845295100433049e+00
2.462723207638165150e+03,1.471840049283347884e+00
2.462241077778936415e+03,1.471834803466262498e+00
2.461758947919707680e+03,1.471829440283119572e+00
2.461276818060479854e+03,1.471823956762626118e+00
2.460794688201251120e+03,1.471818471756486613e+00
2.460312558342023294e+03,1.471812988235993380e+00
2.459830428482794559e+03,1.471807385863795892e+00
2.459348298623565825e+03,1.471801902343302659e+00
2.458866168764337999e+03,1.471796418822809427e+00
2.458384038905109264e+03,1.471790935302316194e+00
2.457901909045881439e+03,1.471785451781822740e+00
2.457419779186652704e+03,1.471779968261329508e+00
2.456937649327423969e+03,1.471774245551781934e+00
2.456455519468196144e+03,1.471768643179584668e+00
2.455973389608967409e+03,1.471763040807387402e+00
2.455491259749739584e+03,1.471757199246135794e+00
2.455009129890510849e+03,1.471751357684884187e+00
2.454527000031283023e+03,1.471745397271928546e+00
2.454044870172054289e+03,1.471739318007268871e+00
2.453562740312825554e+03,1.471733237256962923e+00
2.453080610453597728e+03,1.471726920288895402e+00
2.452598480594368993e+03,1.471720720686885420e+00
2.452116350735141168e+03,1.471714283381467592e+00
2.451634220875912433e+03,1.471707964927753798e+00
2.451152091016683698e+03,1.471701408770631714e+00
2.450669961157455873e+03,1.471694852613509852e+00
2.450187831298227138e+03,1.471688296456387990e+00
2.449705701438999313e+03,1.471681619961915821e+00
2.449223571579770578e+03,1.471674944953089925e+00
2.448741441720541843e+03,1.471668149606913722e+00
2.448259311861314018e+03,1.471661235409033486e+00
2.447777182002085283e+03,1.471654440062857283e+00
2.447295052142857458e+03,1.471647407013273012e+00
2.446812922283628723e+03,1.471640492815392998e+00
2.446330792424399988e+03,1.471633578617512761e+00
2.445848662565172162e+03,1.471626545567928490e+00
2.445366532705943428e+03,1.471619512518344219e+00
2.444884402846715602e+03,1.471612479468760171e+00
2.444402272987486867e+03,1.471605444933529627e+00
2.443920143128258132e+03,1.471598293032241322e+00
2.443438013269030307e+03,1.471591139645306967e+00
2.442955883409801572e+03,1.471583987744018662e+00
2.442473753550573747e+03,1.471576715505380273e+00
2.441991623691345012e+03,1.471569563604091968e+00
2.441509493832117187e+03,1.471562291365453579e+00
2.441027363972888452e+03,1.471555258315869308e+00
2.440545234113659717e+03,1.471548106414581003e+00
2.440063104254431892e+03,1.471541192216700988e+00
2.439580974395203157e+03,1.471534396870524786e+00
2.439098844535975331e+03,1.471527720376052395e+00
2.438616714676746597e+03,1.471521403407984874e+00
2.438134584817517862e+03,1.471515203805974892e+00
2.437652454958290036e+03,1.471509362244723285e+00
2.437170325099061301e+03,1.471503759872526018e+00
2.436688195239833476e+03,1.471498514055440854e+00
2.436206065380604741e+03,1.471493627764760115e+00
2.435723935521376006e+03,1.471489096543544983e+00
2.435241805662148181e+03,1.471485043700438755e+00
2.434759675802919446e+03,1.471481348898090680e+00
2.434277545943691621e+03,1.471478249839908825e+00
2.433795416084462886e+03,1.471475626188542885e+00
2.433313286225234151e+03,1.471473599766989881e+00
2.432831156366006326e+03,1.471472050237898843e+00
2.432349026506777591e+03,1.471471215304678282e+00
2.431866896647549765e+03,1.471470619560512061e+00
2.431384766788321031e+03,1.471470858749566402e+00
2.430902636929093205e+03,1.471471215304678282e+00
2.430420507069864470e+03,1.471472408278657218e+00
2.429938377210635736e+03,1.471473599766989881e+00
2.429456247351407910e+03,1.471475269633431004e+00
2.428974117492179175e+03,1.471477056865929889e+00
2.428491987632951350e+03,1.471479441328241489e+00
2.428009857773722615e+03,1.471481706938848832e+00
2.427527727914493880e+03,1.471484210252864466e+00
2.427045598055266055e+03,1.471486951270287946e+00
2.426563468196037320e+03,1.471489693773357699e+00
2.426081338336809495e+03,1.471492673979835519e+00
2.425599208477580760e+03,1.471495773038017374e+00
2.425117078618352025e+03,1.471498872096199007e+00
2.424634948759124200e+03,1.471501971154380861e+00
2.424152818899895465e+03,1.471505309401617057e+00
2.423670689040667639e+03,1.471508528797148996e+00
2.423188559181438904e+03,1.471511985896089225e+00
2.422706429322210170e+03,1.471515322657678926e+00
2.422224299462982344e+03,1.471518779756619155e+00
2.421742169603753609e+03,1.471522476044613503e+00
2.421260039744525784e+03,1.471526291184311885e+00
2.420777909885297049e+03,1.471530462879122370e+00
2.420295780026069224e+03,1.471534754911282938e+00
2.419813650166840489e+03,1.471539403498555609e+00
2.419331520307611754e+03,1.471544291274882621e+00
2.418849390448383929e+03,1.471549774795376075e+00
2.418367260589155194e+03,1.471555377167573342e+00
2.417885130729927369e+03,1.471561695621287136e+00
2.417403000870698634e+03,1.471568014075001152e+00
2.416920871011469899e+03,1.471575047124585200e+00
2.416438741152242073e+03,1.471581842470761403e+00
2.415956611293013339e+03,1.471589233561104049e+00
2.415474481433785513e+03,1.471596266610688097e+00
2.414992351574556778e+03,1.471603299660272368e+00
2.414510221715328044e+03,1.471609976154744537e+00
2.414028091856100218e+03,1.471616293122812280e+00
2.413545961996871483e+03,1.471621896980655819e+00
2.413063832137643658e+03,1.471626783271336558e+00
2.412581702278414923e+03,1.471630837600089281e+00
2.412099572419186188e+03,1.471633936658270914e+00
2.411617442559958363e+03,1.471635844228120105e+00
2.411135312700729628e+03,1.471637154568156802e+00
2.410653182841501803e+03,1.471637154568156802e+00
2.410171052982273068e+03,1.471636439972286547e+00
2.409688923123045242e+03,1.471634651254141390e+00
2.409206793263816508e+03,1.471632505980884131e+00
2.408724663404587773e+03,1.471629406922702277e+00
2.408242533545359947e+03,1.471625949823762269e+00
2.407760403686131212e+03,1.471622015832359853e+00
2.407278273826903387e+03,1.471617962989253403e+00
2.406796143967674652e+03,1.471613670957092612e+00
2.406314014108445917e+03,1.471609378924932043e+00
2.405831884249218092e+03,1.471605207230121559e+00
2.405349754389989357e+03,1.471601154387015109e+00
2.404867624530761532e+03,1.471597339247316727e+00
2.404385494671532797e+03,1.471593644444968652e+00
2.403903364812304062e+03,1.471590425049436490e+00
2.403421234953076237e+03,1.471587444842958892e+00
2.402939105093847502e+03,1.471585060380647292e+00
2.402456975234619676e+03,1.471582915107390033e+00
2.401974845375390942e+03,1.471581126389244876e+00
2.401492715516162207e+03,1.471579934900912212e+00
2.401010585656934381e+03,1.471579339156745991e+00
2.400528455797705647e+03,1.471579099967691651e+00
2.400046325938477821e+03,1.471579339156745991e+00
2.399564196079249086e+03,1.471580292941670587e+00
2.399082066220021261e+03,1.471581365578299216e+00
2.398599936360792526e+03,1.471583273148148407e+00
2.398117806501563791e+03,1.471585537273109701e+00
2.397635676642335966e+03,1.471588279776179453e+00
2.397153546783107231e+03,1.471591139645306967e+00
2.396671416923879406e+03,1.471594596744246974e+00
2.396189287064650671e+03,1.471598053843186982e+00
2.395707157205421936e+03,1.471601750131181552e+00
2.395225027346194111e+03,1.471605802974288002e+00
2.394742897486965376e+03,1.471609855817394230e+00
2.394260767627737550e+03,1.471613908660500680e+00
2.393778637768508815e+03,1.471618200692661471e+00
2.393296507909280081e+03,1.471622492724822040e+00
2.392814378050052255e+03,1.471627022460390899e+00
2.392332248190823520e+03,1.471631671047663570e+00
2.391850118331595695e+03,1.471636439972286547e+00
2.391367988472366960e+03,1.471641446600317593e+00
2.390885858613138225e+03,1.471646453228348417e+00
2.390403728753910400e+03,1.471651936748841871e+00
2.389921598894681665e+03,1.471657182565927036e+00
2.389439469035453840e+03,1.471662784938124302e+00
2.388957339176225105e+03,1.471668268458617757e+00
2.388475209316997280e+03,1.471673872316461296e+00
2.387993079457768545e+03,1.471679235499604221e+00
2.387510949598539810e+03,1.471684242127635267e+00
2.387028819739311984e+03,1.471689129903962279e+00
2.386546689880083250e+03,1.471693540787826882e+00
2.386064560020855424e+03,1.471697593630933332e+00
2.385582430161626689e+03,1.471701050729873561e+00
2.385100300302397955e+03,1.471703912084647348e+00
2.384618170443170129e+03,1.471706177695254691e+00
2.384136040583941394e+03,1.471707727224345730e+00
2.383653910724713569e+03,1.471708681009270325e+00
2.383171780865484834e+03,1.471708918712678393e+00
2.382689651006256099e+03,1.471708562157566291e+00
2.382207521147028274e+03,1.471707488035291389e+00
2.381725391287799539e+03,1.471705938506200573e+00
2.381243261428571714e+03,1.471703793232943314e+00
2.380761131569342979e+03,1.471700931878169527e+00
2.380279001710114244e+03,1.471697713968283638e+00
2.379796871850886419e+03,1.471694017680289290e+00
2.379314741991657684e+03,1.471689964837182840e+00
2.378832612132429858e+03,1.471685553953318237e+00
2.378350482273201123e+03,1.471680785028695260e+00
2.377868352413973298e+03,1.471675659548960180e+00
2.377386222554744563e+03,1.471670294880170982e+00
2.376904092695515828e+03,1.471664811359677527e+00
2.376421962836288003e+03,1.471659090135776227e+00
2.375939832977059268e+03,1.471652890533766467e+00
2.375457703117831443e+03,1.471646811269106792e+00
2.374975573258602708e+03,1.471640255111984930e+00
2.374493443399373973e+03,1.471633817806567102e+00
2.374011313540146148e+03,1.471627022460390899e+00
2.373529183680917413e+03,1.471620345965918508e+00
2.373047053821689587e+03,1.471613431768038494e+00
2.372564923962460853e+03,1.471606637907508564e+00
2.372082794103232118e+03,1.471599604857924293e+00
2.371600664244004292e+03,1.471592809511748090e+00
2.371118534384775558e+03,1.471585776462163819e+00
2.370636404525547732e+03,1.471578862264283583e+00
2.370154274666318997e+03,1.471571827729053261e+00
2.369672144807090262e+03,1.471564915016819297e+00
2.369190014947862437e+03,1.471558000818939060e+00
2.368707885088633702e+03,1.471550966283708517e+00
2.368225755229405877e+03,1.471543814382420434e+00
2.367743625370177142e+03,1.471536781332836163e+00
2.367261495510949317e+03,1.471529509094197774e+00
2.366779365651720582e+03,1.471522357192909469e+00
2.366297235792491847e+03,1.471515084954271080e+00
2.365815105933264022e+03,1.471508051904686809e+00
2.365332976074035287e+03,1.471500898517752232e+00
2.364850846214807461e+03,1.471493865468168183e+00
2.364368716355578727e+03,1.471486832418583912e+00
2.363886586496349992e+03,1.471479918220703675e+00
2.363404456637122166e+03,1.471473004022823439e+00
2.362922326777893431e+03,1.471466447865701577e+00
2.362440196918665606e+03,1.471459771371229408e+00
2.361958067059436871e+03,1.471453573254865699e+00
2.361475937200208136e+03,1.471447254801151905e+00
2.360993807340980311e+03,1.471441294388196264e+00
2.360511677481751576e+03,1.471435692015998997e+00
2.360029547622523751e+03,1.471430446198913611e+00
2.359547417763295016e+03,1.471425439570882787e+00
2.359065287904066281e+03,1.471421028687017962e+00
2.358583158044838456e+03,1.471416975843911512e+00
2.358101028185609721e+03,1.471413518744971505e+00
2.357618898326381895e+03,1.471410538538493684e+00
2.357136768467153161e+03,1.471408035224478272e+00
2.356654638607925335e+03,1.471406008802925047e+00
2.356172508748696600e+03,1.471404578125538043e+00
2.355690378889467866e+03,1.471403505488909413e+00
2.355208249030240040e+03,1.471402908259096920e+00
2.354726119171011305e+03,1.471402312514930699e+00
2.354243989311783480e+03,1.471402193663226665e+00
2.353761859452554745e+03,1.471402074811522631e+00
2.353279729593326010e+03,1.471402074811522631e+00
2.352797599734098185e+03,1.471401835622468290e+00
2.352315469874869450e+03,1.471401716770764256e+00
2.351833340015641625e+03,1.471401239878302070e+00
2.351351210156412890e+03,1.471400762985839661e+00
2.350869080297184155e+03,1.471399809200915065e+00
2.350386950437956330e+03,1.471398855415990470e+00
2.349904820578727595e+03,1.471397305886899654e+00
2.349422690719499769e+03,1.471395875209512649e+00
2.348940560860271034e+03,1.471393967639663458e+00
2.348458431001042300e+03,1.471392180407164574e+00
2.347976301141814474e+03,1.471389914796557008e+00
2.347494171282585739e+03,1.471387888375003783e+00
2.347012041423357914e+03,1.471385503912692405e+00
2.346529911564129179e+03,1.471383477491139180e+00
2.346047781704901354e+03,1.471381332217881921e+00
2.345565651845672619e+03,1.471379424648032730e+00
2.345083521986443884e+03,1.471377635929887573e+00
2.344601392127216059e+03,1.471376086400796757e+00
2.344119262267987324e+03,1.471374655723409752e+00
2.343637132408759499e+03,1.471373583086781123e+00
2.343155002549530764e+03,1.471372510450152493e+00
2.342672872690302029e+03,1.471371556665227898e+00
2.342190742831074203e+03,1.471370721732007336e+00
2.341708612971845469e+03,1.471369888284433047e+00
2.341226483112617643e+03,1.471368934499508452e+00
2.340744353253388908e+03,1.471367861862879822e+00
2.340262223394160173e+03,1.471366550037197074e+00
2.339780093534932348e+03,1.471365238211514104e+00
2.339297963675703613e+03,1.471363569830719253e+00
2.338815833816475788e+03,1.471361901449924403e+00
2.338333703957247053e+03,1.471360112731779024e+00
2.337851574098018318e+03,1.471358682054392242e+00
2.337369444238790493e+03,1.471357490566059578e+00
2.336887314379561758e+03,1.471356774484543051e+00
2.336405184520333933e+03,1.471356417929430949e+00
2.335923054661105198e+03,1.471356417929430949e+00
2.335440924801877372e+03,1.471356178740376608e+00
2.334958794942648638e+03,1.471355464144506353e+00
2.334476665083419903e+03,1.471354033467119571e+00
2.333994535224192077e+03,1.471351767856512005e+00
2.333512405364963342e+03,1.471348668798330150e+00
2.333030275505735517e+03,1.471345211699390143e+00
2.332548145646506782e+03,1.471341515411395795e+00
2.332066015787278047e+03,1.471337582905639652e+00
2.331583885928050222e+03,1.471333528576886929e+00
2.331101756068821487e+03,1.471329594585484513e+00
2.330619626209593662e+03,1.471325541742378062e+00
2.330137496350364927e+03,1.471321488899271612e+00
2.329655366491136192e+03,1.471317436056165384e+00
2.329173236631908367e+03,1.471313502064762968e+00
2.328691106772679632e+03,1.471309328884306211e+00
2.328208976913451806e+03,1.471305396378550068e+00
2.327726847054223072e+03,1.471301342049797345e+00
2.327244717194994337e+03,1.471297408058394929e+00
2.326762587335766511e+03,1.471293236363584667e+00
2.326280457476537777e+03,1.471289302372182251e+00
2.325798327617309951e+03,1.471285487232483868e+00
2.325316197758081216e+03,1.471281673578431759e+00
2.324834067898853391e+03,1.471277977290437189e+00
2.324351938039624656e+03,1.471274401339793148e+00
2.323869808180395921e+03,1.471270944240853140e+00
2.323387678321168096e+03,1.471267605993616945e+00
2.322905548461939361e+03,1.471264267746380972e+00
2.322423418602711536e+03,1.471261049836495083e+00
2.321941288743482801e+03,1.471257830440962922e+00
2.321459158884254066e+03,1.471254493679373221e+00
2.320977029025026241e+03,1.471251274283841060e+00
2.320494899165797506e+03,1.471247937522251359e+00
2.320012769306569680e+03,1.471244599275015164e+00
2.319530639447340945e+03,1.471241500216833309e+00
2.319048509588112211e+03,1.471238280821301370e+00
2.318566379728884385e+03,1.471235181763119515e+00
2.318084249869655650e+03,1.471232082704937660e+00
2.317602120010427825e+03,1.471228982161109533e+00
2.317119990151199090e+03,1.471225883102927900e+00
2.316637860291970355e+03,1.471222902896450080e+00
2.316155730432742530e+03,1.471219803838268225e+00
2.315673600573513795e+03,1.471216823631790405e+00
2.315191470714285970e+03,1.471213604236258243e+00
2.314709340855057235e+03,1.471210505178076389e+00
2.314227210995829410e+03,1.471207285782544449e+00
2.313745081136600675e+03,1.471204067872658561e+00
2.313262951277371940e+03,1.471200729625422587e+00
2.312780821418144114e+03,1.471197391378186392e+00
2.312298691558915380e+03,1.471194054616596691e+00
2.311816561699687554e+03,1.471190835221064530e+00
2.311334431840458819e+03,1.471187378122124301e+00
2.310852301981230084e+03,1.471184041360534600e+00
2.310370172122002259e+03,1.471180584261594593e+00
2.309888042262773524e+03,1.471177246014358397e+00
2.309405912403545699e+03,1.471173788915418390e+00
2.308923782544316964e+03,1.471170331816478161e+00
2.308441652685088229e+03,1.471166755865834119e+00
2.307959522825860404e+03,1.471163059577839771e+00
2.307477392966631669e+03,1.471159244438141389e+00
2.306995263107403844e+03,1.471155430784089280e+00
2.306513133248175109e+03,1.471151615644390898e+00
2.306031003388946374e+03,1.471147562801284447e+00
2.305548873529718549e+03,1.471143509958177997e+00
2.305066743670489814e+03,1.471139455629425274e+00
2.304584613811261988e+03,1.471135283934614790e+00
2.304102483952033253e+03,1.471131231091508562e+00
2.303620354092805428e+03,1.471127057911051805e+00
2.303138224233576693e+03,1.471122886216241321e+00
2.302656094374347958e+03,1.471118594184080752e+00
2.302173964515120133e+03,1.471114303637566234e+00
2.301691834655891398e+03,1.471109892753701631e+00
2.301209704796663573e+03,1.471105481869836806e+00
2.300727574937434838e+03,1.471100952134268169e+00
2.300245445078206103e+03,1.471096541250403567e+00
2.299763315218978278e+03,1.471092011514834708e+00
2.299281185359749543e+03,1.471087600630970105e+00
2.298799055500521717e+03,1.471083070895401468e+00
2.298316925641292983e+03,1.471078778863240677e+00
2.297834795782064248e+03,1.471074367979376074e+00
2.297352665922836422e+03,1.471070196284565590e+00
2.296870536063607688e+03,1.471066023104108833e+00
2.296388406204379862e+03,1.471061851409298571e+00
2.295906276345151127e+03,1.471057798566192121e+00
2.295424146485922392e+03,1.471053744237439398e+00
2.294942016626694567e+03,1.471049691394332948e+00
2.294459886767465832e+03,1.471045638551226498e+00
2.293977756908238007e+03,1.471041585708120270e+00
2.293495627049009272e+03,1.471037651716717853e+00
2.293013497189781447e+03,1.471033598873611403e+00
2.292531367330552712e+03,1.471029664882208987e+00
2.292049237471323977e+03,1.471025612039102537e+00
2.291567107612096152e+03,1.471021796899404155e+00
2.291084977752867417e+03,1.471017744056297705e+00
2.290602847893639591e+03,1.471013928916599323e+00
2.290120718034410856e+03,1.471010113776900941e+00
2.289638588175182122e+03,1.471006300122848831e+00
2.289156458315954296e+03,1.471002366131446415e+00
2.288674328456725561e+03,1.470998550991748033e+00
2.288192198597497736e+03,1.470994735852049651e+00
2.287710068738269001e+03,1.470990922197997541e+00
2.287227938879040266e+03,1.470986867869244819e+00
2.286745809019812441e+03,1.470983054215192709e+00
2.286263679160583706e+03,1.470979001372086481e+00
2.285781549301355881e+03,1.470975067380684065e+00
2.285299419442127146e+03,1.470971133389281649e+00
2.284817289582898411e+03,1.470967199397879233e+00
2.284335159723670586e+03,1.470963265406476816e+00
2.283853029864441851e+03,1.470959450266778434e+00
2.283370900005214025e+03,1.470955516275376018e+00
2.282888770145985291e+03,1.470951582283973602e+00
2.282406640286757465e+03,1.470947529440867152e+00
2.281924510427528730e+03,1.470943476597760702e+00
2.281442380568299996e+03,1.470939303417304167e+00
2.280960250709072170e+03,1.470935012870789649e+00
2.280478120849843435e+03,1.470930720838629080e+00
2.279995990990615610e+03,1.470926309954764255e+00
2.279513861131386875e+03,1.470921899070899652e+00
2.279031731272158140e+03,1.470917369335330793e+00
2.278549601412930315e+03,1.470912839599762156e+00
2.278067471553701580e+03,1.470908309864193519e+00
2.277585341694473755e+03,1.470903659791274576e+00
2.277103211835245020e+03,1.470899011204001683e+00
2.276621081976016285e+03,1.470894362616729012e+00
2.276138952116788460e+03,1.470889593692106034e+00
2.275656822257559725e+03,1.470884824767483057e+00
2.275174692398331899e+03,1.470879936991156045e+00
2.274692562539103164e+03,1.470874930363124999e+00
2.274210432679874430e+03,1.470870044072444482e+00
2.273728302820646604e+03,1.470864917107063130e+00
2.273246172961417869e+03,1.470859910479032084e+00
2.272764043102190044e+03,1.470854784999297005e+00
2.272281913242961309e+03,1.470849778371266181e+00
2.271799783383733484e+03,1.470844651405884829e+00
2.271317653524504749e+03,1.470839763629557817e+00
2.270835523665276014e+03,1.470834757001526771e+00
2.270353393806048189e+03,1.470829869225199760e+00
2.269871263946819454e+03,1.470824982934519021e+00
2.269389134087591628e+03,1.470820214009896043e+00
2.268907004228362894e+03,1.470815326233569031e+00
2.268424874369134159e+03,1.470810677646296361e+00
2.267942744509906333e+03,1.470805789869969349e+00
2.267460614650677599e+03,1.470801260134400712e+00
2.266978484791449773e+03,1.470796491209777734e+00
2.266496354932221038e+03,1.470791961474209097e+00
2.266014225072992303e+03,1.470787431738640239e+00
2.265532095213764478e+03,1.470783020854775636e+00
2.265049965354535743e+03,1.470778728822614845e+00
2.264567835495307918e+03,1.470774675979508395e+00
2.264085705636079183e+03,1.470770504284698132e+00
2.263603575776850448e+03,1.470766689144999750e+00
2.263121445917622623e+03,1.470762874005301368e+00
2.262639316058393888e+03,1.470759298054657105e+00
2.262157186199166063e+03,1.470755601766662757e+00
2.261675056339937328e+03,1.470752265005073056e+00
2.261192926480709502e+03,1.470748926757836861e+00
2.260710796621480767e+03,1.470745827699655006e+00
2.260228666762252033e+03,1.470742727155827101e+00
2.259746536903024207e+03,1.470739986138403399e+00
2.259264407043795472e+03,1.470737243635333646e+00
2.258782277184567647e+03,1.470734860658668541e+00
2.258300147325338912e+03,1.470732476196356942e+00
2.257818017466110177e+03,1.470730329437453410e+00
2.257335887606882352e+03,1.470728303015900185e+00
2.256853757747653617e+03,1.470726395446050994e+00
2.256371627888425792e+03,1.470724608213552109e+00
2.255889498029197057e+03,1.470722939832757259e+00
2.255407368169968322e+03,1.470721151114612102e+00
2.254925238310740497e+03,1.470719601585521286e+00
2.254443108451511762e+03,1.470717812867375907e+00
2.253960978592283936e+03,1.470716263338285090e+00
2.253478848733055202e+03,1.470714713809194274e+00
2.252996718873826467e+03,1.470713164280103236e+00
2.252514589014598641e+03,1.470711733602716453e+00
2.252032459155369907e+03,1.470710302925329449e+00
2.251550329296142081e+03,1.470709111436996785e+00
2.251068199436913346e+03,1.470707918463018071e+00
2.250586069577685521e+03,1.470706845826389442e+00
2.250103939718456786e+03,1.470705892041464846e+00
2.249621809859228051e+03,1.470705057108244285e+00
2.249139680000000226e+03,1.470704580215781876e+00
2.248657550140771491e+03,1.470703865619911621e+00
2.248175420281543666e+03,1.470703507579153246e+00
2.247693290422314931e+03,1.470703151024041366e+00
2.247211160563086196e+03,1.470702911834987026e+00
2.246729030703858371e+03,1.470702674131578958e+00
2.246246900844629636e+03,1.470702434942524617e+00
2.245764770985401810e+03,1.470702316090820583e+00
2.245282641126173075e+03,1.470702197239116771e+00
2.244800511266944341e+03,1.470702197239116771e+00
2.244318381407716515e+03,1.470702197239116771e+00
2.243836251548487780e+03,1.470702076901766464e+00
2.243354121689259955e+03,1.470702076901766464e+00
2.242871991830031220e+03,1.470701958050062430e+00
2.242389861970802485e+03,1.470701958050062430e+00
2.241907732111574660e+03,1.470701839198358396e+00
2.241425602252345925e+03,1.470701839198358396e+00
2.240943472393118100e+03,1.470701720346654362e+00
2.240461342533889365e+03,1.470701839198358396e+00
2.239979212674661539e+03,1.470702076901766464e+00
2.239497082815432805e+03,1.470702316090820583e+00
2.239014952956204070e+03,1.470702792983282992e+00
2.238532823096976244e+03,1.470703388727449212e+00
2.238050693237747510e+03,1.470704223660669996e+00
2.237568563378519684e+03,1.470705296297298403e+00
2.237086433519290949e+03,1.470706368933927033e+00
2.236604303660062214e+03,1.470708037314721883e+00
2.236122173800834389e+03,1.470709467992108888e+00
2.235640043941605654e+03,1.470711375561958079e+00
2.235157914082377829e+03,1.470713164280103236e+00
2.234675784223149094e+03,1.470715309553360495e+00
2.234193654363920359e+03,1.470717217123209686e+00
2.233711524504692534e+03,1.470719482733817252e+00
2.233229394645463799e+03,1.470721509155370477e+00
2.232747264786235974e+03,1.470723773280331548e+00
2.232265134927007239e+03,1.470725680850180739e+00
2.231783005067778504e+03,1.470727946460788305e+00
2.231300875208550679e+03,1.470729733693287189e+00
2.230818745349321944e+03,1.470731522411432346e+00
2.230336615490094118e+03,1.470733190792227196e+00
2.229854485630865383e+03,1.470734502617910167e+00
2.229372355771637558e+03,1.470735694106242830e+00
2.228890225912408823e+03,1.470736647891167426e+00
2.228408096053180088e+03,1.470737243635333646e+00
2.227925966193952263e+03,1.470737720527796055e+00
2.227443836334723528e+03,1.470737720527796055e+00
2.226961706475495703e+03,1.470737601676092021e+00
2.226479576616266968e+03,1.470737124783629612e+00
2.225997446757038233e+03,1.470736289850409051e+00
2.225515316897810408e+03,1.470735337551130728e+00
2.225033187038581673e+03,1.470734144577151792e+00
2.224551057179353847e+03,1.470732832751469044e+00
2.224068927320125113e+03,1.470731403559728312e+00
2.223586797460896378e+03,1.470729614841583155e+00
2.223104667601668552e+03,1.470728065312492339e+00
2.222622537742439818e+03,1.470726157742643148e+00
2.222140407883211992e+03,1.470724250172793957e+00
2.221658278023983257e+03,1.470722223751240731e+00
2.221176148164754522e+03,1.470720316181391540e+00
2.220694018305526697e+03,1.470718170908134281e+00
2.220211888446297962e+03,1.470716263338285090e+00
2.219729758587070137e+03,1.470714118065027831e+00
2.219247628727841402e+03,1.470712329346882674e+00
2.218765498868612667e+03,1.470710421777033483e+00
2.218283369009384842e+03,1.470708634544534599e+00
2.217801239150156107e+03,1.470706964678093476e+00
2.217319109290928282e+03,1.470705296297298403e+00
2.216836979431699547e+03,1.470703627916503553e+00
2.216354849572471721e+03,1.470702197239116771e+00
2.215872719713242986e+03,1.470700527372675426e+00
2.215390589854014252e+03,1.470698977843584609e+00
2.214908459994786426e+03,1.470697309462789759e+00
2.214426330135557691e+03,1.470695759933698721e+00
2.213944200276329866e+03,1.470693852363849530e+00
2.213462070417101131e+03,1.470692063645704373e+00
2.212979940557872396e+03,1.470689799520743302e+00
2.212497810698644571e+03,1.470687652761839770e+00
2.212015680839415836e+03,1.470685388636878477e+00
2.211533550980188011e+03,1.470682764985512758e+00
2.211051421120959276e+03,1.470680261671497124e+00
2.210569291261730541e+03,1.470677401802369610e+00
2.210087161402502716e+03,1.470674421595891790e+00
2.209605031543273981e+03,1.470671560241118003e+00
2.209122901684046155e+03,1.470668340845586064e+00
2.208640771824817421e+03,1.470665122935700175e+00
2.208158641965588686e+03,1.470661546985056134e+00
2.207676512106360860e+03,1.470658089886115905e+00
2.207194382247132125e+03,1.470654393598121557e+00
2.206712252387904300e+03,1.470650698795773481e+00
2.206230122528675565e+03,1.470646883656075099e+00
2.205747992669447740e+03,1.470642949664672683e+00
2.205265862810219005e+03,1.470639134524974301e+00
2.204783732950990270e+03,1.470635320870922191e+00
2.204301603091762445e+03,1.470631386879519775e+00
2.203819473232533710e+03,1.470627690591525427e+00
2.203337343373305885e+03,1.470623995789177352e+00
2.202855213514077150e+03,1.470620419838533088e+00
2.202373083654848415e+03,1.470616842402242774e+00
2.201890953795620590e+03,1.470613505640653074e+00
2.201408823936391855e+03,1.470610286245120912e+00
2.200926694077164029e+03,1.470607187186939058e+00
2.200444564217935294e+03,1.470603967791406896e+00
2.199962434358706560e+03,1.470601107922279382e+00
2.199480304499478734e+03,1.470598246567505596e+00
2.198998174640249999e+03,1.470595743253490184e+00
2.198516044781022174e+03,1.470593000750420432e+00
2.198033914921793439e+03,1.470590736625459138e+00
2.197551785062564704e+03,1.470588589866555607e+00
2.197069655203336879e+03,1.470586444593298570e+00
2.196587525344108144e+03,1.470584299320041310e+00
2.196105395484880319e+03,1.470582510601896153e+00
2.195623265625651584e+03,1.470580484180342928e+00
2.195141135766423758e+03,1.470578695462197771e+00
2.194659005907195024e+03,1.470576669040644546e+00
2.194176876047966289e+03,1.470574881808145662e+00
2.193694746188738463e+03,1.470572735049242130e+00
2.193212616329509729e+03,1.470570708627688905e+00
2.192730486470281903e+03,1.470568444502727612e+00
2.192248356611053168e+03,1.470566416595528114e+00
2.191766226751824433e+03,1.470564033618863009e+00
2.191284096892596608e+03,1.470561886859959477e+00
2.190801967033367873e+03,1.470559383545944065e+00
2.190319837174140048e+03,1.470557238272686806e+00
2.189837707314911313e+03,1.470554734958671395e+00
2.189355577455682578e+03,1.470552589685414135e+00
2.188873447596454753e+03,1.470550084885752229e+00
2.188391317737226018e+03,1.470547820760791158e+00
2.187909187877998193e+03,1.470545436298479558e+00
2.187427058018769458e+03,1.470543172173518487e+00
2.186944928159540723e+03,1.470540787711206887e+00
2.186462798300312897e+03,1.470538640952303355e+00
2.185980668441084163e+03,1.470536376827342284e+00
2.185498538581856337e+03,1.470534350405789059e+00
2.185016408722627602e+03,1.470532203646885527e+00
2.184534278863399777e+03,1.470530535266090677e+00
2.184052149004171042e+03,1.470528627696241486e+00
2.183570019144942307e+03,1.470527317356204788e+00
2.183087889285714482e+03,1.470525766341467699e+00
2.182605759426485747e+03,1.470524812556542882e+00
2.182123629567257922e+03,1.470523621068210440e+00
2.181641499708029187e+03,1.470522786134989879e+00
2.181159369848800452e+03,1.470522071539119402e+00
2.180677239989572627e+03,1.470521594646657215e+00
2.180195110130343892e+03,1.470521117754194806e+00
2.179712980271116066e+03,1.470520998902490994e+00
2.179230850411887332e+03,1.470520880050786960e+00
2.178748720552658597e+03,1.470521117754194806e+00
2.178266590693430771e+03,1.470521475794953181e+00
2.177784460834202036e+03,1.470521952687415590e+00
2.177302330974974211e+03,1.470522667283285845e+00
2.176820201115745476e+03,1.470523502216506406e+00
2.176338071256516741e+03,1.470524574853135036e+00
2.175855941397288916e+03,1.470525766341467699e+00
2.175373811538060181e+03,1.470526959315446414e+00
2.174891681678832356e+03,1.470528627696241486e+00
2.174409551819603621e+03,1.470530058373628268e+00
2.173927421960375796e+03,1.470531726754423119e+00
2.173445292101147061e+03,1.470533396620864464e+00
2.172963162241918326e+03,1.470535183853363348e+00
2.172481032382690501e+03,1.470537091423212539e+00
2.171998902523461766e+03,1.470538880141357696e+00
2.171516772664233940e+03,1.470540906562910921e+00
2.171034642805005205e+03,1.470543051836168180e+00
2.170552512945776471e+03,1.470544959406017371e+00
2.170070383086548645e+03,1.470547225016624715e+00
2.169588253227319910e+03,1.470549132586473906e+00
2.169106123368092085e+03,1.470551396711435199e+00
2.168623993508863350e+03,1.470553304281284390e+00
2.168141863649634615e+03,1.470555449554541649e+00
2.167659733790406790e+03,1.470557357124390840e+00
2.167177603931178055e+03,1.470559383545944065e+00
2.166695474071950230e+03,1.470561291115793257e+00
2.166213344212721495e+03,1.470563198685642448e+00
2.165731214353492760e+03,1.470564987403787605e+00
2.165249084494264935e+03,1.470566893487990523e+00
2.164766954635036200e+03,1.470568682206135680e+00
2.164284824775808374e+03,1.470570350586930530e+00
2.163802694916579640e+03,1.470572139305075687e+00
2.163320565057351814e+03,1.470574046874925100e+00
2.162838435198123079e+03,1.470575715255719951e+00
2.162356305338894344e+03,1.470577385122161074e+00
2.161874175479666519e+03,1.470579291206363992e+00
2.161392045620437784e+03,1.470580961072805115e+00
2.160909915761209959e+03,1.470582510601896153e+00
2.160427785901981224e+03,1.470584060130986970e+00
2.159945656042752489e+03,1.470585490808373974e+00
2.159463526183524664e+03,1.470586921485760756e+00
2.158981396324295929e+03,1.470588112974093420e+00
2.158499266465068104e+03,1.470589305948072356e+00
2.158017136605839369e+03,1.470590378584700986e+00
2.157535006746610634e+03,1.470591451221329393e+00
2.157052876887382808e+03,1.470592405006253989e+00
2.156570747028154074e+03,1.470593477642882618e+00
2.156088617168926248e+03,1.470594193724399368e+00
2.155606487309697513e+03,1.470595385212731809e+00
2.155124357450468779e+03,1.470596220145952593e+00
2.154642227591240953e+03,1.470597173930877188e+00
2.154160097732012218e+03,1.470598126230155289e+00
2.153677967872784393e+03,1.470599080015079885e+00
2.153195838013555658e+03,1.470600154137354787e+00
2.152713708154327833e+03,1.470601107922279382e+00
2.152231578295099098e+03,1.470601941369853893e+00
2.151749448435870363e+03,1.470603134343832608e+00
2.151267318576642538e+03,1.470604206980461237e+00
2.150785188717413803e+03,1.470605398468793901e+00
2.150303058858185977e+03,1.470606352253718496e+00
2.149820928998957243e+03,1.470607664079401466e+00
2.149338799139728508e+03,1.470608497526975755e+00
2.148856669280500682e+03,1.470609690500954692e+00
2.148374539421271948e+03,1.470610405096824946e+00
2.147892409562044122e+03,1.470611000840991167e+00
2.147410279702815387e+03,1.470611477733453576e+00
2.146928149843586652e+03,1.470611598070803883e+00
2.146446019984358827e+03,1.470611240030045508e+00
2.145963890125130092e+03,1.470610763137583099e+00
2.145481760265902267e+03,1.470609809352658504e+00
2.144999630406673532e+03,1.470608617864326062e+00
2.144517500547444797e+03,1.470606947997884717e+00
2.144035370688216972e+03,1.470604921576331492e+00
2.143553240828988237e+03,1.470602657451370421e+00
2.143071110969760412e+03,1.470599914948300668e+00
2.142588981110531677e+03,1.470596934741822848e+00
2.142106851251303851e+03,1.470593596494586652e+00
2.141624721392075116e+03,1.470590020543942611e+00
2.141142591532846382e+03,1.470586086552540195e+00
2.140660461673618556e+03,1.470581796006025899e+00
2.140178331814389821e+03,1.470577264784810767e+00
2.139696201955161996e+03,1.470572616197538096e+00
2.139214072095933261e+03,1.470567609569507050e+00
2.138731942236704526e+03,1.470562484089772193e+00
2.138249812377476701e+03,1.470557238272686806e+00
2.137767682518247966e+03,1.470551873603897386e+00
2.137285552659020141e+03,1.470546629272458494e+00
2.136803422799791406e+03,1.470541144266318989e+00
2.136321292940562671e+03,1.470535781083175841e+00
2.135839163081334846e+03,1.470530416414386643e+00
2.135357033222106111e+03,1.470525170597301257e+00
2.134874903362878285e+03,1.470519926265862365e+00
2.134392773503649551e+03,1.470514799300481013e+00
2.133910643644420816e+03,1.470509673820745933e+00
2.133428513785192990e+03,1.470504667192714887e+00
2.132946383925964255e+03,1.470499540227333757e+00
2.132464254066736430e+03,1.470494772788357052e+00
2.131982124207507695e+03,1.470489885012030040e+00
2.131499994348279870e+03,1.470485236424757369e+00
2.131017864489051135e+03,1.470480586351838204e+00
2.130535734629822400e+03,1.470476295805323907e+00
2.130053604770594575e+03,1.470471884921459083e+00
2.129571474911365840e+03,1.470467830592706582e+00
2.129089345052138015e+03,1.470463658897896098e+00
2.128607215192909280e+03,1.470459724906493681e+00
2.128125085333680545e+03,1.470455790915091265e+00
2.127642955474452719e+03,1.470451856923688849e+00
2.127160825615223985e+03,1.470447922932286433e+00
2.126678695755996159e+03,1.470443870089179983e+00
2.126196565896767424e+03,1.470439817246073755e+00
2.125714436037538690e+03,1.470435764402967305e+00
2.125232306178310864e+03,1.470431472370806514e+00
2.124750176319082129e+03,1.470427300675996252e+00
2.124268046459854304e+03,1.470422889792131427e+00
2.123785916600625569e+03,1.470418597759970858e+00
2.123303786741396834e+03,1.470414068024401999e+00
2.122821656882169009e+03,1.470409538288833362e+00
2.122339527022940274e+03,1.470404888215914418e+00
2.121857397163712449e+03,1.470400239628641748e+00
2.121375267304483714e+03,1.470395351852314736e+00
2.120893137445255888e+03,1.470390464075987724e+00
2.120411007586027154e+03,1.470385457447956679e+00
2.119928877726798419e+03,1.470380450819925633e+00
2.119446747867570593e+03,1.470375205002840469e+00
2.118964618008341859e+03,1.470369960671401355e+00
2.118482488149114033e+03,1.470364596002612156e+00
2.118000358289885298e+03,1.470359470522877077e+00
2.117518228430656563e+03,1.470354105854087878e+00
2.117036098571428738e+03,1.470348860037002492e+00
2.116553968712200003e+03,1.470343615705563600e+00
2.116071838852972178e+03,1.470338488740182248e+00
2.115589708993743443e+03,1.470333363260447168e+00
2.115107579134514708e+03,1.470328356632416122e+00
2.114625449275286883e+03,1.470323350004385299e+00
2.114143319416058148e+03,1.470318343376354253e+00
2.113661189556830323e+03,1.470313216410972901e+00
2.113179059697601588e+03,1.470308209782941855e+00
2.112696929838372853e+03,1.470302965451502963e+00
2.112214799979145027e+03,1.470297957337825645e+00
2.111732670119916293e+03,1.470292594154682497e+00
2.111250540260688467e+03,1.470287467189301367e+00
2.110768410401459732e+03,1.470282222857862253e+00
2.110286280542231907e+03,1.470277095892480901e+00
2.109804150683003172e+03,1.470271731223691702e+00
2.109322020823774437e+03,1.470266724595660657e+00
2.108839890964546612e+03,1.470261361412517731e+00
2.108357761105317877e+03,1.470256234447136379e+00
2.107875631246090052e+03,1.470250869778347180e+00
2.107393501386861317e+03,1.470245744298612101e+00
2.106911371527632582e+03,1.470240379629822902e+00
2.106429241668404757e+03,1.470235014961033482e+00
2.105947111809176022e+03,1.470229531440540249e+00
2.105464981949948196e+03,1.470224166771750829e+00
2.104982852090719462e+03,1.470218683251257596e+00
2.104500722231490727e+03,1.470213320068114671e+00
2.104018592372262901e+03,1.470207835061974944e+00
2.103536462513034166e+03,1.470202471878832018e+00
2.103054332653806341e+03,1.470196988358338785e+00
2.102572202794577606e+03,1.470191742541253399e+00
2.102090072935348871e+03,1.470186259020760167e+00
2.101607943076121046e+03,1.470181013203674780e+00
2.101125813216892311e+03,1.470175648534885582e+00
2.100643683357664486e+03,1.470170404203446468e+00
2.100161553498435751e+03,1.470164920682953236e+00
2.099679423639207926e+03,1.470159556014163815e+00
2.099197293779979191e+03,1.470154072493670583e+00
2.098715163920750456e+03,1.470148826676585196e+00
2.098233034061522631e+03,1.470143462007795998e+00
2.097750904202293896e+03,1.470138336528060918e+00
2.097268774343066070e+03,1.470133211048326061e+00
2.096786644483837335e+03,1.470128323271999049e+00
2.096304514624608601e+03,1.470123554347376071e+00
2.095822384765380775e+03,1.470119024611807212e+00
2.095340254906152040e+03,1.470114494876238576e+00
2.094858125046924215e+03,1.470110323181428091e+00
2.094375995187695480e+03,1.470105912297563489e+00
2.093893865328466745e+03,1.470101857968810766e+00
2.093411735469238920e+03,1.470097686274000282e+00
2.092929605610010185e+03,1.470093871134301899e+00
2.092447475750782360e+03,1.470089818291195671e+00
2.091965345891553625e+03,1.470086003151497289e+00
2.091483216032324890e+03,1.470082189497445180e+00
2.091001086173097065e+03,1.470078493209450610e+00
2.090518956313868330e+03,1.470074917258806568e+00
2.090036826454640504e+03,1.470071579011570595e+00
2.089554696595411770e+03,1.470068242249980672e+00
2.089072566736183944e+03,1.470065141706152545e+00
2.088590436876955209e+03,1.470062281837025031e+00
2.088108307017726474e+03,1.470059539333955279e+00
2.087626177158498649e+03,1.470056917168235833e+00
2.087144047299269914e+03,1.470054532705924233e+00
2.086661917440042089e+03,1.470052387432667196e+00
2.086179787580813354e+03,1.470050361011113971e+00
2.085697657721584619e+03,1.470048453441264780e+00
2.085215527862356794e+03,1.470046903912173741e+00
2.084733398003128059e+03,1.470045473234786959e+00
2.084251268143900234e+03,1.470044399112512057e+00
2.083769138284671499e+03,1.470043326475883427e+00
2.083287008425442764e+03,1.470042611880013173e+00
2.082804878566214938e+03,1.470042016135846730e+00
2.082322748706986204e+03,1.470041776946792389e+00
2.081840618847758378e+03,1.470041539243384543e+00
2.081358488988529643e+03,1.470041300054330202e+00
2.080876359129300909e+03,1.470041181202626168e+00
2.080394229270073083e+03,1.470040942013571827e+00
2.079912099410844348e+03,1.470040704310163981e+00
2.079429969551616523e+03,1.470040466606755913e+00
2.078947839692387788e+03,1.470039989714293505e+00
2.078465709833159963e+03,1.470039512821831318e+00
2.077983579973931228e+03,1.470038796740314790e+00
2.077501450114702493e+03,1.470037961807094007e+00
2.077019320255474668e+03,1.470037009507815684e+00
2.076537190396245933e+03,1.470036055722891088e+00
2.076055060537018107e+03,1.470034743897208340e+00
2.075572930677789373e+03,1.470033432071525370e+00
2.075090800818560638e+03,1.470031763690730520e+00
2.074608670959332812e+03,1.470029856120881329e+00
2.074126541100104077e+03,1.470027829699328104e+00
2.073644411240876252e+03,1.470025445237016504e+00
2.073162281381647517e+03,1.470022704219593024e+00
2.072680151522418782e+03,1.470019842864819237e+00
2.072198021663190957e+03,1.470016504617583264e+00
2.071715891803962222e+03,1.470013166370347069e+00
2.071233761944734397e+03,1.470009471567998993e+00
2.070751632085505662e+03,1.470005895617354952e+00
2.070269502226276927e+03,1.470001842774248502e+00
2.069787372367049102e+03,1.469998027634550120e+00
2.069305242507820367e+03,1.469994093643147703e+00
2.068823112648592542e+03,1.469990278503449321e+00
2.068340982789363807e+03,1.469986583701101246e+00
2.067858852930135981e+03,1.469982887413106898e+00
2.067376723070907246e+03,1.469979430314166668e+00
2.066894593211678512e+03,1.469976093552576968e+00
2.066412463352450686e+03,1.469973113346099147e+00
2.065930333493221951e+03,1.469970370843029395e+00
2.065448203633994126e+03,1.469967748677309727e+00
2.064966073774765391e+03,1.469965722255756502e+00
2.064483943915536656e+03,1.469963933537611345e+00
2.064001814056308831e+03,1.469962742049278903e+00
2.063519684197080096e+03,1.469961907116058120e+00
2.063037554337852271e+03,1.469961549075299967e+00
2.062555424478623536e+03,1.469961549075299967e+00
2.062073294619394801e+03,1.469962144819466188e+00
2.061591164760166976e+03,1.469962979752686749e+00
2.061109034900938241e+03,1.469964410430073753e+00
2.060626905041710415e+03,1.469965722255756502e+00
2.060144775182481681e+03,1.469967748677309727e+00
2.059662645323252946e+03,1.469969417058104799e+00
2.059180515464025120e+03,1.469971562331361836e+00
2.058698385604796385e+03,1.469973469901211027e+00
2.058216255745568560e+03,1.469975496322764252e+00
2.057734125886339825e+03,1.469977285040909409e+00
2.057251996027112000e+03,1.469979073759054788e+00
2.056769866167883265e+03,1.469980502950795298e+00
2.056287736308654530e+03,1.469981814776478268e+00
2.055805606449426705e+03,1.469982649709698830e+00
2.055323476590197970e+03,1.469983245453865051e+00
2.054841346730970145e+03,1.469983483157273119e+00
2.054359216871741410e+03,1.469983245453865051e+00
2.053877087012512675e+03,1.469982530857994796e+00
2.053394957153284849e+03,1.469981456735719894e+00
2.052912827294056115e+03,1.469979788354925043e+00
2.052430697434828289e+03,1.469977880785075852e+00
2.051948567575599554e+03,1.469975377471060218e+00
2.051466437716370820e+03,1.469972636453636738e+00
2.050984307857142994e+03,1.469969298206400765e+00
2.050502177997914259e+03,1.469965959959164570e+00
2.050020048138686434e+03,1.469962025967762154e+00
2.049537918279457699e+03,1.469958091976359738e+00
2.049055788420228964e+03,1.469953801429845441e+00
2.048573658561001139e+03,1.469949390545980616e+00
2.048091528701772404e+03,1.469944621621357639e+00
2.047609398842544579e+03,1.469939733845030627e+00
2.047127268983315844e+03,1.469934608365295770e+00
2.046645139124088018e+03,1.469929481399914417e+00
2.046163009264859284e+03,1.469923997879421185e+00
2.045680879405630549e+03,1.469918514358927730e+00
2.045198749546402723e+03,1.469912672797676123e+00
2.044716619687173988e+03,1.469906951573774823e+00
2.044234489827946163e+03,1.469901110012523215e+00
2.043752359968717428e+03,1.469895388788621915e+00
2.043270230109488693e+03,1.469889547227370308e+00
2.042788100250260868e+03,1.469883943369526769e+00
2.042305970391032133e+03,1.469878103293921434e+00
2.041823840531804308e+03,1.469872738625132236e+00
2.041341710672575573e+03,1.469867136252934969e+00
2.040859580813346838e+03,1.469861890435849583e+00
2.040377450954119013e+03,1.469856525767060385e+00
2.039895321094890278e+03,1.469851400287325305e+00
2.039413191235662453e+03,1.469846035618535884e+00
2.038931061376433718e+03,1.469841028990505061e+00
2.038448931517204983e+03,1.469835902025123708e+00
2.037966801657977157e+03,1.469830895397092663e+00
2.037484671798748423e+03,1.469825888769061617e+00
2.037002541939520597e+03,1.469821000992734605e+00
2.036520412080291862e+03,1.469815994364703782e+00
2.036038282221064037e+03,1.469811226925727077e+00
2.035556152361835302e+03,1.469806339149400065e+00
2.035074022502606567e+03,1.469801689076480899e+00
2.034591892643378742e+03,1.469796802785800383e+00
2.034109762784150007e+03,1.469792152712881217e+00
2.033627632924922182e+03,1.469787264936554205e+00
2.033145503065693447e+03,1.469782377160227194e+00
2.032663373206464712e+03,1.469777370532196370e+00
2.032181243347236887e+03,1.469772603093219665e+00
2.031699113488008152e+03,1.469767596465188619e+00
2.031216983628780326e+03,1.469762708688861608e+00
2.030734853769551592e+03,1.469757820912534596e+00
2.030252723910322857e+03,1.469753051987911618e+00
2.029770594051095031e+03,1.469748403400638948e+00
2.029288464191866296e+03,1.469743873665070089e+00
2.028806334332638471e+03,1.469739462781205486e+00
2.028324204473409736e+03,1.469735170749044695e+00
2.027842074614181001e+03,1.469730878716884126e+00
2.027359944754953176e+03,1.469726825873777676e+00
2.026877814895724441e+03,1.469722535327263380e+00
2.026395685036496616e+03,1.469718601335860964e+00
2.025913555177267881e+03,1.469714428155404207e+00
2.025431425318040056e+03,1.469710494164001791e+00
2.024949295458811321e+03,1.469706441320895340e+00
2.024467165599582586e+03,1.469702746518547265e+00
2.023985035740354760e+03,1.469699050230552917e+00
2.023502905881126026e+03,1.469695711983316722e+00
2.023020776021898200e+03,1.469692375221727021e+00
2.022538646162669465e+03,1.469689395015249200e+00
2.022056516303440731e+03,1.469686533660475414e+00
2.021574386444212905e+03,1.469684149198163814e+00
2.021092256584984170e+03,1.469681764735852436e+00
2.020610126725756345e+03,1.469679857166003245e+00
2.020127996866527610e+03,1.469678069933504361e+00
2.019645867007298875e+03,1.469676520404413322e+00
2.019163737148071050e+03,1.469675208578730574e+00
2.018681607288842315e+03,1.469674135942101945e+00
2.018199477429614490e+03,1.469673182157177349e+00
2.017717347570385755e+03,1.469672466075660600e+00
2.017235217711157020e+03,1.469671870331494379e+00
2.016753087851929195e+03,1.469671513776382499e+00
2.016270957992700460e+03,1.469671155735624124e+00
2.015788828133472634e+03,1.469671036883920090e+00
2.015306698274243900e+03,1.469670678843161715e+00
2.014824568415016074e+03,1.469670559991457903e+00
2.014342438555787339e+03,1.469670201950699528e+00
2.013860308696558604e+03,1.469669843909941154e+00
2.013378178837330779e+03,1.469669129314070899e+00
2.012896048978102044e+03,1.469668413232554371e+00
2.012413919118874219e+03,1.469667340595925742e+00
2.011931789259645484e+03,1.469666267959297112e+00
2.011449659400416749e+03,1.469664837281910108e+00
2.010967529541188924e+03,1.469663406604523326e+00
2.010485399681960189e+03,1.469661857075432287e+00
2.010003269822732364e+03,1.469660188694637437e+00
2.009521139963503629e+03,1.469658639165546621e+00
2.009039010104274894e+03,1.469656969299105498e+00
2.008556880245047068e+03,1.469655300918310425e+00
2.008074750385818334e+03,1.469653870240923643e+00
2.007592620526590508e+03,1.469652320711832605e+00
2.007110490667361773e+03,1.469651008886149857e+00
2.006628360808133039e+03,1.469649459357058818e+00
2.006146230948905213e+03,1.469648267868726377e+00
2.005664101089676478e+03,1.469646837191339372e+00
2.005181971230448653e+03,1.469645644217360436e+00
2.004699841371219918e+03,1.469644571580731807e+00
2.004217711511992093e+03,1.469643617795807211e+00
2.003735581652763358e+03,1.469642664010882616e+00
2.003253451793534623e+03,1.469641949415012361e+00
2.002771321934306798e+03,1.469641353670846140e+00
2.002289192075078063e+03,1.469641114481791799e+00
2.001807062215850237e+03,1.469640876778383731e+00
2.001324932356621503e+03,1.469640995630087765e+00
2.000842802497392768e+03,1.469641114481791799e+00
2.000360672638164942e+03,1.469641591374253986e+00
1.999878542778936207e+03,1.469641949415012361e+00
1.999396412919708382e+03,1.469642784348232922e+00
1.998914283060479647e+03,1.469643380092399365e+00
1.998432153201250912e+03,1.469644333877323961e+00
1.997950023342023087e+03,1.469645287662248556e+00
1.997467893482794352e+03,1.469646479150580998e+00
1.996985763623566527e+03,1.469647432935505593e+00
1.996503633764337792e+03,1.469648863612892598e+00
1.996021503905109057e+03,1.469650055101225261e+00
1.995539374045881232e+03,1.469651604630316077e+00
1.995057244186652497e+03,1.469653035307703082e+00
1.994575114327424672e+03,1.469654584836793898e+00
1.994092984468195937e+03,1.469656135851530987e+00
1.993610854608968111e+03,1.469657685380622025e+00
1.993128724749739376e+03,1.469659116058008808e+00
1.992646594890510642e+03,1.469660784438803880e+00
1.992164465031282816e+03,1.469662096264486628e+00
1.991682335172054081e+03,1.469663645793577667e+00
1.991200205312826256e+03,1.469664956133614142e+00
1.990718075453597521e+03,1.469666505662705180e+00
1.990235945594368786e+03,1.469667817488387929e+00
1.989753815735140961e+03,1.469669367017478967e+00
1.989271685875912226e+03,1.469670559991457903e+00
1.988789556016684401e+03,1.469671990668844686e+00
1.988307426157455666e+03,1.469673063305473315e+00
1.987825296298226931e+03,1.469674373645509791e+00
1.987343166438999106e+03,1.469675327430434386e+00
1.986861036579770371e+03,1.469676281215358982e+00
1.986378906720542545e+03,1.469676876959525424e+00
1.985896776861313811e+03,1.469677474189337918e+00
1.985414647002085076e+03,1.469677593041041952e+00
1.984932517142857250e+03,1.469677711892745986e+00
1.984450387283628515e+03,1.469677353851987611e+00
1.983968257424400690e+03,1.469676876959525424e+00
1.983486127565171955e+03,1.469676043511951136e+00
1.983003997705943220e+03,1.469674970875322506e+00
1.982521867846715395e+03,1.469673659049639536e+00
1.982039737987486660e+03,1.469672109520548720e+00
1.981557608128258835e+03,1.469670201950699528e+00
1.981075478269030100e+03,1.469668175529146303e+00
1.980593348409802275e+03,1.469665791066834704e+00
1.980111218550573540e+03,1.469663168901115258e+00
1.979629088691344805e+03,1.469660307546341471e+00
1.979146958832116979e+03,1.469657088150809310e+00
1.978664828972888245e+03,1.469653512200165268e+00
1.978182699113660419e+03,1.469649817397817193e+00
1.977700569254431684e+03,1.469645644217360436e+00
1.977218439395202950e+03,1.469641472522550174e+00
1.976736309535975124e+03,1.469636823935277503e+00
1.976254179676746389e+03,1.469632173862358338e+00
1.975772049817518564e+03,1.469627286086031326e+00
1.975289919958289829e+03,1.469622398309704314e+00
1.974807790099061094e+03,1.469617153978265423e+00
1.974325660239833269e+03,1.469612027012884070e+00
1.973843530380604534e+03,1.469606543492390838e+00
1.973361400521376709e+03,1.469601059971897383e+00
1.972879270662147974e+03,1.469595219896292271e+00
1.972397140802919239e+03,1.469589497186744698e+00
1.971915010943691414e+03,1.469583297584734716e+00
1.971432881084462679e+03,1.469577337171779075e+00
1.970950751225234853e+03,1.469570899866361247e+00
1.970468621366006118e+03,1.469564701749997537e+00
1.969986491506778293e+03,1.469558145592875675e+00
1.969504361647549558e+03,1.469551827139161881e+00
1.969022231788320823e+03,1.469545389833743831e+00
1.968540101929092998e+03,1.469539190231734072e+00
1.968057972069864263e+03,1.469532752926316022e+00
1.967575842210636438e+03,1.469526673661656568e+00
1.967093712351407703e+03,1.469520475545292859e+00
1.966611582492178968e+03,1.469514515132337218e+00
1.966129452632951143e+03,1.469508554719381799e+00
1.965647322773722408e+03,1.469502832009834004e+00
1.965165192914494583e+03,1.469496990448582396e+00
1.964683063055265848e+03,1.469491506928089164e+00
1.964200933196037113e+03,1.469485904555891898e+00
1.963718803336809287e+03,1.469480777590510545e+00
1.963236673477580553e+03,1.469475652110775687e+00
1.962754543618352727e+03,1.469470883186152488e+00
1.962272413759123992e+03,1.469466115747175783e+00
1.961790283899895257e+03,1.469461704863311180e+00
1.961308154040667432e+03,1.469457293979446577e+00
1.960826024181438697e+03,1.469453359988044161e+00
1.960343894322210872e+03,1.469449188293233677e+00
1.959861764462982137e+03,1.469445254301831261e+00
1.959379634603754312e+03,1.469441320310428845e+00
1.958897504744525577e+03,1.469437505170730462e+00
1.958415374885296842e+03,1.469433690031032080e+00
1.957933245026069017e+03,1.469429876376979971e+00
1.957451115166840282e+03,1.469425822048227248e+00
1.956968985307612456e+03,1.469421889542471105e+00
1.956486855448383722e+03,1.469417835213718382e+00
1.956004725589154987e+03,1.469413901222316188e+00
1.955522595729927161e+03,1.469409729527505704e+00
1.955040465870698426e+03,1.469405795536103287e+00
1.954558336011470601e+03,1.469401742692996837e+00
1.954076206152241866e+03,1.469397689849890387e+00
1.953594076293013131e+03,1.469393397817729818e+00
1.953111946433785306e+03,1.469389226122919334e+00
1.952629816574556571e+03,1.469384815239054731e+00
1.952147686715328746e+03,1.469380404355189906e+00
1.951665556856100011e+03,1.469375754282270963e+00
1.951183426996871276e+03,1.469371224546702326e+00
1.950701297137643451e+03,1.469366457107725621e+00
1.950219167278414716e+03,1.469361925886510489e+00
1.949737037419186890e+03,1.469357396150941852e+00
1.949254907559958156e+03,1.469352985267077250e+00
1.948772777700730330e+03,1.469348575868858697e+00
1.948290647841501595e+03,1.469344521540106197e+00
1.947808517982272861e+03,1.469340468696999746e+00
1.947326388123045035e+03,1.469336773894651671e+00
1.946844258263816300e+03,1.469333077606657101e+00
1.946362128404588475e+03,1.469329620507717094e+00
1.945879998545359740e+03,1.469326163408777086e+00
1.945397868686131005e+03,1.469322945498891198e+00
1.944915738826903180e+03,1.469319726103359036e+00
1.944433608967674445e+03,1.469316627045177182e+00
1.943951479108446620e+03,1.469313527986995549e+00
1.943469349249217885e+03,1.469310666632221762e+00
1.942987219389989150e+03,1.469307686425743942e+00
1.942505089530761325e+03,1.469305064260024496e+00
1.942022959671532590e+03,1.469302202905250487e+00
1.941540829812304764e+03,1.469299699591235076e+00
1.941058699953076029e+03,1.469297077425515630e+00
1.940576570093847295e+03,1.469294572625853723e+00
1.940094440234619469e+03,1.469291950460134277e+00
1.939612310375390734e+03,1.469289565997822899e+00
1.939130180516162909e+03,1.469286824980399198e+00
1.938648050656934174e+03,1.469284321666383786e+00
1.938165920797706349e+03,1.469281460311609999e+00
1.937683790938477614e+03,1.469278838145890553e+00
1.937201661079248879e+03,1.469275857939412733e+00
1.936719531220021054e+03,1.469273115436342980e+00
1.936237401360792319e+03,1.469270135229865160e+00
1.935755271501564494e+03,1.469267394212441680e+00
1.935273141642335759e+03,1.469264414005963859e+00
1.934791011783107024e+03,1.469261671502893885e+00
1.934308881923879198e+03,1.469258572444712252e+00
1.933826752064650464e+03,1.469255711089938465e+00
1.933344622205422638e+03,1.469252493180052577e+00
1.932862492346193903e+03,1.469249273784520415e+00
1.932380362486965169e+03,1.469245816685580408e+00
1.931898232627737343e+03,1.469242359586640401e+00
1.931416102768508608e+03,1.469238425595237985e+00
1.930933972909280783e+03,1.469234730792889687e+00
1.930451843050052048e+03,1.469230557612433152e+00
1.929969713190823313e+03,1.469226504769326702e+00
1.929487583331595488e+03,1.469222093885462099e+00
1.929005453472366753e+03,1.469217922190651615e+00
1.928523323613138928e+03,1.469213392455082978e+00
1.928041193753910193e+03,1.469208981571218153e+00
1.927559063894682367e+03,1.469204331498299210e+00
1.927076934035453633e+03,1.469199920614434385e+00
1.926594804176224898e+03,1.469195034323753868e+00
1.926112674316997072e+03,1.469190384250834702e+00
1.925630544457768337e+03,1.469185377622803879e+00
1.925148414598540512e+03,1.469180370994772833e+00
1.924666284739311777e+03,1.469175125177687447e+00
1.924184154880083042e+03,1.469169999697952589e+00
1.923702025020855217e+03,1.469164753880867202e+00
1.923219895161626482e+03,1.469159628401132123e+00
1.922737765302398657e+03,1.469154263732342924e+00
1.922255635443169922e+03,1.469149257104311879e+00
1.921773505583941187e+03,1.469144011287226492e+00
1.921291375724713362e+03,1.469139243848249787e+00
1.920809245865484627e+03,1.469134237220218964e+00
1.920327116006256801e+03,1.469129468295595986e+00
1.919844986147028067e+03,1.469124580519268974e+00
1.919362856287799332e+03,1.469119813080292269e+00
1.918880726428571506e+03,1.469115044155669292e+00
1.918398596569342772e+03,1.469110395568396399e+00
1.917916466710114946e+03,1.469105745495477455e+00
1.917434336850886211e+03,1.469101215759908818e+00
1.916952206991658386e+03,1.469096567172636147e+00
1.916470077132429651e+03,1.469092275140475357e+00
1.915987947273200916e+03,1.469087983108314788e+00
1.915505817413973091e+03,1.469083930265208338e+00
1.915023687554744356e+03,1.469079758570397853e+00
1.914541557695516531e+03,1.469075943430699471e+00
1.914059427836287796e+03,1.469072009439297055e+00
1.913577297977059061e+03,1.469068314636948980e+00
1.913095168117831236e+03,1.469064380645546564e+00
1.912613038258602501e+03,1.469060565505848182e+00
1.912130908399374675e+03,1.469056631514445765e+00
1.911648778540145940e+03,1.469052697523043349e+00
1.911166648680917206e+03,1.469048405490882780e+00
1.910684518821689380e+03,1.469044233796072296e+00
1.910202388962460645e+03,1.469039704060503659e+00
1.909720259103232820e+03,1.469035412028342868e+00
1.909238129244004085e+03,1.469030763441070198e+00
1.908755999384775350e+03,1.469026233705501561e+00
1.908273869525547525e+03,1.469021345929174549e+00
1.907791739666318790e+03,1.469016695856255383e+00
1.907309609807090965e+03,1.469011689228224560e+00
1.906827479947862230e+03,1.469006682600193514e+00
1.906345350088634405e+03,1.469001438268754400e+00
1.905863220229405670e+03,1.468996192451669236e+00
1.905381090370176935e+03,1.468990469742121663e+00
1.904898960510949109e+03,1.468984986221628208e+00
1.904416830651720375e+03,1.468979025808672789e+00
1.903934700792492549e+03,1.468973185733067455e+00
1.903452570933263814e+03,1.468967104982761507e+00
1.902970441074035080e+03,1.468961264907156172e+00
1.902488311214807254e+03,1.468955065305146190e+00
1.902006181355578519e+03,1.468949223743894583e+00
1.901524051496350694e+03,1.468943263330939164e+00
1.901041921637121959e+03,1.468937542107037864e+00
1.900559791777893224e+03,1.468931581694082222e+00
1.900077661918665399e+03,1.468925977836238683e+00
1.899595532059436664e+03,1.468920136274987076e+00
1.899113402200208839e+03,1.468914533902789588e+00
1.898631272340980104e+03,1.468908931530592321e+00
1.898149142481751369e+03,1.468903448010099089e+00
1.897667012622523544e+03,1.468897844152255550e+00
1.897184882763294809e+03,1.468892480969112402e+00
1.896702752904066983e+03,1.468886877111268863e+00
1.896220623044838248e+03,1.468881751631533783e+00
1.895738493185610423e+03,1.468876386962744585e+00
1.895256363326381688e+03,1.468871380334713539e+00
1.894774233467152953e+03,1.468866254854978681e+00
1.894292103607925128e+03,1.468861367078651670e+00
1.893809973748696393e+03,1.468856360450620624e+00
1.893327843889468568e+03,1.468851472674293612e+00
1.892845714030239833e+03,1.468846466046262567e+00
1.892363584171011098e+03,1.468841578269935555e+00
1.891881454311783273e+03,1.468836332452850391e+00
1.891399324452554538e+03,1.468831325824819345e+00
1.890917194593326712e+03,1.468826081493380231e+00
1.890435064734097978e+03,1.468821073379702913e+00
1.889952934874869243e+03,1.468815947899968055e+00
1.889470805015641417e+03,1.468811178975345078e+00
1.888988675156412683e+03,1.468806172347314032e+00
1.888506545297184857e+03,1.468801642611745395e+00
1.888024415437956122e+03,1.468796875172768690e+00
1.887542285578727387e+03,1.468792583140607899e+00
1.887060155719499562e+03,1.468788053405039262e+00
1.886578025860270827e+03,1.468783880224582505e+00
1.886095896001043002e+03,1.468779469340717903e+00
1.885613766141814267e+03,1.468775178794203384e+00
1.885131636282586442e+03,1.468770649058634747e+00
1.884649506423357707e+03,1.468766357026473957e+00
1.884167376564128972e+03,1.468761708439201286e+00
1.883685246704901147e+03,1.468757177217986376e+00
1.883203116845672412e+03,1.468752409779009671e+00
1.882720986986444586e+03,1.468747640854386693e+00
1.882238857127215852e+03,1.468742634226355648e+00
1.881756727267987117e+03,1.468737865301732670e+00
1.881274597408759291e+03,1.468732858673701624e+00
1.880792467549530556e+03,1.468727970897374613e+00
1.880310337690302731e+03,1.468722726565935499e+00
1.879828207831073996e+03,1.468717601086200641e+00
1.879346077971845261e+03,1.468712116080060914e+00
1.878863948112617436e+03,1.468706752896917989e+00
1.878381818253388701e+03,1.468701030187370415e+00
1.877899688394160876e+03,1.468695427815173149e+00
1.877417558534932141e+03,1.468689347064867201e+00
1.876935428675703406e+03,1.468683506989261867e+00
1.876453298816475581e+03,1.468677426238955919e+00
1.875971168957246846e+03,1.468671465826000500e+00
1.875489039098019020e+03,1.468665267709636790e+00
1.875006909238790286e+03,1.468659307296681149e+00
1.874524779379562460e+03,1.468653228032021696e+00
1.874042649520333725e+03,1.468647267619066055e+00
1.873560519661104991e+03,1.468641186868760107e+00
1.873078389801877165e+03,1.468635226455804466e+00
1.872596259942648430e+03,1.468629147191144790e+00
1.872114130083420605e+03,1.468623067926485337e+00
1.871632000224191870e+03,1.468616749472771321e+00
1.871149870364963135e+03,1.468610670208111868e+00
1.870667740505735310e+03,1.468604470606101886e+00
1.870185610646506575e+03,1.468598510193146245e+00
1.869703480787278750e+03,1.468592430928486792e+00
1.869221350928050015e+03,1.468586827070643031e+00
1.868739221068821280e+03,1.468581224698445764e+00
1.868257091209593455e+03,1.468576099218710684e+00
1.867774961350364720e+03,1.468571092590679861e+00
1.867292831491136894e+03,1.468566562855111002e+00
1.866810701631908159e+03,1.468562031633896092e+00
1.866328571772679425e+03,1.468557978790789642e+00
1.865846441913451599e+03,1.468553925947683192e+00
1.865364312054222864e+03,1.468550231145335117e+00
1.864882182194995039e+03,1.468546416005636734e+00
1.864400052335766304e+03,1.468542958906696727e+00
1.863917922476538479e+03,1.468539262618702379e+00
1.863435792617309744e+03,1.468535567816354082e+00
1.862953662758081009e+03,1.468531752676655699e+00
1.862471532898853184e+03,1.468527939022603590e+00
1.861989403039624449e+03,1.468523765842147055e+00
1.861507273180396624e+03,1.468519712999040605e+00
1.861025143321167889e+03,1.468515302115176002e+00
1.860543013461939154e+03,1.468510891231311177e+00
1.860060883602711328e+03,1.468506003454984166e+00
1.859578753743482594e+03,1.468501115678657154e+00
1.859096623884254768e+03,1.468495990198922296e+00
1.858614494025026033e+03,1.468490744381836910e+00
1.858132364165797298e+03,1.468485142009639643e+00
1.857650234306569473e+03,1.468479539637442377e+00
1.857168104447340738e+03,1.468473698076190770e+00
1.856685974588112913e+03,1.468467976852289469e+00
1.856203844728884178e+03,1.468462014953687556e+00
1.855721714869655443e+03,1.468456412581490289e+00
1.855239585010427618e+03,1.468450571020238682e+00
1.854757455151198883e+03,1.468444968648041193e+00
1.854275325291971058e+03,1.468439366275843927e+00
1.853793195432742323e+03,1.468433882755350695e+00
1.853311065573514497e+03,1.468428278897507155e+00
1.852828935714285763e+03,1.468422915714364008e+00
1.852346805855057028e+03,1.468417430708224503e+00
1.851864675995829202e+03,1.468412067525081577e+00
1.851382546136600467e+03,1.468406344815533782e+00
1.850900416277372642e+03,1.468400861295040549e+00
1.850418286418143907e+03,1.468395258922843283e+00
1.849936156558915172e+03,1.468389655064999744e+00
1.849454026699687347e+03,1.468383933841098443e+00
1.848971896840458612e+03,1.468378450320604989e+00
1.848489766981230787e+03,1.468372727611057416e+00
1.848007637122002052e+03,1.468367244090564183e+00
1.847525507262773317e+03,1.468361522866662883e+00
1.847043377403545492e+03,1.468356039346169650e+00
1.846561247544316757e+03,1.468350316636622077e+00
1.846079117685088931e+03,1.468344714264424589e+00
1.845596987825860197e+03,1.468338633514118863e+00
1.845114857966631462e+03,1.468332793438513528e+00
1.844632728107403636e+03,1.468326712688207580e+00
1.844150598248174902e+03,1.468320633423547905e+00
1.843668468388947076e+03,1.468314314969834111e+00
1.843186338529718341e+03,1.468308116853470402e+00
1.842704208670490516e+03,1.468301798399756608e+00
1.842222078811261781e+03,1.468295598797746626e+00
1.841739948952033046e+03,1.468289400681383139e+00
1.841257819092805221e+03,1.468283321416723464e+00
1.840775689233576486e+03,1.468277121814713482e+00
1.840293559374348661e+03,1.468271042550054029e+00
1.839811429515119926e+03,1.468264724096340013e+00
1.839329299655891191e+03,1.468258644831680559e+00
1.838847169796663366e+03,1.468252207526262509e+00
1.838365039937434631e+03,1.468245889072548716e+00
1.837882910078206805e+03,1.468239214063722820e+00
1.837400780218978070e+03,1.468232776758304992e+00
1.836918650359749336e+03,1.468225981412128789e+00
1.836436520500521510e+03,1.468219304917656398e+00
1.835954390641292775e+03,1.468212390719776383e+00
1.835472260782064950e+03,1.468205834562654299e+00
1.834990130922836215e+03,1.468198920364774285e+00
1.834508001063607480e+03,1.468192364207652201e+00
1.834025871204379655e+03,1.468185568861475998e+00
1.833543741345150920e+03,1.468178893852650102e+00
1.833061611485923095e+03,1.468172098506473899e+00
1.832579481626694360e+03,1.468165423497648003e+00
1.832097351767466535e+03,1.468158509299767989e+00
1.831615221908237800e+03,1.468151595101887752e+00
1.831133092049009065e+03,1.468144562052303481e+00
1.830650962189781239e+03,1.468137647854423244e+00
1.830168832330552505e+03,1.468130375615784855e+00
1.829686702471324679e+03,1.468123461417904618e+00
1.829204572612095944e+03,1.468116428368320348e+00
1.828722442752867209e+03,1.468109514170440111e+00
1.828240312893639384e+03,1.468102599972560096e+00
1.827758183034410649e+03,1.468095923478087705e+00
1.827276053175182824e+03,1.468089009280207691e+00
1.826793923315954089e+03,1.468082453123085607e+00
1.826311793456725354e+03,1.468075657776909404e+00
1.825829663597497529e+03,1.468069101619787542e+00
1.825347533738268794e+03,1.468062306273611339e+00
1.824865403879040969e+03,1.468055750116489477e+00
1.824383274019812234e+03,1.468048954770313275e+00
1.823901144160583499e+03,1.468042398613191413e+00
1.823419014301355674e+03,1.468035604752661483e+00
1.822936884442126939e+03,1.468029047109893348e+00
1.822454754582899113e+03,1.468022490952771486e+00
1.821972624723670378e+03,1.468016292836407777e+00
1.821490494864442553e+03,1.468009855530989949e+00
1.821008365005213818e+03,1.468003893632388035e+00
1.820526235145985083e+03,1.467997814367728360e+00
1.820044105286757258e+03,1.467991972806476753e+00
1.819561975427528523e+03,1.467986012393521111e+00
1.819079845568300698e+03,1.467980291169619811e+00
1.818597715709071963e+03,1.467974449608368204e+00
1.818115585849843228e+03,1.467968847236170937e+00
1.817633455990615403e+03,1.467963124526623364e+00
1.817151326131386668e+03,1.467957641006130132e+00
1.816669196272158842e+03,1.467952038633932865e+00
1.816187066412930108e+03,1.467946911668551513e+00
1.815704936553701373e+03,1.467941548485408587e+00
1.815222806694473547e+03,1.467936779560785387e+00
1.814740676835244813e+03,1.467931891784458598e+00
1.814258546976016987e+03,1.467927243197185705e+00
1.813776417116788252e+03,1.467922713461617068e+00
1.813294287257559517e+03,1.467918421429456499e+00
1.812812157398331692e+03,1.467914010545591674e+00
1.812330027539102957e+03,1.467909718513430883e+00
1.811847897679875132e+03,1.467905188777862246e+00
1.811365767820646397e+03,1.467900898231347950e+00
1.810883637961418572e+03,1.467896248158428785e+00
1.810401508102189837e+03,1.467891837274564182e+00
1.809919378242961102e+03,1.467887069835587477e+00
1.809437248383733277e+03,1.467882419762668533e+00
1.808955118524504542e+03,1.467877531986341522e+00
1.808472988665276716e+03,1.467872883399068851e+00
1.807990858806047981e+03,1.467867876771037805e+00
1.807508728946819247e+03,1.467862988994710793e+00
1.807026599087591421e+03,1.467857863514975714e+00
1.806544469228362686e+03,1.467852856886944890e+00
1.806062339369134861e+03,1.467847492218155470e+00
1.805580209509906126e+03,1.467842246401070083e+00
1.805098079650677391e+03,1.467836525177168783e+00
1.804615949791449566e+03,1.467831040171029278e+00
1.804133819932220831e+03,1.467825079758073636e+00
1.803651690072993006e+03,1.467819239682468302e+00
1.803169560213764271e+03,1.467813040080458542e+00
1.802687430354535536e+03,1.467807079667502901e+00
1.802205300495307711e+03,1.467800881551139192e+00
1.801723170636078976e+03,1.467794921138183772e+00
1.801241040776851150e+03,1.467788602684469756e+00
1.800758910917622416e+03,1.467782642271514115e+00
1.800276781058394590e+03,1.467776442669504355e+00
1.799794651199165855e+03,1.467770363404844680e+00
1.799312521339937121e+03,1.467763926099426852e+00
1.798830391480709295e+03,1.467757726497416870e+00
1.798348261621480560e+03,1.467751170340295008e+00
1.797866131762252735e+03,1.467744733034877180e+00
1.797384001903024000e+03,1.467738058026051284e+00
1.796901872043795265e+03,1.467731381531578894e+00
1.796419742184567440e+03,1.467724587671049186e+00
1.795937612325338705e+03,1.467717911176576795e+00
1.795455482466110880e+03,1.467711115830400592e+00
1.794973352606882145e+03,1.467704440821574696e+00
1.794491222747653410e+03,1.467697645475398494e+00
1.794009092888425585e+03,1.467690970466572598e+00
1.793526963029196850e+03,1.467684175120396395e+00
1.793044833169969024e+03,1.467677498625924226e+00
1.792562703310740289e+03,1.467670465576340177e+00
1.792080573451511555e+03,1.467663671715810247e+00
1.791598443592283729e+03,1.467656399477171636e+00
1.791116313733054994e+03,1.467649366427587587e+00
1.790634183873827169e+03,1.467641975337244942e+00
1.790152054014598434e+03,1.467634821950310586e+00
1.789669924155370609e+03,1.467627312008263907e+00
1.789187794296141874e+03,1.467620160106975824e+00
1.788705664436913139e+03,1.467612650164929367e+00
1.788223534577685314e+03,1.467605496777994789e+00
1.787741404718456579e+03,1.467598105687652366e+00
1.787259274859228753e+03,1.467591072638068095e+00
1.786777145000000019e+03,1.467583681547725671e+00
1.786295015140771284e+03,1.467576529646437367e+00
1.785812885281543458e+03,1.467569138556094943e+00
1.785330755422314724e+03,1.467561985169160366e+00
1.784848625563086898e+03,1.467554475227113908e+00
1.784366495703858163e+03,1.467547084136771485e+00
1.783884365844629428e+03,1.467539336491316959e+00
1.783402235985401603e+03,1.467531945400974314e+00
1.782920106126172868e+03,1.467524196269873515e+00
1.782437976266945043e+03,1.467516686327827058e+00
1.781955846407716308e+03,1.467509056048430294e+00
1.781473716548487573e+03,1.467501664958087870e+00
1.780991586689259748e+03,1.467494036164337379e+00
1.780509456830031013e+03,1.467486645073994733e+00
1.780027326970803188e+03,1.467479016280244242e+00
1.779545197111574453e+03,1.467471625189901818e+00
1.779063067252346627e+03,1.467463994910505054e+00
1.778580937393117892e+03,1.467456484968458597e+00
1.778098807533889158e+03,1.467448616985653764e+00
1.777616677674661332e+03,1.467440869340199239e+00
1.777134547815432597e+03,1.467432762168340066e+00
1.776652417956204772e+03,1.467424775333831199e+00
1.776170288096976037e+03,1.467416550795914487e+00
1.775688158237747302e+03,1.467408443624055314e+00
1.775206028378519477e+03,1.467399979897084261e+00
1.774723898519290742e+03,1.467391635021817242e+00
1.774241768660062917e+03,1.467383052443142155e+00
1.773759638800834182e+03,1.467374588716171102e+00
1.773277508941605447e+03,1.467365766948441674e+00
1.772795379082377622e+03,1.467357064032416281e+00
1.772313249223148887e+03,1.467347885709574751e+00
1.771831119363921061e+03,1.467338826238437477e+00
1.771348989504692327e+03,1.467329527578245640e+00
1.770866859645463592e+03,1.467320228918054026e+00
1.770384729786235766e+03,1.467310692554454343e+00
1.769902599927007032e+03,1.467301393894262507e+00
1.769420470067779206e+03,1.467291738678958790e+00
1.768938340208550471e+03,1.467282440018767176e+00
1.768456210349322646e+03,1.467272903655167493e+00
1.767974080490093911e+03,1.467263723846679691e+00
1.767491950630865176e+03,1.467254425186488076e+00
1.767009820771637351e+03,1.467245365715350802e+00
1.766527690912408616e+03,1.467236185906863000e+00
1.766045561053180791e+03,1.467227245287429538e+00
1.765563431193952056e+03,1.467218066964588230e+00
1.765081301334723321e+03,1.467209245196858802e+00
1.764599171475495496e+03,1.467200065388371000e+00
1.764117041616266761e+03,1.467191245106288067e+00
1.763634911757038935e+03,1.467182184149504298e+00
1.763152781897810200e+03,1.467173482719125177e+00
1.762670652038581466e+03,1.467164542099691715e+00
1.762188522179353640e+03,1.467156078372720662e+00
1.761706392320124905e+03,1.467147375456695269e+00
1.761224262460897080e+03,1.467139149433132284e+00
1.760742132601668345e+03,1.467130566854457197e+00
1.760260002742439610e+03,1.467122461168244296e+00
1.759777872883211785e+03,1.467113997441273243e+00
1.759295743023983050e+03,1.467105890269414070e+00
1.758813613164755225e+03,1.467097426542443017e+00
1.758331483305526490e+03,1.467089081667175998e+00
1.757849353446298664e+03,1.467080380236796877e+00
1.757367223587069930e+03,1.467071796172475295e+00
1.756885093727841195e+03,1.467062855553042056e+00
1.756402963868613369e+03,1.467054035270958900e+00
1.755920834009384635e+03,1.467045094651525439e+00
1.755438704150156809e+03,1.467036154032092199e+00
1.754956574290928074e+03,1.467026974223604396e+00
1.754474444431699339e+03,1.467018152455874969e+00
1.753992314572471514e+03,1.467008974133033661e+00
1.753510184713242779e+03,1.467000152365304233e+00
1.753028054854014954e+03,1.466990853705112396e+00
1.752545924994786219e+03,1.466981913085679157e+00
1.752063795135557484e+03,1.466972733277191354e+00
1.751581665276329659e+03,1.466963673806054080e+00
1.751099535417100924e+03,1.466954614334916585e+00
1.750617405557873099e+03,1.466945792567187157e+00
1.750135275698644364e+03,1.466937091136808036e+00
1.749653145839415629e+03,1.466928746261541017e+00
1.749171015980187804e+03,1.466920401386273998e+00
1.748688886120959069e+03,1.466912533403469165e+00
1.748206756261731243e+03,1.466904784272368367e+00
1.747724626402502508e+03,1.466897393182025722e+00
1.747242496543273774e+03,1.466889883239979264e+00
1.746760366684045948e+03,1.466882492149636841e+00
1.746278236824817213e+03,1.466874744504182315e+00
1.745796106965589388e+03,1.466867114224785551e+00
1.745313977106360653e+03,1.466858769349518310e+00
1.744831847247132828e+03,1.466850425959897564e+00
1.744349717387904093e+03,1.466841246151409983e+00
1.743867587528675358e+03,1.466832066342922181e+00
1.743385457669447533e+03,1.466822053086860089e+00
1.742903327810218798e+03,1.466812039830798220e+00
1.742421197950990972e+03,1.466801310493219601e+00
1.741939068091762238e+03,1.466790701492991289e+00
1.741456938232533503e+03,1.466779495262950483e+00
1.740974808373305677e+03,1.466768528221963797e+00
1.740492678514076943e+03,1.466757084288514923e+00
1.740010548654849117e+03,1.466745878058473895e+00
1.739528418795620382e+03,1.466734315273320988e+00
1.739046288936391647e+03,1.466723348232334523e+00
1.738564159077163822e+03,1.466712262339643802e+00
1.738082029217935087e+03,1.466701651853769217e+00
1.737599899358707262e+03,1.466691042853540905e+00
1.737117769499478527e+03,1.466681028111832763e+00
1.736635639640249792e+03,1.466671254044825012e+00
1.736153509781021967e+03,1.466662074236337210e+00
1.735671379921793232e+03,1.466652775576145595e+00
1.735189250062565407e+03,1.466643955294062440e+00
1.734707120203336672e+03,1.466634656633870826e+00
1.734224990344108846e+03,1.466625597162733330e+00
1.733742860484880111e+03,1.466615940461783341e+00
1.733260730625651377e+03,1.466606164909129317e+00
1.732778600766423551e+03,1.466595316719846886e+00
1.732296470907194816e+03,1.466584470016210506e+00
1.731814341047966991e+03,1.466572428852948917e+00
1.731332211188738256e+03,1.466560149986279482e+00
1.730850081329509521e+03,1.466546798482981417e+00
1.730367951470281696e+03,1.466533567317033659e+00
1.729885821611052961e+03,1.466519499732218845e+00
1.729403691751825136e+03,1.466505910525512713e+00
1.728921561892596401e+03,1.466492200981456495e+00
1.728439432033367666e+03,1.466478969815508515e+00
1.727957302174139841e+03,1.466466214056376893e+00
1.727475172314911106e+03,1.466455007826335866e+00
1.726993042455683280e+03,1.466444636529515622e+00
1.726510912596454546e+03,1.466436053950840535e+00
1.726028782737225811e+03,1.466429377456368366e+00
1.725546652877997985e+03,1.466425443464965950e+00
1.725064523018769250e+03,1.466423893935874911e+00
1.724582393159541425e+03,1.466425443464965950e+00
1.724100263300312690e+03,1.466430212389588927e+00
1.723618133441084865e+03,1.466438557264855946e+00
1.723136003581856130e+03,1.466450240387359161e+00
1.722653873722627395e+03,1.466465974867322553e+00
1.722171743863399570e+03,1.466484809891113850e+00
1.721689614004170835e+03,1.466507102013845376e+00
1.721207484144943010e+03,1.466531897450592314e+00
1.720725354285714275e+03,1.466559554242113261e+00
1.720243224426485540e+03,1.466588283670262616e+00
1.719761094567257715e+03,1.466618085735040600e+00
1.719278964708028980e+03,1.466647412393002670e+00
1.718796834848801154e+03,1.466676737565318245e+00
1.718314704989572419e+03,1.466703917464376783e+00
1.717832575130343685e+03,1.466729546348698010e+00
1.717350445271115859e+03,1.466751719619725502e+00
1.716868315411887124e+03,1.466771150387683242e+00
1.716386185552659299e+03,1.466786886353292907e+00
1.715904055693430564e+03,1.466799523260720717e+00
1.715421925834201829e+03,1.466808224691099838e+00
1.714939795974974004e+03,1.466814185104055479e+00
1.714457666115745269e+03,1.466816331862958789e+00
1.713975536256517444e+03,1.466815973822200636e+00
1.713493406397288709e+03,1.466812635574964441e+00
1.713011276538060883e+03,1.466807270906175242e+00
1.712529146678832149e+03,1.466799523260720717e+00
1.712047016819603414e+03,1.466790462303936948e+00
1.711564886960375588e+03,1.466779376411246449e+00
1.711082757101146854e+03,1.466767455585335167e+00
1.710600627241919028e+03,1.466754343271091443e+00
1.710118497382690293e+03,1.466740514875330970e+00
1.709636367523461558e+03,1.466726089249758003e+00
1.709154237664233733e+03,1.466711308554719206e+00
1.708672107805004998e+03,1.466696287184980019e+00
1.708189977945777173e+03,1.466681505004294950e+00
1.707707848086548438e+03,1.466666485120202035e+00
1.707225718227319703e+03,1.466651942128571307e+00
1.706743588368091878e+03,1.466637278799590272e+00
1.706261458508863143e+03,1.466623331552125986e+00
1.705779328649635318e+03,1.466609265452957445e+00
1.705297198790406583e+03,1.466595674760605039e+00
1.704815068931177848e+03,1.466581965216548600e+00
1.704332939071950022e+03,1.466568852902304876e+00
1.703850809212721288e+03,1.466555382547302777e+00
1.703368679353493462e+03,1.466542268747412781e+00
1.702886549494264727e+03,1.466528917244114494e+00
1.702404419635036902e+03,1.466515804929870770e+00
1.701922289775808167e+03,1.466502572278276739e+00
1.701440159916579432e+03,1.466489578815736827e+00
1.700958030057351607e+03,1.466476346164142797e+00
1.700475900198122872e+03,1.466463471553306919e+00
1.699993770338895047e+03,1.466450359239063195e+00
1.699511640479666312e+03,1.466437603479931351e+00
1.699029510620437577e+03,1.466424847720799507e+00
1.698547380761209752e+03,1.466412450002426038e+00
1.698065250901981017e+03,1.466400171135756603e+00
1.697583121042753191e+03,1.466388250309845320e+00
1.697100991183524457e+03,1.466376449821284567e+00
1.696618861324295722e+03,1.466365124739539505e+00
1.696136731465067896e+03,1.466353799657794665e+00
1.695654601605839161e+03,1.466343189171920081e+00
1.695172471746611336e+03,1.466332580171691768e+00
1.694690341887382601e+03,1.466322566915629899e+00
1.694208212028153866e+03,1.466312672511271842e+00
1.693726082168926041e+03,1.466303134662025887e+00
1.693243952309697306e+03,1.466293360595018136e+00
1.692761822450469481e+03,1.466283943083122487e+00
1.692279692591240746e+03,1.466274167530468464e+00
1.691797562732012921e+03,1.466264512315164747e+00
1.691315432872784186e+03,1.466254259870048315e+00
1.690833303013555451e+03,1.466244246613986446e+00
1.690351173154327626e+03,1.466233636128111861e+00
1.689869043295098891e+03,1.466223145979587583e+00
1.689386913435871065e+03,1.466212060086896862e+00
1.688904783576642330e+03,1.466201211897614209e+00
1.688422653717413596e+03,1.466190005667573404e+00
1.687940523858185770e+03,1.466179038626586717e+00
1.687458393998957035e+03,1.466167594693137843e+00
1.686976264139729210e+03,1.466156507314801072e+00
1.686494134280500475e+03,1.466145183718702283e+00
1.686012004421271740e+03,1.466134096340365511e+00
1.685529874562043915e+03,1.466122414703508570e+00
1.685047744702815180e+03,1.466111208473467764e+00
1.684565614843587355e+03,1.466099525350964550e+00
1.684083484984358620e+03,1.466088081417515676e+00
1.683601355125129885e+03,1.466076399780658734e+00
1.683119225265902060e+03,1.466064955847209861e+00
1.682637095406673325e+03,1.466053272724706646e+00
1.682154965547445499e+03,1.466042066494665619e+00
1.681672835688216765e+03,1.466030622561216745e+00
1.681190705828988939e+03,1.466019536668526246e+00
1.680708575969760204e+03,1.466008330438485219e+00
1.680226446110531469e+03,1.465997363397498754e+00
1.679744316251303644e+03,1.465986277504808033e+00
1.679262186392074909e+03,1.465975548167229414e+00
1.678780056532847084e+03,1.465964462274538915e+00
1.678297926673618349e+03,1.465953614085256262e+00
1.677815796814389614e+03,1.465942526706919491e+00
1.677333666955161789e+03,1.465931798854987145e+00
1.676851537095933054e+03,1.465920592624946117e+00
1.676369407236705229e+03,1.465909863287367498e+00
1.675887277377476494e+03,1.465898777394676999e+00
1.675405147518247759e+03,1.465888048057098381e+00
1.674923017659019933e+03,1.465877081016111694e+00
1.674440887799791199e+03,1.465866472015883382e+00
1.673958757940563373e+03,1.465855384637546610e+00
1.673476628081334638e+03,1.465844894489022332e+00
1.672994498222105904e+03,1.465833927448035645e+00
1.672512368362878078e+03,1.465823318447807333e+00
1.672030238503649343e+03,1.465812231069470561e+00
1.671548108644421518e+03,1.465801382880187909e+00
1.671065978785192783e+03,1.465790059284089342e+00
1.670583848925964958e+03,1.465778971905752348e+00
1.670101719066736223e+03,1.465767527972303474e+00
1.669619589207507488e+03,1.465756321742262669e+00
1.669137459348279663e+03,1.465744640105405727e+00
1.668655329489050928e+03,1.465733433875364700e+00
1.668173199629823102e+03,1.465721752238507980e+00
1.667691069770594368e+03,1.465710664860170986e+00
1.667208939911365633e+03,1.465698983223314045e+00
1.666726810052137807e+03,1.465687895844977273e+00
1.666244680192909073e+03,1.465676333059824366e+00
1.665762550333681247e+03,1.465665126829783338e+00
1.665280420474452512e+03,1.465653564044630430e+00
1.664798290615223777e+03,1.465642357814589625e+00
1.664316160755995952e+03,1.465630795029436717e+00
1.663834030896767217e+03,1.465619588799395689e+00
1.663351901037539392e+03,1.465608144865946816e+00
1.662869771178310657e+03,1.465597058973256317e+00
1.662387641319081922e+03,1.465585733891511477e+00
1.661905511459854097e+03,1.465575004553932859e+00
1.661423381600625362e+03,1.465564037512946172e+00
1.660941251741397537e+03,1.465553666216125928e+00
1.660459121882168802e+03,1.465543176067601649e+00
1.659976992022940976e+03,1.465533043959835524e+00
1.659494862163712241e+03,1.465522672663015280e+00
1.659012732304483507e+03,1.465513015962065291e+00
1.658530602445255681e+03,1.465502763516949081e+00
1.658048472586026946e+03,1.465492869112591023e+00
1.657566342726799121e+03,1.465482618153121086e+00
1.657084212867570386e+03,1.465472723748763029e+00
1.656602083008341651e+03,1.465462233600238751e+00
1.656119953149113826e+03,1.465452100006826353e+00
1.655637823289885091e+03,1.465441491006598040e+00
1.655155693430657266e+03,1.465431119709777796e+00
1.654673563571428531e+03,1.465420271520495143e+00
1.654191433712199796e+03,1.465409781371970865e+00
1.653709303852971971e+03,1.465398575141930060e+00
1.653227173993743236e+03,1.465387726952647407e+00
1.652745044134515410e+03,1.465376164167494499e+00
1.652262914275286676e+03,1.465364957937453694e+00
1.651780784416057941e+03,1.465352918259838377e+00
1.651298654556830115e+03,1.465341116285631129e+00
1.650816524697601380e+03,1.465328599715553626e+00
1.650334394838373555e+03,1.465316320848884191e+00
1.649852264979144820e+03,1.465303446238048313e+00
1.649370135119916995e+03,1.465290690478916691e+00
1.648888005260688260e+03,1.465277459312968711e+00
1.648405875401459525e+03,1.465264464364782748e+00
1.647923745542231700e+03,1.465251112861484684e+00
1.647441615683002965e+03,1.465238000547240738e+00
1.646959485823775140e+03,1.465224530192238639e+00
1.646477355964546405e+03,1.465211297540644608e+00
1.645995226105317670e+03,1.465197827185642510e+00
1.645513096246089844e+03,1.465184475682344445e+00
1.645030966386861110e+03,1.465170884989992039e+00
1.644548836527633284e+03,1.465157772675748094e+00
1.644066706668404549e+03,1.465144181983395688e+00
1.643584576809175815e+03,1.465131188520855998e+00
1.643102446949947989e+03,1.465117599314149865e+00
1.642620317090719254e+03,1.465104605851610176e+00
1.642138187231491429e+03,1.465091134010961582e+00
1.641656057372262694e+03,1.465078140548421892e+00
1.641173927513033959e+03,1.465064789045123828e+00
1.640691797653806134e+03,1.465051795582583916e+00
1.640209667794577399e+03,1.465038325227581817e+00
1.639727537935349574e+03,1.465025092575987786e+00
1.639245408076120839e+03,1.465011383031931347e+00
1.638763278216893013e+03,1.464997674973521402e+00
1.638281148357664279e+03,1.464983488537002554e+00
1.637799018498435544e+03,1.464969422437834234e+00
1.637316888639207718e+03,1.464954759108853199e+00
1.636834758779978984e+03,1.464940334968926505e+00
1.636352628920751158e+03,1.464925194747483284e+00
1.635870499061522423e+03,1.464910532904148521e+00
1.635388369202293688e+03,1.464895273831001266e+00
1.634906239343065863e+03,1.464880372798612163e+00
1.634424109483837128e+03,1.464864994873760873e+00
1.633941979624609303e+03,1.464850093841371992e+00
1.633459849765380568e+03,1.464834834768224514e+00
1.632977719906151833e+03,1.464819933735835633e+00
1.632495590046924008e+03,1.464804555810984343e+00
1.632013460187695273e+03,1.464789534441244934e+00
1.631531330328467448e+03,1.464774156516393644e+00
1.631049200469238713e+03,1.464759017780596695e+00
1.630567070610009978e+03,1.464743519518395098e+00
1.630084940750782152e+03,1.464728141593543809e+00
1.629602810891553418e+03,1.464712407113580417e+00
1.629120681032325592e+03,1.464696908851378820e+00
1.628638551173096857e+03,1.464681054034065344e+00
1.628156421313869032e+03,1.464665557257510020e+00
1.627674291454640297e+03,1.464649464736788476e+00
1.627192161595411562e+03,1.464633847622882845e+00
1.626710031736183737e+03,1.464617755102161301e+00
1.626227901876955002e+03,1.464601900284847602e+00
1.625745772017727177e+03,1.464585806278479785e+00
1.625263642158498442e+03,1.464569832609462052e+00
1.624781512299269707e+03,1.464553382047982133e+00
1.624299382440041882e+03,1.464537527230668656e+00
1.623817252580813147e+03,1.464521195520892771e+00
1.623335122721585321e+03,1.464505220366228766e+00
1.622852992862356587e+03,1.464489008993803187e+00
1.622370863003127852e+03,1.464473273028193523e+00
1.621888733143900026e+03,1.464457299359176012e+00
1.621406603284671291e+03,1.464441921434324723e+00
1.620924473425443466e+03,1.464426185468715058e+00
1.620442343566214731e+03,1.464411164098975870e+00
1.619960213706985996e+03,1.464395786174124581e+00
1.619478083847758171e+03,1.464381124330789818e+00
1.618995953988529436e+03,1.464366102961050409e+00
1.618513824129301611e+03,1.464351799158474021e+00
1.618031694270072876e+03,1.464337016977789174e+00
1.617549564410845051e+03,1.464322949392974360e+00
1.617067434551616316e+03,1.464308644104751700e+00
1.616585304692387581e+03,1.464295054898045567e+00
1.616103174833159756e+03,1.464281465691339434e+00
1.615621044973931021e+03,1.464268591080503779e+00
1.615138915114703195e+03,1.464255954173075969e+00
1.614656785255474460e+03,1.464243914495460652e+00
1.614174655396245726e+03,1.464232112521253404e+00
1.613692525537017900e+03,1.464221145480266939e+00
1.613210395677789165e+03,1.464210297290984286e+00
1.612728265818561340e+03,1.464200044845868076e+00
1.612246135959332605e+03,1.464190031589805985e+00
1.611764006100103870e+03,1.464180495226206302e+00
1.611281876240876045e+03,1.464170957376960347e+00
1.610799746381647310e+03,1.464162016757526885e+00
1.610317616522419485e+03,1.464152719582981543e+00
1.609835486663190750e+03,1.464144016666956150e+00
1.609353356803962015e+03,1.464134957195818654e+00
1.608871226944734190e+03,1.464126016576385192e+00
1.608389097085505455e+03,1.464116717916193577e+00
1.607906967226277629e+03,1.464107538107705997e+00
1.607424837367048895e+03,1.464097643703347940e+00
1.606942707507821069e+03,1.464087749298989882e+00
1.606460577648592334e+03,1.464076902595353502e+00
1.605978447789363599e+03,1.464065934068720765e+00
1.605496317930135774e+03,1.464053656687697602e+00
1.605014188070907039e+03,1.464041258969323911e+00
1.604532058211679214e+03,1.464027549425267694e+00
1.604049928352450479e+03,1.464013481840452879e+00
1.603567798493221744e+03,1.463998103915601590e+00
1.603085668633993919e+03,1.463982488287342232e+00
1.602603538774765184e+03,1.463965560833400126e+00
1.602121408915537359e+03,1.463948633379457798e+00
1.601639279056308624e+03,1.463930273762482415e+00
1.601157149197079889e+03,1.463912154820207645e+00
1.600675019337852063e+03,1.463892842903953939e+00
1.600192889478623329e+03,1.463873412135996199e+00
1.599710759619395503e+03,1.463853146434817898e+00
1.599228629760166768e+03,1.463832761881935784e+00
1.598746499900938034e+03,1.463811661247536700e+00
1.598264370041710208e+03,1.463790560613137837e+00
1.597782240182481473e+03,1.463768388827756617e+00
1.597300110323253648e+03,1.463746453260137192e+00
1.596817980464024913e+03,1.463723804582293786e+00
1.596335850604797088e+03,1.463701273270507919e+00
1.595853720745568353e+03,1.463678146214555831e+00
1.595371590886339618e+03,1.463655258347658084e+00
1.594889461027111793e+03,1.463631774736593893e+00
1.594407331167883058e+03,1.463608766532345840e+00
1.593925201308655232e+03,1.463584924880523497e+00
1.593443071449426498e+03,1.463561560121163341e+00
1.592960941590197763e+03,1.463537599617636964e+00
1.592478811730969937e+03,1.463513995669222467e+00
1.591996681871741202e+03,1.463489558273233682e+00
1.591514552012513377e+03,1.463465596284061032e+00
1.591032422153284642e+03,1.463440800847314094e+00
1.590550292294055907e+03,1.463416721492083683e+00
1.590068162434828082e+03,1.463391686866282404e+00
1.589586032575599347e+03,1.463367129132943312e+00
1.589103902716371522e+03,1.463341856803734187e+00
1.588621772857142787e+03,1.463317181704337333e+00
1.588139642997914052e+03,1.463292028226832020e+00
1.587657513138686227e+03,1.463267112452734775e+00
1.587175383279457492e+03,1.463241721271821394e+00
1.586693253420229667e+03,1.463216806983370422e+00
1.586211123561000932e+03,1.463191295465106956e+00
1.585728993701773106e+03,1.463166023135897609e+00
1.585246863842544371e+03,1.463140273914226075e+00
1.584764733983315637e+03,1.463114882733312694e+00
1.584282604124087811e+03,1.463088775470882785e+00
1.583800474264859076e+03,1.463063026249211251e+00
1.583318344405631251e+03,1.463036800135077309e+00
1.582836214546402516e+03,1.463011050913405775e+00
1.582354084687173781e+03,1.462984587095863764e+00
1.581871954827945956e+03,1.462958956725896265e+00
1.581389824968717221e+03,1.462932730611762322e+00
1.580907695109489396e+03,1.462906862538386754e+00
1.580425565250260661e+03,1.462880636424252812e+00
1.579943435391031926e+03,1.462854768350877244e+00
1.579461305531804101e+03,1.462828303047688960e+00
1.578979175672575366e+03,1.462802434974313393e+00
1.578497045813347540e+03,1.462775731967717263e+00
1.578014915954118806e+03,1.462749863894341695e+00
1.577532786094890071e+03,1.462723042036041310e+00
1.577050656235662245e+03,1.462697053625315435e+00
1.576568526376433510e+03,1.462670231767015272e+00
1.576086396517205685e+03,1.462644005652881329e+00
1.575604266657976950e+03,1.462617302646285200e+00
1.575122136798749125e+03,1.462591196869501564e+00
1.574640006939520390e+03,1.462564493862905435e+00
1.574157877080291655e+03,1.462538505452179560e+00
1.573675747221063830e+03,1.462511683593879397e+00
1.573193617361835095e+03,1.462485457479745454e+00
1.572711487502607270e+03,1.462458516769741257e+00
1.572229357643378535e+03,1.462431932614848940e+00
1.571747227784149800e+03,1.462404633864086589e+00
1.571265097924921974e+03,1.462377930857490238e+00
1.570782968065693240e+03,1.462350274065969513e+00
1.570300838206465414e+03,1.462323333355965316e+00
1.569818708347236679e+03,1.462295676564444591e+00
1.569336578488007945e+03,1.462268854706144205e+00
1.568854448628780119e+03,1.462241555955381855e+00
1.568372318769551384e+03,1.462215210989543879e+00
1.567890188910323559e+03,1.462188268793893409e+00
1.567408059051094824e+03,1.462162519572221875e+00
1.566925929191866089e+03,1.462136174606383898e+00
1.566443799332638264e+03,1.462110544236416398e+00
1.565961669473409529e+03,1.462084199270578422e+00
1.565479539614181704e+03,1.462058212345498820e+00
1.564997409754952969e+03,1.462031151298144316e+00
1.564515279895725143e+03,1.462004090250789812e+00
1.564033150036496409e+03,1.461975600011694798e+00
1.563551020177267674e+03,1.461947227138657324e+00
1.563068890318039848e+03,1.461917425073879340e+00
1.562586760458811113e+03,1.461887741860805390e+00
1.562104630599583288e+03,1.461856986011102588e+00
1.561622500740354553e+03,1.461826469350454349e+00
1.561140370881125818e+03,1.461794997419235242e+00
1.560658241021897993e+03,1.461763526973662186e+00
1.560176111162669258e+03,1.461731459298276858e+00
1.559693981303441433e+03,1.461699510474595343e+00
1.559211851444212698e+03,1.461666728203339538e+00
1.558729721584983963e+03,1.461634183635491802e+00
1.558247591725756138e+03,1.461600805620069554e+00
1.557765461866527403e+03,1.461568023348813750e+00
1.557283332007299578e+03,1.461534166955283043e+00
1.556801202148070843e+03,1.461501146980619392e+00
1.556319072288842108e+03,1.461467052883680617e+00
1.555836942429614282e+03,1.461433554530908285e+00
1.555354812570385548e+03,1.461399341582265476e+00
1.554872682711157722e+03,1.461365605526085076e+00
1.554390552851928987e+03,1.461331034536684115e+00
1.553908422992701162e+03,1.461296583884633460e+00
1.553426293133472427e+03,1.461261775191824430e+00
1.552944163274243692e+03,1.461227083865073162e+00
1.552462033415015867e+03,1.461191440239043571e+00
1.551979903555787132e+03,1.461156273505476166e+00
1.551497773696559307e+03,1.461120154472630661e+00
1.551015643837330572e+03,1.461084629698304882e+00
1.550533513978101837e+03,1.461047913435646883e+00
1.550051384118874012e+03,1.461011911768858917e+00
1.549569254259645277e+03,1.460974956317146356e+00
1.549087124400417451e+03,1.460938479243542476e+00
1.548604994541188717e+03,1.460901286088422069e+00
1.548122864681959982e+03,1.460864688677467882e+00
1.547640734822732156e+03,1.460827018629885066e+00
1.547158604963503421e+03,1.460790063178172504e+00
1.546676475104275596e+03,1.460751916238127501e+00
1.546194345245046861e+03,1.460714246190544685e+00
1.545712215385818126e+03,1.460675860061445119e+00
1.545230085526590301e+03,1.460637475417992048e+00
1.544747955667361566e+03,1.460598493544726484e+00
1.544265825808133741e+03,1.460559750860515038e+00
1.543783695948905006e+03,1.460520292094787065e+00
1.543301566089677181e+03,1.460481430558871585e+00
1.542819436230448446e+03,1.460441257197273357e+00
1.542337306371219711e+03,1.460401798431545384e+00
1.541855176511991885e+03,1.460361267029188781e+00
1.541373046652763151e+03,1.460321212519294365e+00
1.540890916793535325e+03,1.460280205710121848e+00
1.540408786934306590e+03,1.460239674307765245e+00
1.539926657075077856e+03,1.460197831079725672e+00
1.539444527215850030e+03,1.460156347378090747e+00
1.538962397356621295e+03,1.460114146109293021e+00
1.538480267497393470e+03,1.460071946326141568e+00
1.537998137638164735e+03,1.460028911609769331e+00
1.537516007778936000e+03,1.459986474123209810e+00
1.537033877919708175e+03,1.459942485621913200e+00
1.536551748060479440e+03,1.459899332053837151e+00
1.536069618201251615e+03,1.459854747808374098e+00
1.535587488342022880e+03,1.459810759307077488e+00
1.535105358482794145e+03,1.459765698169152026e+00
1.534623228623566320e+03,1.459720995071985161e+00
1.534141098764337585e+03,1.459675099000839138e+00
1.533658968905109759e+03,1.459629560970451490e+00
1.533176839045881025e+03,1.459583188006843502e+00
1.532694709186653199e+03,1.459536935380585598e+00
1.532212579327424464e+03,1.459489370928644725e+00
1.531730449468195729e+03,1.459442402220870294e+00
1.531248319608967904e+03,1.459394242024763200e+00
1.530766189749739169e+03,1.459346677572822326e+00
1.530284059890511344e+03,1.459297801295198482e+00
1.529801930031282609e+03,1.459249045354925167e+00
1.529319800172053874e+03,1.459199811036543171e+00
1.528837670312826049e+03,1.459150578203807447e+00
1.528355540453597314e+03,1.459100390100500855e+00
1.527873410594369489e+03,1.459050442671894876e+00
1.527391280735140754e+03,1.458999300783663688e+00
1.526909150875912019e+03,1.458948876462595301e+00
1.526427021016684193e+03,1.458896661937735484e+00
1.525944891157455459e+03,1.458845402683446757e+00
1.525462761298227633e+03,1.458792234373662344e+00
1.524980631438998898e+03,1.458739782145394459e+00
1.524498501579770164e+03,1.458686257280498166e+00
1.524016371720542338e+03,1.458633090456360026e+00
1.523534241861313603e+03,1.458578492954834882e+00
1.523052112002085778e+03,1.458524491197476403e+00
1.522569982142857043e+03,1.458468939911026663e+00
1.522087852283628308e+03,1.458413984368743366e+00
1.521605722424400483e+03,1.458357954704185167e+00
1.521123592565171748e+03,1.458301807673569206e+00
1.520641462705943923e+03,1.458243990776512122e+00
1.520159332846715188e+03,1.458187366853433975e+00
1.519677202987487362e+03,1.458129312252968823e+00
1.519195073128258628e+03,1.458071137315153587e+00
1.518712943269029893e+03,1.458012010078059806e+00
1.518230813409802067e+03,1.457953001692670059e+00
1.517748683550573332e+03,1.457892919185005409e+00
1.517266553691345507e+03,1.457833315055449441e+00
1.516784423832116772e+03,1.457772280248506691e+00
1.516302293972888037e+03,1.457711364293267753e+00
1.515820164113660212e+03,1.457649971445566406e+00
1.515338034254431477e+03,1.457588697449569315e+00
1.514855904395203652e+03,1.457525994261831492e+00
1.514373774535974917e+03,1.457463766480909584e+00
1.513891644676746182e+03,1.457400228359951200e+00
1.513409514817518357e+03,1.457337642538271139e+00
1.512927384958289622e+03,1.457273627524850568e+00
1.512445255099061796e+03,1.457209493659725741e+00
1.511963125239833062e+03,1.457144643713084387e+00
1.511480995380604327e+03,1.457080150321555134e+00
1.510998865521376501e+03,1.457014348075635679e+00
1.510516735662147767e+03,1.456949140088235950e+00
1.510034605802919941e+03,1.456882263720041593e+00
1.509552475943691206e+03,1.456815387351847013e+00
1.509070346084463381e+03,1.456747794902135906e+00
1.508588216225234646e+03,1.456679845897312697e+00
1.508106086366005911e+03,1.456610466215102706e+00
1.507623956506778086e+03,1.456540490788726494e+00
1.507141826647549351e+03,1.456468845495908937e+00
1.506659696788321526e+03,1.456396843647979500e+00
1.506177566929092791e+03,1.456323053081904684e+00
1.505695437069864056e+03,1.456248904475071715e+00
1.505213307210636231e+03,1.456171656810056891e+00
1.504731177351407496e+03,1.456094648334096409e+00
1.504249047492179670e+03,1.456014897355066173e+00
1.503766917632950936e+03,1.455934669483573529e+00
1.503284787773722201e+03,1.455851222216548946e+00
1.502802657914494375e+03,1.455767418394412260e+00
1.502320528055265640e+03,1.455680990920909634e+00
1.501838398196037815e+03,1.455593371959074567e+00
1.501356268336809080e+03,1.455502774276407951e+00
1.500874138477580345e+03,1.455411340174874502e+00
1.500392008618352520e+03,1.455317165055917572e+00
1.499909878759123785e+03,1.455222273855443893e+00
1.499427748899895960e+03,1.455123927041676479e+00
1.498945619040667225e+03,1.455024387253930129e+00
1.498463489181439400e+03,1.454921270029893465e+00
1.497981359322210665e+03,1.454816604762412258e+00
1.497499229462981930e+03,1.454710150776785671e+00
1.497017099603754104e+03,1.454605008616842055e+00
1.496534969744525370e+03,1.454493906043942797e+00
1.496052839885297544e+03,1.454383397729563709e+00
1.495570710026068809e+03,1.454268956909428478e+00
1.495088580166840075e+03,1.454153920345126805e+00
1.494606450307612249e+03,1.454033877152794085e+00
1.494124320448383514e+03,1.453914667408035877e+00
1.493642190589155689e+03,1.453789974142784214e+00
1.493160060729926954e+03,1.453665996959049300e+00
1.492677930870698219e+03,1.453535820173304405e+00
1.492195801011470394e+03,1.453406478320780071e+00
1.491713671152241659e+03,1.453271176055300096e+00
1.491231541293013834e+03,1.453137184129856818e+00
1.490749411433785099e+03,1.452997112939754087e+00
1.490267281574556364e+03,1.452856685194539033e+00
1.489785151715328539e+03,1.452710772443184695e+00
1.489303021856099804e+03,1.452565338069938594e+00
1.488820891996871978e+03,1.452413464905628615e+00
1.488338762137643243e+03,1.452262187485484857e+00
1.487856632278415418e+03,1.452103520460644726e+00
1.487374502419186683e+03,1.451944734584100782e+00
1.486892372559957948e+03,1.451780463701417112e+00
1.486410242700730123e+03,1.451615715926271255e+00
1.485928112841501388e+03,1.451443935101541127e+00
1.485445982982273563e+03,1.451271439680940745e+00
1.484963853123044828e+03,1.451091195129239564e+00
1.484481723263816093e+03,1.450912262403221353e+00
1.483999593404588268e+03,1.450724268720419374e+00
1.483517463545359533e+03,1.450534606656822323e+00
1.483035333686131708e+03,1.450336838907012593e+00
1.482553203826902973e+03,1.450138950819852779e+00
1.482071073967674238e+03,1.449931407517389026e+00
1.481588944108446412e+03,1.449723030767350984e+00
1.481106814249217678e+03,1.449503327449921830e+00
1.480624684389989852e+03,1.449281001966773008e+00
1.480142554530761117e+03,1.449050570797411508e+00
1.479660424671532382e+03,1.448813702322632180e+00
1.479178294812304557e+03,1.448562885114742071e+00
1.478696164953075822e+03,1.448298599037496137e+00
1.478214035093847997e+03,1.448028588765056357e+00
1.477731905234619262e+03,1.447772527225727357e+00
1.477249775375391437e+03,1.447457934193470797e+00
1.476767645516162702e+03,1.447147989748486907e+00
1.476285515656933967e+03,1.446853901606462989e+00
1.475803385797706142e+03,1.446564102525307316e+00
1.475321255938477407e+03,1.446269656342525023e+00
1.474839126079249581e+03,1.445977355432999989e+00
1.474356996220020847e+03,1.445677782284836566e+00
1.473874866360792112e+03,1.445382738872241779e+00
1.473392736501564286e+03,1.445075536930327864e+00
1.472910606642335551e+03,1.444780016625270669e+00
1.472428476783107726e+03,1.444468166096084083e+00
1.471946346923878991e+03,1.444193149195613257e+00
1.471464217064650256e+03,1.443897153483740148e+00
1.470982087205422431e+03,1.443578506122730865e+00
1.470499957346193696e+03,1.443232680348309538e+00
1.470017827486965871e+03,1.442893291879306039e+00
1.469535697627737136e+03,1.442519688976013459e+00
1.469053567768508401e+03,1.442210341760842285e+00
1.468571437909280576e+03,1.441818501063570901e+00
1.468089308050051841e+03,1.441325213008704198e+00
1.467607178190824015e+03,1.440900350851122891e+00
1.467125048331595281e+03,1.440434242695314504e+00
1.466642918472367455e+03,1.439985061993448445e+00
1.466160788613138720e+03,1.439503813616196837e+00
1.465678658753909986e+03,1.439026499230347644e+00
1.465196528894682160e+03,1.438529635224836678e+00
1.464714399035453425e+03,1.438043738260312399e+00
1.464232269176225600e+03,1.437539720867867077e+00
1.463750139316996865e+03,1.437048340382849343e+00
1.463268009457768130e+03,1.436545634816086991e+00
1.462785879598540305e+03,1.436064148735427315e+00
1.462303749739311570e+03,1.435597444835452707e+00
1.461821619880083745e+03,1.435157919348890365e+00
1.461339490020855010e+03,1.434758806412980592e+00
1.460857360161626275e+03,1.434426690182615483e+00
1.460375230302398450e+03,1.434167171544346253e+00
1.459893100443169715e+03,1.434019232371438690e+00
1.459410970583941889e+03,1.433991933620676118e+00
1.458928840724713154e+03,1.434120798580738043e+00
1.458446710865484420e+03,1.434417868414886055e+00
1.457964581006256594e+03,1.434903765379410334e+00
1.457482451147027859e+03,1.435545230310592890e+00
1.457000321287800034e+03,1.436333084885592193e+00
1.456518191428571299e+03,1.437252070031260986e+00
1.456036061569343474e+03,1.438252712240162934e+00
1.455553931710114739e+03,1.439311887427638714e+00
1.455071801850886004e+03,1.440382981955379282e+00
1.454589671991658179e+03,1.441482568207861359e+00
1.454107542132429444e+03,1.442623639647624412e+00
1.453625412273201619e+03,1.443815852975618874e+00
1.453143282413972884e+03,1.445086980863776738e+00
1.452661152554744149e+03,1.446414138416492801e+00
1.452179022695516323e+03,1.447775984324667364e+00
1.451696892836287589e+03,1.449126150081631481e+00
1.451214762977059763e+03,1.450420523877445467e+00
1.450732633117831028e+03,1.451572920398953581e+00
1.450250503258602293e+03,1.452584173093730113e+00
1.449768373399374468e+03,1.453403975006764659e+00
1.449286243540145733e+03,1.454077865654090918e+00
1.448804113680917908e+03,1.454631949326846252e+00
1.448321983821689173e+03,1.455118800076295127e+00
1.447839853962460438e+03,1.455584074784529225e+00
1.447357724103232613e+03,1.456109787069893580e+00
1.446875594244003878e+03,1.456756497818161300e+00
1.446393464384776053e+03,1.457584763458166899e+00
1.445911334525547318e+03,1.458621646522911153e+00
1.445429204666319492e+03,1.459905649021904672e+00
1.444947074807090758e+03,1.461440707917842641e+00
1.444464944947862023e+03,1.463196183241433967e+00
1.443982815088634197e+03,1.465115572892596640e+00
1.443500685229405462e+03,1.467116857310400757e+00
1.443018555370177637e+03,1.469114329559798815e+00
1.442536425510948902e+03,1.471025612039102537e+00
1.442054295651720167e+03,1.472787405816407658e+00
1.441572165792492342e+03,1.474348808192537330e+00
1.441090035933263607e+03,1.475672389794609130e+00
1.440607906074035782e+03,1.476768995840613385e+00
1.440125776214807047e+03,1.477650190601349056e+00
1.439643646355578312e+03,1.478341604446783863e+00
1.439161516496350487e+03,1.478855039351125056e+00
1.438679386637121752e+03,1.479227210091384359e+00
1.438197256777893926e+03,1.479481842438972850e+00
1.437715126918665192e+03,1.479645992984305991e+00
1.437232997059436457e+03,1.479718948617160246e+00
1.436750867200208631e+03,1.479713346244962979e+00
1.436268737340979897e+03,1.479621435250967121e+00
1.435786607481752071e+03,1.479471827697264485e+00
1.435304477622523336e+03,1.479261066484915066e+00
1.434822347763295511e+03,1.479008699747933919e+00
1.434340217904066776e+03,1.478707339367271612e+00
1.433858088044838041e+03,1.478369023534896742e+00
1.433375958185610216e+03,1.477996374416528758e+00
1.432893828326381481e+03,1.477598692158005989e+00
1.432411698467153656e+03,1.477171565875463388e+00
1.431929568607924921e+03,1.476737644246744585e+00
1.431447438748696186e+03,1.476292397536280721e+00
1.430965308889468361e+03,1.475873495791655055e+00
1.430483179030239626e+03,1.475484873004269559e+00
1.430001049171011800e+03,1.475151802988979854e+00
1.429518919311783065e+03,1.474890972525027877e+00
1.429036789452554331e+03,1.474717642171206711e+00
1.428554659593326505e+03,1.474658156893354777e+00
1.428072529734097770e+03,1.474707152022682433e+00
1.427590399874869945e+03,1.474886680492867086e+00
1.427108270015641210e+03,1.475189591888266705e+00
1.426626140156412475e+03,1.475619818714637432e+00
1.426144010297184650e+03,1.476166750486104684e+00
1.425661880437955915e+03,1.476813342382668370e+00
1.425179750578728090e+03,1.477534916333639536e+00
1.424697620719499355e+03,1.478314424547725325e+00
1.424215490860271530e+03,1.479117300492464038e+00
1.423733361001042795e+03,1.479921366439888919e+00
1.423251231141814060e+03,1.480683709496624534e+00
1.422769101282586234e+03,1.481383587069030394e+00
1.422286971423357500e+03,1.481993819258048184e+00
1.421804841564129674e+03,1.482498790435418101e+00
1.421322711704900939e+03,1.482884433016325776e+00
1.420840581845672205e+03,1.483148004497701455e+00
1.420358451986444379e+03,1.483292366234318704e+00
1.419876322127215644e+03,1.483328249049402636e+00
1.419394192267987819e+03,1.483261610384616125e+00
1.418912062408759084e+03,1.483100558897464616e+00
1.418429932549530349e+03,1.482858444605599901e+00
1.417947802690302524e+03,1.482556607332475185e+00
1.417465672831073789e+03,1.482210661220703551e+00
1.416983542971845964e+03,1.481824543232979741e+00
1.416501413112617229e+03,1.481408621694831895e+00
1.416019283253388494e+03,1.480969693438082047e+00
1.415537153394160669e+03,1.480519082058828984e+00
1.415055023534931934e+03,1.480059290871088340e+00
1.414572893675704108e+03,1.479597237044032676e+00
1.414090763816475373e+03,1.479136015178905028e+00
1.413608633957247548e+03,1.478681113253137669e+00
1.413126504098018813e+03,1.478239681682372408e+00
1.412644374238790078e+03,1.477815296417253288e+00
1.412162244379562253e+03,1.477410818812554094e+00
1.411680114520333518e+03,1.477031136644602061e+00
1.411197984661105693e+03,1.476685668910938887e+00
1.410715854801876958e+03,1.476381684878910860e+00
1.410233724942648223e+03,1.476123954958786788e+00
1.409751595083420398e+03,1.475916649359731103e+00
1.409269465224191663e+03,1.475768114442657097e+00
1.408787335364963837e+03,1.475680853521580183e+00
1.408305205505735103e+03,1.475659515183773474e+00
1.407823075646506368e+03,1.475693965835824129e+00
1.407340945787278542e+03,1.475778366887773307e+00
1.406858815928049808e+03,1.475899959609196843e+00
1.406376686068821982e+03,1.476047540741346253e+00
1.405894556209593247e+03,1.476207042699406946e+00
1.405412426350364512e+03,1.476365234317430941e+00
1.404930296491136687e+03,1.476511145583139006e+00
1.404448166631907952e+03,1.476639772839793086e+00
1.403966036772680127e+03,1.476745273040495077e+00
1.403483906913451392e+03,1.476820852324714828e+00
1.403001777054223567e+03,1.476859118116464087e+00
1.402519647194994832e+03,1.476857568587373049e+00
1.402037517335766097e+03,1.476814415019297000e+00
1.401555387476538272e+03,1.476725246528370894e+00
1.401073257617309537e+03,1.476593401361831148e+00
1.400591127758081711e+03,1.476421500199750714e+00
1.400108997898852977e+03,1.476217295144523156e+00
1.399626868039624242e+03,1.475983883768683835e+00
1.399144738180396416e+03,1.475728180270112988e+00
1.398662608321167681e+03,1.475452806814530282e+00
1.398180478461939856e+03,1.475162055434096287e+00
1.397698348602711121e+03,1.474863196881802896e+00
1.397216218743482386e+03,1.474557425617275985e+00
1.396734088884254561e+03,1.474245454750738871e+00
1.396251959025025826e+03,1.473932888140035535e+00
1.395769829165798001e+03,1.473617937067020822e+00
1.395287699306569266e+03,1.473302509101543700e+00
1.394805569447340531e+03,1.472987558028528987e+00
1.394323439588112706e+03,1.472670341344906486e+00
1.393841309728883971e+03,1.472352172362005884e+00
1.393359179869656145e+03,1.472035194867437946e+00
1.392877050010427411e+03,1.471717144736241378e+00
1.392394920151199585e+03,1.471399213456748845e+00
1.391912790291970850e+03,1.471079732648165272e+00
1.391430660432742116e+03,1.470760012650527582e+00
1.390948530573514290e+03,1.470438028527928598e+00
1.390466400714285555e+03,1.470114971768700984e+00
1.389984270855057730e+03,1.469786669192387984e+00
1.389502140995828995e+03,1.469456698235280134e+00
1.389020011136600260e+03,1.469121243757679052e+00
1.388537881277372435e+03,1.468783284480416285e+00
1.388055751418143700e+03,1.468439247424139893e+00
1.387573621558915875e+03,1.468092705568202039e+00
1.387091491699687140e+03,1.467741871680103394e+00
1.386609361840458405e+03,1.467389608600264017e+00
1.386127231981230580e+03,1.467040802619364870e+00
1.385645102122001845e+03,1.466696049481571951e+00
1.385162972262774019e+03,1.466360236963212493e+00
1.384680842403545284e+03,1.466036226419060284e+00
1.384198712544316550e+03,1.465719844668658789e+00
1.383716582685088724e+03,1.465409781371970865e+00
1.383234452825859989e+03,1.465103294025927205e+00
1.382752322966632164e+03,1.464803362837005407e+00
1.382270193107403429e+03,1.464522028968467060e+00
1.381788063248175604e+03,1.464276815618420491e+00
1.381305933388946869e+03,1.464090252613005294e+00
1.380823803529718134e+03,1.463987852956131652e+00
1.380341673670490309e+03,1.464002872840224567e+00
1.379859543811261574e+03,1.464169528185219615e+00
1.379377413952033749e+03,1.464525248363998999e+00
1.378895284092805014e+03,1.465104485514259869e+00
1.378413154233576279e+03,1.465943242788436018e+00
1.377931024374348453e+03,1.467062259808875613e+00
1.377448894515119719e+03,1.468453313523308434e+00
1.376966764655891893e+03,1.470084573959756558e+00
1.376484634796663158e+03,1.471882607107257490e+00
1.376002504937434423e+03,1.473737503366891133e+00
1.375520375078206598e+03,1.475535894555150440e+00
1.375038245218977863e+03,1.477154757273225094e+00
1.374556115359750038e+03,1.478506589925337789e+00
1.374073985500521303e+03,1.479551340972886875e+00
1.373591855641292568e+03,1.480271126205712662e+00
1.373109725782064743e+03,1.480696346404052344e+00
1.372627595922836008e+03,1.480865742766471094e+00
1.372145466063608183e+03,1.480838323678358215e+00
1.371663336204379448e+03,1.480658437167415187e+00
1.371181206345151622e+03,1.480371024034217387e+00
1.370699076485922888e+03,1.480015541558845849e+00
1.370216946626694153e+03,1.479615595175361786e+00
1.369734816767466327e+03,1.479194071265016452e+00
1.369252686908237592e+03,1.478765870860198950e+00
1.368770557049009767e+03,1.478339221470118758e+00
1.368288427189781032e+03,1.477923179594620384e+00
1.367806297330552297e+03,1.477521564830341472e+00
1.367324167471324472e+03,1.477135445356971388e+00
1.366842037612095737e+03,1.476768042055688790e+00
1.366359907752867912e+03,1.476414229446758597e+00
1.365877777893639177e+03,1.476076151317791796e+00
1.365395648034410442e+03,1.475749398270569612e+00
1.364913518175182617e+03,1.475435282130775461e+00
1.364431388315953882e+03,1.475129392014544294e+00
1.363949258456726056e+03,1.474834706642707882e+00
1.363467128597497322e+03,1.474548364660492217e+00
1.362984998738268587e+03,1.474270845931652252e+00
1.362502868879040761e+03,1.474001790929783340e+00
1.362020739019812027e+03,1.473740006680906545e+00
1.361538609160584201e+03,1.473486568792943263e+00
1.361056479301355466e+03,1.473240877064788235e+00
1.360574349442127641e+03,1.473003293994138430e+00
1.360092219582898906e+03,1.472771909039852334e+00
1.359610089723670171e+03,1.472547317946096168e+00
1.359127959864442346e+03,1.472328688750941916e+00
1.358645830005213611e+03,1.472115422738930590e+00
1.358163700145985786e+03,1.471907760584762803e+00
1.357681570286757051e+03,1.471705581951088471e+00
1.357199440427528316e+03,1.471508289608094877e+00
1.356717310568300491e+03,1.471315409634612159e+00
1.356235180709071756e+03,1.471126820207643737e+00
1.355753050849843930e+03,1.470942999705298515e+00
1.355270920990615195e+03,1.470762039072080585e+00
1.354788791131386461e+03,1.470585251619319633e+00
1.354306661272158635e+03,1.470410729777166026e+00
1.353824531412929900e+03,1.470238711249027830e+00
1.353342401553702075e+03,1.470070148334183591e+00
1.352860271694473340e+03,1.469903613326538849e+00
1.352378141835244605e+03,1.469738269807226549e+00
1.351896011976016780e+03,1.469575310750225849e+00
1.351413882116788045e+03,1.469413067774741899e+00
1.350931752257560220e+03,1.469252730883460645e+00
1.350449622398331485e+03,1.469093586966158327e+00
1.349967492539103660e+03,1.468935276496430298e+00
1.349485362679874925e+03,1.468777563256514984e+00
1.349003232820646190e+03,1.468620325423415585e+00
1.348521102961418364e+03,1.468463207927666492e+00
1.348038973102189630e+03,1.468305970094567092e+00
1.347556843242961804e+03,1.468149329491280186e+00
1.347074713383733069e+03,1.467993761524621910e+00
1.346592583524504334e+03,1.467838312409667889e+00
1.346110453665276509e+03,1.467683698227934208e+00
1.345628323806047774e+03,1.467528965194496493e+00
1.345146193946819949e+03,1.467374707567874914e+00
1.344664064087591214e+03,1.467220093386141455e+00
1.344181934228362479e+03,1.467066432989332370e+00
1.343699804369134654e+03,1.466913487188393761e+00
1.343217674509905919e+03,1.466760541387454930e+00
1.342735544650678094e+03,1.466607953627274696e+00
1.342253414791449359e+03,1.466455842759556427e+00
1.341771284932220624e+03,1.466303969595246448e+00
1.341289155072992799e+03,1.466151739875824367e+00
1.340807025213764064e+03,1.465999152115643911e+00
1.340324895354536238e+03,1.465846325166409114e+00
1.339842765495307503e+03,1.465692306728841876e+00
1.339360635636079678e+03,1.465539004372791165e+00
1.338878505776850943e+03,1.465383911812949025e+00
1.338396375917622208e+03,1.465229178779511310e+00
1.337914246058394383e+03,1.465072419324520592e+00
1.337432116199165648e+03,1.464915539532179567e+00
1.336949986339937823e+03,1.464755798385064534e+00
1.336467856480709088e+03,1.464595700682837620e+00
1.335985726621480353e+03,1.464433337370003363e+00
1.335503596762252528e+03,1.464269424528078067e+00
1.335021466903023793e+03,1.464103366412895513e+00
1.334539337043795967e+03,1.463935042687105392e+00
1.334057207184567233e+03,1.463764692539762269e+00
1.333575077325338498e+03,1.463592792863328107e+00
1.333092947466110672e+03,1.463418985617044976e+00
1.332610817606881938e+03,1.463242914245800330e+00
1.332128687747654112e+03,1.463064696115652374e+00
1.331646557888425377e+03,1.462884332712247160e+00
1.331164428029196642e+03,1.462701107954068158e+00
1.330682298169968817e+03,1.462516213329448034e+00
1.330200168310740082e+03,1.462329174917216923e+00
1.329718038451512257e+03,1.462140823193656569e+00
1.329235908592283522e+03,1.461949969641727076e+00
1.328753778733055697e+03,1.461757566560706767e+00
1.328271648873826962e+03,1.461563731316653181e+00
1.327789519014598227e+03,1.461367513095934267e+00
1.327307389155370402e+03,1.461170699131049133e+00
1.326825259296141667e+03,1.460970784622336094e+00
1.326343129436913841e+03,1.460770513558510730e+00
1.325860999577685106e+03,1.460568095735782057e+00
1.325378869718456372e+03,1.460364247235666602e+00
1.324896739859228546e+03,1.460158730354756074e+00
1.324414609999999811e+03,1.459951307389642627e+00
1.323932480140771986e+03,1.459740902732405088e+00
1.323450350281543251e+03,1.459527636720393762e+00
1.322968220422314516e+03,1.459310915095088701e+00
1.322486090563086691e+03,1.459088708463643913e+00
1.322003960703857956e+03,1.458861257500760233e+00
1.321521830844630131e+03,1.458627844639274640e+00
1.321039700985401396e+03,1.458387400213851270e+00
1.320557571126172661e+03,1.458141828823046326e+00
1.320075441266944836e+03,1.457889343234361368e+00
1.319593311407716101e+03,1.457629705744388104e+00
1.319111181548488275e+03,1.457365657370550238e+00
1.318629051689259541e+03,1.457094455609777794e+00
1.318146921830031715e+03,1.456818605261732902e+00
1.317664791970802980e+03,1.456535961053157857e+00
1.317182662111574246e+03,1.456249858259996310e+00
1.316700532252346420e+03,1.455957915391229651e+00
1.316218402393117685e+03,1.455660845557081640e+00
1.315736272533889860e+03,1.455361272408918216e+00
1.315254142674661125e+03,1.455056692632723747e+00
1.314772012815432390e+03,1.454749370353459303e+00
1.314289882956204565e+03,1.454437638675976752e+00
1.313807753096975830e+03,1.454125190916977450e+00
1.313325623237748005e+03,1.453810002140554669e+00
1.312843493378519270e+03,1.453495527960002143e+00
1.312361363519290535e+03,1.453181768375319871e+00
1.311879233660062710e+03,1.452872777715260799e+00
1.311397103800833975e+03,1.452570701253081742e+00
1.310914973941606149e+03,1.452278281491852674e+00
1.310432844082377414e+03,1.451995756134981663e+00
1.309950714223148680e+03,1.451729084109778078e+00
1.309468584363920854e+03,1.451482202378936659e+00
1.308986454504692119e+03,1.451261068384120501e+00
1.308504324645464294e+03,1.451068544965749885e+00
1.308022194786235559e+03,1.450913216188145949e+00
1.307540064927007734e+03,1.450796628609107186e+00
1.307057935067778999e+03,1.450730587174133168e+00
1.306575805208550264e+03,1.450714136612653249e+00
1.306093675349322439e+03,1.450755978355046549e+00
1.305611545490093704e+03,1.450853968613701861e+00
1.305129415630865878e+03,1.451017046522406595e+00
1.304647285771637144e+03,1.451238180517222753e+00
1.304165155912408409e+03,1.451513791676213527e+00
1.303683026053180583e+03,1.451846147095632755e+00
1.303200896193951849e+03,1.452216888644151549e+00
1.302718766334724023e+03,1.452619219489946989e+00
1.302236636475495288e+03,1.453030848995934488e+00
1.301754506616266553e+03,1.453442836542679917e+00
1.301272376757038728e+03,1.453828360271883779e+00
1.300790246897809993e+03,1.454170728947365099e+00
1.300308117038582168e+03,1.454465056278443136e+00
1.299825987179353433e+03,1.454693819067009786e+00
1.299343857320124698e+03,1.454859639478784272e+00
1.298861727460896873e+03,1.454964781638727889e+00
1.298379597601668138e+03,1.455011512643094473e+00
1.297897467742440313e+03,1.455014849404684174e+00
1.297415337883211578e+03,1.454988504438846197e+00
1.296933208023983752e+03,1.454943801341679332e+00
1.296451078164755017e+03,1.454902435006102168e+00
1.295968948305526283e+03,1.454881096668295237e+00
1.295486818446298457e+03,1.454898977907161939e+00
1.295004688587069722e+03,1.454969431711646832e+00
1.294522558727841897e+03,1.455114866084892711e+00
1.294040428868613162e+03,1.455349947327173377e+00
1.293558299009384427e+03,1.455689693836935028e+00
1.293076169150156602e+03,1.456137920753876491e+00
1.292594039290927867e+03,1.456703568697431228e+00
1.292111909431700042e+03,1.457383180568658787e+00
1.291629779572471307e+03,1.458158995466042995e+00
1.291147649713242572e+03,1.459015155600977387e+00
1.290665519854014747e+03,1.459919000525202737e+00
1.290183389994786012e+03,1.460834647423635557e+00
1.289701260135558186e+03,1.461713934614522037e+00
1.289219130276329452e+03,1.462520386509904791e+00
1.288737000417100717e+03,1.463216090901853894e+00
1.288254870557872891e+03,1.463766718961315494e+00
1.287772740698644157e+03,1.464160944120898256e+00
1.287290610839416331e+03,1.464393403197459254e+00
1.286808480980187596e+03,1.464472914987435370e+00
1.286326351120958861e+03,1.464412117883900466e+00
1.285844221261731036e+03,1.464239145570837675e+00
1.285362091402502301e+03,1.463982249098287891e+00
1.284879961543274476e+03,1.463663484371221069e+00
1.284397831684045741e+03,1.463324929349791859e+00
1.283915701824817916e+03,1.462975169583968116e+00
1.283433571965589181e+03,1.462654616138755914e+00
1.282951442106360446e+03,1.462363269014155698e+00
1.282469312247132621e+03,1.462123299995548020e+00
1.281987182387903886e+03,1.461914802908159894e+00
1.281505052528676060e+03,1.461746002289907587e+00
1.281022922669447325e+03,1.461587812157529864e+00
1.280540792810218591e+03,1.461428787091931580e+00
1.280058662950990765e+03,1.461251403895004186e+00
1.279576533091762030e+03,1.461040522345304238e+00
1.279094403232534205e+03,1.460796500483590332e+00
1.278612273373305470e+03,1.460521722772173847e+00
1.278130143514076735e+03,1.460225487871246397e+00
1.277648013654848910e+03,1.459912683557135216e+00
1.277165883795620175e+03,1.459596062617679157e+00
1.276683753936392350e+03,1.459280634652202036e+00
1.276201624077163615e+03,1.458960916140210617e+00
1.275719494217934880e+03,1.458639885802536229e+00
1.275237364358707055e+03,1.458310629441298634e+00
1.274755234499478320e+03,1.457970764079832948e+00
1.274273104640250494e+03,1.457611705653817369e+00
1.273790974781021760e+03,1.457241917890223393e+00
1.273308844921793934e+03,1.456869984853371935e+00
1.272826715062565199e+03,1.456509018857507387e+00
1.272344585203336464e+03,1.456187034734908403e+00
1.271862455344108639e+03,1.455930615154820806e+00
1.271380325484879904e+03,1.455775763269679279e+00
1.270898195625652079e+03,1.455749656007249371e+00
1.270416065766423344e+03,1.455890441793222578e+00
1.269933935907194609e+03,1.456222797212641806e+00
1.269451806047966784e+03,1.456747557198727838e+00
1.268969676188738049e+03,1.457476164199283275e+00
1.268487546329510224e+03,1.458370949652371351e+00
1.268005416470281489e+03,1.459397936827111275e+00
1.267523286611052754e+03,1.460536504952858916e+00
1.267041156751824929e+03,1.461738134307102754e+00
1.266559026892596194e+03,1.462983156418476982e+00
1.266076897033368368e+03,1.464291597799105560e+00
1.265594767174139633e+03,1.465662623515767926e+00
1.265112637314910899e+03,1.467143441465292852e+00
1.264630507455683073e+03,1.468775416497611452e+00
1.264148377596454338e+03,1.470587398378223165e+00
1.263666247737226513e+03,1.472615506139973496e+00
1.263184117877997778e+03,1.474861528501008046e+00
1.262701988018769953e+03,1.477305795504314512e+00
1.262219858159541218e+03,1.479885962002913669e+00
1.261737728300312483e+03,1.482535148657317947e+00
1.261255598441084658e+03,1.485158707913047493e+00
1.260773468581855923e+03,1.487645293551209447e+00
1.260291338722628097e+03,1.489913608034975301e+00
1.259809208863399363e+03,1.491890217353382786e+00
1.259327079004170628e+03,1.493536618011274131e+00
1.258844949144942802e+03,1.494829442277997300e+00
1.258362819285714068e+03,1.495785023348973786e+00
1.257880689426486242e+03,1.496423628411028828e+00
1.257398559567257507e+03,1.496768500400525781e+00
1.256916429708028772e+03,1.496871855327970291e+00
1.256434299848800947e+03,1.496744181856241029e+00
1.255952169989572212e+03,1.496448661551183834e+00
1.255470040130344387e+03,1.496001627608221307e+00
1.254987910271115652e+03,1.495443131565954875e+00
1.254505780411886917e+03,1.494797613791666091e+00
1.254023650552659092e+03,1.494091059724787840e+00
1.253541520693430357e+03,1.493339564857334878e+00
1.253059390834202532e+03,1.492566015570558235e+00
1.252577260974973797e+03,1.491785194045142982e+00
1.252095131115745971e+03,1.491007710766964145e+00
1.251613001256517236e+03,1.490248943660872571e+00
1.251130871397288502e+03,1.489519264023688505e+00
1.250648741538060676e+03,1.488822843550222874e+00
1.250166611678831941e+03,1.488174345569456047e+00
1.249684481819604116e+03,1.487574006299150264e+00
1.249202351960375381e+03,1.487025762702000042e+00
1.248720222101146646e+03,1.486537720464218504e+00
1.248238092241918821e+03,1.486103082753983173e+00
1.247755962382690086e+03,1.485723162882623072e+00
1.247273832523462261e+03,1.485387231512559802e+00
1.246791702664233526e+03,1.485092308437315101e+00
1.246309572805004791e+03,1.484820748635784504e+00
1.245827442945776966e+03,1.484559203575962050e+00
1.245345313086548231e+03,1.484299803789396854e+00
1.244863183227320405e+03,1.484024669522868489e+00
1.244381053368091671e+03,1.483728553473645073e+00
1.243898923508862936e+03,1.483405377862713426e+00
1.243416793649635110e+03,1.483050491131508331e+00
1.242934663790406375e+03,1.482666874972153881e+00
1.242452533931178550e+03,1.482256794995257421e+00
1.241970404071949815e+03,1.481821563026501920e+00
1.241488274212721990e+03,1.481367494548308850e+00
1.241006144353493255e+03,1.480898287334318830e+00
1.240524014494264520e+03,1.480418946526916413e+00
1.240041884635036695e+03,1.479931379695950788e+00
1.239559754775807960e+03,1.479440118062637310e+00
1.239077624916580135e+03,1.478945638519437944e+00
1.238595495057351400e+03,1.478449251406389386e+00
1.238113365198122665e+03,1.477949644897808668e+00
1.237631235338894840e+03,1.477449203456007387e+00
1.237149105479666105e+03,1.476947809714927784e+00
1.236666975620438279e+03,1.476443673470778206e+00
1.236184845761209544e+03,1.475937273101667779e+00
1.235702715901980810e+03,1.475427057592858748e+00
1.235220586042752984e+03,1.474909449508060799e+00
1.234738456183524249e+03,1.474386121685008044e+00
1.234256326324296424e+03,1.473853137161005300e+00
1.233774196465067689e+03,1.473309781340182090e+00
1.233292066605838954e+03,1.472758437199203962e+00
1.232809936746611129e+03,1.472193743040574043e+00
1.232327806887382394e+03,1.471616413460162587e+00
1.231845677028154569e+03,1.471021915751108189e+00
1.231363547168925834e+03,1.470412995387773591e+00
1.230881417309698008e+03,1.469784642770834759e+00
1.230399287450469274e+03,1.469138290063325192e+00
1.229917157591240539e+03,1.468469645233084320e+00
1.229435027732012713e+03,1.467778827131815733e+00
1.228952897872783979e+03,1.467062617849633988e+00
1.228470768013556153e+03,1.466319109816689670e+00
1.227988638154327418e+03,1.465543057215897615e+00
1.227506508295098683e+03,1.464733029369870820e+00
1.227024378435870858e+03,1.463885332961907482e+00
1.226542248576642123e+03,1.462995672988554485e+00
1.226060118717414298e+03,1.462063098636179559e+00
1.225577988858185563e+03,1.461078311244591088e+00
1.225095858998956828e+03,1.460036541889166095e+00
1.224613729139729003e+03,1.458935404621946930e+00
1.224131599280500268e+03,1.457764293413997825e+00
1.223649469421272443e+03,1.456515933055387402e+00
1.223167339562043708e+03,1.455187465162634863e+00
1.222685209702814973e+03,1.453765774450203496e+00
1.222203079843587147e+03,1.452247048749687686e+00
1.221720949984358413e+03,1.450626517650818181e+00
1.221238820125130587e+03,1.448896910400602644e+00
1.220756690265901852e+03,1.447062517545555371e+00
1.220274560406674027e+03,1.445128703754465782e+00
1.219792430547445292e+03,1.443116689999083269e+00
1.219310300688216557e+03,1.441055323073614725e+00
1.218828170828988732e+03,1.439011241642846661e+00
1.218346040969759997e+03,1.437070155613118683e+00
1.217863911110532172e+03,1.435349965874798794e+00
1.217381781251303437e+03,1.434045220782164565e+00
1.216899651392074702e+03,1.433394099150032019e+00
1.216417521532846877e+03,1.433708692182288580e+00
1.215935391673618142e+03,1.435337091263962916e+00
1.215453261814390316e+03,1.438693310363353906e+00
1.214971131955161582e+03,1.444161439560986082e+00
1.214489002095932847e+03,1.452032352060289577e+00
1.214006872236705021e+03,1.462297465282589748e+00
1.213524742377476286e+03,1.474520947058025611e+00
1.213042612518248461e+03,1.487602139983133398e+00
1.212560482659019726e+03,1.500123526525937834e+00
1.212078352799790991e+03,1.510725404565875785e+00
1.211596222940563166e+03,1.518747236444564885e+00
1.211114093081334431e+03,1.524108197060699998e+00
1.210631963222106606e+03,1.527167823218405385e+00
1.210149833362877871e+03,1.528411056611634455e+00
1.209667703503650046e+03,1.528338577871242610e+00
1.209185573644421311e+03,1.527365234413103012e+00
1.208703443785192576e+03,1.525837089715045281e+00
1.208221313925964751e+03,1.523993041644694291e+00
1.207739184066736016e+03,1.522002366227118708e+00
1.207257054207508190e+03,1.519965674401046796e+00
1.206774924348279455e+03,1.517956282811383728e+00
1.206292794489050721e+03,1.516012576101582576e+00
1.205810664629822895e+03,1.514154579298120806e+00
1.205328534770594160e+03,1.512399460529641582e+00
1.204846404911366335e+03,1.510750081150918689e+00
1.204364275052137600e+03,1.509207036906118127e+00
1.203882145192908865e+03,1.507763768666825710e+00
1.203400015333681040e+03,1.506422665352291634e+00
1.202917885474452305e+03,1.505175377630309841e+00
1.202435755615224480e+03,1.504008677306225339e+00
1.201953625755995745e+03,1.502921130731358579e+00
1.201471495896767010e+03,1.501904155327034474e+00
1.200989366037539185e+03,1.500955369602233969e+00
1.200507236178310450e+03,1.500067140306267754e+00
1.200025106319082624e+03,1.499236729393004897e+00
1.199542976459853890e+03,1.498456265908348017e+00
1.199060846600626064e+03,1.497723008834873859e+00
1.198578716741397329e+03,1.497032429922659613e+00
1.198096586882168594e+03,1.496385242281929484e+00
1.197614457022940769e+03,1.495773937456283287e+00
1.197132327163712034e+03,1.495197918215908306e+00
1.196650197304484209e+03,1.494651224147849122e+00
1.196168067445255474e+03,1.494137312351045743e+00
1.195685937586026739e+03,1.493654276741295250e+00
1.195203807726798914e+03,1.493202473873709746e+00
1.194721677867570179e+03,1.492777134823666030e+00
1.194239548008342354e+03,1.492375518573740623e+00
1.193757418149113619e+03,1.491993453429123484e+00
1.193275288289884884e+03,1.491632487433258714e+00
1.192793158430657058e+03,1.491285707873912791e+00
1.192311028571428324e+03,1.490954425091121971e+00
1.191828898712200498e+03,1.490633394753447583e+00
1.191346768852971763e+03,1.490323331456759881e+00
1.190864638993743029e+03,1.490022327631209453e+00
1.190382509134515203e+03,1.489727642259372820e+00
1.189900379275286468e+03,1.489439155003899895e+00
1.189418249416058643e+03,1.489152933359034536e+00
1.188936119556829908e+03,1.488871838679550530e+00
1.188453989697602083e+03,1.488594199613360258e+00
1.187971859838373348e+03,1.488320733727626521e+00
1.187489729979144613e+03,1.488051559874053797e+00
1.187007600119916788e+03,1.487786676566995148e+00
1.186525470260688053e+03,1.487525250358876727e+00
1.186043340401460227e+03,1.487267876993864757e+00
1.185561210542231493e+03,1.487013485320976880e+00
1.185079080683002758e+03,1.486763621898011367e+00
1.184596950823774932e+03,1.486517217059632356e+00
1.184114820964546198e+03,1.486274863578713301e+00
1.183632691105318372e+03,1.486035729493326407e+00
1.183150561246089637e+03,1.485801364332562491e+00
1.182668431386860902e+03,1.485573436477216402e+00
1.182186301527633077e+03,1.485353972348841589e+00
1.181704171668404342e+03,1.485143806880658390e+00
1.181222041809176517e+03,1.484943773520241095e+00
1.180739911949947782e+03,1.484753157671719670e+00
1.180257782090719047e+03,1.484570290954299043e+00
1.179775652231491222e+03,1.484392072824151088e+00
1.179293522372262487e+03,1.484215762263852101e+00
1.178811392513034662e+03,1.484039570555257370e+00
1.178329262653805927e+03,1.483862425061738044e+00
1.177847132794578101e+03,1.483686353690493398e+00
1.177365002935349366e+03,1.483512188403451892e+00
1.176882873076120632e+03,1.483341004808534480e+00
1.176400743216892806e+03,1.483171846149523798e+00
1.175918613357664071e+03,1.483005669182637210e+00
1.175436483498436246e+03,1.482842470936582391e+00
1.174954353639207511e+03,1.482682015193597103e+00
1.174472223779978776e+03,1.482524658508793669e+00
1.173990093920750951e+03,1.482370163178764022e+00
1.173507964061522216e+03,1.482218529203508384e+00
1.173025834202294391e+03,1.482069756583026310e+00
1.172543704343065656e+03,1.481923843831671750e+00
1.172061574483836921e+03,1.481780673583387165e+00
1.171579444624609096e+03,1.481638934012489361e+00
1.171097314765380361e+03,1.481499697755606970e+00
1.170615184906152535e+03,1.481361771838761276e+00
1.170133055046923801e+03,1.481225873829115081e+00
1.169650925187695066e+03,1.481092716836892365e+00
1.169168795328467240e+03,1.480961348562814806e+00
1.168686665469238505e+03,1.480831290628773944e+00
1.168204535610010680e+03,1.480703737494394989e+00
1.167722405750781945e+03,1.480577852740810663e+00
1.167240275891554120e+03,1.480454709004650038e+00
1.166758146032325385e+03,1.480333830879096757e+00
1.166276016173096650e+03,1.480213786201117987e+00
1.165793886313868825e+03,1.480094101049543642e+00
1.165311756454640090e+03,1.479974653601377366e+00
1.164829626595412265e+03,1.479855443856618935e+00
1.164347496736183530e+03,1.479736234111860727e+00
1.163865366876954795e+03,1.479616905515398484e+00
1.163383237017726969e+03,1.479497100026473833e+00
1.162901107158498235e+03,1.479376221900920552e+00
1.162418977299270409e+03,1.479255343775367493e+00
1.161936847440041674e+03,1.479134465649814212e+00
1.161454717580812940e+03,1.479013587524260931e+00
1.160972587721585114e+03,1.478891755613783277e+00
1.160490457862356379e+03,1.478769565662547025e+00
1.160008328003128554e+03,1.478647019156198894e+00
1.159526198143899819e+03,1.478524114609092610e+00
1.159044068284671084e+03,1.478401089724635797e+00
1.158561938425443259e+03,1.478278066325825479e+00
1.158079808566214524e+03,1.478154922589664855e+00
1.157597678706986699e+03,1.478031064257633753e+00
1.157115548847757964e+03,1.477906729033140465e+00
1.156633418988530138e+03,1.477782156105239109e+00
1.156151289129301404e+03,1.477657104799229293e+00
1.155669159270072669e+03,1.477531338897349000e+00
1.155187029410844843e+03,1.477404858399598675e+00
1.154704899551616109e+03,1.477277661820331600e+00
1.154222769692388283e+03,1.477149034563677521e+00
1.153740639833159548e+03,1.477020050751911562e+00
1.153258509973930813e+03,1.476890469710332887e+00
1.152776380114702988e+03,1.476759697180421771e+00
1.152294250255474253e+03,1.476628447758048246e+00
1.151812120396246428e+03,1.476495887995638023e+00
1.151329990537017693e+03,1.476362014921898780e+00
1.150847860677788958e+03,1.476228262185509843e+00
1.150365730818561133e+03,1.476092841068325834e+00
1.149883600959332398e+03,1.475957299613791740e+00
1.149401471100104573e+03,1.475821282752441510e+00
1.148919341240875838e+03,1.475686695082831790e+00
1.148437211381647103e+03,1.475555087619700112e+00
1.147955081522419277e+03,1.475428844825357633e+00
1.147472951663190543e+03,1.475310470013819986e+00
1.146990821803962717e+03,1.475202108458344208e+00
1.146508691944733982e+03,1.475107576784275176e+00
1.146026562085506157e+03,1.475028778104523264e+00
1.145544432226277422e+03,1.474969769719133517e+00
1.145062302367048687e+03,1.474930550142459884e+00
1.144580172507820862e+03,1.474909569845411106e+00
1.144098042648592127e+03,1.474905158961546503e+00
1.143615912789364302e+03,1.474909449508060799e+00
1.143133782930135567e+03,1.474917437828215938e+00
1.142651653070906832e+03,1.474921132630564014e+00
1.142169523211679007e+03,1.474912310862834586e+00
1.141687393352450272e+03,1.474884774408664168e+00
1.141205263493222446e+03,1.474834825494411916e+00
1.140723133633993712e+03,1.474760558035874913e+00
1.140241003774764977e+03,1.474665785687105268e+00
1.139758873915537151e+03,1.474550867974507629e+00
1.139276744056308416e+03,1.474417712467931185e+00
1.138794614197080591e+03,1.474269057213507095e+00
1.138312484337851856e+03,1.474104071734953170e+00
1.137830354478623121e+03,1.473925257860638771e+00
1.137348224619395296e+03,1.473733212820376615e+00
1.136866094760166561e+03,1.473530436956889789e+00
1.136383964900938736e+03,1.473319555407189840e+00
1.135901835041710001e+03,1.473102594592830439e+00
1.135419705182482176e+03,1.472882534720289183e+00
1.134937575323253441e+03,1.472660209237140583e+00
1.134455445464024706e+03,1.472440268216303361e+00
1.133973315604796881e+03,1.472225571526905252e+00
1.133491185745568146e+03,1.472023036338118818e+00
1.133009055886340320e+03,1.471838976646719255e+00
1.132526926027111585e+03,1.471682812935894757e+00
1.132044796167882851e+03,1.471565629612689552e+00
1.131562666308655025e+03,1.471499825881123602e+00
1.131080536449426290e+03,1.471503282980063831e+00
1.130598406590198465e+03,1.471589829305270269e+00
1.130116276730969730e+03,1.471780324816441388e+00
1.129634146871740995e+03,1.472084427700173670e+00
1.129152017012513170e+03,1.472510362494383607e+00
1.128669887153284435e+03,1.473064091097673334e+00
1.128187757294056610e+03,1.473730589169010896e+00
1.127705627434827875e+03,1.474494244051429481e+00
1.127223497575599140e+03,1.475326205979429428e+00
1.126741367716371315e+03,1.476187969972207581e+00
1.126259237857142580e+03,1.477041628278772611e+00
1.125777107997914754e+03,1.477846766862826122e+00
1.125294978138686020e+03,1.478569413450425918e+00
1.124812848279458194e+03,1.479181196654180797e+00
1.124330718420229459e+03,1.479671742205977747e+00
1.123848588561000724e+03,1.480034853475099554e+00
1.123366458701772899e+03,1.480283523924086131e+00
1.122884328842544164e+03,1.480427171064833125e+00
1.122402198983316339e+03,1.480487014383443434e+00
1.121920069124087604e+03,1.480477238830789410e+00
1.121437939264858869e+03,1.480416920105363188e+00
1.120955809405631044e+03,1.480315591599471681e+00
1.120473679546402309e+03,1.480185177110318717e+00
1.119991549687174484e+03,1.480038310574039784e+00
1.119509419827945749e+03,1.479879047805033432e+00
1.119027289968717014e+03,1.479715134963108136e+00
1.118545160109489188e+03,1.479547644684892305e+00
1.118063030250260454e+03,1.479382182313876193e+00
1.117580900391032628e+03,1.479216838794563893e+00
1.117098770531803893e+03,1.479054476967375908e+00
1.116616640672575159e+03,1.478893782035336502e+00
1.116134510813347333e+03,1.478736545687883375e+00
1.115652380954118598e+03,1.478583004142778323e+00
1.115170251094890773e+03,1.478434111184945943e+00
1.114688121235662038e+03,1.478288675326053792e+00
1.114205991376434213e+03,1.478147770688376550e+00
1.113723861517205478e+03,1.478010202812289231e+00
1.113241731657976743e+03,1.477876450075900294e+00
1.112759601798748918e+03,1.477744842612768394e+00
1.112277471939520183e+03,1.477616454545168656e+00
1.111795342080292357e+03,1.477489616006659956e+00
1.111313212221063623e+03,1.477366115715387229e+00
1.110831082361834888e+03,1.477243688060743132e+00
1.110348952502607062e+03,1.477123643382764140e+00
1.109866822643378327e+03,1.477004672827060272e+00
1.109384692784150502e+03,1.476887370652151033e+00
1.108902562924921767e+03,1.476770784558758542e+00
1.108420433065693032e+03,1.476654913061236307e+00
1.107938303206465207e+03,1.476539398118826174e+00
1.107456173347236472e+03,1.476424600743578841e+00
1.106974043488008647e+03,1.476311590600830392e+00
1.106491913628779912e+03,1.476200128501526709e+00
1.106009783769551177e+03,1.476089742010144201e+00
1.105527653910323352e+03,1.475980307818039794e+00
1.105045524051094617e+03,1.475871588221805863e+00
1.104563394191866792e+03,1.475764419640309022e+00
1.104081264332638057e+03,1.475658323695440810e+00
1.103599134473410231e+03,1.475554133834775516e+00
1.103117004614181496e+03,1.475450541203922716e+00
1.102634874754952762e+03,1.475348856142919329e+00
1.102152744895724936e+03,1.475247646488731856e+00
1.101670615036496201e+03,1.475146438320190656e+00
1.101188485177268376e+03,1.475045349003353490e+00
1.100706355318039641e+03,1.474943424753295540e+00
1.100224225458810906e+03,1.474841858543996187e+00
1.099742095599583081e+03,1.474741604160379582e+00
1.099259965740354346e+03,1.474642064372633232e+00
1.098777835881126521e+03,1.474543953776627392e+00
1.098295706021897786e+03,1.474447156491951016e+00
1.097813576162669051e+03,1.474351908736365457e+00
1.097331446303441226e+03,1.474259162809149037e+00
1.096849316444212491e+03,1.474167491004207520e+00
1.096367186584984665e+03,1.474075462644153900e+00
1.095885056725755931e+03,1.473983909690916416e+00
1.095402926866527196e+03,1.473891640656162405e+00
1.094920797007299370e+03,1.473800089188571194e+00
1.094438667148070635e+03,1.473708297046279370e+00
1.093956537288842810e+03,1.473617697877966481e+00
1.093474407429614075e+03,1.473526861006245525e+00
1.092992277570386250e+03,1.473436499541340705e+00
1.092510147711157515e+03,1.473347212198710787e+00
1.092028017851928780e+03,1.473257329111914427e+00
1.091545887992700955e+03,1.473166371902843164e+00
1.091063758133472220e+03,1.473073269420514864e+00
1.090581628274244395e+03,1.472978736260799559e+00
1.090099498415015660e+03,1.472882295531235064e+00
1.089617368555786925e+03,1.472784186420875496e+00
1.089135238696559099e+03,1.472685720755404271e+00
1.088653108837330365e+03,1.472586060630307614e+00
1.088170978978102539e+03,1.472486520842561264e+00
1.087688849118873804e+03,1.472387101392165221e+00
1.087206719259645070e+03,1.472287084711956684e+00
1.086724589400417244e+03,1.472185995395119518e+00
1.086242459541188509e+03,1.472083713104303415e+00
1.085760329681960684e+03,1.471979881284396496e+00
1.085278199822731949e+03,1.471876169801839662e+00
1.084796069963503214e+03,1.471772814874394930e+00
1.084313940104275389e+03,1.471670415217521288e+00
1.083831810245046654e+03,1.471567418330834709e+00
1.083349680385818829e+03,1.471465375229072947e+00
1.082867550526590094e+03,1.471361901449924403e+00
1.082385420667362268e+03,1.471259381455700233e+00
1.081903290808133534e+03,1.471156264231663569e+00
1.081421160948904799e+03,1.471053267344976989e+00
1.080939031089676973e+03,1.470950271943936905e+00
1.080456901230448238e+03,1.470846558975734020e+00
1.079974771371220413e+03,1.470741893708252590e+00
1.079492641511991678e+03,1.470635677426034293e+00
1.079010511652762943e+03,1.470527555059612856e+00
1.078528381793535118e+03,1.470416929379175786e+00
1.078046251934306383e+03,1.470303917750781286e+00
1.077564122075078558e+03,1.470188523145721238e+00
1.077081992215849823e+03,1.470069791779071489e+00
1.076599862356621088e+03,1.469949628249388685e+00
1.076117732497393263e+03,1.469828750123835404e+00
1.075635602638164528e+03,1.469708706931502906e+00
1.075153472778936703e+03,1.469588066509357693e+00
1.074671342919707968e+03,1.469467069532100600e+00
1.074189213060479233e+03,1.469345356473326758e+00
1.073707083201251407e+03,1.469222809966978627e+00
1.073224953342022673e+03,1.469102407248241482e+00
1.072742823482794847e+03,1.468982722096667137e+00
1.072260693623566112e+03,1.468863035459446520e+00
1.071778563764338287e+03,1.468745018688667026e+00
1.071296433905109552e+03,1.468627597662053974e+00
1.070814304045880817e+03,1.468512084205290114e+00
1.070332174186652992e+03,1.468401219335798924e+00
1.069850044327424257e+03,1.468293095483731214e+00
1.069367914468196432e+03,1.468188549067953819e+00
1.068885784608967697e+03,1.468087936643579061e+00
1.068403654749738962e+03,1.467989589829811647e+00
1.067921524890511137e+03,1.467893984033467714e+00
1.067439395031282402e+03,1.467799450873752409e+00
1.066957265172054576e+03,1.467705632309907360e+00
1.066475135312825842e+03,1.467610145365267460e+00
1.065993005453597107e+03,1.467513587269645203e+00
1.065510875594369281e+03,1.467414762077769330e+00
1.065028745735140546e+03,1.467310930257862189e+00
1.064546615875912721e+03,1.467202449850682600e+00
1.064064486016683986e+03,1.467089320856230117e+00
1.063582356157455251e+03,1.466973330507004070e+00
1.063100226298227426e+03,1.466856505224557239e+00
1.062618096438998691e+03,1.466744567718437420e+00
1.062135966579770866e+03,1.466643834956712134e+00
1.061653836720542131e+03,1.466560389175333823e+00
1.061171706861314306e+03,1.466507699243658092e+00
1.060689577002085571e+03,1.466498161394411914e+00
1.060207447142856836e+03,1.466545248953890601e+00
1.059725317283629010e+03,1.466654683145994786e+00
1.059243187424400276e+03,1.466831947491218147e+00
1.058761057565172450e+03,1.467073347187212606e+00
1.058278927705943715e+03,1.467372799998025723e+00
1.057796797846714981e+03,1.467716242795781945e+00
1.057314667987487155e+03,1.468095804626383893e+00
1.056832538128258420e+03,1.468497539728013113e+00
1.056350408269030595e+03,1.468924786347906020e+00
1.055868278409801860e+03,1.469372059479922887e+00
1.055386148550573125e+03,1.469847466295922889e+00
1.054904018691345300e+03,1.470345879830524671e+00
1.054421888832116565e+03,1.470862652982101837e+00
1.053939758972888740e+03,1.471380378432957325e+00
1.053457629113660005e+03,1.471877481627522632e+00
1.052975499254431270e+03,1.472329642535866512e+00
1.052493369395203445e+03,1.472712661465408468e+00
1.052011239535974710e+03,1.473009850151260292e+00
1.051529109676746884e+03,1.473220015619443490e+00
1.051046979817518150e+03,1.473338510768331666e+00
1.050564849958289415e+03,1.473375941626860142e+00
1.050082720099061589e+03,1.473341728678217333e+00
1.049600590239832854e+03,1.473244334163728242e+00
1.049118460380605029e+03,1.473100210130519061e+00
1.048636330521376294e+03,1.472916747668931992e+00
1.048154200662148469e+03,1.472705151523361788e+00
1.047672070802919734e+03,1.472475792990628918e+00
1.047189940943690999e+03,1.472235465931263088e+00
1.046707811084463174e+03,1.471990968662733268e+00
1.046225681225234439e+03,1.471748377478406367e+00
1.045743551366006614e+03,1.471510911773814323e+00
1.045261421506777879e+03,1.471285726421537987e+00
1.044779291647549144e+03,1.471074607168430193e+00
1.044297161788321318e+03,1.470887448418848997e+00
1.043815031929092584e+03,1.470724369024497991e+00
1.043332902069864758e+03,1.470591332369625581e+00
1.042850772210636023e+03,1.470485951020627624e+00
1.042368642351407289e+03,1.470408465652204733e+00
1.041886512492179463e+03,1.470355297342420320e+00
1.041404382632950728e+03,1.470324064600255554e+00
1.040922252773722903e+03,1.470310952286011608e+00
1.040440122914494168e+03,1.470320011757149103e+00
1.039957993055265433e+03,1.470356728019807324e+00
1.039475863196037608e+03,1.470431472370806514e+00
1.038993733336808873e+03,1.470552589685414135e+00
1.038511603477581048e+03,1.470732595048060976e+00
1.038029473618352313e+03,1.470978762183032140e+00
1.037547343759124487e+03,1.471290256157106846e+00
1.037065213899895753e+03,1.471665883996306157e+00
1.036583084040667018e+03,1.472093726360365284e+00
1.036100954181439192e+03,1.472557093498750191e+00
1.035618824322210457e+03,1.473030592744901002e+00
1.035136694462982632e+03,1.473493720694231568e+00
1.034654564603753897e+03,1.473924780968176584e+00
1.034172434744525162e+03,1.474304344284424584e+00
1.033690304885297337e+03,1.474623943944712190e+00
1.033208175026068602e+03,1.474877144129267403e+00
1.032726045166840777e+03,1.475063467945628259e+00
1.032243915307612042e+03,1.475184227219477284e+00
1.031761785448383307e+03,1.475248719125360486e+00
1.031279655589155482e+03,1.475265050835136371e+00
1.030797525729926747e+03,1.475242997901459185e+00
1.030315395870698921e+03,1.475187446615009446e+00
1.029833266011470187e+03,1.475107337595220836e+00
1.029351136152241452e+03,1.475003863816072291e+00
1.028869006293013626e+03,1.474885847045292797e+00
1.028386876433784892e+03,1.474752332012311706e+00
1.027904746574557066e+03,1.474609638656489308e+00
1.027422616715328331e+03,1.474457527788771261e+00
1.026940486856100506e+03,1.474299814548855947e+00
1.026458356996871771e+03,1.474136855491855247e+00
1.025976227137643036e+03,1.473971035080080760e+00
1.025494097278415211e+03,1.473801995272774112e+00
1.025011967419186476e+03,1.473635699454183490e+00
1.024529837559958651e+03,1.473467136539339251e+00
1.024047707700729916e+03,1.473302867142302075e+00
1.023565577841501181e+03,1.473139668896247034e+00
1.023083447982273356e+03,1.472982193359739567e+00
1.022601318123044621e+03,1.472833062698499340e+00
1.022119188263816795e+03,1.472694064145025017e+00
1.021637058404588061e+03,1.472567702498978504e+00
1.021154928545359326e+03,1.472457672562707875e+00
1.020672798686131500e+03,1.472367431435153362e+00
1.020190668826902765e+03,1.472302104596049599e+00
1.019708538967674940e+03,1.472263480763542187e+00
1.019226409108446205e+03,1.472251320748576786e+00
1.018744279249217470e+03,1.472266102929261855e+00
1.018262149389989645e+03,1.472305203654231454e+00
1.017780019530760910e+03,1.472368862112540144e+00
1.017297889671533085e+03,1.472454692356230055e+00
1.016815759812304350e+03,1.472556377417233664e+00
1.016333629953076525e+03,1.472670222493202674e+00
1.015851500093847790e+03,1.472790146833831137e+00
1.015369370234619055e+03,1.472910191511810130e+00
1.014887240375391229e+03,1.473025467265165922e+00
1.014405110516162495e+03,1.473132040102496543e+00
1.013922980656934669e+03,1.473227287858082102e+00
1.013440850797705934e+03,1.473306680796354184e+00
1.012958720938477200e+03,1.473373319461140696e+00
1.012476591079249374e+03,1.473424101822967236e+00
1.011994461220020639e+03,1.473462845992824954e+00
1.011512331360792814e+03,1.473490859339457781e+00
1.011030201501564079e+03,1.473508979767378824e+00
1.010548071642335344e+03,1.473516131668666906e+00
1.010065941783107519e+03,1.473511243892339895e+00
1.009583811923878784e+03,1.473490859339457781e+00
1.009101682064650959e+03,1.473454978010020122e+00
1.008619552205422224e+03,1.473401690848531675e+00
1.008137422346193489e+03,1.473331357381397089e+00
1.007655292486965664e+03,1.473242188890470983e+00
1.007173162627736929e+03,1.473134662268215989e+00
1.006691032768509103e+03,1.473011280828647296e+00
1.006208902909280368e+03,1.472874905926538691e+00
1.005726773050052543e+03,1.472728993175184353e+00
1.005244643190823808e+03,1.472574497845154706e+00
1.004762513331595073e+03,1.472412969465540789e+00
1.004280383472367248e+03,1.472245122632213299e+00
1.003798253613138513e+03,1.472073341807483171e+00
1.003316123753910688e+03,1.471898938817033597e+00
1.002833993894681953e+03,1.471722389067680492e+00
1.002351864035453218e+03,1.471544768167345030e+00
1.001869734176225393e+03,1.471364523615643849e+00
1.001387604316996658e+03,1.471182848386555664e+00
1.000905474457768833e+03,1.470998669843452067e+00
1.000423344598540098e+03,1.470813537515423874e+00
9.999412147393113628e+02,1.470627094847358984e+00
9.994590848800835374e+02,1.470439817246073755e+00
9.989769550208548026e+02,1.470252419307437997e+00
9.984948251616269772e+02,1.470063950217819881e+00
9.980126953023982423e+02,1.469874525857631120e+00
9.975305654431695075e+02,1.469683195413239218e+00
9.970484355839416821e+02,1.469489957398998348e+00
9.965663057247129473e+02,1.469294216070741843e+00
9.960841758654851219e+02,1.469096686024340181e+00
9.956020460062563870e+02,1.468897010704681261e+00
9.951199161470285617e+02,1.468694832071006706e+00
9.946377862877998268e+02,1.468490268975020996e+00
9.941556564285710920e+02,1.468281294995170239e+00
9.936735265693432666e+02,1.468068624727325355e+00
9.931913967101145317e+02,1.467851187020503545e+00
9.927092668508867064e+02,1.467630650255500102e+00
9.922271369916579715e+02,1.467406298350798277e+00
9.917450071324292367e+02,1.467178250158101882e+00
9.912628772732014113e+02,1.466947223244574161e+00
9.907807474139726764e+02,1.466712500043051870e+00
9.902986175547448511e+02,1.466475392379218201e+00
9.898164876955161162e+02,1.466234589913036457e+00
9.893343578362873814e+02,1.465991044943784738e+00
9.888522279770595560e+02,1.465744044361239284e+00
9.883700981178308211e+02,1.465496326211531031e+00
9.878879682586029958e+02,1.465249206777281765e+00
9.874058383993742609e+02,1.465004945726513519e+00
9.869237085401455261e+02,1.464767719210975816e+00
9.864415786809177007e+02,1.464540626288850289e+00
9.859594488216889658e+02,1.464331533457295720e+00
9.854773189624611405e+02,1.464145328492638898e+00
9.849951891032324056e+02,1.463990117081092723e+00
9.845130592440045803e+02,1.463870669632926447e+00
9.840309293847758454e+02,1.463797355959314039e+00
9.835487995255471105e+02,1.463775303025636854e+00
9.830666696663192852e+02,1.463818456593712902e+00
9.825845398070905503e+02,1.463928009637521344e+00
9.821024099478627249e+02,1.464103962157061734e+00
9.816202800886339901e+02,1.464341188672599436e+00
9.811381502294052552e+02,1.464627410317464795e+00
9.806560203701774299e+02,1.464948202951731338e+00
9.801738905109486950e+02,1.465289140949825653e+00
9.796917606517208696e+02,1.465633894087618572e+00
9.792096307924921348e+02,1.465965772614575391e+00
9.787275009332633999e+02,1.466272976042135801e+00
9.782453710740355746e+02,1.466552163151770616e+00
9.777632412148068397e+02,1.466800356708295006e+00
9.772811113555790143e+02,1.467026139290383835e+00
9.767989814963502795e+02,1.467237974625008157e+00
9.763168516371215446e+02,1.467450047663040547e+00
9.758347217778937193e+02,1.467679883088235826e+00
9.753525919186649844e+02,1.467941071592946178e+00
9.748704620594371590e+02,1.468251968337208391e+00
9.743883322002084242e+02,1.468629384894552858e+00
9.739062023409805988e+02,1.469082380736117299e+00
9.734240724817518640e+02,1.469627881830197769e+00
9.729419426225231291e+02,1.470272924197670639e+00
9.724598127632953037e+02,1.471017862908001739e+00
9.719776829040665689e+02,1.471857215926344331e+00
9.714955530448387435e+02,1.472779298644548485e+00
9.710134231856100087e+02,1.473763729481025075e+00
9.705312933263812738e+02,1.474776294001484578e+00
9.700491634671534484e+02,1.475795413193419670e+00
9.695670336079247136e+02,1.476777936460046847e+00
9.690849037486968882e+02,1.477698352283102423e+00
9.686027738894681534e+02,1.478527929748790992e+00
9.681206440302394185e+02,1.479245807411767588e+00
9.676385141710115931e+02,1.479842806949191125e+00
9.671563843117828583e+02,1.480321433160723288e+00
9.666742544525550329e+02,1.480684305240790977e+00
9.661921245933262981e+02,1.480943109283189729e+00
9.657099947340975632e+02,1.481105472596024208e+00
9.652278648748697378e+02,1.481186654252441448e+00
9.647457350156410030e+02,1.481198812781760576e+00
9.642636051564131776e+02,1.481157329080125651e+00
9.637814752971844428e+02,1.481076266275412445e+00
9.632993454379566174e+02,1.480965997150087698e+00
9.628172155787278825e+02,1.480831648669532319e+00
9.623350857194991477e+02,1.480685856255528066e+00
9.618529558602713223e+02,1.480529572207353262e+00
9.613708260010425874e+02,1.480371619778383607e+00
9.608886961418147621e+02,1.480215814108317485e+00
9.604065662825860272e+02,1.480064178647415352e+00
9.599244364233572924e+02,1.479919100829281353e+00
9.594423065641294670e+02,1.479781653290544341e+00
9.589601767049007321e+02,1.479650761908929191e+00
9.584780468456729068e+02,1.479521299719054550e+00
9.579959169864441719e+02,1.479393507395621032e+00
9.575137871272154371e+02,1.479265119328021294e+00
9.570316572679876117e+02,1.479134584501518246e+00
9.565495274087588768e+02,1.479001785550053683e+00
9.560673975495310515e+02,1.478863861118854484e+00
9.555852676903023166e+02,1.478718902152424519e+00
9.551031378310735818e+02,1.478567626217927033e+00
9.546210079718457564e+02,1.478409196896494970e+00
9.541388781126170215e+02,1.478245642095328050e+00
9.536567482533891962e+02,1.478075768840447113e+00
9.531746183941604613e+02,1.477899337942798041e+00
9.526924885349326360e+02,1.477716829266135568e+00
9.522103586757039011e+02,1.477530028557312525e+00
9.517282288164751662e+02,1.477340723048827575e+00
9.512460989572473409e+02,1.477151060985230746e+00
9.507639690980186060e+02,1.476962233854854478e+00
9.502818392387907807e+02,1.476773048683719836e+00
9.497997093795620458e+02,1.476582553172548495e+00
9.493175795203333109e+02,1.476392414216489479e+00
9.488354496611054856e+02,1.476201559178913492e+00
9.483533198018767507e+02,1.476013327792703667e+00
9.478711899426489254e+02,1.475827599720509031e+00
9.473890600834201905e+02,1.475646401383883255e+00
9.469069302241914556e+02,1.475469495079418270e+00
9.464248003649636303e+02,1.475298668039612737e+00
9.459426705057348954e+02,1.475133324520300437e+00
9.454605406465070701e+02,1.474974180602998119e+00
9.449784107872783352e+02,1.474820757909597102e+00
9.444962809280496003e+02,1.474673415966502033e+00
9.440141510688217750e+02,1.474533225924695268e+00
9.435320212095930401e+02,1.474399710891714177e+00
9.430498913503652147e+02,1.474273349245667664e+00
9.425677614911364799e+02,1.474153424905039200e+00
9.420856316319086545e+02,1.474040295910586718e+00
9.416035017726799197e+02,1.473933125843443603e+00
9.411213719134511848e+02,1.473832394567364590e+00
9.406392420542233594e+02,1.473736549581966537e+00
9.401571121949946246e+02,1.473644640073616952e+00
9.396749823357667992e+02,1.473556425367615663e+00
9.391928524765380644e+02,1.473469402149946816e+00
9.387107226173093295e+02,1.473383809609664974e+00
9.382285927580815041e+02,1.473298217069382909e+00
9.377464628988527693e+02,1.473214055206488071e+00
9.372643330396249439e+02,1.473131086317571947e+00
9.367822031803962091e+02,1.473049308916988487e+00
9.363000733211674742e+02,1.472969557937958029e+00
9.358179434619396488e+02,1.472892071083889087e+00
9.353358136027109140e+02,1.472818996599330799e+00
9.348536837434830886e+02,1.472751166446211846e+00
9.343715538842543538e+02,1.472690369342676941e+00
9.338894240250256189e+02,1.472636963329484461e+00
9.334072941657977935e+02,1.472592379084021408e+00
9.329251643065690587e+02,1.472559477961061791e+00
9.324430344473412333e+02,1.472539808004049711e+00
9.319609045881124985e+02,1.472533608402039729e+00
9.314787747288846731e+02,1.472540761788974306e+00
9.309966448696559382e+02,1.472562695870947458e+00
9.305145150104272034e+02,1.472599770174364053e+00
9.300323851511993780e+02,1.472652580443390091e+00
9.295502552919706432e+02,1.472721364381433862e+00
9.290681254327428178e+02,1.472804452122053798e+00
9.285859955735140829e+02,1.472898985281769102e+00
9.281038657142853481e+02,1.473002340209213834e+00
9.276217358550575227e+02,1.473112847037946871e+00
9.271396059958287879e+02,1.473226573262211847e+00
9.266574761366009625e+02,1.473342205570679742e+00
9.261753462773722276e+02,1.473456646390814972e+00
9.256932164181434928e+02,1.473569776870913728e+00
9.252110865589156674e+02,1.473678853022259760e+00
9.247289566996869326e+02,1.473782683356520407e+00
9.242468268404591072e+02,1.473880435911767872e+00
9.237646969812303723e+02,1.473969604402693756e+00
9.232825671220016375e+02,1.474049474233428025e+00
9.228004372627738121e+02,1.474117304386547200e+00
9.223183074035450772e+02,1.474172974524700752e+00
9.218361775443172519e+02,1.474215413496906546e+00
9.213540476850885170e+02,1.474244142925055900e+00
9.208719178258606917e+02,1.474259520849907190e+00
9.203897879666319568e+02,1.474259760038961531e+00
9.199076581074032219e+02,1.474245096709980496e+00
9.194255282481753966e+02,1.474214459711981950e+00
9.189433983889466617e+02,1.474169875466518898e+00
9.184612685297188364e+02,1.474112058569461814e+00
9.179791386704901015e+02,1.474043990712934793e+00
9.174970088112613666e+02,1.473966624196215935e+00
9.170148789520335413e+02,1.473880196722713531e+00
9.165327490928048064e+02,1.473785425859590159e+00
9.160506192335769811e+02,1.473682787013662177e+00
9.155684893743482462e+02,1.473575140054056654e+00
9.150863595151195113e+02,1.473464156332861430e+00
9.146042296558916860e+02,1.473351265041817015e+00
9.141220997966629511e+02,1.473235513881645087e+00
9.136399699374351258e+02,1.473116899881053099e+00
9.131578400782063909e+02,1.472996021755500040e+00
9.126757102189776560e+02,1.472874189845022164e+00
9.121935803597498307e+02,1.472752476786248321e+00
9.117114505005210958e+02,1.472630167983308258e+00
9.112293206412932705e+02,1.472507502625256093e+00
9.107471907820645356e+02,1.472384835781557877e+00
9.102650609228367102e+02,1.472262885019375966e+00
9.097829310636079754e+02,1.472142006893822685e+00
9.093008012043792405e+02,1.472021128768269627e+00
9.088186713451514152e+02,1.471899057668737409e+00
9.083365414859226803e+02,1.471776511162389500e+00
9.078544116266948549e+02,1.471654440062857283e+00
9.073722817674661201e+02,1.471532489300675595e+00
9.068901519082373852e+02,1.471410180497735309e+00
9.064080220490095599e+02,1.471286680206462583e+00
9.059258921897808250e+02,1.471162224644618988e+00
9.054437623305529996e+02,1.471037770568421887e+00
9.049616324713242648e+02,1.470914866021315381e+00
9.044795026120955299e+02,1.470793748706707982e+00
9.039973727528677045e+02,1.470676566869149049e+00
9.035152428936389697e+02,1.470562126049013818e+00
9.030331130344111443e+02,1.470450426246302067e+00
9.025509831751824095e+02,1.470338727929236589e+00
9.020688533159536746e+02,1.470226790423116769e+00
9.015867234567258492e+02,1.470114494876238576e+00
9.011045935974971144e+02,1.470000412096861497e+00
9.006224637382692890e+02,1.469883705666118701e+00
9.001403338790405542e+02,1.469762231796399199e+00
8.996582040198127288e+02,1.469636823935277503e+00
8.991760741605839939e+02,1.469509388166956088e+00
8.986939443013552591e+02,1.469382907669205540e+00
8.982118144421274337e+02,1.469255829941642499e+00
8.977296845828986989e+02,1.469127441874042761e+00
8.972475547236708735e+02,1.468997383940001900e+00
8.967654248644421386e+02,1.468868518979939752e+00
8.962832950052134038e+02,1.468741680441431052e+00
8.958011651459855784e+02,1.468614604199514284e+00
8.953190352867568436e+02,1.468483950521306980e+00
8.948369054275290182e+02,1.468348527918476698e+00
8.943547755683002833e+02,1.468210603487277499e+00
8.938726457090715485e+02,1.468074108247818588e+00
8.933905158498437231e+02,1.467938329089876426e+00
8.929083859906149883e+02,1.467801477295305634e+00
8.924262561313871629e+02,1.467660333468574052e+00
8.919441262721584280e+02,1.467515374502144088e+00
8.914619964129296932e+02,1.467369224047381682e+00
8.909798665537018678e+02,1.467222477848452833e+00
8.904977366944731330e+02,1.467073347187212606e+00
8.900156068352453076e+02,1.466920520237977810e+00
8.895334769760165727e+02,1.466764237675449500e+00
8.890513471167887474e+02,1.466606285246479624e+00
8.885692172575600125e+02,1.466449405454138599e+00
8.880870873983312777e+02,1.466292406810093540e+00
8.876049575391034523e+02,1.466134215192069545e+00
8.871228276798747174e+02,1.465971614175826998e+00
8.866406978206468921e+02,1.465804244234961695e+00
8.861585679614181572e+02,1.465632344558527533e+00
8.856764381021894224e+02,1.465456273187283109e+00
8.851943082429615970e+02,1.465277220123914592e+00
8.847121783837328621e+02,1.465095663746530441e+00
8.842300485245050368e+02,1.464910651755852555e+00
8.837479186652763019e+02,1.464721704288125981e+00
8.832657888060475670e+02,1.464528228570476820e+00
8.827836589468197417e+02,1.464330817375779192e+00
8.823015290875910068e+02,1.464130307122899710e+00
8.818193992283631815e+02,1.463929440314908126e+00
8.813372693691344466e+02,1.463729048913732678e+00
8.808551395099057117e+02,1.463528658998203502e+00
8.803730096506778864e+02,1.463327432663807492e+00
8.798908797914491515e+02,1.463122513012709458e+00
8.794087499322213262e+02,1.462915326265357807e+00
8.789266200729925913e+02,1.462708617896114616e+00
8.784444902137647659e+02,1.462507749602476981e+00
8.779623603545360311e+02,1.462316061117326704e+00
8.774802304953072962e+02,1.462135220821459303e+00
8.769981006360794709e+02,1.461964156078245702e+00
8.765159707768507360e+02,1.461809779599920089e+00
8.760338409176229106e+02,1.461674238145385996e+00
8.755517110583941758e+02,1.461564685101577776e+00
8.750695811991654409e+02,1.461482788849290282e+00
8.745874513399376156e+02,1.461429024795339426e+00
8.741053214807088807e+02,1.461404348210296522e+00
8.736231916214810553e+02,1.461411978489693286e+00
8.731410617622523205e+02,1.461453820232086587e+00
8.726589319030235856e+02,1.461526777350586892e+00
8.721768020437957603e+02,1.461632038362234542e+00
8.716946721845670254e+02,1.461760426429834281e+00
8.712125423253392000e+02,1.461906934925355062e+00
8.707304124661104652e+02,1.462062742081067457e+00
8.702482826068817303e+02,1.462219024643595988e+00
8.697661527476539050e+02,1.462369825171277560e+00
8.692840228884251701e+02,1.462510610957250767e+00
8.688018930291973447e+02,1.462633038611894865e+00
8.683197631699686099e+02,1.462730670829791801e+00
8.678376333107407845e+02,1.462796355709653717e+00
8.673555034515120497e+02,1.462831045550758713e+00
8.668733735922833148e+02,1.462837364004472729e+00
8.663912437330554894e+02,1.462819959658068214e+00
8.659091138738267546e+02,1.462783599950522095e+00
8.654269840145989292e+02,1.462730670829791801e+00
8.649448541553701943e+02,1.462661291147581810e+00
8.644627242961414595e+02,1.462587500581507216e+00
8.639805944369136341e+02,1.462513710015432400e+00
8.634984645776848993e+02,1.462455297374209096e+00
8.630163347184570739e+02,1.462423708076932227e+00
8.625342048592283390e+02,1.462427284027576269e+00
8.620520749999996042e+02,1.462473059761371985e+00
8.615699451407717788e+02,1.462568784409419731e+00
8.610878152815430440e+02,1.462720061829563489e+00
8.606056854223152186e+02,1.462938453321309895e+00
8.601235555630864837e+02,1.463229323553447925e+00
8.596414257038577489e+02,1.463596964558138591e+00
8.591592958446299235e+02,1.464034463623147708e+00
8.586771659854011887e+02,1.464532639454341645e+00
8.581950361261733633e+02,1.465084577853839720e+00
8.577129062669446284e+02,1.465681816580317598e+00
8.572307764077168031e+02,1.466307188990778387e+00
8.567486465484880682e+02,1.466954137442454398e+00
8.562665166892593334e+02,1.467597509943485923e+00
8.557843868300315080e+02,1.468229199322014455e+00
8.553022569708027731e+02,1.468840028740844739e+00
8.548201271115749478e+02,1.469422485286637547e+00
8.543379972523462129e+02,1.469972397264582398e+00
8.538558673931174781e+02,1.470488454334643036e+00
8.533737375338896527e+02,1.470966960208824892e+00
8.528916076746609178e+02,1.471412802663454977e+00
8.524094778154330925e+02,1.471826220887587411e+00
8.519273479562043576e+02,1.472211505427736711e+00
8.514452180969756228e+02,1.472564961481555024e+00
8.509630882377477974e+02,1.472889448918169419e+00
8.504809583785190625e+02,1.473182226720156862e+00
8.499988285192912372e+02,1.473454382265853901e+00
8.495166986600625023e+02,1.473703767310710733e+00
8.490345688008337675e+02,1.473927404619542303e+00
8.485524389416059421e+02,1.474120523782079362e+00
8.480703090823772072e+02,1.474273588434722004e+00
8.475881792231493819e+02,1.474385049048379415e+00
8.471060493639206470e+02,1.474457408937067227e+00
8.466239195046928216e+02,1.474494125199725447e+00
8.461417896454640868e+02,1.474494125199725447e+00
8.456596597862353519e+02,1.474457646640475295e+00
8.451775299270075266e+02,1.474385049048379415e+00
8.446954000677787917e+02,1.474278237021994675e+00
8.442132702085509663e+02,1.474140192253444948e+00
8.437311403493222315e+02,1.473980452591976409e+00
8.432490104900934966e+02,1.473799491958758701e+00
8.427668806308656713e+02,1.473605062456184944e+00
8.422847507716369364e+02,1.473395372394817882e+00
8.418026209124091110e+02,1.473172451167502839e+00
8.413204910531803762e+02,1.472935224651965136e+00
8.408383611939516413e+02,1.472691323127601537e+00
8.403562313347238160e+02,1.472445274844334406e+00
8.398741014754950811e+02,1.472203399741524033e+00
8.393919716162672557e+02,1.471962834978750134e+00
8.389098417570385209e+02,1.471721197579347828e+00
8.384277118978097860e+02,1.471476698825171514e+00
8.379455820385819607e+02,1.471232678449104103e+00
8.374634521793532258e+02,1.470993782067125055e+00
8.369813223201254004e+02,1.470763946641929998e+00
8.364991924608966656e+02,1.470543528728630367e+00
8.360170626016688402e+02,1.470332051434764198e+00
8.355349327424401054e+02,1.470128323271999049e+00
8.350528028832113705e+02,1.469931628158817949e+00
8.345706730239835451e+02,1.469738985888743299e+00
8.340885431647548103e+02,1.469549681865904622e+00
8.336064133055269849e+02,1.469359661761549418e+00
8.331242834462982501e+02,1.469169285102082112e+00
8.326421535870695152e+02,1.468975689047082867e+00
8.321600237278416898e+02,1.468781020355454991e+00
8.316778938686129550e+02,1.468584800649089805e+00
8.311957640093851296e+02,1.468390371146516271e+00
8.307136341501563948e+02,1.468197133132275400e+00
8.302315042909276599e+02,1.468004609713904562e+00
8.297493744316998345e+02,1.467811371699663692e+00
8.292672445724710997e+02,1.467620397810383892e+00
8.287851147132432743e+02,1.467434192845727070e+00
8.283029848540145395e+02,1.467253948294025889e+00
8.278208549947858046e+02,1.467075134419711491e+00
8.273387251355579792e+02,1.466893340338919494e+00
8.268565952763292444e+02,1.466707016522558638e+00
8.263744654171014190e+02,1.466523554060971568e+00
8.258923355578726841e+02,1.466347004311618463e+00
8.254102056986439493e+02,1.466179753222457194e+00
8.249280758394161239e+02,1.466013813958978673e+00
8.244459459801873891e+02,1.465844417596559923e+00
8.239638161209595637e+02,1.465667511292094938e+00
8.234816862617308288e+02,1.465488101673614318e+00
8.229995564025030035e+02,1.465310598139336618e+00
8.225174265432742686e+02,1.465138818800252762e+00
8.220352966840455338e+02,1.464971328522037153e+00
8.215531668248177084e+02,1.464806582232537568e+00
8.210710369655889735e+02,1.464640761820763082e+00
8.205889071063611482e+02,1.464472677284027302e+00
8.201067772471324133e+02,1.464301015311001208e+00
8.196246473879036785e+02,1.464128042997938417e+00
8.191425175286758531e+02,1.463954354603359098e+00
8.186603876694471182e+02,1.463782931819387345e+00
8.181782578102192929e+02,1.463610792953899065e+00
8.176961279509905580e+02,1.463439132466519244e+00
8.172139980917618232e+02,1.463264848327773482e+00
8.167318682325339978e+02,1.463090683040731976e+00
8.162497383733052629e+02,1.462914491332137246e+00
8.157676085140774376e+02,1.462738061920134447e+00
8.152854786548487027e+02,1.462559724938282457e+00
8.148033487956199679e+02,1.462381387956430467e+00
8.143212189363921425e+02,1.462201501445487439e+00
8.138390890771634076e+02,1.462021971489656513e+00
8.133569592179355823e+02,1.461839939705456448e+00
8.128748293587068474e+02,1.461658026772960417e+00
8.123926994994790221e+02,1.461472178363415697e+00
8.119105696402502872e+02,1.461284663058722177e+00
8.114284397810215523e+02,1.461093331128684003e+00
8.109463099217937270e+02,1.460899497370276690e+00
8.104641800625649921e+02,1.460704351786186628e+00
8.099820502033371667e+02,1.460508848161338191e+00
8.094999203441084319e+02,1.460312153048157091e+00
8.090177904848796970e+02,1.460113073472664391e+00
8.085356606256518717e+02,1.459909822202361429e+00
8.080535307664231368e+02,1.459704782213913088e+00
8.075714009071953114e+02,1.459496999722395216e+00
8.070892710479665766e+02,1.459288979527469277e+00
8.066071411887378417e+02,1.459078695207582044e+00
8.061250113295100164e+02,1.458866859872957500e+00
8.056428814702812815e+02,1.458651686291096983e+00
8.051607516110534561e+02,1.458434487773329735e+00
8.046786217518247213e+02,1.458213830670975986e+00
8.041964918925959864e+02,1.457991506673473436e+00
8.037143620333681611e+02,1.457766319835551050e+00
8.032322321741394262e+02,1.457541491038386816e+00
8.027501023149116008e+02,1.457313563183040728e+00
8.022679724556828660e+02,1.457084681542770266e+00
8.017858425964550406e+02,1.456851745573746859e+00
8.013037127372263058e+02,1.456619169131128100e+00
8.008215828779975709e+02,1.456383610996385469e+00
8.003394530187697455e+02,1.456146623669901885e+00
7.998573231595410107e+02,1.455901885726671452e+00
7.993751933003131853e+02,1.455651307707835684e+00
7.988930634410844505e+02,1.455395127316802650e+00
7.984109335818557156e+02,1.455137516248382612e+00
7.979288037226278902e+02,1.454877043825188787e+00
7.974466738633991554e+02,1.454613591195517142e+00
7.969645440041713300e+02,1.454344536193648230e+00
7.964824141449425952e+02,1.454072380647951190e+00
7.960002842857138603e+02,1.453796530299906298e+00
7.955181544264860349e+02,1.453522468670006340e+00
7.950360245672573001e+02,1.453246976362719600e+00
7.945538947080294747e+02,1.452975297709484748e+00
7.940717648488007399e+02,1.452704453989470679e+00
7.935896349895720050e+02,1.452440882508094999e+00
7.931075051303441796e+02,1.452180886977363583e+00
7.926253752711154448e+02,1.451931978824968938e+00
7.921432454118876194e+02,1.451690699466324785e+00
7.916611155526588846e+02,1.451470161215675070e+00
7.911789856934310592e+02,1.451268698663517265e+00
7.906968558342023243e+02,1.451093460739847130e+00
7.902147259749735895e+02,1.450946833392622315e+00
7.897325961157457641e+02,1.450833942101577900e+00
7.892504662565170293e+02,1.450758839709820336e+00
7.887683363972892039e+02,1.450729275348450198e+00
7.882862065380604690e+02,1.450748230709592024e+00
7.878040766788317342e+02,1.450827027903697664e+00
7.873219468196039088e+02,1.450963998549972489e+00
7.868398169603751739e+02,1.451167607861033826e+00
7.863576871011473486e+02,1.451431060490705471e+00
7.858755572419186137e+02,1.451758886174556062e+00
7.853934273826898789e+02,1.452138926383266471e+00
7.849112975234620535e+02,1.452568197939066108e+00
7.844291676642333186e+02,1.453024650879570778e+00
7.839470378050054933e+02,1.453491235927841352e+00
7.834649079457767584e+02,1.453946139339254984e+00
7.829827780865480236e+02,1.454370285415319985e+00
7.825006482273201982e+02,1.454747939676072521e+00
7.820185183680914633e+02,1.455065870955565055e+00
7.815363885088636380e+02,1.455314422552847597e+00
7.810542586496349031e+02,1.455488706691593359e+00
7.805721287904070778e+02,1.455584908232103514e+00
7.800899989311783429e+02,1.455612206982866086e+00
7.796078690719496080e+02,1.455574894976041422e+00
7.791257392127217827e+02,1.455480005261214238e+00
7.786436093534930478e+02,1.455345059550846365e+00
7.781614794942652225e+02,1.455176735825056245e+00
7.776793496350364876e+02,1.454994227148393993e+00
7.771972197758077527e+02,1.454802657514947750e+00
7.767150899165799274e+02,1.454613114303054955e+00
7.762329600573511925e+02,1.454439188205067568e+00
7.757508301981233672e+02,1.454280521180227659e+00
7.752687003388946323e+02,1.454161669476227603e+00
7.747865704796658974e+02,1.454074646258558756e+00
7.743044406204380721e+02,1.454039121484233199e+00
7.738223107612093372e+02,1.454042459731469394e+00
7.733401809019815119e+02,1.454098129869622946e+00
7.728580510427527770e+02,1.454202080541233899e+00
7.723759211835240421e+02,1.454356815060317887e+00
7.718937913242962168e+02,1.454551960644407949e+00
7.714116614650674819e+02,1.454785848912709678e+00
7.709295316058396565e+02,1.455036903824007632e+00
7.704474017466109217e+02,1.455301191386899839e+00
7.699652718873830963e+02,1.455558205225507384e+00
7.694831420281543615e+02,1.455806637971085893e+00
7.690010121689256266e+02,1.456028248858364238e+00
7.685188823096978012e+02,1.456218506666127510e+00
7.680367524504690664e+02,1.456367756179071771e+00
7.675546225912412410e+02,1.456472898339015387e+00
7.670724927320125062e+02,1.456533099698384071e+00
7.665903628727837713e+02,1.456552411614637776e+00
7.661082330135559459e+02,1.456533814294254325e+00
7.656261031543272111e+02,1.456483269635835631e+00
7.651439732950993857e+02,1.456404114400971617e+00
7.646618434358706509e+02,1.456304574613225489e+00
7.641797135766419160e+02,1.456184889461651144e+00
7.636975837174140906e+02,1.456060554237157856e+00
7.632154538581853558e+02,1.455929184477434024e+00
7.627333239989575304e+02,1.455808306351880743e+00
7.622511941397287956e+02,1.455694819316670108e+00
7.617690642805000607e+02,1.455601956023395926e+00
7.612869344212722353e+02,1.455520178622812466e+00
7.608048045620435005e+02,1.455454016850488363e+00
7.603226747028156751e+02,1.455399300497259185e+00
7.598405448435869403e+02,1.455359125650014684e+00
7.593584149843591149e+02,1.455330873114327517e+00
7.588762851251303800e+02,1.455314184849439751e+00
7.583941552659016452e+02,1.455302620578640571e+00
7.579120254066738198e+02,1.455295826718110641e+00
7.574298955474450850e+02,1.455290820090079595e+00
7.569477656882172596e+02,1.455292846511632820e+00
7.564656358289885247e+02,1.455296422462276862e+00
7.559835059697597899e+02,1.455311084305611624e+00
7.555013761105319645e+02,1.455322648576410804e+00
7.550192462513032297e+02,1.455337430757095873e+00
7.545371163920754043e+02,1.455338026501262094e+00
7.540549865328466694e+02,1.455331589195844266e+00
7.535728566736179346e+02,1.455305958825876544e+00
7.530907268143901092e+02,1.455269600603976698e+00
7.526085969551613744e+02,1.455217983308929597e+00
7.521264670959335490e+02,1.455152536132475527e+00
7.516443372367048141e+02,1.455065394063102868e+00
7.511622073774760793e+02,1.454957510885735772e+00
7.506800775182482539e+02,1.454823758149346613e+00
7.501979476590195191e+02,1.454669023630262847e+00
7.497158177997916937e+02,1.454488302186099258e+00
7.492336879405629588e+02,1.454287077337349521e+00
7.487515580813351335e+02,1.454057479615562309e+00
7.482694282221063986e+02,1.453813459239494676e+00
7.477872983628776637e+02,1.453545833429366496e+00
7.473051685036498384e+02,1.453268672741284684e+00
7.468230386444211035e+02,1.452968145808196665e+00
7.463409087851932782e+02,1.452653313586885764e+00
7.458587789259645433e+02,1.452308799638147185e+00
7.453766490667358084e+02,1.451945449179971037e+00
7.448945192075079831e+02,1.451559687747359328e+00
7.444123893482792482e+02,1.451167130968571417e+00
7.439302594890514229e+02,1.450756813288267111e+00
7.434481296298226880e+02,1.450335170526217743e+00
7.429659997705939531e+02,1.449884319957910561e+00
7.424838699113661278e+02,1.449417734909639988e+00
7.420017400521373929e+02,1.448918963334279830e+00
7.415196101929095676e+02,1.448407912892250238e+00
7.410374803336808327e+02,1.447876835938096685e+00
7.405553504744520978e+02,1.447336818364509670e+00
7.400732206152242725e+02,1.446788097874897261e+00
7.395910907559955376e+02,1.446238423600360257e+00
7.391089608967677123e+02,1.445671344979418738e+00
7.386268310375389774e+02,1.445089842218550524e+00
7.381447011783111520e+02,1.444482351046956436e+00
7.376625713190824172e+02,1.443871760817180494e+00
7.371804414598536823e+02,1.443257714974110817e+00
7.366983116006258570e+02,1.442658329488729407e+00
7.362161817413971221e+02,1.442057635148957795e+00
7.357340518821692967e+02,1.441459799192667424e+00
7.352519220229405619e+02,1.440855527416605497e+00
7.347697921637118270e+02,1.440262819911342751e+00
7.342876623044840017e+02,1.439672495382745110e+00
7.338055324452552668e+02,1.439090157688656335e+00
7.333234025860274414e+02,1.438492918962178457e+00
7.328412727267987066e+02,1.437895322194942427e+00
7.323591428675699717e+02,1.437281037162818409e+00
7.318770130083421463e+02,1.436668062470731089e+00
7.313948831491134115e+02,1.436029340042618285e+00
7.309127532898855861e+02,1.435374165567379290e+00
7.304306234306568513e+02,1.434673929954215277e+00
7.299484935714281164e+02,1.433942103558127901e+00
7.294663637122002910e+02,1.433149839584910046e+00
7.289842338529715562e+02,1.432304645005316068e+00
7.285021039937437308e+02,1.431382681138815727e+00
7.280199741345149960e+02,1.430396223880786133e+00
7.275378442752871706e+02,1.429330015643726082e+00
7.270557144160584357e+02,1.428200865029874089e+00
7.265735845568297009e+02,1.426991963436991862e+00
7.260914546976018755e+02,1.425721073252242066e+00
7.256093248383731407e+02,1.424366498097059619e+00
7.251271949791453153e+02,1.422949577794897502e+00
7.246450651199165804e+02,1.421444797856199926e+00
7.241629352606878456e+02,1.419879938381130247e+00
7.236808054014600202e+02,1.418230438665056825e+00
7.231986755422312854e+02,1.416519070694466365e+00
7.227165456830034600e+02,1.414717102069916743e+00
7.222344158237747251e+02,1.412846469844673658e+00
7.217522859645459903e+02,1.410882378581990171e+00
7.212701561053181649e+02,1.408856892985959064e+00
7.207880262460894301e+02,1.406744265320555298e+00
7.203058963868616047e+02,1.404566073112639923e+00
7.198237665276328698e+02,1.402291083620047951e+00
7.193416366684041350e+02,1.399944925727100831e+00
7.188595068091763096e+02,1.397503757781976219e+00
7.183773769499475748e+02,1.395004772939794302e+00
7.178952470907197494e+02,1.392416500754982689e+00
7.174131172314910145e+02,1.389775896679253275e+00
7.169309873722631892e+02,1.387055063246385167e+00
7.164488575130344543e+02,1.384305023492905296e+00
7.159667276538057195e+02,1.381490135278430342e+00
7.154845977945778941e+02,1.378658080420958942e+00
7.150024679353491592e+02,1.375774050227682066e+00
7.145203380761213339e+02,1.372888231316259811e+00
7.140382082168925990e+02,1.369973564124984389e+00
7.135560783576638642e+02,1.367098712254548820e+00
7.130739484984360388e+02,1.364219807541007023e+00
7.125918186392073039e+02,1.361422919417102806e+00
7.121096887799794786e+02,1.358657264035363799e+00
7.116275589207507437e+02,1.356032871332059964e+00
7.111454290615220089e+02,1.353505635439837373e+00
7.106632992022941835e+02,1.351211094841937577e+00
7.101811693430654486e+02,1.349131845191955836e+00
7.096990394838376233e+02,1.347450518475197700e+00
7.092169096246088884e+02,1.346145771896917198e+00
7.087347797653801535e+02,1.345361851313320090e+00
7.082526499061523282e+02,1.345142387184945276e+00
7.077705200469235933e+02,1.345673822179857204e+00
7.072883901876957680e+02,1.346946501082752157e+00
7.068062603284670331e+02,1.349232219912922748e+00
7.063241304692392077e+02,1.352417968527620307e+00
7.058420006100104729e+02,1.356840156675017006e+00
7.053598707507817380e+02,1.362134598963715915e+00
7.048777408915539127e+02,1.368999623437032298e+00
7.043956110323251778e+02,1.377334261115479075e+00
7.039134811730973524e+02,1.386493349294232846e+00
7.034313513138686176e+02,1.396770977600964248e+00
7.029492214546398827e+02,1.407898450560208570e+00
7.024670915954120574e+02,1.419860029235063825e+00
7.019849617361833225e+02,1.432395960255145484e+00
7.015028318769554971e+02,1.445367123243982421e+00
7.010207020177267623e+02,1.458479190870496600e+00
7.005385721584980274e+02,1.471650268368046799e+00
7.000564422992702021e+02,1.484625365348286374e+00
6.995743124400414672e+02,1.497295047619110697e+00
6.990921825808136418e+02,1.509436395438850997e+00
6.986100527215849070e+02,1.520902778488990359e+00
6.981279228623561721e+02,1.531637456966038924e+00
6.976457930031283468e+02,1.541522290790574345e+00
6.971636631438996119e+02,1.550601390286889814e+00
6.966815332846717865e+02,1.558710841127413982e+00
6.961994034254430517e+02,1.566157368361598579e+00
6.957172735662152263e+02,1.572396543531991764e+00
6.952351437069864915e+02,1.577451137139433524e+00
6.947530138477577566e+02,1.581980851909085217e+00
6.942708839885299312e+02,1.585657147561226221e+00
6.937887541293011964e+02,1.588721303454500244e+00
6.933066242700733710e+02,1.591036108267932292e+00
6.928244944108446361e+02,1.592853096776574828e+00
6.923423645516159013e+02,1.594066170064267540e+00
6.918602346923880759e+02,1.594867613845972976e+00
6.913781048331593411e+02,1.595200566495204919e+00
6.908959749739315157e+02,1.595195439529823567e+00
6.904138451147027808e+02,1.594806460187326191e+00
6.899317152554740460e+02,1.594129947374280265e+00
6.894495853962462206e+02,1.593119887653482669e+00
6.889674555370174858e+02,1.591869023980856834e+00
6.884853256777896604e+02,1.590329435349350007e+00
6.880031958185609255e+02,1.588609722503492527e+00
6.875210659593321907e+02,1.586681512570246699e+00
6.870389361001043653e+02,1.584623721595422197e+00
6.865568062408756305e+02,1.582421448546629916e+00
6.860746763816478051e+02,1.580148127434833016e+00
6.855925465224190702e+02,1.577778962823284115e+00
6.851104166631912449e+02,1.575395491437866280e+00
6.846282868039625100e+02,1.572961118838917649e+00
6.841461569447337752e+02,1.570561794121832389e+00
6.836640270855059498e+02,1.568151023985651982e+00
6.831818972262772149e+02,1.565797237298954592e+00
6.826997673670493896e+02,1.563460020025440711e+00
6.822176375078206547e+02,1.561198619739555093e+00
6.817355076485919199e+02,1.558971432402311841e+00
6.812533777893640945e+02,1.556837824439859519e+00
6.807712479301353596e+02,1.554746653963966496e+00
6.802891180709075343e+02,1.552748706307752302e+00
6.798069882116787994e+02,1.550792839582985749e+00
6.793248583524500646e+02,1.548920538976947592e+00
6.788427284932222392e+02,1.547082928212014652e+00
6.783605986339935043e+02,1.545311477733759542e+00
6.778784687747656790e+02,1.543562796270698367e+00
6.773963389155369441e+02,1.541868355754050013e+00
6.769142090563082093e+02,1.540199664459073192e+00
6.764320791970803839e+02,1.538589623508727966e+00
6.759499493378516490e+02,1.537008074283124026e+00
6.754678194786238237e+02,1.535496261294842180e+00
6.749856896193950888e+02,1.534026053831191838e+00
6.745035597601672634e+02,1.532642986951267883e+00
6.740214299009385286e+02,1.531327393669351000e+00
6.735393000417097937e+02,1.530112769366921199e+00
6.730571701824819684e+02,1.528960612034467426e+00
6.725750403232532335e+02,1.527897265152181383e+00
6.720929104640254081e+02,1.526870753384257373e+00
6.716107806047966733e+02,1.525893952827177769e+00
6.711286507455679384e+02,1.524912741386233561e+00
6.706465208863401131e+02,1.523936655425024211e+00
6.701643910271113782e+02,1.522921589076195570e+00
6.696822611678835528e+02,1.521885897499783979e+00
6.692001313086548180e+02,1.520803596742002384e+00
6.687180014494260831e+02,1.519700911431338675e+00
6.682358715901982578e+02,1.518562104116536693e+00
6.677537417309695229e+02,1.517420676121661316e+00
6.672716118717416975e+02,1.516263033783068037e+00
6.667894820125129627e+02,1.515126731267927740e+00
6.663073521532842278e+02,1.513992574026044702e+00
6.658252222940564025e+02,1.512901689203941968e+00
6.653430924348276676e+02,1.511837508874081415e+00
6.648609625755998422e+02,1.510834838757979970e+00
6.643788327163711074e+02,1.509877112413746003e+00
6.638967028571432820e+02,1.508991625620849764e+00
6.634145729979145472e+02,1.508154536727468464e+00
6.629324431386858123e+02,1.507391479074862373e+00
6.624503132794579869e+02,1.506680872164877893e+00
6.619681834202292521e+02,1.506058479960894703e+00
6.614860535610014267e+02,1.505507495346321223e+00
6.610039237017726919e+02,1.505072024188511381e+00
6.605217938425439570e+02,1.504732038489695389e+00
6.600396639833161316e+02,1.504524614038935670e+00
6.595575341240873968e+02,1.504433419126456561e+00
6.590754042648595714e+02,1.504489090750256386e+00
6.585932744056308366e+02,1.504671480575214826e+00
6.581111445464021017e+02,1.505005624712779211e+00
6.576290146871742763e+02,1.505463506845024391e+00
6.571468848279455415e+02,1.506080772083626229e+00
6.566647549687177161e+02,1.506834890602445132e+00
6.561826251094889813e+02,1.507767346103116024e+00
6.557004952502602464e+02,1.508873250809311894e+00
6.552183653910324210e+02,1.510198738495586834e+00
6.547362355318036862e+02,1.511745360176677710e+00
6.542541056725758608e+02,1.513549116033726216e+00
6.537719758133471259e+02,1.515569235475321630e+00
6.532898459541193006e+02,1.517795469027640287e+00
6.528077160948905657e+02,1.520124938655699420e+00
6.523255862356618309e+02,1.522496726918614041e+00
6.518434563764340055e+02,1.524793054749012944e+00
6.513613265172052706e+02,1.526947286453401942e+00
6.508791966579774453e+02,1.528869298270284283e+00
6.503970667987487104e+02,1.530538466457723290e+00
6.499149369395199756e+02,1.531909373322681622e+00
6.494328070802921502e+02,1.533010271400846447e+00
6.489506772210634153e+02,1.533823396819408824e+00
6.484685473618355900e+02,1.534394529769103066e+00
6.479864175026068551e+02,1.534736182363067636e+00
6.475042876433781203e+02,1.534886387146582987e+00
6.470221577841502949e+02,1.534862783198168490e+00
6.465400279249215600e+02,1.534704593065790768e+00
6.460578980656937347e+02,1.534414793984635095e+00
6.455757682064649998e+02,1.534028794848615318e+00
6.450936383472362650e+02,1.533544209709773787e+00
6.446115084880084396e+02,1.532995966112623787e+00
6.441293786287797047e+02,1.532372501272012189e+00
6.436472487695518794e+02,1.531708744218098106e+00
6.431651189103231445e+02,1.530999091093038222e+00
6.426829890510953192e+02,1.530274178894831083e+00
6.422008591918665843e+02,1.529530312821128391e+00
6.417187293326378494e+02,1.528794672770988905e+00
6.412365994734100241e+02,1.528055694473613224e+00
6.407544696141812892e+02,1.527342107357150924e+00
6.402723397549534639e+02,1.526643064717965625e+00
6.397902098957247290e+02,1.525984433143786623e+00
6.393080800364959941e+02,1.525352027683741563e+00
6.388259501772681688e+02,1.524767901271507631e+00
6.383438203180394339e+02,1.524211075095682322e+00
6.378616904588116086e+02,1.523699191206078440e+00
6.373795605995828737e+02,1.523205426258749329e+00
6.368974307403541388e+02,1.522746351152525213e+00
6.364153008811263135e+02,1.522298719979750192e+00
6.359331710218975786e+02,1.521882440400843750e+00
6.354510411626697532e+02,1.521478560025957272e+00
6.349689113034410184e+02,1.521102932186757961e+00
6.344867814442122835e+02,1.520738627943656995e+00
6.340046515849844582e+02,1.520404604143442917e+00
6.335225217257557233e+02,1.520084646442397158e+00
6.330403918665278979e+02,1.519796517227682386e+00
6.325582620072991631e+02,1.519516137144068635e+00
6.320761321480713377e+02,1.519253876002729653e+00
6.315940022888426029e+02,1.518987205463172341e+00
6.311118724296138680e+02,1.518732931156342003e+00
6.306297425703860426e+02,1.518472697922202519e+00
6.301476127111573078e+02,1.518220451522571901e+00
6.296654828519294824e+02,1.517956878555549949e+00
6.291833529927007476e+02,1.517696287280652090e+00
6.287012231334720127e+02,1.517422463354160200e+00
6.282190932742441873e+02,1.517151858823200472e+00
6.277369634150154525e+02,1.516865041434168893e+00
6.272548335557876271e+02,1.516577389111916530e+00
6.267727036965588923e+02,1.516272213591555618e+00
6.262905738373301574e+02,1.515969064492748153e+00
6.258084439781023320e+02,1.515653874230679099e+00
6.253263141188735972e+02,1.515343931271341482e+00
6.248441842596457718e+02,1.515024807017870012e+00
6.243620544004170370e+02,1.514716532439327468e+00
6.238799245411883021e+02,1.514403368598811417e+00
6.233977946819604767e+02,1.514100219500003952e+00
6.229156648227317419e+02,1.513785388764339324e+00
6.224335349635039165e+02,1.513476040063521877e+00
6.219514051042751817e+02,1.513158347973083684e+00
6.214692752450473563e+02,1.512855555429388099e+00
6.209871453858186214e+02,1.512552168627172344e+00
6.205050155265898866e+02,1.512262727586774824e+00
6.200228856673620612e+02,1.511966611537551408e+00
6.195407558081333264e+02,1.511679198404353386e+00
6.190586259489055010e+02,1.511384989924979383e+00
6.185764960896767661e+02,1.511102225379054032e+00
6.180943662304480313e+02,1.510815884882484639e+00
6.176122363712202059e+02,1.510542179807696783e+00
6.171301065119914711e+02,1.510265852567189260e+00
6.166479766527636457e+02,1.510004307507366805e+00
6.161658467935349108e+02,1.509740854877695382e+00
6.156837169343061760e+02,1.509490276858859392e+00
6.152015870750783506e+02,1.509234215319530392e+00
6.147194572158496157e+02,1.508988525077021636e+00
6.142373273566217904e+02,1.508738781991406430e+00
6.137551974973930555e+02,1.508503939938180105e+00
6.132730676381643207e+02,1.508268858695899661e+00
6.127909377789364953e+02,1.508047845038433810e+00
6.123088079197077604e+02,1.507819917183087943e+00
6.118266780604799351e+02,1.507598306295809598e+00
6.113445482012512002e+02,1.507367160530577621e+00
6.108624183420233749e+02,1.507147696402202808e+00
6.103802884827946400e+02,1.506928351125531806e+00
6.098981586235659051e+02,1.506726171006211201e+00
6.094160287643380798e+02,1.506521489058521235e+00
6.089338989051093449e+02,1.506325389689506578e+00
6.084517690458815196e+02,1.506120588890112577e+00
6.079696391866527847e+02,1.505925443306022293e+00
6.074875093274240498e+02,1.505726363730529815e+00
6.070053794681962245e+02,1.505539919576818653e+00
6.065232496089674896e+02,1.505347516495798343e+00
6.060411197497396643e+02,1.505164768630081529e+00
6.055589898905109294e+02,1.504976418392167670e+00
6.050768600312821945e+02,1.504800822427739160e+00
6.045947301720543692e+02,1.504621531660962575e+00
6.041126003128256343e+02,1.504452731042710267e+00
6.036304704535978090e+02,1.504276659671465621e+00
6.031483405943690741e+02,1.504110004326470573e+00
6.026662107351403392e+02,1.503938820731553161e+00
6.021840808759125139e+02,1.503778483840271907e+00
6.017019510166837790e+02,1.503610874710352263e+00
6.012198211574559537e+02,1.503451016197179690e+00
6.007376912982272188e+02,1.503285076933701170e+00
6.002555614389993934e+02,1.503132608025224748e+00
5.997734315797706586e+02,1.502978112695195101e+00
5.992913017205419237e+02,1.502835180150318362e+00
5.988091718613140984e+02,1.502685811785670067e+00
5.983270420020853635e+02,1.502546455191437591e+00
5.978449121428575381e+02,1.502402926902394409e+00
5.973627822836288033e+02,1.502270367139984408e+00
5.968806524244000684e+02,1.502128627569086605e+00
5.963985225651722430e+02,1.501991297396407132e+00
5.959163927059435082e+02,1.501844788900886352e+00
5.954342628467156828e+02,1.501710202716923126e+00
5.949521329874869480e+02,1.501574900451443151e+00
5.944700031282582131e+02,1.501454141177593904e+00
5.939878732690303877e+02,1.501328852168176020e+00
5.935057434098016529e+02,1.501212861818949973e+00
5.930236135505738275e+02,1.501088883149568565e+00
5.925414836913450927e+02,1.500971939015417700e+00
5.920593538321163578e+02,1.500845696221075221e+00
5.915772239728885324e+02,1.500726725665371353e+00
5.910950941136597976e+02,1.500601198952545401e+00
5.906129642544319722e+02,1.500487353876576391e+00
5.901308343952032374e+02,1.500369097916742778e+00
5.896487045359745025e+02,1.500261929335245936e+00
5.891665746767466771e+02,1.500149275747609590e+00
5.886844448175179423e+02,1.500046755753385419e+00
5.882023149582901169e+02,1.499937560750335352e+00
5.877201850990613821e+02,1.499835874203685693e+00
5.872380552398335567e+02,1.499725486226656690e+00
5.867559253806048218e+02,1.499622013933154197e+00
5.862737955213760870e+02,1.499509241493813816e+00
5.857916656621482616e+02,1.499402310615725042e+00
5.853095358029195268e+02,1.499286797158961182e+00
5.848274059436917014e+02,1.499182727635646195e+00
5.843452760844629665e+02,1.499077702841760340e+00
5.838631462252342317e+02,1.498986270225873163e+00
5.833810163660064063e+02,1.498887207330589000e+00
5.828988865067776715e+02,1.498791601534245288e+00
5.824167566475498461e+02,1.498684670656156293e+00
5.819346267883211112e+02,1.498587038438259356e+00
5.814524969290923764e+02,1.498486067973126001e+00
5.809703670698645510e+02,1.498394873060646892e+00
5.804882372106358162e+02,1.498293663406459419e+00
5.800061073514079908e+02,1.498196508081024669e+00
5.795239774921792559e+02,1.498091247069377019e+00
5.790418476329505211e+02,1.497995760124737119e+00
5.785597177737226957e+02,1.497895266552066174e+00
5.780775879144939609e+02,1.497802522110496026e+00
5.775954580552661355e+02,1.497702505430287490e+00
5.771133281960374006e+02,1.497610952477050006e+00
5.766311983368095753e+02,1.497515107491651731e+00
5.761490684775808404e+02,1.497427013123000750e+00
5.756669386183521056e+02,1.497332717666693291e+00
5.751848087591242802e+02,1.497240450117585553e+00
5.747026788998955453e+02,1.497149374056810478e+00
5.742205490406677200e+02,1.497073675920886471e+00
5.737384191814389851e+02,1.496982839049165515e+00
5.732562893222102502e+02,1.496903088070135279e+00
5.727741594629824249e+02,1.496813322349396680e+00
5.722920296037536900e+02,1.496734048262828631e+00
5.718098997445258647e+02,1.496645714705123309e+00
5.713277698852971298e+02,1.496567394403479856e+00
5.708456400260683949e+02,1.496480490037515043e+00
5.703635101668405696e+02,1.496403362709850526e+00
5.698813803076118347e+02,1.496317770169568684e+00
5.693992504483840094e+02,1.496241595141182490e+00
5.689171205891552745e+02,1.496156837534121209e+00
5.684349907299265396e+02,1.496081616290659611e+00
5.679528608706987143e+02,1.495998289360985112e+00
5.674707310114699794e+02,1.495924498794910518e+00
5.669886011522421541e+02,1.495842363353568683e+00
5.665064712930134192e+02,1.495769645424122496e+00
5.660243414337855938e+02,1.495688344916001444e+00
5.655422115745568590e+02,1.495616461919775819e+00
5.650600817153281241e+02,1.495536115196579363e+00
5.645779518561002988e+02,1.495465304836982368e+00
5.640958219968715639e+02,1.495386507642876728e+00
5.636136921376437385e+02,1.495317127960666737e+00
5.631315622784150037e+02,1.495239641106597572e+00
5.626494324191862688e+02,1.495171573250070551e+00
5.621673025599584435e+02,1.495095040180925983e+00
5.616851727007297086e+02,1.495027926109323557e+00
5.612030428415018832e+02,1.494952346825103584e+00
5.607209129822731484e+02,1.494886066201075447e+00
5.602387831230444135e+02,1.494811798742538445e+00
5.597566532638165882e+02,1.494747187984951431e+00
5.592745234045878533e+02,1.494674351203801210e+00
5.587923935453600279e+02,1.494610811597196554e+00
5.583102636861312931e+02,1.494538809749267116e+00
5.578281338269025582e+02,1.494476225413233328e+00
5.573460039676747328e+02,1.494405415053636332e+00
5.568638741084459980e+02,1.494344141057639241e+00
5.563817442492181726e+02,1.494274880227133284e+00
5.558996143899894378e+02,1.494215634138335469e+00
5.554174845307616124e+02,1.494148399729382737e+00
5.549353546715328775e+02,1.494090463980621619e+00
5.544532248123041427e+02,1.494022991868260819e+00
5.539710949530763173e+02,1.493963744293816731e+00
5.534889650938475825e+02,1.493895079207476995e+00
5.530068352346197571e+02,1.493835475077921027e+00
5.525247053753910222e+02,1.493766930328931597e+00
5.520425755161622874e+02,1.493707801606191765e+00
5.515604456569344620e+02,1.493640567197238811e+00
5.510783157977057272e+02,1.493584062125864698e+00
5.505961859384779018e+02,1.493519809409036059e+00
5.501140560792491669e+02,1.493464495825994387e+00
5.496319262200204321e+02,1.493398573242724403e+00
5.491497963607926067e+02,1.493340398304909167e+00
5.486676665015638719e+02,1.493273284233306519e+00
5.481855366423360465e+02,1.493217135717044286e+00
5.477034067831073116e+02,1.493153955636844277e+00
5.472212769238785768e+02,1.493100788812706137e+00
5.467391470646507514e+02,1.493038321842730110e+00
5.462570172054220166e+02,1.492984320085371408e+00
5.457748873461941912e+02,1.492921021153467365e+00
5.452927574869654563e+02,1.492867375951220543e+00
5.448106276277376310e+02,1.492805626548407316e+00
5.443284977685088961e+02,1.492754723849230469e+00
5.438463679092801613e+02,1.492696072018952824e+00
5.433642380500523359e+02,1.492647792971141696e+00
5.428821081908236010e+02,1.492590334114842987e+00
5.423999783315957757e+02,1.492542053581385586e+00
5.419178484723670408e+02,1.492484715062436962e+00
5.414357186131383060e+02,1.492437627502958497e+00
5.409535887539104806e+02,1.492382074730862485e+00
5.404714588946817457e+02,1.492336059808012649e+00
5.399893290354539204e+02,1.492280031629100723e+00
5.395071991762251855e+02,1.492233302110380633e+00
5.390250693169964507e+02,1.492177511634876774e+00
5.385429394577686253e+02,1.492132331645247501e+00
5.380608095985398904e+02,1.492078569076942918e+00
5.375786797393120651e+02,1.492034699427350342e+00
5.370965498800833302e+02,1.491981532603212202e+00
5.366144200208545954e+02,1.491937662953619403e+00
5.361322901616267700e+02,1.491883900385315043e+00
5.356501603023980351e+02,1.491839553843260058e+00
5.351680304431702098e+02,1.491784956341735136e+00
5.346859005839414749e+02,1.491738822567181266e+00
5.342037707247136495e+02,1.491681363710882335e+00
5.337216408654849147e+02,1.491632129392500339e+00
5.332395110062561798e+02,1.491572883303702746e+00
5.327573811470283545e+02,1.491525079662707531e+00
5.322752512877996196e+02,1.491470242972128268e+00
5.317931214285717942e+02,1.491427924337272781e+00
5.313109915693430594e+02,1.491377856571316496e+00
5.308288617101143245e+02,1.491338755846346897e+00
5.303467318508864992e+02,1.491290475312889496e+00
5.298646019916577643e+02,1.491251971817732391e+00
5.293824721324299389e+02,1.491202856351054207e+00
5.289003422732012041e+02,1.491162803326806285e+00
5.284182124139724692e+02,1.491112377520091625e+00
5.279360825547446439e+02,1.491071964969439057e+00
5.274539526955159090e+02,1.491021659500074703e+00
5.269718228362880836e+02,1.490981246949422134e+00
5.264896929770593488e+02,1.490930821142707696e+00
5.260075631178306139e+02,1.490890886970163587e+00
5.255254332586027886e+02,1.490841533800077556e+00
5.250433033993740537e+02,1.490802670778515804e+00
5.245611735401462283e+02,1.490753437945780302e+00
5.240790436809174935e+02,1.490714099517402413e+00
5.235969138216896681e+02,1.490664865199020417e+00
5.231147839624609333e+02,1.490626599407271380e+00
5.226326541032321984e+02,1.490578558062868320e+00
5.221505242440043730e+02,1.490540888015285503e+00
5.216683943847756382e+02,1.490492488630124068e+00
5.211862645255478128e+02,1.490454222838375031e+00
5.207041346663190780e+02,1.490405465412455221e+00
5.202220048070903431e+02,1.490367080769002150e+00
5.197398749478625177e+02,1.490318204491378529e+00
5.192577450886337829e+02,1.490280296740387644e+00
5.187756152294059575e+02,1.490232255395984584e+00
5.182934853701772226e+02,1.490195181092567989e+00
5.178113555109484878e+02,1.490147377451572996e+00
5.173292256517206624e+02,1.490110423485506708e+00
5.168470957924919276e+02,1.490062977885270090e+00
5.163649659332641022e+02,1.490026738515074056e+00
5.158828360740353673e+02,1.489980127848058000e+00
5.154007062148066325e+02,1.489944363884678102e+00
5.149185763555788071e+02,1.489898230110124011e+00
5.144364464963500723e+02,1.489863182228260863e+00
5.139543166371222469e+02,1.489817168791057300e+00
5.134721867778935120e+02,1.489781881720139589e+00
5.129900569186656867e+02,1.489735389904827345e+00
5.125079270594369518e+02,1.489699985467852095e+00
5.120257972002082170e+02,1.489653851693298225e+00
5.115436673409803916e+02,1.489618684959730821e+00
5.110615374817516567e+02,1.489572311996122611e+00
5.105794076225238314e+02,1.489537264114259463e+00
5.100972777632950965e+02,1.489491846421222121e+00
5.096151479040663617e+02,1.489458348068449789e+00
5.091330180448385363e+02,1.489413526119578668e+00
5.086508881856098014e+02,1.489379908915102302e+00
5.081687583263819761e+02,1.489334966628881096e+00
5.076866284671532412e+02,1.489301826316866917e+00
5.072044986079245064e+02,1.489257242071403864e+00
5.067223687486966810e+02,1.489223624866927498e+00
5.062402388894679461e+02,1.489177849133131781e+00
5.057581090302401208e+02,1.489143636184489194e+00
5.052759791710113859e+02,1.489097858965047205e+00
5.047938493117826511e+02,1.489063408312996550e+00
5.043117194525548257e+02,1.489017154201092374e+00
5.038295895933260908e+02,1.488983418144911974e+00
5.033474597340982655e+02,1.488939310791911330e+00
5.028653298748695306e+02,1.488907840346338496e+00
5.023832000156417052e+02,1.488863256100875443e+00
5.019010701564129704e+02,1.488828685111474481e+00
5.014189402971842355e+02,1.488781597551995795e+00
5.009368104379564102e+02,1.488748694943389683e+00
5.004546805787276753e+02,1.488706972052700639e+00
4.999725507194998499e+02,1.488679077557771846e+00
4.994904208602711151e+02,1.488637711222194682e+00
4.990082910010423802e+02,1.488605286991697030e+00
4.985261611418145549e+02,1.488556173010665340e+00
4.980440312825858200e+02,1.488516118500771146e+00
4.975619014233579946e+02,1.488462712487578665e+00
4.970797715641292598e+02,1.488424207506775288e+00
4.965976417049005249e+02,1.488378073732221418e+00
4.961155118456726996e+02,1.488349225452368030e+00
4.956333819864439647e+02,1.488309289794177648e+00
4.951512521272161393e+02,1.488281156110194514e+00
4.946691222679874045e+02,1.488239194030451129e+00
4.941869924087586696e+02,1.488211180683818302e+00
4.937048625495308443e+02,1.488173271447181145e+00
4.932227326903021094e+02,1.488150860472745585e+00
4.927406028310742840e+02,1.488114858805957841e+00
4.922584729718455492e+02,1.488088634177470171e+00
4.917763431126177238e+02,1.488045479123747850e+00
4.912942132533889890e+02,1.488012815704196079e+00
4.908120833941602541e+02,1.487967158822104397e+00
4.903299535349324287e+02,1.487937237905622379e+00
4.898478236757036939e+02,1.487897541436486337e+00
4.893656938164758685e+02,1.487873937488072063e+00
4.888835639572471337e+02,1.487837221225413842e+00
4.884014340980183988e+02,1.487813140384537158e+00
4.879193042387905734e+02,1.487774039659567338e+00
4.874371743795618386e+02,1.487748052734487736e+00
4.869550445203340132e+02,1.487709070861222171e+00
4.864729146611052784e+02,1.487685110357695795e+00
4.859907848018765435e+02,1.487648394095037574e+00
4.855086549426487181e+02,1.487626339675713893e+00
4.850265250834199833e+02,1.487590100305518082e+00
4.845443952241921579e+02,1.487567450142028402e+00
4.840622653649634231e+02,1.487529780094445586e+00
4.835801355057346882e+02,1.487505580401864869e+00
4.830980056465068628e+02,1.487466479676895048e+00
4.826158757872781280e+02,1.487441088495981889e+00
4.821337459280503026e+02,1.487400796282679405e+00
4.816516160688215678e+02,1.487375642805174092e+00
4.811694862095937424e+02,1.487336900120962868e+00
4.806873563503650075e+02,1.487313773065010780e+00
4.802052264911362727e+02,1.487275268084207402e+00
4.797230966319084473e+02,1.487250591499164276e+00
4.792409667726797124e+02,1.487210180434157980e+00
4.787588369134518871e+02,1.487184908104948633e+00
4.782767070542231522e+02,1.487144972446758473e+00
4.777945771949944174e+02,1.487120653902473721e+00
4.773124473357665920e+02,1.487081672029207935e+00
4.768303174765378571e+02,1.487059500243826715e+00
4.763481876173100318e+02,1.487023856617797124e+00
4.758660577580812969e+02,1.487005617338172048e+00
4.753839278988525621e+02,1.486972595877861902e+00
4.749017980396247367e+02,1.486956622208844392e+00
4.744196681803960018e+02,1.486926343251603999e+00
4.739375383211681765e+02,1.486913706344176189e+00
4.734554084619394416e+02,1.486885453808489244e+00
4.729732786027107068e+02,1.486872698049357400e+00
4.724911487434828814e+02,1.486842300240413195e+00
4.720090188842541465e+02,1.486827399208024092e+00
4.715268890250263212e+02,1.486795212680934508e+00
4.710447591657975863e+02,1.486778046037938061e+00
4.705626293065697610e+02,1.486742045856796590e+00
4.700804994473410261e+02,1.486720945222397505e+00
4.695983695881122912e+02,1.486681248753261686e+00
4.691162397288844659e+02,1.486657167912385002e+00
4.686341098696557310e+02,1.486614730425825481e+00
4.681519800104279057e+02,1.486588860866803419e+00
4.676698501511991708e+02,1.486545230406265183e+00
4.671877202919704359e+02,1.486518885440427207e+00
4.667055904327426106e+02,1.486474420046668188e+00
4.662234605735138757e+02,1.486447717040072058e+00
4.657413307142860504e+02,1.486403132794609006e+00
4.652592008550573155e+02,1.486376192084604808e+00
4.647770709958285806e+02,1.486329700269292564e+00
4.642949411366007553e+02,1.486299302460348359e+00
4.638128112773720204e+02,1.486249472397799920e+00
4.633306814181441950e+02,1.486218477359043000e+00
4.628485515589154602e+02,1.486169840270473719e+00
4.623664216996867253e+02,1.486140157057399769e+00
4.618842918404589000e+02,1.486090328480497602e+00
4.614021619812301651e+02,1.486058379656816086e+00
4.609200321220023397e+02,1.486007239254231393e+00
4.604379022627736049e+02,1.485976721107936660e+00
4.599557724035457795e+02,1.485927607126904970e+00
4.594736425443170447e+02,1.485897209317960765e+00
4.589915126850883098e+02,1.485845352833859101e+00
4.585093828258604844e+02,1.485811854481086769e+00
4.580272529666317496e+02,1.485757733872024033e+00
4.575451231074039242e+02,1.485724116667547667e+00
4.570629932481751894e+02,1.485670472950947341e+00
4.565808633889464545e+02,1.485636855746470975e+00
4.560987335297186291e+02,1.485581542163429303e+00
4.556166036704898943e+02,1.485546495767212205e+00
4.551344738112620689e+02,1.485490228399246160e+00
4.546523439520333341e+02,1.485454942813974721e+00
4.541702140928045992e+02,1.485397365105971978e+00
4.536880842335767738e+02,1.485361363439184013e+00
4.532059543743480390e+02,1.485304858367809899e+00
4.527238245151202136e+02,1.485272909544128384e+00
4.522416946558914788e+02,1.485219384679232091e+00
4.517595647966627439e+02,1.485185767474755503e+00
4.512774349374349185e+02,1.485124613816108718e+00
4.507953050782061837e+02,1.485083844710344048e+00
4.503131752189783583e+02,1.485022212673588582e+00
4.498310453597496235e+02,1.484987999724945995e+00
4.493489155005217981e+02,1.484931017761109473e+00
4.488667856412930632e+02,1.484893347713526657e+00
4.483846557820643284e+02,1.484825517560407482e+00
4.479025259228365030e+02,1.484779741826611987e+00
4.474203960636077682e+02,1.484712030525196846e+00
4.469382662043799428e+02,1.484672929800227026e+00
4.464561363451512079e+02,1.484609748234380744e+00
4.459740064859224731e+02,1.484570647509410923e+00
4.454918766266946477e+02,1.484504964115195502e+00
4.450097467674659129e+02,1.484465267646059461e+00
4.445276169082380875e+02,1.484399343577143204e+00
4.440454870490093526e+02,1.484357143793991751e+00
4.435633571897806178e+02,1.484284665053599905e+00
4.430812273305527924e+02,1.484235788775976284e+00
4.425990974713240576e+02,1.484158661448311767e+00
4.421169676120962322e+02,1.484109785170687923e+00
4.416348377528674973e+02,1.484034921967984699e+00
4.411527078936387625e+02,1.483989979681763494e+00
4.406705780344109371e+02,1.483917977833833834e+00
4.401884481751822022e+02,1.483874585076703445e+00
4.397063183159543769e+02,1.483799603022296187e+00
4.392241884567256420e+02,1.483751084785430718e+00
4.387420585974978167e+02,1.483670736576587990e+00
4.382599287382690818e+02,1.483620191918169295e+00
4.377777988790403469e+02,1.483538533369289869e+00
4.372956690198125216e+02,1.483486320330076325e+00
4.368135391605837867e+02,1.483400727789794482e+00
4.363314093013559614e+02,1.483346249139973372e+00
4.358492794421272265e+02,1.483260537747987495e+00
4.353671495828984916e+02,1.483207966668015798e+00
4.348850197236706663e+02,1.483121897235271547e+00
4.344028898644419314e+02,1.483068253518670998e+00
4.339207600052141061e+02,1.482980157664373744e+00
4.334386301459853712e+02,1.482927347395347484e+00
4.329565002867566363e+02,1.482841159110899421e+00
4.324743704275288110e+02,1.482793356955550701e+00
4.319922405683000761e+02,1.482714320572390498e+00
4.315101107090722508e+02,1.482677723161436312e+00
4.310279808498435159e+02,1.482611204834000107e+00
4.305458509906147810e+02,1.482589627307139057e+00
4.300637211313869557e+02,1.482538368052850108e+00
4.295815912721582208e+02,1.482538249201146074e+00
4.290994614129303955e+02,1.482514526401027766e+00
4.286173315537016606e+02,1.482549574282890914e+00
4.281352016944738352e+02,1.482561732812210264e+00
4.276530718352451004e+02,1.482630635601957847e+00
4.271709419760163655e+02,1.482671406193368790e+00
4.266888121167885402e+02,1.482768799222211609e+00
4.262066822575598053e+02,1.482836629375330784e+00
4.257245523983319799e+02,1.482962872169673263e+00
4.252424225391032451e+02,1.483055260056131308e+00
4.247602926798745102e+02,1.483202720850930412e+00
4.242781628206466848e+02,1.483306314967429484e+00
4.237960329614179500e+02,1.483457709753630782e+00
4.233139031021901246e+02,1.483553315549974716e+00
4.228317732429613898e+02,1.483696008905797115e+00
4.223496433837326549e+02,1.483782674082707587e+00
4.218675135245048295e+02,1.483922030676940285e+00
4.213853836652760947e+02,1.484002258548432929e+00
4.209032538060482693e+02,1.484139468383762095e+00
4.204211239468195345e+02,1.484220887743587181e+00
4.199389940875907996e+02,1.484379912809185464e+00
4.194568642283629742e+02,1.484493757885154475e+00
4.189747343691342394e+02,1.484702494161597164e+00
4.184926045099064140e+02,1.484832669461695787e+00
4.180104746506776792e+02,1.485092069248260982e+00
4.175283447914498538e+02,1.485373521968503363e+00
4.170462149322211189e+02,1.485704209007127741e+00
4.165640850729923841e+02,1.486019636972604863e+00
4.160819552137645587e+02,1.486418154164348193e+00
4.155998253545358239e+02,1.486799861268207401e+00
4.151176954953079985e+02,1.487274076595874739e+00
4.146355656360792636e+02,1.487708952009518137e+00
4.141534357768505288e+02,1.488214398593704191e+00
4.136713059176227034e+02,1.488653566039508158e+00
4.131891760583939686e+02,1.489150550382369431e+00
4.127070461991661432e+02,1.489561821847598333e+00
4.122249163399374083e+02,1.490008499235448980e+00
4.117427864807086735e+02,1.490375782199381272e+00
4.112606566214808481e+02,1.490752365309151672e+00
4.107785267622521133e+02,1.490957286445895758e+00
4.102963969030242879e+02,1.491275574280500393e+00
4.098142670437955530e+02,1.491438056445038685e+00
4.093321371845668182e+02,1.491688634463874674e+00
4.088500073253389928e+02,1.491781260053740787e+00
4.083678774661102580e+02,1.491976882530293258e+00
4.078857476068824326e+02,1.492010976627231811e+00
4.074036177476536977e+02,1.492166186553131713e+00
4.069214878884258724e+02,1.492151285520742832e+00
4.064393580291971375e+02,1.492279554736638536e+00
4.059572281699684027e+02,1.492223765746780950e+00
4.054750983107405773e+02,1.492341305625098036e+00
4.049929684515118424e+02,1.492258455587885946e+00
4.045108385922840171e+02,1.492389465821205130e+00
4.040287087330552822e+02,1.492291714751603937e+00
4.035465788738265474e+02,1.492458249759248901e+00
4.030644490145987220e+02,1.492348696715440459e+00
4.025823191553699871e+02,1.492582226942983814e+00
4.021001892961421618e+02,1.492465998890349699e+00
4.016180594369134269e+02,1.492834474828260705e+00
4.011359295776846920e+02,1.492717053801647653e+00
4.006537997184568667e+02,1.493409540283711090e+00
4.001716698592281318e+02,1.493291046620469409e+00
3.996895400000000222e+02,1.493291046620469409e+00
