4.042549999999999955e+02,7.870000000000000329e-01
4.055847864420062479e+02,7.680000000000000160e-01
4.069145728840125571e+02,7.600000000000000089e-01
4.082443593260188095e+02,7.580000000000000071e-01
4.095741457680250619e+02,7.429999999999999938e-01
4.109039322100313711e+02,7.389999999999999902e-01
4.122337186520376235e+02,7.270999999999999686e-01
4.135635050940438759e+02,7.080999999999999517e-01
4.148932915360501283e+02,6.951000000000000512e-01
4.162230779780564376e+02,6.909999999999999476e-01
4.175528644200626900e+02,6.850000000000000533e-01
4.188826508620689424e+02,6.810000000000000497e-01
4.202124373040752516e+02,6.770000000000000462e-01
4.215422237460815040e+02,6.750000000000000444e-01
4.228720101880877564e+02,6.750000000000000444e-01
4.242017966300940088e+02,6.720000000000000417e-01
4.255315830721003181e+02,6.720000000000000417e-01
4.268613695141065705e+02,6.720000000000000417e-01
4.281911559561128229e+02,6.720000000000000417e-01
4.295209423981191321e+02,6.750000000000000444e-01
4.308507288401253845e+02,6.770000000000000462e-01
4.321805152821316369e+02,6.810000000000000497e-01
4.335103017241379462e+02,6.909999999999999476e-01
4.348400881661441986e+02,6.999999999999999556e-01
4.361698746081504510e+02,7.039999999999999591e-01
4.374996610501567602e+02,7.079999999999999627e-01
4.388294474921630126e+02,7.159999999999999698e-01
4.401592339341692650e+02,7.219999999999999751e-01
4.414890203761755174e+02,7.289999999999999813e-01
4.428188068181818267e+02,7.409000000000000030e-01
4.441485932601880791e+02,7.580000000000000071e-01
4.454783797021943315e+02,7.620000000000000107e-01
4.468081661442006407e+02,7.640000000000000124e-01
4.481379525862068931e+02,7.750000000000000222e-01
4.494677390282131455e+02,7.750000000000000222e-01
4.507975254702193979e+02,7.810000000000000275e-01
4.521273119122257071e+02,7.929000000000000492e-01
4.534570983542319595e+02,8.000000000000000444e-01
4.547868847962382119e+02,8.060000000000000497e-01
4.561166712382445212e+02,8.060000000000000497e-01
4.574464576802507736e+02,8.120000000000000551e-01
4.587762441222570260e+02,8.120000000000000551e-01
4.601060305642633352e+02,8.139999999999999458e-01
4.614358170062695876e+02,8.159999999999999476e-01
4.627656034482758400e+02,8.219999999999999529e-01
4.640953898902821493e+02,8.269999999999999574e-01
4.654251763322884017e+02,8.289999999999999591e-01
4.667549627742946541e+02,8.289999999999999591e-01
4.680847492163009065e+02,8.289999999999999591e-01
4.694145356583072157e+02,8.309999999999999609e-01
4.707443221003134681e+02,8.309999999999999609e-01
4.720741085423197205e+02,8.329999999999999627e-01
4.734038949843260298e+02,8.349999999999999645e-01
4.747336814263322822e+02,8.349999999999999645e-01
4.760634678683385346e+02,8.349999999999999645e-01
4.773932543103447870e+02,8.349999999999999645e-01
4.787230407523510962e+02,8.349999999999999645e-01
4.800528271943573486e+02,8.329999999999999627e-01
4.813826136363636579e+02,8.309999999999999609e-01
4.827124000783699103e+02,8.309999999999999609e-01
4.840421865203761627e+02,8.159999999999999476e-01
4.853719729623824151e+02,8.100000000000000533e-01
4.867017594043887243e+02,8.020000000000000462e-01
4.880315458463949767e+02,7.970000000000000417e-01
4.893613322884012291e+02,7.950000000000000400e-01
4.906911187304075384e+02,7.930000000000000382e-01
4.920209051724137908e+02,7.771000000000000130e-01
4.933506916144200432e+02,7.750000000000000222e-01
4.946804780564262956e+02,7.661000000000000032e-01
4.960102644984326048e+02,7.620000000000000107e-01
4.973400509404388572e+02,7.600000000000000089e-01
4.986698373824451096e+02,7.560000000000000053e-01
4.999996238244514188e+02,7.560000000000000053e-01
5.013294102664576712e+02,7.560000000000000053e-01
5.026591967084639236e+02,7.560000000000000053e-01
5.039889831504701760e+02,7.560000000000000053e-01
5.053187695924764853e+02,7.580000000000000071e-01
5.066485560344827377e+02,7.620000000000000107e-01
5.079783424764890469e+02,7.699000000000000288e-01
5.093081289184952993e+02,7.750000000000000222e-01
5.106379153605015517e+02,7.950000000000000400e-01
5.119677018025078041e+02,8.139999999999999458e-01
5.132974882445140565e+02,8.269999999999999574e-01
5.146272746865204226e+02,8.349999999999999645e-01
5.159570611285266750e+02,8.409999999999999698e-01
5.172868475705329274e+02,8.538999999999999924e-01
5.186166340125391798e+02,8.599999999999999867e-01
5.199464204545454322e+02,8.699000000000000066e-01
5.212762068965516846e+02,8.928000000000000380e-01
5.226059933385579370e+02,9.099000000000000421e-01
5.239357797805641894e+02,9.140000000000000346e-01
5.252655662225705555e+02,9.160000000000000364e-01
5.265953526645768079e+02,9.220000000000000417e-01
5.279251391065830603e+02,9.330000000000000515e-01
5.292549255485893127e+02,9.370000000000000551e-01
5.305847119905955651e+02,9.409999999999999476e-01
5.319144984326019312e+02,9.469999999999999529e-01
5.332442848746081836e+02,9.519999999999999574e-01
5.345740713166144360e+02,9.559999999999999609e-01
5.359038577586206884e+02,9.579999999999999627e-01
5.372336442006269408e+02,9.579999999999999627e-01
5.385634306426331932e+02,9.599999999999999645e-01
5.398932170846394456e+02,9.619999999999999662e-01
5.412230035266456980e+02,9.639999999999999680e-01
5.425527899686520641e+02,9.639999999999999680e-01
5.438825764106583165e+02,9.659999999999999698e-01
5.452123628526645689e+02,9.659999999999999698e-01
5.465421492946708213e+02,9.679999999999999716e-01
5.478719357366770737e+02,9.679999999999999716e-01
5.492017221786834398e+02,9.679999999999999716e-01
5.505315086206896922e+02,9.719999999999999751e-01
5.518612950626959446e+02,9.719999999999999751e-01
5.531910815047021970e+02,9.749999999999999778e-01
5.545208679467084494e+02,9.749999999999999778e-01
5.558506543887147018e+02,9.769999999999999796e-01
5.571804408307209542e+02,9.769999999999999796e-01
5.585102272727272066e+02,9.769999999999999796e-01
5.598400137147334590e+02,9.789999999999999813e-01
5.611698001567398251e+02,9.789999999999999813e-01
5.624995865987460775e+02,9.789999999999999813e-01
5.638293730407523299e+02,9.809999999999999831e-01
5.651591594827585823e+02,9.809999999999999831e-01
5.664889459247648347e+02,9.809999999999999831e-01
5.678187323667712008e+02,9.809999999999999831e-01
5.691485188087774532e+02,9.809999999999999831e-01
5.704783052507837056e+02,9.809999999999999831e-01
5.718080916927899580e+02,9.809999999999999831e-01
5.731378781347962104e+02,9.829999999999999849e-01
5.744676645768024628e+02,9.829999999999999849e-01
5.757974510188087152e+02,9.829999999999999849e-01
5.771272374608149676e+02,9.829999999999999849e-01
5.784570239028213336e+02,9.829999999999999849e-01
5.797868103448275861e+02,9.829999999999999849e-01
5.811165967868338385e+02,9.849999999999999867e-01
5.824463832288400909e+02,9.869999999999999885e-01
5.837761696708463433e+02,9.869999999999999885e-01
5.851059561128527093e+02,9.889999999999999902e-01
5.864357425548589617e+02,9.889999999999999902e-01
5.877655289968652141e+02,9.889999999999999902e-01
5.890953154388714665e+02,9.889999999999999902e-01
5.904251018808777189e+02,9.909999999999999920e-01
5.917548883228839713e+02,9.909999999999999920e-01
5.930846747648902237e+02,9.909999999999999920e-01
5.944144612068964761e+02,9.929999999999999938e-01
5.957442476489028422e+02,9.949999999999999956e-01
5.970740340909090946e+02,9.949999999999999956e-01
5.984038205329153470e+02,9.949999999999999956e-01
5.997336069749215994e+02,9.969999999999999973e-01
6.010633934169278518e+02,9.969999999999999973e-01
6.023931798589342179e+02,9.969999999999999973e-01
6.037229663009404703e+02,9.969999999999999973e-01
6.050527527429467227e+02,9.969999999999999973e-01
6.063825391849529751e+02,9.969999999999999973e-01
6.077123256269592275e+02,1.000000000000000000e+00
6.090421120689654799e+02,1.000000000000000000e+00
6.103718985109717323e+02,1.002000000000000002e+00
6.117016849529779847e+02,1.002000000000000002e+00
6.130314713949842371e+02,1.002000000000000002e+00
6.143612578369906032e+02,1.002000000000000002e+00
6.156910442789968556e+02,1.002000000000000002e+00
6.170208307210031080e+02,1.002000000000000002e+00
6.183506171630093604e+02,1.002000000000000002e+00
6.196804036050156128e+02,1.002000000000000002e+00
6.210101900470219789e+02,1.002000000000000002e+00
6.223399764890282313e+02,1.002000000000000002e+00
6.236697629310344837e+02,1.002000000000000002e+00
6.249995493730407361e+02,1.002000000000000002e+00
6.263293358150469885e+02,1.004000000000000004e+00
6.276591222570532409e+02,1.004000000000000004e+00
6.289889086990594933e+02,1.004000000000000004e+00
6.303186951410657457e+02,1.004000000000000004e+00
6.316484815830721118e+02,1.004000000000000004e+00
6.329782680250783642e+02,1.006000000000000005e+00
6.343080544670846166e+02,1.006000000000000005e+00
6.356378409090908690e+02,1.006000000000000005e+00
6.369676273510971214e+02,1.006000000000000005e+00
6.382974137931034875e+02,1.006000000000000005e+00
6.396272002351097399e+02,1.006000000000000005e+00
6.409569866771159923e+02,1.006000000000000005e+00
6.422867731191222447e+02,1.006000000000000005e+00
6.436165595611284971e+02,1.006000000000000005e+00
6.449463460031347495e+02,1.006000000000000005e+00
6.462761324451410019e+02,1.006000000000000005e+00
6.476059188871472543e+02,1.008000000000000007e+00
6.489357053291536204e+02,1.010000000000000009e+00
6.502654917711598728e+02,1.010000000000000009e+00
6.515952782131661252e+02,1.010000000000000009e+00
6.529250646551723776e+02,1.010000000000000009e+00
6.542548510971786300e+02,1.010000000000000009e+00
6.555846375391849961e+02,1.010000000000000009e+00
6.569144239811912485e+02,1.008000000000000007e+00
6.582442104231975009e+02,1.008000000000000007e+00
6.595739968652037533e+02,1.008000000000000007e+00
6.609037833072100057e+02,1.008000000000000007e+00
6.622335697492162581e+02,1.006000000000000005e+00
6.635633561912225105e+02,1.006000000000000005e+00
6.648931426332287629e+02,1.004000000000000004e+00
6.662229290752350153e+02,1.004000000000000004e+00
6.675527155172413813e+02,1.006000000000000005e+00
6.688825019592476337e+02,1.008000000000000007e+00
6.702122884012538861e+02,1.010000000000000009e+00
6.715420748432601386e+02,1.010000000000000009e+00
6.728718612852665046e+02,1.012000000000000011e+00
6.742016477272727570e+02,1.022000000000000020e+00
6.755314341692790094e+02,1.026999999999999913e+00
6.768612206112852618e+02,1.032999999999999918e+00
6.781910070532915142e+02,1.036999999999999922e+00
6.795207934952977666e+02,1.040999999999999925e+00
6.808505799373040190e+02,1.042999999999999927e+00
6.821803663793102714e+02,1.044999999999999929e+00
6.835101528213165238e+02,1.046999999999999931e+00
6.848399392633227762e+02,1.046999999999999931e+00
6.861697257053291423e+02,1.044999999999999929e+00
6.874995121473353947e+02,1.042999999999999927e+00
6.888292985893416471e+02,1.036999999999999922e+00
6.901590850313480132e+02,1.032999999999999918e+00
6.914888714733542656e+02,1.028999999999999915e+00
6.928186579153605180e+02,1.024999999999999911e+00
6.941484443573667704e+02,1.016100000000000003e+00
6.954782307993730228e+02,1.010000000000000009e+00
6.968080172413792752e+02,1.004000000000000004e+00
6.981378036833855276e+02,1.002000000000000002e+00
6.994675901253917800e+02,9.969999999999999973e-01
7.007973765673980324e+02,9.809999999999999831e-01
7.021271630094042848e+02,9.749999999999999778e-01
7.034569494514106509e+02,9.600999999999999535e-01
7.047867358934169033e+02,9.559999999999999609e-01
7.061165223354231557e+02,9.431000000000000494e-01
7.074463087774295218e+02,9.389999999999999458e-01
7.087760952194357742e+02,9.350000000000000533e-01
7.101058816614420266e+02,9.140000000000000346e-01
7.114356681034482790e+02,8.950000000000000178e-01
7.127654545454545314e+02,8.699999999999999956e-01
7.140952409874607838e+02,8.619999999999999885e-01
7.154250274294670362e+02,8.599999999999999867e-01
7.167548138714732886e+02,8.639999999999999902e-01
7.180846003134795410e+02,8.699999999999999956e-01
7.194143867554857934e+02,8.909000000000000252e-01
7.207441731974921595e+02,8.999000000000000332e-01
7.220739596394984119e+02,9.139000000000000457e-01
7.234037460815046643e+02,9.140000000000000346e-01
7.247335325235109167e+02,9.160000000000000364e-01
7.260633189655172828e+02,9.160000000000000364e-01
7.273931054075235352e+02,9.180000000000000382e-01
7.287228918495297876e+02,9.220000000000000417e-01
7.300526782915360400e+02,9.310000000000000497e-01
7.313824647335422924e+02,9.389999999999999458e-01
7.327122511755485448e+02,9.638999999999999790e-01
7.340420376175547972e+02,9.718999999999999861e-01
7.353718240595610496e+02,9.788999999999999924e-01
7.367016105015673020e+02,9.829999999999999849e-01
7.380313969435735544e+02,9.889999999999999902e-01
7.393611833855799205e+02,1.000000000000000000e+00
7.406909698275861729e+02,1.002000000000000002e+00
7.420207562695924253e+02,1.004000000000000004e+00
7.433505427115987914e+02,1.004000000000000004e+00
7.446803291536050438e+02,1.004000000000000004e+00
7.460101155956112962e+02,1.004000000000000004e+00
7.473399020376175486e+02,1.004000000000000004e+00
7.486696884796238010e+02,1.004000000000000004e+00
7.499994749216300534e+02,1.002000000000000002e+00
7.513292613636363058e+02,1.002000000000000002e+00
7.526590478056425582e+02,1.000000000000000000e+00
7.539888342476488106e+02,1.000000000000000000e+00
7.553186206896550630e+02,1.000000000000000000e+00
7.566484071316614290e+02,9.969999999999999973e-01
7.579781935736676814e+02,9.929999999999999938e-01
7.593079800156739338e+02,9.929999999999999938e-01
7.606377664576802999e+02,9.909999999999999920e-01
7.619675528996865523e+02,9.849999999999999867e-01
7.632973393416928047e+02,9.829999999999999849e-01
7.646271257836990571e+02,9.789999999999999813e-01
7.659569122257053095e+02,9.769999999999999796e-01
7.672866986677115619e+02,9.719999999999999751e-01
7.686164851097178143e+02,9.679999999999999716e-01
7.699462715517240667e+02,9.679999999999999716e-01
7.712760579937303191e+02,9.560999999999999499e-01
7.726058444357365715e+02,9.391000000000000458e-01
7.739356308777429376e+02,9.291000000000000369e-01
7.752654173197491900e+02,9.141000000000000236e-01
7.765952037617554424e+02,8.719999999999999973e-01
7.779249902037618085e+02,8.579999999999999849e-01
7.792547766457680609e+02,8.429999999999999716e-01
7.805845630877743133e+02,8.021000000000000352e-01
7.819143495297805657e+02,7.811000000000000165e-01
7.832441359717868181e+02,7.540999999999999925e-01
7.845739224137930705e+02,7.390999999999999792e-01
7.859037088557993229e+02,7.250999999999999668e-01
7.872334952978055753e+02,7.080999999999999517e-01
7.885632817398118277e+02,6.812000000000000277e-01
7.898930681818180801e+02,6.580000000000000293e-01
7.912228546238244462e+02,6.410000000000000142e-01
7.925526410658306986e+02,6.390000000000000124e-01
7.938824275078369510e+02,6.390000000000000124e-01
7.952122139498432034e+02,6.390000000000000124e-01
7.965420003918495695e+02,6.310000000000000053e-01
7.978717868338558219e+02,6.140999999999999792e-01
7.992015732758620743e+02,6.079999999999999849e-01
8.005313597178683267e+02,5.970999999999999641e-01
8.018611461598745791e+02,5.870999999999999552e-01
8.031909326018808315e+02,5.749999999999999556e-01
8.045207190438870839e+02,5.719999999999999529e-01
8.058505054858933363e+02,5.659999999999999476e-01
8.071802919278995887e+02,5.639999999999999458e-01
8.085100783699058411e+02,5.620000000000000551e-01
8.098398648119122072e+02,5.500000000000000444e-01
8.111696512539184596e+02,5.430000000000000382e-01
8.124994376959247120e+02,5.350000000000000311e-01
8.138292241379310781e+02,5.161000000000000032e-01
8.151590105799373305e+02,5.020999999999999908e-01
8.164887970219435829e+02,4.949999999999999956e-01
8.178185834639498353e+02,4.929999999999999938e-01
8.191483699059560877e+02,4.909999999999999920e-01
8.204781563479623401e+02,4.909999999999999920e-01
8.218079427899685925e+02,5.617999999999999661e-01
8.231377292319748449e+02,6.018000000000000016e-01
8.244675156739810973e+02,6.059999999999999831e-01
8.257973021159873497e+02,6.159000000000000030e-01
8.271270885579937158e+02,6.329000000000000181e-01
8.284568749999999682e+02,6.657999999999999474e-01
8.297866614420062206e+02,6.949999999999999512e-01
8.311164478840125867e+02,7.559000000000000163e-01
8.324462343260188391e+02,7.999000000000000554e-01
8.337760207680250915e+02,8.598999999999999977e-01
8.351058072100313439e+02,8.829000000000000181e-01
8.364355936520375963e+02,8.950000000000000178e-01
8.377653800940438487e+02,9.179000000000000492e-01
8.390951665360501011e+02,9.328999999999999515e-01
8.404249529780563535e+02,9.428999999999999604e-01
8.417547394200626059e+02,9.558999999999999719e-01
8.430845258620688583e+02,9.619999999999999662e-01
8.444143123040752243e+02,9.659999999999999698e-01
8.457440987460814767e+02,9.699999999999999734e-01
8.470738851880877291e+02,9.719999999999999751e-01
8.484036716300939815e+02,9.749999999999999778e-01
8.497334580721003476e+02,9.749999999999999778e-01
8.510632445141066000e+02,9.749999999999999778e-01
8.523930309561128524e+02,9.719999999999999751e-01
8.537228173981191048e+02,9.719999999999999751e-01
8.550526038401253572e+02,9.699999999999999734e-01
8.563823902821316096e+02,9.699999999999999734e-01
8.577121767241378620e+02,9.699999999999999734e-01
8.590419631661441144e+02,9.699999999999999734e-01
8.603717496081503668e+02,9.659999999999999698e-01
8.617015360501566192e+02,9.639999999999999680e-01
8.630313224921629853e+02,9.639999999999999680e-01
8.643611089341692377e+02,9.619999999999999662e-01
8.656908953761754901e+02,9.619999999999999662e-01
8.670206818181818562e+02,9.619999999999999662e-01
8.683504682601881086e+02,9.579999999999999627e-01
8.696802547021943610e+02,9.579999999999999627e-01
8.710100411442006134e+02,9.579999999999999627e-01
8.723398275862068658e+02,9.559999999999999609e-01
8.736696140282131182e+02,9.449999999999999512e-01
8.749994004702193706e+02,9.449999999999999512e-01
8.763291869122256230e+02,9.409999999999999476e-01
8.776589733542318754e+02,9.370000000000000551e-01
8.789887597962381278e+02,9.310000000000000497e-01
8.803185462382444939e+02,9.310000000000000497e-01
8.816483326802507463e+02,9.181000000000000272e-01
8.829781191222569987e+02,9.020000000000000240e-01
8.843079055642633648e+02,8.770000000000000018e-01
8.856376920062696172e+02,8.699999999999999956e-01
8.869674784482758696e+02,8.579999999999999849e-01
8.882972648902821220e+02,8.519999999999999796e-01
8.896270513322883744e+02,8.330999999999999517e-01
8.909568377742946268e+02,8.309999999999999609e-01
8.922866242163008792e+02,7.972000000000000197e-01
8.936164106583071316e+02,7.621999999999999886e-01
8.949461971003133840e+02,7.124000000000000332e-01
8.962759835423196364e+02,7.079999999999999627e-01
8.976057699843260025e+02,6.909999999999999476e-01
8.989355564263322549e+02,6.889999999999999458e-01
9.002653428683385073e+02,6.770000000000000462e-01
9.015951293103447597e+02,6.700000000000000400e-01
9.029249157523511258e+02,6.351999999999999869e-01
9.042547021943573782e+02,5.873000000000000442e-01
9.055844886363636306e+02,5.661000000000000476e-01
9.069142750783698830e+02,5.452000000000000179e-01
9.082440615203761354e+02,5.161999999999999922e-01
9.095738479623823878e+02,4.909999999999999920e-01
9.109036344043886402e+02,4.789999999999999813e-01
9.122334208463948926e+02,4.600000000000000200e-01
9.135632072884011450e+02,4.560000000000000164e-01
9.148929937304075111e+02,4.560000000000000164e-01
9.162227801724137635e+02,4.580000000000000182e-01
9.175525666144200159e+02,4.600000000000000200e-01
9.188823530564262683e+02,4.560000000000000164e-01
9.202121394984325207e+02,4.370999999999999885e-01
9.215419259404388868e+02,4.270999999999999797e-01
9.228717123824451392e+02,4.269999999999999907e-01
9.242014988244513916e+02,5.139000000000000234e-01
9.255312852664576440e+02,5.370000000000000329e-01
9.268610717084638964e+02,5.500000000000000444e-01
9.281908581504701488e+02,5.639999999999999458e-01
9.295206445924764012e+02,5.928999999999999826e-01
9.308504310344827672e+02,6.179000000000000048e-01
9.321802174764890196e+02,6.785999999999999810e-01
9.335100039184952720e+02,7.307000000000000162e-01
9.348397903605015244e+02,7.885999999999999677e-01
9.361695768025077768e+02,8.120000000000000551e-01
9.374993632445140292e+02,8.409999999999999698e-01
9.388291496865202816e+02,8.619999999999999885e-01
9.401589361285266477e+02,8.810000000000000053e-01
9.414887225705329001e+02,8.910000000000000142e-01
9.428185090125391525e+02,9.059000000000000385e-01
9.441482954545454049e+02,9.160000000000000364e-01
9.454780818965516573e+02,9.288999999999999480e-01
9.468078683385579097e+02,9.310000000000000497e-01
9.481376547805642758e+02,9.310000000000000497e-01
9.494674412225705282e+02,9.330000000000000515e-01
9.507972276645767806e+02,9.350000000000000533e-01
9.521270141065830330e+02,9.370000000000000551e-01
9.534568005485892854e+02,9.389999999999999458e-01
9.547865869905955378e+02,9.389999999999999458e-01
9.561163734326017902e+02,9.409999999999999476e-01
9.574461598746081563e+02,9.409999999999999476e-01
9.587759463166144087e+02,9.429999999999999494e-01
9.601057327586206611e+02,9.429999999999999494e-01
9.614355192006269135e+02,9.429999999999999494e-01
9.627653056426331659e+02,9.409999999999999476e-01
9.640950920846394183e+02,9.409999999999999476e-01
9.654248785266456707e+02,9.409999999999999476e-01
9.667546649686520368e+02,9.429999999999999494e-01
9.680844514106582892e+02,9.429999999999999494e-01
9.694142378526645416e+02,9.429999999999999494e-01
9.707440242946707940e+02,9.429999999999999494e-01
9.720738107366770464e+02,9.429999999999999494e-01
9.734035971786832988e+02,9.409999999999999476e-01
9.747333836206896649e+02,9.389999999999999458e-01
9.760631700626959173e+02,9.370000000000000551e-01
9.773929565047021697e+02,9.370000000000000551e-01
9.787227429467084221e+02,9.350000000000000533e-01
9.800525293887146745e+02,9.350000000000000533e-01
9.813823158307209269e+02,9.330000000000000515e-01
9.827121022727271793e+02,9.330000000000000515e-01
9.840418887147335454e+02,9.310000000000000497e-01
9.853716751567397978e+02,9.310000000000000497e-01
9.867014615987460502e+02,9.290000000000000480e-01
9.880312480407523026e+02,9.270000000000000462e-01
9.893610344827585550e+02,9.270000000000000462e-01
9.906908209247648074e+02,9.270000000000000462e-01
9.920206073667710598e+02,9.250000000000000444e-01
9.933503938087774259e+02,9.220000000000000417e-01
9.946801802507836783e+02,9.220000000000000417e-01
9.960099666927899307e+02,9.200000000000000400e-01
9.973397531347961831e+02,9.200000000000000400e-01
9.986695395768024355e+02,9.200000000000000400e-01
9.999993260188086879e+02,9.200000000000000400e-01
1.001329112460815054e+03,9.180000000000000382e-01
1.002658898902821306e+03,9.160000000000000364e-01
1.003988685344827559e+03,9.160000000000000364e-01
1.005318471786833811e+03,9.160000000000000364e-01
1.006648258228840064e+03,9.140000000000000346e-01
1.007978044670846316e+03,9.140000000000000346e-01
1.009307831112852568e+03,9.120000000000000329e-01
1.010637617554858934e+03,9.100000000000000311e-01
1.011967403996865187e+03,9.100000000000000311e-01
1.013297190438871439e+03,9.001000000000000112e-01
1.014626976880877692e+03,8.931000000000000050e-01
1.015956763322883944e+03,8.910000000000000142e-01
1.017286549764890196e+03,8.830000000000000071e-01
1.018616336206896449e+03,8.770000000000000018e-01
1.019946122648902815e+03,8.719999999999999973e-01
1.021275909090909067e+03,8.619999999999999885e-01
1.022605695532915320e+03,8.499999999999999778e-01
1.023935481974921572e+03,8.310999999999999499e-01
1.025265268416927938e+03,7.972000000000000197e-01
1.026595054858933963e+03,7.621999999999999886e-01
1.027924841300940443e+03,7.252999999999999448e-01
1.029254627742946695e+03,6.810000000000000497e-01
1.030584414184952948e+03,6.179999999999999938e-01
1.031914200626959200e+03,5.790999999999999481e-01
1.033243987068965453e+03,5.371000000000000218e-01
1.034573773510971705e+03,4.522999999999999798e-01
1.035903559952977957e+03,3.793000000000000260e-01
1.037233346394984437e+03,3.123000000000000220e-01
1.038563132836990462e+03,2.562999999999999723e-01
1.039892919278996942e+03,2.331999999999999906e-01
1.041222705721002967e+03,1.724999999999999867e-01
1.042552492163009447e+03,1.580000000000000016e-01
1.043882278605015472e+03,1.409999999999999865e-01
1.045212065047021952e+03,1.270000000000000018e-01
1.046541851489028204e+03,1.179999999999999938e-01
1.047871637931034456e+03,1.039999999999999952e-01
1.049201424373040709e+03,9.700000000000000289e-02
1.050531210815046961e+03,9.099999999999999756e-02
1.051860997257053214e+03,7.009999999999999565e-02
1.053190783699059466e+03,6.600000000000000311e-02
1.054520570141065946e+03,6.800000000000000488e-02
1.055850356583071971e+03,7.900000000000000078e-02
1.057180143025078451e+03,8.100000000000000255e-02
1.058509929467084476e+03,8.500000000000000611e-02
1.059839715909090955e+03,8.500000000000000611e-02
1.061169502351096980e+03,8.300000000000000433e-02
1.062499288793103460e+03,1.098999999999999977e-01
1.063829075235109713e+03,1.199000000000000066e-01
1.065158861677115965e+03,1.637000000000000122e-01
1.066488648119122217e+03,1.867999999999999938e-01
1.067818434561128470e+03,2.038999999999999979e-01
1.069148221003134722e+03,2.099999999999999922e-01
1.070478007445140975e+03,2.250000000000000056e-01
1.071807793887147227e+03,2.270000000000000073e-01
1.073137580329153479e+03,2.290000000000000091e-01
1.074467366771159959e+03,2.290000000000000091e-01
1.075797153213165984e+03,2.290000000000000091e-01
1.077126939655172464e+03,2.290000000000000091e-01
1.078456726097178489e+03,2.270000000000000073e-01
1.079786512539184969e+03,2.290000000000000091e-01
1.081116298981191221e+03,2.349999999999999867e-01
1.082446085423197474e+03,2.600000000000000089e-01
1.083775871865203726e+03,2.829999999999999738e-01
1.085105658307209978e+03,2.929999999999999827e-01
1.086435444749216231e+03,3.099999999999999978e-01
1.087765231191222483e+03,3.368999999999999773e-01
1.089095017633228736e+03,3.598999999999999977e-01
1.090424804075234988e+03,4.137000000000000122e-01
1.091754590517241468e+03,4.576999999999999957e-01
1.093084376959247493e+03,5.553000000000000158e-01
1.094414163401253973e+03,5.658999999999999586e-01
1.095743949843259998e+03,6.039999999999999813e-01
1.097073736285266477e+03,6.219999999999999973e-01
1.098403522727272730e+03,6.390000000000000124e-01
1.099733309169278982e+03,6.699000000000000510e-01
1.101063095611285235e+03,6.908999999999999586e-01
1.102392882053291487e+03,7.098999999999999755e-01
1.103722668495297739e+03,7.288999999999999924e-01
1.105052454937303992e+03,7.329999999999999849e-01
1.106382241379310244e+03,7.429000000000000048e-01
1.107712027821316497e+03,7.499000000000000110e-01
1.109041814263322976e+03,7.580000000000000071e-01
1.110371600705329001e+03,7.600000000000000089e-01
1.111701387147335481e+03,7.700000000000000178e-01
1.113031173589341506e+03,7.770000000000000240e-01
1.114360960031347986e+03,7.810000000000000275e-01
1.115690746473354011e+03,7.870000000000000329e-01
1.117020532915360491e+03,7.890000000000000346e-01
1.118350319357366743e+03,7.890000000000000346e-01
1.119680105799372996e+03,7.890000000000000346e-01
1.121009892241379248e+03,7.930000000000000382e-01
1.122339678683385500e+03,8.040000000000000480e-01
1.123669465125391753e+03,8.120000000000000551e-01
1.124999251567398005e+03,8.120000000000000551e-01
1.126329038009404485e+03,8.139999999999999458e-01
1.127658824451410510e+03,8.159999999999999476e-01
1.128988610893416990e+03,8.179999999999999494e-01
1.130318397335423015e+03,8.219999999999999529e-01
1.131648183777429495e+03,8.308999999999999719e-01
1.132977970219435520e+03,8.349999999999999645e-01
1.134307756661441999e+03,8.389999999999999680e-01
1.135637543103448252e+03,8.429999999999999716e-01
1.136967329545454504e+03,8.469999999999999751e-01
1.138297115987460757e+03,8.519999999999999796e-01
1.139626902429467009e+03,8.539999999999999813e-01
1.140956688871473261e+03,8.579999999999999849e-01
1.142286475313479514e+03,8.639999999999999902e-01
1.143616261755485993e+03,8.679999999999999938e-01
1.144946048197492019e+03,8.699999999999999956e-01
1.146275834639498498e+03,8.719999999999999973e-01
1.147605621081504523e+03,8.750000000000000000e-01
1.148935407523511003e+03,8.770000000000000018e-01
1.150265193965517028e+03,8.810000000000000053e-01
1.151594980407523508e+03,8.850000000000000089e-01
1.152924766849529760e+03,8.870000000000000107e-01
1.154254553291536013e+03,8.890000000000000124e-01
1.155584339733542265e+03,8.910000000000000142e-01
1.156914126175548517e+03,8.910000000000000142e-01
1.158243912617554770e+03,8.910000000000000142e-01
1.159573699059561022e+03,8.910000000000000142e-01
1.160903485501567502e+03,8.910000000000000142e-01
1.162233271943573527e+03,8.890000000000000124e-01
1.163563058385580007e+03,8.890000000000000124e-01
1.164892844827586032e+03,8.850000000000000089e-01
1.166222631269592512e+03,8.830000000000000071e-01
1.167552417711598537e+03,8.790000000000000036e-01
1.168882204153605016e+03,8.750000000000000000e-01
1.170211990595611269e+03,8.699999999999999956e-01
1.171541777037617521e+03,8.600999999999999757e-01
1.172871563479623774e+03,8.539999999999999813e-01
1.174201349921630026e+03,8.499999999999999778e-01
1.175531136363636278e+03,8.329999999999999627e-01
1.176860922805642531e+03,8.309999999999999609e-01
1.178190709247649011e+03,8.219999999999999529e-01
1.179520495689655036e+03,8.120000000000000551e-01
1.180850282131661515e+03,7.951000000000000290e-01
1.182180068573667540e+03,7.910000000000000364e-01
1.183509855015674020e+03,7.811000000000000165e-01
1.184839641457680045e+03,7.770000000000000240e-01
1.186169427899686525e+03,7.750000000000000222e-01
1.187499214341692777e+03,7.661000000000000032e-01
1.188829000783699030e+03,7.640000000000000124e-01
1.190158787225705282e+03,7.620000000000000107e-01
1.191488573667711535e+03,7.620000000000000107e-01
1.192818360109717787e+03,7.620000000000000107e-01
1.194148146551724039e+03,7.640000000000000124e-01
1.195477932993730292e+03,7.750000000000000222e-01
1.196807719435736544e+03,7.790000000000000258e-01
1.198137505877743024e+03,7.909000000000000474e-01
1.199467292319749049e+03,7.950000000000000400e-01
1.200797078761755529e+03,8.138999999999999568e-01
1.202126865203761554e+03,8.269999999999999574e-01
1.203456651645768034e+03,8.309999999999999609e-01
1.204786438087774286e+03,8.329999999999999627e-01
1.206116224529780538e+03,8.329999999999999627e-01
1.207446010971786791e+03,8.389999999999999680e-01
1.208775797413793043e+03,8.499999999999999778e-01
1.210105583855799296e+03,8.519999999999999796e-01
1.211435370297805548e+03,8.599999999999999867e-01
1.212765156739811800e+03,8.639999999999999902e-01
1.214094943181818053e+03,8.679999999999999938e-01
1.215424729623824533e+03,8.699999999999999956e-01
1.216754516065830558e+03,8.699999999999999956e-01
1.218084302507837037e+03,8.699999999999999956e-01
1.219414088949843062e+03,8.719999999999999973e-01
1.220743875391849542e+03,8.750000000000000000e-01
1.222073661833855567e+03,8.750000000000000000e-01
1.223403448275862047e+03,8.750000000000000000e-01
1.224733234717868299e+03,8.770000000000000018e-01
1.226063021159874552e+03,8.770000000000000018e-01
1.227392807601880804e+03,8.770000000000000018e-01
1.228722594043887057e+03,8.770000000000000018e-01
1.230052380485893309e+03,8.719999999999999973e-01
1.231382166927899561e+03,8.719999999999999973e-01
1.232711953369906041e+03,8.719999999999999973e-01
1.234041739811912066e+03,8.750000000000000000e-01
1.235371526253918546e+03,8.770000000000000018e-01
1.236701312695924571e+03,8.770000000000000018e-01
1.238031099137931051e+03,8.750000000000000000e-01
1.239360885579937076e+03,8.719999999999999973e-01
1.240690672021943556e+03,8.679999999999999938e-01
1.242020458463949808e+03,8.679999999999999938e-01
1.243350244905956060e+03,8.599999999999999867e-01
1.244680031347962313e+03,8.519999999999999796e-01
1.246009817789968565e+03,8.499999999999999778e-01
1.247339604231974818e+03,8.469999999999999751e-01
1.248669390673981070e+03,8.161000000000000476e-01
1.249999177115987550e+03,8.001000000000000334e-01
1.251328963557993575e+03,7.621999999999999886e-01
1.252658750000000055e+03,7.271999999999999575e-01
1.253988536442006080e+03,6.913000000000000256e-01
1.255318322884012559e+03,6.580000000000000293e-01
1.256648109326018584e+03,6.370000000000000107e-01
1.257977895768025064e+03,5.621000000000000441e-01
1.259307682210031317e+03,5.430000000000000382e-01
1.260637468652037569e+03,5.251000000000000112e-01
1.261967255094043821e+03,4.832000000000000184e-01
1.263297041536050074e+03,4.581000000000000072e-01
1.264626827978056326e+03,4.450999999999999956e-01
1.265956614420062579e+03,4.350999999999999868e-01
1.267286400862069058e+03,4.082000000000000073e-01
1.268616187304075083e+03,3.890000000000000124e-01
1.269945973746081563e+03,3.559999999999999831e-01
1.271275760188087588e+03,3.180999999999999939e-01
1.272605546630094068e+03,2.561999999999999833e-01
1.273935333072100093e+03,2.449999999999999956e-01
1.275265119514106573e+03,2.619000000000000217e-01
1.276594905956112825e+03,2.808999999999999830e-01
1.277924692398119078e+03,3.326999999999999957e-01
1.279254478840125330e+03,4.074999999999999734e-01
1.280584265282131582e+03,4.328000000000000180e-01
1.281914051724137835e+03,4.369999999999999996e-01
1.283243838166144087e+03,4.450000000000000067e-01
1.284573624608150567e+03,4.540000000000000147e-01
1.285903411050156592e+03,4.640000000000000235e-01
1.287233197492163072e+03,4.808999999999999941e-01
1.288562983934169097e+03,5.615999999999999881e-01
1.289892770376175577e+03,6.038000000000000034e-01
1.291222556818181602e+03,6.179000000000000048e-01
1.292552343260188081e+03,6.369000000000000217e-01
1.293882129702194334e+03,6.469000000000000306e-01
1.295211916144200586e+03,6.750000000000000444e-01
1.296541702586206839e+03,6.770000000000000462e-01
1.297871489028213091e+03,6.770000000000000462e-01
1.299201275470219343e+03,6.720000000000000417e-01
1.300531061912225596e+03,6.561000000000000165e-01
1.301860848354232076e+03,6.500000000000000222e-01
1.303190634796238101e+03,6.450000000000000178e-01
1.304520421238244580e+03,6.350999999999999979e-01
1.305850207680250605e+03,6.200999999999999845e-01
1.307179994122257085e+03,6.159999999999999920e-01
1.308509780564263110e+03,5.889999999999999680e-01
1.309839567006269590e+03,5.789999999999999591e-01
1.311169353448275842e+03,5.749999999999999556e-01
1.312499139890282095e+03,5.719999999999999529e-01
1.313828926332288347e+03,5.699999999999999512e-01
1.315158712774294600e+03,5.719999999999999529e-01
1.316488499216300852e+03,5.749999999999999556e-01
1.317818285658307104e+03,5.888999999999999790e-01
1.319148072100313357e+03,6.218000000000000194e-01
1.320477858542319609e+03,6.556999999999999496e-01
1.321807644984326089e+03,6.750000000000000444e-01
1.323137431426332114e+03,6.909999999999999476e-01
1.324467217868338594e+03,7.079999999999999627e-01
1.325797004310344619e+03,7.269999999999999796e-01
1.327126790752351098e+03,7.539000000000000146e-01
1.328456577194357351e+03,7.849000000000000421e-01
1.329786363636363603e+03,8.118999999999999551e-01
1.331116150078369856e+03,8.427999999999999936e-01
1.332445936520376108e+03,8.578999999999999959e-01
1.333775722962382360e+03,8.749000000000000110e-01
1.335105509404388613e+03,8.810000000000000053e-01
1.336435295846394865e+03,8.970000000000000195e-01
1.337765082288401118e+03,9.100000000000000311e-01
1.339094868730407597e+03,9.220000000000000417e-01
1.340424655172413622e+03,9.310000000000000497e-01
1.341754441614420102e+03,9.370000000000000551e-01
1.343084228056426127e+03,9.389999999999999458e-01
1.344414014498432607e+03,9.409999999999999476e-01
1.345743800940438632e+03,9.449999999999999512e-01
1.347073587382445112e+03,9.449999999999999512e-01
1.348403373824451364e+03,9.469999999999999529e-01
1.349733160266457617e+03,9.469999999999999529e-01
1.351062946708463869e+03,9.469999999999999529e-01
1.352392733150470121e+03,9.499999999999999556e-01
1.353722519592476374e+03,9.499999999999999556e-01
1.355052306034482626e+03,9.519999999999999574e-01
1.356382092476489106e+03,9.539999999999999591e-01
1.357711878918495131e+03,9.539999999999999591e-01
1.359041665360501611e+03,9.539999999999999591e-01
1.360371451802507636e+03,9.539999999999999591e-01
1.361701238244514116e+03,9.519999999999999574e-01
1.363031024686520141e+03,9.519999999999999574e-01
1.364360811128526620e+03,9.519999999999999574e-01
1.365690597570532873e+03,9.499999999999999556e-01
1.367020384012539125e+03,9.499999999999999556e-01
1.368350170454545378e+03,9.469999999999999529e-01
1.369679956896551630e+03,9.429999999999999494e-01
1.371009743338557882e+03,9.429999999999999494e-01
1.372339529780564135e+03,9.449999999999999512e-01
1.373669316222570615e+03,9.449999999999999512e-01
1.374999102664576640e+03,9.429999999999999494e-01
1.376328889106583119e+03,9.429999999999999494e-01
1.377658675548589144e+03,9.409999999999999476e-01
1.378988461990595624e+03,9.389999999999999458e-01
1.380318248432601649e+03,9.350000000000000533e-01
1.381648034874608129e+03,9.350000000000000533e-01
1.382977821316614381e+03,9.330000000000000515e-01
1.384307607758620634e+03,9.330000000000000515e-01
1.385637394200626886e+03,9.310000000000000497e-01
1.386967180642633139e+03,9.310000000000000497e-01
1.388296967084639391e+03,9.330000000000000515e-01
1.389626753526645643e+03,9.350000000000000533e-01
1.390956539968652123e+03,9.370000000000000551e-01
1.392286326410658148e+03,9.370000000000000551e-01
1.393616112852664628e+03,9.389999999999999458e-01
1.394945899294670653e+03,9.389999999999999458e-01
1.396275685736677133e+03,9.389999999999999458e-01
1.397605472178683158e+03,9.389999999999999458e-01
1.398935258620689638e+03,9.409999999999999476e-01
1.400265045062695890e+03,9.409999999999999476e-01
1.401594831504702142e+03,9.370000000000000551e-01
1.402924617946708395e+03,9.370000000000000551e-01
1.404254404388714647e+03,9.350000000000000533e-01
1.405584190830720900e+03,9.350000000000000533e-01
1.406913977272727152e+03,9.350000000000000533e-01
1.408243763714733632e+03,9.310000000000000497e-01
1.409573550156739657e+03,9.310000000000000497e-01
1.410903336598746137e+03,9.250000000000000444e-01
1.412233123040752162e+03,9.220000000000000417e-01
1.413562909482758641e+03,9.200000000000000400e-01
1.414892695924764666e+03,9.180000000000000382e-01
1.416222482366771146e+03,9.180000000000000382e-01
1.417552268808777399e+03,9.180000000000000382e-01
1.418882055250783651e+03,9.180000000000000382e-01
1.420211841692789903e+03,9.250000000000000444e-01
1.421541628134796156e+03,9.160000000000000364e-01
1.422871414576802408e+03,9.100000000000000311e-01
1.424201201018808661e+03,9.060000000000000275e-01
1.425530987460815140e+03,9.020000000000000240e-01
1.426860773902821165e+03,9.040000000000000258e-01
1.428190560344827645e+03,9.100000000000000311e-01
1.429520346786833670e+03,9.120000000000000329e-01
1.430850133228840150e+03,9.160000000000000364e-01
1.432179919670846175e+03,9.200000000000000400e-01
1.433509706112852655e+03,9.220000000000000417e-01
1.434839492554858680e+03,9.220000000000000417e-01
1.436169278996865160e+03,9.220000000000000417e-01
1.437499065438871185e+03,9.220000000000000417e-01
1.438828851880877664e+03,9.250000000000000444e-01
1.440158638322884144e+03,9.250000000000000444e-01
1.441488424764890169e+03,9.220000000000000417e-01
1.442818211206896649e+03,9.220000000000000417e-01
1.444147997648902674e+03,9.220000000000000417e-01
1.445477784090909154e+03,9.200000000000000400e-01
1.446807570532915179e+03,9.200000000000000400e-01
1.448137356974921659e+03,9.200000000000000400e-01
1.449467143416927684e+03,9.160000000000000364e-01
1.450796929858934163e+03,9.120000000000000329e-01
1.452126716300940188e+03,9.100000000000000311e-01
1.453456502742946668e+03,9.080000000000000293e-01
1.454786289184952693e+03,9.060000000000000275e-01
1.456116075626959173e+03,9.060000000000000275e-01
1.457445862068965653e+03,9.040000000000000258e-01
1.458775648510971678e+03,9.040000000000000258e-01
1.460105434952978158e+03,9.020000000000000240e-01
1.461435221394984183e+03,9.000000000000000222e-01
1.462765007836990662e+03,8.970000000000000195e-01
1.464094794278996687e+03,8.950000000000000178e-01
1.465424580721003167e+03,8.930000000000000160e-01
1.466754367163009192e+03,8.930000000000000160e-01
1.468084153605015672e+03,8.930000000000000160e-01
1.469413940047021697e+03,8.910000000000000142e-01
1.470743726489028177e+03,8.910000000000000142e-01
1.472073512931034202e+03,8.910000000000000142e-01
1.473403299373040682e+03,8.930000000000000160e-01
1.474733085815047161e+03,8.930000000000000160e-01
1.476062872257053186e+03,8.930000000000000160e-01
1.477392658699059666e+03,8.950000000000000178e-01
1.478722445141065691e+03,8.970000000000000195e-01
1.480052231583072171e+03,9.000000000000000222e-01
1.481382018025078196e+03,9.020000000000000240e-01
1.482711804467084676e+03,9.040000000000000258e-01
1.484041590909090701e+03,9.040000000000000258e-01
1.485371377351097181e+03,9.060000000000000275e-01
1.486701163793103206e+03,9.100000000000000311e-01
1.488030950235109685e+03,9.120000000000000329e-01
1.489360736677115710e+03,9.140000000000000346e-01
1.490690523119122190e+03,9.180000000000000382e-01
1.492020309561128670e+03,9.220000000000000417e-01
1.493350096003134695e+03,9.270000000000000462e-01
1.494679882445141175e+03,9.270000000000000462e-01
1.496009668887147200e+03,9.270000000000000462e-01
1.497339455329153679e+03,9.290000000000000480e-01
1.498669241771159705e+03,9.290000000000000480e-01
1.499999028213166184e+03,9.310000000000000497e-01
1.501328814655172209e+03,9.330000000000000515e-01
1.502658601097178689e+03,9.350000000000000533e-01
1.503988387539184714e+03,9.350000000000000533e-01
1.505318173981191194e+03,9.350000000000000533e-01
1.506647960423197219e+03,9.370000000000000551e-01
1.507977746865203699e+03,9.370000000000000551e-01
1.509307533307209724e+03,9.370000000000000551e-01
1.510637319749216203e+03,9.389999999999999458e-01
1.511967106191222683e+03,9.409999999999999476e-01
1.513296892633228708e+03,9.409999999999999476e-01
1.514626679075235188e+03,9.409999999999999476e-01
1.515956465517241213e+03,9.409999999999999476e-01
1.517286251959247693e+03,9.409999999999999476e-01
1.518616038401253718e+03,9.409999999999999476e-01
1.519945824843260198e+03,9.429999999999999494e-01
1.521275611285266223e+03,9.429999999999999494e-01
1.522605397727272702e+03,9.469999999999999529e-01
1.523935184169278727e+03,9.499999999999999556e-01
1.525264970611285207e+03,9.469999999999999529e-01
1.526594757053291232e+03,9.449999999999999512e-01
1.527924543495297712e+03,9.429999999999999494e-01
1.529254329937304192e+03,9.429999999999999494e-01
1.530584116379310217e+03,9.429999999999999494e-01
1.531913902821316697e+03,9.429999999999999494e-01
1.533243689263322722e+03,9.429999999999999494e-01
1.534573475705329201e+03,9.429999999999999494e-01
1.535903262147335226e+03,9.429999999999999494e-01
1.537233048589341706e+03,9.449999999999999512e-01
1.538562835031347731e+03,9.449999999999999512e-01
1.539892621473354211e+03,9.429999999999999494e-01
1.541222407915360236e+03,9.429999999999999494e-01
1.542552194357366716e+03,9.449999999999999512e-01
1.543881980799372741e+03,9.539999999999999591e-01
1.545211767241379221e+03,9.539999999999999591e-01
1.546541553683385700e+03,9.499999999999999556e-01
1.547871340125391725e+03,9.469999999999999529e-01
1.549201126567398205e+03,9.449999999999999512e-01
1.550530913009404230e+03,9.449999999999999512e-01
1.551860699451410710e+03,9.449999999999999512e-01
1.553190485893416735e+03,9.449999999999999512e-01
1.554520272335423215e+03,9.469999999999999529e-01
1.555850058777429240e+03,9.469999999999999529e-01
1.557179845219435720e+03,9.469999999999999529e-01
1.558509631661441745e+03,9.469999999999999529e-01
1.559839418103448224e+03,9.469999999999999529e-01
1.561169204545454249e+03,9.539999999999999591e-01
1.562498990987460729e+03,9.539999999999999591e-01
1.563828777429467209e+03,9.519999999999999574e-01
1.565158563871473234e+03,9.519999999999999574e-01
1.566488350313479714e+03,9.519999999999999574e-01
1.567818136755485739e+03,9.539999999999999591e-01
1.569147923197492219e+03,9.539999999999999591e-01
1.570477709639498244e+03,9.539999999999999591e-01
1.571807496081504723e+03,9.539999999999999591e-01
1.573137282523510748e+03,9.559999999999999609e-01
1.574467068965517228e+03,9.579999999999999627e-01
1.575796855407523253e+03,9.559999999999999609e-01
1.577126641849529733e+03,9.559999999999999609e-01
1.578456428291535758e+03,9.559999999999999609e-01
1.579786214733542238e+03,9.559999999999999609e-01
1.581116001175548718e+03,9.559999999999999609e-01
1.582445787617554743e+03,9.559999999999999609e-01
1.583775574059561222e+03,9.559999999999999609e-01
1.585105360501567247e+03,9.559999999999999609e-01
1.586435146943573727e+03,9.579999999999999627e-01
1.587764933385579752e+03,9.579999999999999627e-01
1.589094719827586232e+03,9.579999999999999627e-01
1.590424506269592257e+03,9.579999999999999627e-01
1.591754292711598737e+03,9.579999999999999627e-01
1.593084079153604762e+03,9.579999999999999627e-01
1.594413865595611242e+03,9.579999999999999627e-01
1.595743652037617267e+03,9.579999999999999627e-01
1.597073438479623746e+03,9.579999999999999627e-01
1.598403224921630226e+03,9.579999999999999627e-01
1.599733011363636251e+03,9.599999999999999645e-01
1.601062797805642731e+03,9.599999999999999645e-01
1.602392584247648756e+03,9.579999999999999627e-01
1.603722370689655236e+03,9.579999999999999627e-01
1.605052157131661261e+03,9.579999999999999627e-01
1.606381943573667741e+03,9.579999999999999627e-01
1.607711730015673766e+03,9.579999999999999627e-01
1.609041516457680245e+03,9.579999999999999627e-01
1.610371302899686270e+03,9.579999999999999627e-01
1.611701089341692750e+03,9.599999999999999645e-01
1.613030875783698775e+03,9.619999999999999662e-01
1.614360662225705255e+03,9.619999999999999662e-01
1.615690448667711735e+03,9.599999999999999645e-01
1.617020235109717760e+03,9.599999999999999645e-01
1.618350021551724240e+03,9.599999999999999645e-01
1.619679807993730265e+03,9.599999999999999645e-01
1.621009594435736744e+03,9.539999999999999591e-01
1.622339380877742769e+03,9.539999999999999591e-01
1.623669167319749249e+03,9.539999999999999591e-01
1.624998953761755274e+03,9.539999999999999591e-01
1.626328740203761754e+03,9.519999999999999574e-01
1.627658526645767779e+03,9.519999999999999574e-01
1.628988313087774259e+03,9.519999999999999574e-01
1.630318099529780284e+03,9.519999999999999574e-01
1.631647885971786764e+03,9.519999999999999574e-01
1.632977672413792789e+03,9.539999999999999591e-01
1.634307458855799268e+03,9.559999999999999609e-01
1.635637245297805748e+03,9.599999999999999645e-01
1.636967031739811773e+03,9.639999999999999680e-01
1.638296818181818253e+03,9.659999999999999698e-01
1.639626604623824278e+03,9.659999999999999698e-01
1.640956391065830758e+03,9.639999999999999680e-01
1.642286177507836783e+03,9.619999999999999662e-01
1.643615963949843263e+03,9.619999999999999662e-01
1.644945750391849288e+03,9.619999999999999662e-01
1.646275536833855767e+03,9.619999999999999662e-01
1.647605323275861792e+03,9.619999999999999662e-01
1.648935109717868272e+03,9.639999999999999680e-01
1.650264896159874297e+03,9.659999999999999698e-01
1.651594682601880777e+03,9.679999999999999716e-01
1.652924469043887257e+03,9.699999999999999734e-01
1.654254255485893282e+03,9.719999999999999751e-01
1.655584041927899762e+03,9.719999999999999751e-01
1.656913828369905787e+03,9.719999999999999751e-01
1.658243614811912266e+03,9.699999999999999734e-01
1.659573401253918291e+03,9.699999999999999734e-01
1.660903187695924771e+03,9.699999999999999734e-01
1.662232974137930796e+03,9.699999999999999734e-01
1.663562760579937276e+03,9.699999999999999734e-01
1.664892547021943301e+03,9.699999999999999734e-01
1.666222333463949781e+03,9.699999999999999734e-01
1.667552119905955806e+03,9.699999999999999734e-01
1.668881906347962286e+03,9.699999999999999734e-01
1.670211692789968765e+03,9.699999999999999734e-01
1.671541479231974790e+03,9.679999999999999716e-01
1.672871265673981270e+03,9.659999999999999698e-01
1.674201052115987295e+03,9.639999999999999680e-01
1.675530838557993775e+03,9.659999999999999698e-01
1.676860624999999800e+03,9.659999999999999698e-01
1.678190411442006280e+03,9.679999999999999716e-01
1.679520197884012305e+03,9.679999999999999716e-01
1.680849984326018784e+03,9.679999999999999716e-01
1.682179770768024810e+03,9.719999999999999751e-01
1.683509557210031289e+03,9.719999999999999751e-01
1.684839343652037314e+03,9.719999999999999751e-01
1.686169130094043794e+03,9.749999999999999778e-01
1.687498916536050274e+03,9.749999999999999778e-01
1.688828702978056299e+03,9.769999999999999796e-01
1.690158489420062779e+03,9.769999999999999796e-01
1.691488275862068804e+03,9.699999999999999734e-01
1.692818062304075283e+03,9.699999999999999734e-01
1.694147848746081308e+03,9.699999999999999734e-01
1.695477635188087788e+03,9.699999999999999734e-01
1.696807421630093813e+03,9.699999999999999734e-01
1.698137208072100293e+03,9.699999999999999734e-01
1.699466994514106318e+03,9.699999999999999734e-01
1.700796780956112798e+03,9.719999999999999751e-01
1.702126567398118823e+03,9.719999999999999751e-01
1.703456353840125303e+03,9.749999999999999778e-01
1.704786140282131782e+03,9.769999999999999796e-01
1.706115926724137807e+03,9.700999999999999623e-01
1.707445713166144287e+03,9.699999999999999734e-01
1.708775499608150312e+03,9.699999999999999734e-01
1.710105286050156792e+03,9.699999999999999734e-01
1.711435072492162817e+03,9.679999999999999716e-01
1.712764858934169297e+03,9.679999999999999716e-01
1.714094645376175322e+03,9.699999999999999734e-01
1.715424431818181802e+03,9.699999999999999734e-01
1.716754218260187827e+03,9.699999999999999734e-01
1.718084004702194306e+03,9.699999999999999734e-01
1.719413791144200331e+03,9.699999999999999734e-01
1.720743577586206811e+03,9.719999999999999751e-01
1.722073364028213291e+03,9.719999999999999751e-01
1.723403150470219316e+03,9.699999999999999734e-01
1.724732936912225796e+03,9.679999999999999716e-01
1.726062723354231821e+03,9.679999999999999716e-01
1.727392509796238301e+03,9.679999999999999716e-01
1.728722296238244326e+03,9.679999999999999716e-01
1.730052082680250805e+03,9.679999999999999716e-01
1.731381869122256830e+03,9.659999999999999698e-01
1.732711655564263310e+03,9.659999999999999698e-01
1.734041442006269335e+03,9.679999999999999716e-01
1.735371228448275815e+03,9.679999999999999716e-01
1.736701014890281840e+03,9.699999999999999734e-01
1.738030801332288320e+03,9.699999999999999734e-01
1.739360587774294345e+03,9.679999999999999716e-01
1.740690374216300825e+03,9.659999999999999698e-01
1.742020160658307304e+03,9.639999999999999680e-01
1.743349947100313329e+03,9.639999999999999680e-01
1.744679733542319809e+03,9.639999999999999680e-01
1.746009519984325834e+03,9.619999999999999662e-01
1.747339306426332314e+03,9.619999999999999662e-01
1.748669092868338339e+03,9.619999999999999662e-01
1.749998879310344819e+03,9.599999999999999645e-01
1.751328665752350844e+03,9.579999999999999627e-01
1.752658452194357324e+03,9.579999999999999627e-01
1.753988238636363349e+03,9.579999999999999627e-01
1.755318025078369828e+03,9.579999999999999627e-01
1.756647811520375853e+03,9.559999999999999609e-01
1.757977597962382333e+03,9.539999999999999591e-01
1.759307384404388813e+03,9.539999999999999591e-01
1.760637170846394838e+03,9.539999999999999591e-01
1.761966957288401318e+03,9.539999999999999591e-01
1.763296743730407343e+03,9.539999999999999591e-01
1.764626530172413823e+03,9.519999999999999574e-01
1.765956316614419848e+03,9.519999999999999574e-01
1.767286103056426327e+03,9.519999999999999574e-01
1.768615889498432352e+03,9.519999999999999574e-01
1.769945675940438832e+03,9.519999999999999574e-01
1.771275462382444857e+03,9.519999999999999574e-01
1.772605248824451337e+03,9.519999999999999574e-01
1.773935035266457362e+03,9.519999999999999574e-01
1.775264821708463842e+03,9.519999999999999574e-01
1.776594608150470322e+03,9.519999999999999574e-01
1.777924394592476347e+03,9.519999999999999574e-01
1.779254181034482826e+03,9.519999999999999574e-01
1.780583967476488851e+03,9.539999999999999591e-01
1.781913753918495331e+03,9.539999999999999591e-01
1.783243540360501356e+03,9.539999999999999591e-01
1.784573326802507836e+03,9.539999999999999591e-01
1.785903113244513861e+03,9.539999999999999591e-01
1.787232899686520341e+03,9.539999999999999591e-01
1.788562686128526366e+03,9.539999999999999591e-01
1.789892472570532846e+03,9.539999999999999591e-01
1.791222259012538871e+03,9.539999999999999591e-01
1.792552045454545350e+03,9.539999999999999591e-01
1.793881831896551830e+03,9.559999999999999609e-01
1.795211618338557855e+03,9.559999999999999609e-01
1.796541404780564335e+03,9.559999999999999609e-01
1.797871191222570360e+03,9.559999999999999609e-01
1.799200977664576840e+03,9.559999999999999609e-01
1.800530764106582865e+03,9.579999999999999627e-01
1.801860550548589345e+03,9.579999999999999627e-01
1.803190336990595370e+03,9.579999999999999627e-01
1.804520123432601849e+03,9.579999999999999627e-01
1.805849909874607874e+03,9.579999999999999627e-01
1.807179696316614354e+03,9.579999999999999627e-01
1.808509482758620379e+03,9.579999999999999627e-01
1.809839269200626859e+03,9.599999999999999645e-01
1.811169055642633339e+03,9.599999999999999645e-01
1.812498842084639364e+03,9.579999999999999627e-01
1.813828628526645844e+03,9.579999999999999627e-01
1.815158414968651869e+03,9.579999999999999627e-01
1.816488201410658348e+03,9.579999999999999627e-01
1.817817987852664373e+03,9.579999999999999627e-01
1.819147774294670853e+03,9.599999999999999645e-01
1.820477560736676878e+03,9.599999999999999645e-01
1.821807347178683358e+03,9.579999999999999627e-01
1.823137133620689383e+03,9.579999999999999627e-01
1.824466920062695863e+03,9.579999999999999627e-01
1.825796706504701888e+03,9.579999999999999627e-01
1.827126492946708368e+03,9.579999999999999627e-01
1.828456279388714847e+03,9.579999999999999627e-01
1.829786065830720872e+03,9.579999999999999627e-01
1.831115852272727352e+03,9.559999999999999609e-01
1.832445638714733377e+03,9.559999999999999609e-01
1.833775425156739857e+03,9.559999999999999609e-01
1.835105211598745882e+03,9.559999999999999609e-01
1.836434998040752362e+03,9.559999999999999609e-01
1.837764784482758387e+03,9.559999999999999609e-01
1.839094570924764867e+03,9.539999999999999591e-01
1.840424357366770892e+03,9.539999999999999591e-01
1.841754143808777371e+03,9.539999999999999591e-01
1.843083930250783396e+03,9.559999999999999609e-01
1.844413716692789876e+03,9.559999999999999609e-01
1.845743503134796356e+03,9.559999999999999609e-01
1.847073289576802381e+03,9.559999999999999609e-01
1.848403076018808861e+03,9.559999999999999609e-01
1.849732862460814886e+03,9.539999999999999591e-01
1.851062648902821365e+03,9.519999999999999574e-01
1.852392435344827391e+03,9.519999999999999574e-01
1.853722221786833870e+03,9.499999999999999556e-01
1.855052008228839895e+03,9.499999999999999556e-01
1.856381794670846375e+03,9.499999999999999556e-01
1.857711581112852400e+03,9.469999999999999529e-01
1.859041367554858880e+03,9.469999999999999529e-01
1.860371153996864905e+03,9.469999999999999529e-01
1.861700940438871385e+03,9.469999999999999529e-01
1.863030726880877410e+03,9.469999999999999529e-01
1.864360513322883889e+03,9.469999999999999529e-01
1.865690299764890369e+03,9.499999999999999556e-01
1.867020086206896394e+03,9.499999999999999556e-01
1.868349872648902874e+03,9.519999999999999574e-01
1.869679659090908899e+03,9.519999999999999574e-01
1.871009445532915379e+03,9.519999999999999574e-01
1.872339231974921404e+03,9.539999999999999591e-01
1.873669018416927884e+03,9.539999999999999591e-01
1.874998804858933909e+03,9.539999999999999591e-01
1.876328591300940388e+03,9.559999999999999609e-01
1.877658377742946413e+03,9.559999999999999609e-01
1.878988164184952893e+03,9.559999999999999609e-01
1.880317950626958918e+03,9.579999999999999627e-01
1.881647737068965398e+03,9.579999999999999627e-01
1.882977523510971878e+03,9.599999999999999645e-01
1.884307309952977903e+03,9.599999999999999645e-01
1.885637096394984383e+03,9.599999999999999645e-01
1.886966882836990408e+03,9.599999999999999645e-01
1.888296669278996887e+03,9.599999999999999645e-01
1.889626455721002912e+03,9.599999999999999645e-01
1.890956242163009392e+03,9.599999999999999645e-01
1.892286028605015417e+03,9.599999999999999645e-01
1.893615815047021897e+03,9.599999999999999645e-01
1.894945601489027922e+03,9.599999999999999645e-01
1.896275387931034402e+03,9.599999999999999645e-01
1.897605174373040427e+03,9.599999999999999645e-01
1.898934960815046907e+03,9.599999999999999645e-01
1.900264747257053386e+03,9.599999999999999645e-01
1.901594533699059411e+03,9.599999999999999645e-01
1.902924320141065891e+03,9.599999999999999645e-01
1.904254106583071916e+03,9.599999999999999645e-01
1.905583893025078396e+03,9.599999999999999645e-01
1.906913679467084421e+03,9.599999999999999645e-01
1.908243465909090901e+03,9.599999999999999645e-01
1.909573252351096926e+03,9.599999999999999645e-01
1.910903038793103406e+03,9.599999999999999645e-01
1.912232825235109431e+03,9.619999999999999662e-01
1.913562611677115910e+03,9.619999999999999662e-01
1.914892398119121935e+03,9.639999999999999680e-01
1.916222184561128415e+03,9.659999999999999698e-01
1.917551971003134895e+03,9.659999999999999698e-01
1.918881757445140920e+03,9.639999999999999680e-01
1.920211543887147400e+03,9.639999999999999680e-01
1.921541330329153425e+03,9.639999999999999680e-01
1.922871116771159905e+03,9.639999999999999680e-01
1.924200903213165930e+03,9.639999999999999680e-01
1.925530689655172409e+03,9.639999999999999680e-01
1.926860476097178434e+03,9.639999999999999680e-01
1.928190262539184914e+03,9.639999999999999680e-01
1.929520048981190939e+03,9.659999999999999698e-01
1.930849835423197419e+03,9.659999999999999698e-01
1.932179621865203444e+03,9.639999999999999680e-01
1.933509408307209924e+03,9.639999999999999680e-01
1.934839194749216404e+03,9.639999999999999680e-01
1.936168981191222429e+03,9.639999999999999680e-01
1.937498767633228908e+03,9.639999999999999680e-01
1.938828554075234933e+03,9.619999999999999662e-01
1.940158340517241413e+03,9.619999999999999662e-01
1.941488126959247438e+03,9.619999999999999662e-01
1.942817913401253918e+03,9.619999999999999662e-01
1.944147699843259943e+03,9.619999999999999662e-01
1.945477486285266423e+03,9.619999999999999662e-01
1.946807272727272448e+03,9.619999999999999662e-01
1.948137059169278928e+03,9.619999999999999662e-01
1.949466845611284953e+03,9.619999999999999662e-01
1.950796632053291432e+03,9.619999999999999662e-01
1.952126418495297912e+03,9.619999999999999662e-01
1.953456204937303937e+03,9.599999999999999645e-01
1.954785991379310417e+03,9.599999999999999645e-01
1.956115777821316442e+03,9.599999999999999645e-01
1.957445564263322922e+03,9.599999999999999645e-01
1.958775350705328947e+03,9.579999999999999627e-01
1.960105137147335427e+03,9.579999999999999627e-01
1.961434923589341452e+03,9.579999999999999627e-01
1.962764710031347931e+03,9.579999999999999627e-01
1.964094496473353956e+03,9.579999999999999627e-01
1.965424282915360436e+03,9.579999999999999627e-01
1.966754069357366461e+03,9.579999999999999627e-01
1.968083855799372941e+03,9.579999999999999627e-01
1.969413642241379421e+03,9.579999999999999627e-01
1.970743428683385446e+03,9.579999999999999627e-01
1.972073215125391926e+03,9.579999999999999627e-01
1.973403001567397951e+03,9.579999999999999627e-01
1.974732788009404430e+03,9.579999999999999627e-01
1.976062574451410455e+03,9.579999999999999627e-01
1.977392360893416935e+03,9.579999999999999627e-01
1.978722147335422960e+03,9.579999999999999627e-01
1.980051933777429440e+03,9.579999999999999627e-01
1.981381720219435465e+03,9.579999999999999627e-01
1.982711506661441945e+03,9.579999999999999627e-01
1.984041293103447970e+03,9.579999999999999627e-01
1.985371079545454450e+03,9.579999999999999627e-01
1.986700865987460475e+03,9.579999999999999627e-01
1.988030652429466954e+03,9.579999999999999627e-01
1.989360438871473434e+03,9.579999999999999627e-01
1.990690225313479459e+03,9.579999999999999627e-01
1.992020011755485939e+03,9.579999999999999627e-01
1.993349798197491964e+03,9.579999999999999627e-01
1.994679584639498444e+03,9.579999999999999627e-01
1.996009371081504469e+03,9.579999999999999627e-01
1.997339157523510949e+03,9.579999999999999627e-01
1.998668943965516974e+03,9.579999999999999627e-01
1.999998730407523453e+03,9.579999999999999627e-01
2.001328516849529478e+03,9.599999999999999645e-01
2.002658303291535958e+03,9.619999999999999662e-01
2.003988089733541983e+03,9.619999999999999662e-01
2.005317876175548463e+03,9.619999999999999662e-01
2.006647662617554943e+03,9.599999999999999645e-01
2.007977449059560968e+03,9.579999999999999627e-01
2.009307235501567447e+03,9.569999999999999618e-01
2.010637021943573473e+03,9.559999999999999609e-01
2.011966808385579952e+03,9.559999999999999609e-01
2.013296594827585977e+03,9.559999999999999609e-01
2.014626381269592457e+03,9.549999999999999600e-01
2.015956167711598482e+03,9.539999999999999591e-01
2.017285954153604962e+03,9.539999999999999591e-01
2.018615740595610987e+03,9.539999999999999591e-01
2.019945527037617467e+03,9.539999999999999591e-01
2.021275313479623492e+03,9.539999999999999591e-01
2.022605099921629972e+03,9.539999999999999591e-01
2.023934886363636451e+03,9.539999999999999591e-01
2.025264672805642476e+03,9.539999999999999591e-01
2.026594459247648956e+03,9.539999999999999591e-01
2.027924245689654981e+03,9.539999999999999591e-01
2.029254032131661461e+03,9.539999999999999591e-01
2.030583818573667486e+03,9.539999999999999591e-01
2.031913605015673966e+03,9.539999999999999591e-01
2.033243391457679991e+03,9.539999999999999591e-01
2.034573177899686470e+03,9.539999999999999591e-01
2.035902964341692496e+03,9.539999999999999591e-01
2.037232750783698975e+03,9.539999999999999591e-01
2.038562537225705000e+03,9.539999999999999591e-01
2.039892323667711480e+03,9.539999999999999591e-01
2.041222110109717960e+03,9.539999999999999591e-01
2.042551896551723985e+03,9.539999999999999591e-01
2.043881682993730465e+03,9.539999999999999591e-01
2.045211469435736490e+03,9.539999999999999591e-01
2.046541255877742969e+03,9.539999999999999591e-01
2.047871042319748994e+03,9.540999999999999481e-01
2.049200828761755474e+03,9.550999999999999490e-01
2.050530615203761499e+03,9.559999999999999609e-01
2.051860401645767979e+03,9.559999999999999609e-01
2.053190188087774004e+03,9.559999999999999609e-01
2.054519974529780484e+03,9.559999999999999609e-01
2.055849760971786509e+03,9.557999999999999829e-01
2.057179547413792989e+03,9.547999999999999821e-01
2.058509333855799468e+03,9.539999999999999591e-01
2.059839120297805493e+03,9.539999999999999591e-01
2.061168906739811973e+03,9.539999999999999591e-01
2.062498693181817998e+03,9.539999999999999591e-01
2.063828479623824478e+03,9.539999999999999591e-01
2.065158266065830503e+03,9.539999999999999591e-01
2.066488052507836983e+03,9.542000000000000481e-01
2.067817838949843008e+03,9.552000000000000490e-01
2.069147625391849488e+03,9.559999999999999609e-01
2.070477411833855513e+03,9.559999999999999609e-01
2.071807198275861992e+03,9.557999999999999829e-01
2.073136984717868017e+03,9.547999999999999821e-01
2.074466771159874497e+03,9.539999999999999591e-01
2.075796557601880977e+03,9.539999999999999591e-01
2.077126344043887002e+03,9.539999999999999591e-01
2.078456130485893482e+03,9.539999999999999591e-01
2.079785916927899507e+03,9.537999999999999812e-01
2.081115703369905987e+03,9.527999999999999803e-01
2.082445489811912012e+03,9.519999999999999574e-01
2.083775276253918491e+03,9.519999999999999574e-01
2.085105062695924516e+03,9.519999999999999574e-01
2.086434849137930996e+03,9.519999999999999574e-01
2.087764635579937021e+03,9.516999999999999904e-01
2.089094422021943501e+03,9.506999999999999895e-01
2.090424208463949526e+03,9.499999999999999556e-01
2.091753994905956006e+03,9.499999999999999556e-01
2.093083781347962031e+03,9.495999999999999996e-01
2.094413567789968511e+03,9.481000000000000538e-01
2.095743354231974990e+03,9.469999999999999529e-01
2.097073140673981015e+03,9.469999999999999529e-01
2.098402927115987495e+03,9.469999999999999529e-01
2.099732713557993520e+03,9.469999999999999529e-01
2.101062500000000000e+03,9.466999999999999860e-01
2.102392286442006025e+03,9.456999999999999851e-01
2.103722072884012505e+03,9.449999999999999512e-01
2.105051859326018530e+03,9.449999999999999512e-01
2.106381645768025010e+03,9.449999999999999512e-01
2.107711432210031035e+03,9.449999999999999512e-01
2.109041218652037514e+03,9.446999999999999842e-01
2.110371005094043539e+03,9.436999999999999833e-01
2.111700791536050019e+03,9.429999999999999494e-01
2.113030577978056499e+03,9.429999999999999494e-01
2.114360364420062524e+03,9.429999999999999494e-01
2.115690150862069004e+03,9.429999999999999494e-01
2.117019937304075029e+03,9.429999999999999494e-01
2.118349723746081509e+03,9.429999999999999494e-01
2.119679510188087534e+03,9.429999999999999494e-01
2.121009296630094013e+03,9.429999999999999494e-01
2.122339083072100038e+03,9.429999999999999494e-01
2.123668869514106518e+03,9.429999999999999494e-01
2.124998655956112543e+03,9.429999999999999494e-01
2.126328442398119023e+03,9.429999999999999494e-01
2.127658228840125048e+03,9.429999999999999494e-01
2.128988015282131528e+03,9.429999999999999494e-01
2.130317801724138008e+03,9.429999999999999494e-01
2.131647588166144033e+03,9.429999999999999494e-01
2.132977374608150512e+03,9.429999999999999494e-01
2.134307161050156537e+03,9.429999999999999494e-01
2.135636947492163017e+03,9.429999999999999494e-01
2.136966733934169042e+03,9.429999999999999494e-01
2.138296520376175522e+03,9.434000000000000163e-01
2.139626306818181547e+03,9.444000000000000172e-01
2.140956093260188027e+03,9.449999999999999512e-01
2.142285879702194052e+03,9.449999999999999512e-01
2.143615666144200532e+03,9.449999999999999512e-01
2.144945452586206557e+03,9.449999999999999512e-01
2.146275239028213036e+03,9.449999999999999512e-01
2.147605025470219516e+03,9.449999999999999512e-01
2.148934811912225541e+03,9.454000000000000181e-01
2.150264598354232021e+03,9.464000000000000190e-01
2.151594384796238046e+03,9.476999999999999869e-01
2.152924171238244526e+03,9.492000000000000437e-01
2.154253957680250551e+03,9.504000000000000226e-01
2.155583744122257031e+03,9.514000000000000234e-01
2.156913530564263056e+03,9.519999999999999574e-01
2.158243317006269535e+03,9.519999999999999574e-01
2.159573103448275560e+03,9.525000000000000133e-01
2.160902889890282040e+03,9.535000000000000142e-01
2.162232676332288065e+03,9.539999999999999591e-01
2.163562462774294545e+03,9.539999999999999591e-01
2.164892249216301025e+03,9.539999999999999591e-01
2.166222035658307050e+03,9.539999999999999591e-01
2.167551822100313530e+03,9.539999999999999591e-01
2.168881608542319555e+03,9.539999999999999591e-01
2.170211394984326034e+03,9.539999999999999591e-01
2.171541181426332059e+03,9.539999999999999591e-01
2.172870967868338539e+03,9.539999999999999591e-01
2.174200754310344564e+03,9.539999999999999591e-01
2.175530540752351044e+03,9.539999999999999591e-01
2.176860327194357069e+03,9.539999999999999591e-01
2.178190113636363549e+03,9.539999999999999591e-01
2.179519900078369574e+03,9.539999999999999591e-01
2.180849686520376054e+03,9.539999999999999591e-01
2.182179472962382533e+03,9.539999999999999591e-01
2.183509259404388558e+03,9.539999999999999591e-01
2.184839045846395038e+03,9.539999999999999591e-01
2.186168832288401063e+03,9.534000000000000252e-01
2.187498618730407543e+03,9.524000000000000243e-01
2.188828405172413568e+03,9.519999999999999574e-01
2.190158191614420048e+03,9.519999999999999574e-01
2.191487978056426073e+03,9.519999999999999574e-01
2.192817764498432553e+03,9.519999999999999574e-01
2.194147550940438578e+03,9.519999999999999574e-01
2.195477337382445057e+03,9.519999999999999574e-01
2.196807123824451082e+03,9.519999999999999574e-01
2.198136910266457562e+03,9.519999999999999574e-01
2.199466696708464042e+03,9.519999999999999574e-01
2.200796483150470067e+03,9.519999999999999574e-01
2.202126269592476547e+03,9.514000000000000234e-01
2.203456056034482572e+03,9.504000000000000226e-01
2.204785842476489051e+03,9.499999999999999556e-01
2.206115628918495077e+03,9.499999999999999556e-01
2.207445415360501556e+03,9.499999999999999556e-01
2.208775201802507581e+03,9.499999999999999556e-01
2.210104988244514061e+03,9.491000000000000547e-01
2.211434774686520086e+03,9.475999999999999979e-01
2.212764561128526566e+03,9.469999999999999529e-01
2.214094347570532591e+03,9.469999999999999529e-01
2.215424134012539071e+03,9.469999999999999529e-01
2.216753920454545096e+03,9.469999999999999529e-01
2.218083706896551575e+03,9.469999999999999529e-01
2.219413493338558055e+03,9.469999999999999529e-01
2.220743279780564080e+03,9.469999999999999529e-01
2.222073066222570560e+03,9.469999999999999529e-01
2.223402852664576585e+03,9.469999999999999529e-01
2.224732639106583065e+03,9.469999999999999529e-01
2.226062425548589090e+03,9.469999999999999529e-01
2.227392211990595570e+03,9.469999999999999529e-01
2.228721998432601595e+03,9.469999999999999529e-01
2.230051784874608074e+03,9.469999999999999529e-01
2.231381571316614099e+03,9.469999999999999529e-01
2.232711357758620579e+03,9.469999999999999529e-01
2.234041144200626604e+03,9.463000000000000300e-01
2.235370930642633084e+03,9.453000000000000291e-01
2.236700717084639564e+03,9.449999999999999512e-01
2.238030503526645589e+03,9.449999999999999512e-01
2.239360289968652069e+03,9.449999999999999512e-01
2.240690076410658094e+03,9.449999999999999512e-01
2.242019862852664573e+03,9.449999999999999512e-01
2.243349649294670598e+03,9.449999999999999512e-01
2.244679435736677078e+03,9.449999999999999512e-01
2.246009222178683103e+03,9.449999999999999512e-01
2.247339008620689583e+03,9.449999999999999512e-01
2.248668795062695608e+03,9.449999999999999512e-01
2.249998581504702088e+03,9.449999999999999512e-01
2.251328367946708113e+03,9.449999999999999512e-01
2.252658154388714593e+03,9.449999999999999512e-01
2.253987940830721072e+03,9.449999999999999512e-01
2.255317727272727097e+03,9.449999999999999512e-01
2.256647513714733577e+03,9.449999999999999512e-01
2.257977300156739602e+03,9.449999999999999512e-01
2.259307086598746082e+03,9.449999999999999512e-01
2.260636873040752107e+03,9.457999999999999741e-01
2.261966659482758587e+03,9.467999999999999750e-01
2.263296445924764612e+03,9.482000000000000428e-01
2.264626232366771092e+03,9.496999999999999886e-01
2.265956018808777117e+03,9.499999999999999556e-01
2.267285805250783596e+03,9.499999999999999556e-01
2.268615591692789621e+03,9.499999999999999556e-01
2.269945378134796101e+03,9.499999999999999556e-01
2.271275164576802581e+03,9.499999999999999556e-01
2.272604951018808606e+03,9.499999999999999556e-01
2.273934737460815086e+03,9.487999999999999767e-01
2.275264523902821111e+03,9.473000000000000309e-01
2.276594310344827591e+03,9.469999999999999529e-01
2.277924096786833616e+03,9.469999999999999529e-01
2.279253883228840095e+03,9.469999999999999529e-01
2.280583669670846120e+03,9.469999999999999529e-01
2.281913456112852600e+03,9.469999999999999529e-01
2.283243242554858625e+03,9.469999999999999529e-01
2.284573028996865105e+03,9.469999999999999529e-01
2.285902815438871130e+03,9.469999999999999529e-01
2.287232601880877610e+03,9.483000000000000318e-01
2.288562388322884090e+03,9.497999999999999776e-01
2.289892174764890115e+03,9.499999999999999556e-01
2.291221961206896594e+03,9.499999999999999556e-01
2.292551747648902619e+03,9.499999999999999556e-01
2.293881534090909099e+03,9.499999999999999556e-01
2.295211320532915124e+03,9.499999999999999556e-01
2.296541106974921604e+03,9.499999999999999556e-01
2.297870893416927629e+03,9.499999999999999556e-01
2.299200679858934109e+03,9.499999999999999556e-01
2.300530466300940134e+03,9.499999999999999556e-01
2.301860252742946614e+03,9.499999999999999556e-01
2.303190039184952639e+03,9.499999999999999556e-01
2.304519825626959118e+03,9.499999999999999556e-01
2.305849612068965598e+03,9.499999999999999556e-01
2.307179398510971623e+03,9.499999999999999556e-01
2.308509184952978103e+03,9.508999999999999675e-01
2.309838971394984128e+03,9.518999999999999684e-01
2.311168757836990608e+03,9.519999999999999574e-01
2.312498544278996633e+03,9.519999999999999574e-01
2.313828330721003113e+03,9.519999999999999574e-01
2.315158117163009138e+03,9.519999999999999574e-01
2.316487903605015617e+03,9.519999999999999574e-01
2.317817690047021642e+03,9.519999999999999574e-01
2.319147476489028122e+03,9.519999999999999574e-01
2.320477262931034147e+03,9.519999999999999574e-01
2.321807049373040627e+03,9.529999999999999583e-01
2.323136835815047107e+03,9.539999999999999591e-01
2.324466622257053132e+03,9.539999999999999591e-01
2.325796408699059612e+03,9.539999999999999591e-01
2.327126195141065637e+03,9.539999999999999591e-01
2.328455981583072116e+03,9.539999999999999591e-01
2.329785768025078141e+03,9.539999999999999591e-01
2.331115554467084621e+03,9.539999999999999591e-01
2.332445340909090646e+03,9.539999999999999591e-01
2.333775127351097126e+03,9.539999999999999591e-01
2.335104913793103151e+03,9.539999999999999591e-01
2.336434700235109631e+03,9.539999999999999591e-01
2.337764486677115656e+03,9.539999999999999591e-01
2.339094273119122136e+03,9.539999999999999591e-01
2.340424059561128161e+03,9.539999999999999591e-01
2.341753846003134640e+03,9.539999999999999591e-01
2.343083632445141120e+03,9.539999999999999591e-01
2.344413418887147145e+03,9.539999999999999591e-01
2.345743205329153625e+03,9.539999999999999591e-01
2.347072991771159650e+03,9.539999999999999591e-01
2.348402778213166130e+03,9.539999999999999591e-01
2.349732564655172155e+03,9.539999999999999591e-01
2.351062351097178635e+03,9.529999999999999583e-01
2.352392137539184660e+03,9.519999999999999574e-01
2.353721923981191139e+03,9.519999999999999574e-01
2.355051710423197164e+03,9.519999999999999574e-01
2.356381496865203644e+03,9.519999999999999574e-01
2.357711283307209669e+03,9.519999999999999574e-01
2.359041069749216149e+03,9.519999999999999574e-01
2.360370856191222629e+03,9.520999999999999464e-01
2.361700642633228654e+03,9.530999999999999472e-01
2.363030429075235133e+03,9.539999999999999591e-01
2.364360215517241159e+03,9.539999999999999591e-01
2.365690001959247638e+03,9.539999999999999591e-01
2.367019788401253663e+03,9.539999999999999591e-01
2.368349574843260143e+03,9.539999999999999591e-01
2.369679361285266168e+03,9.539999999999999591e-01
2.371009147727272648e+03,9.539999999999999591e-01
2.372338934169278673e+03,9.539999999999999591e-01
2.373668720611285153e+03,9.539999999999999591e-01
2.374998507053291178e+03,9.539999999999999591e-01
2.376328293495297658e+03,9.540999999999999481e-01
2.377658079937304137e+03,9.550999999999999490e-01
2.378987866379310162e+03,9.559999999999999609e-01
2.380317652821316642e+03,9.559999999999999609e-01
2.381647439263322667e+03,9.559999999999999609e-01
2.382977225705329147e+03,9.559999999999999609e-01
2.384307012147335172e+03,9.559999999999999609e-01
2.385636798589341652e+03,9.559999999999999609e-01
2.386966585031347677e+03,9.558999999999999719e-01
2.388296371473354156e+03,9.548999999999999710e-01
2.389626157915360182e+03,9.536999999999999922e-01
2.390955944357366661e+03,9.516999999999999904e-01
2.392285730799372686e+03,9.495999999999999996e-01
2.393615517241379166e+03,9.471000000000000529e-01
2.394945303683385646e+03,9.447999999999999732e-01
2.396275090125391671e+03,9.437999999999999723e-01
2.397604876567398151e+03,9.427999999999999714e-01
2.398934663009404176e+03,9.417999999999999705e-01
2.400264449451410655e+03,9.409999999999999476e-01
2.401594235893416680e+03,9.409999999999999476e-01
2.402924022335423160e+03,9.409999999999999476e-01
2.404253808777429185e+03,9.409999999999999476e-01
2.405583595219435665e+03,9.409999999999999476e-01
2.406913381661441690e+03,9.409999999999999476e-01
2.408243168103448170e+03,9.409999999999999476e-01
2.409572954545454195e+03,9.409999999999999476e-01
2.410902740987460675e+03,9.409999999999999476e-01
2.412232527429467154e+03,9.409999999999999476e-01
2.413562313871473179e+03,9.409999999999999476e-01
2.414892100313479659e+03,9.409999999999999476e-01
2.416221886755485684e+03,9.409999999999999476e-01
2.417551673197492164e+03,9.409999999999999476e-01
2.418881459639498189e+03,9.409999999999999476e-01
2.420211246081504669e+03,9.409999999999999476e-01
2.421541032523510694e+03,9.409999999999999476e-01
2.422870818965517174e+03,9.409999999999999476e-01
2.424200605407523199e+03,9.413000000000000256e-01
2.425530391849529678e+03,9.423000000000000265e-01
2.426860178291535703e+03,9.429999999999999494e-01
2.428189964733542183e+03,9.429999999999999494e-01
2.429519751175548663e+03,9.429999999999999494e-01
2.430849537617554688e+03,9.429999999999999494e-01
2.432179324059561168e+03,9.426999999999999824e-01
2.433509110501567193e+03,9.416999999999999815e-01
2.434838896943573673e+03,9.409999999999999476e-01
2.436168683385579698e+03,9.409999999999999476e-01
2.437498469827586177e+03,9.409999999999999476e-01
2.438828256269592202e+03,9.409999999999999476e-01
2.440158042711598682e+03,9.409999999999999476e-01
2.441487829153604707e+03,9.409999999999999476e-01
2.442817615595611187e+03,9.406999999999999806e-01
2.444147402037617212e+03,9.396999999999999797e-01
2.445477188479623692e+03,9.389999999999999458e-01
2.446806974921630172e+03,9.389999999999999458e-01
2.448136761363636197e+03,9.389999999999999458e-01
2.449466547805642676e+03,9.389999999999999458e-01
2.450796334247648701e+03,9.394000000000000128e-01
2.452126120689655181e+03,9.404000000000000137e-01
2.453455907131661206e+03,9.409999999999999476e-01
2.454785693573667686e+03,9.409999999999999476e-01
2.456115480015674166e+03,9.409999999999999476e-01
2.457445266457680191e+03,9.409999999999999476e-01
2.458775052899686671e+03,9.414000000000000146e-01
2.460104839341692696e+03,9.424000000000000155e-01
2.461434625783699175e+03,9.429999999999999494e-01
2.462764412225705200e+03,9.429999999999999494e-01
2.464094198667711680e+03,9.429999999999999494e-01
2.465423985109717705e+03,9.429999999999999494e-01
2.466753771551724185e+03,9.429999999999999494e-01
2.468083557993730210e+03,9.429999999999999494e-01
2.469413344435736690e+03,9.429999999999999494e-01
2.470743130877742715e+03,9.429999999999999494e-01
2.472072917319749195e+03,9.425999999999999934e-01
2.473402703761755674e+03,9.415999999999999925e-01
2.474732490203761699e+03,9.409999999999999476e-01
2.476062276645768179e+03,9.409999999999999476e-01
2.477392063087774204e+03,9.409999999999999476e-01
2.478721849529780684e+03,9.409999999999999476e-01
2.480051635971786709e+03,9.409999999999999476e-01
2.481381422413793189e+03,9.409999999999999476e-01
2.482711208855799214e+03,9.409999999999999476e-01
2.484040995297805694e+03,9.409999999999999476e-01
2.485370781739811719e+03,9.414000000000000146e-01
2.486700568181818198e+03,9.424000000000000155e-01
2.488030354623824223e+03,9.429999999999999494e-01
2.489360141065830703e+03,9.429999999999999494e-01
2.490689927507836728e+03,9.429999999999999494e-01
2.492019713949843208e+03,9.429999999999999494e-01
2.493349500391849688e+03,9.429999999999999494e-01
2.494679286833855713e+03,9.429999999999999494e-01
2.496009073275862193e+03,9.429999999999999494e-01
2.497338859717868218e+03,9.429999999999999494e-01
2.498668646159874697e+03,9.429999999999999494e-01
2.499998432601880722e+03,9.429999999999999494e-01
2.501328219043887202e+03,9.435000000000000053e-01
2.502658005485893227e+03,9.445000000000000062e-01
2.503987791927899707e+03,9.449999999999999512e-01
2.505317578369905732e+03,9.449999999999999512e-01
2.506647364811912212e+03,9.449999999999999512e-01
2.507977151253918237e+03,9.449999999999999512e-01
2.509306937695924717e+03,9.449999999999999512e-01
2.510636724137931196e+03,9.449999999999999512e-01
2.511966510579937221e+03,9.449999999999999512e-01
2.513296297021943701e+03,9.449999999999999512e-01
2.514626083463949726e+03,9.445000000000000062e-01
2.515955869905956206e+03,9.435000000000000053e-01
2.517285656347962231e+03,9.429999999999999494e-01
2.518615442789968711e+03,9.429999999999999494e-01
2.519945229231974736e+03,9.429999999999999494e-01
2.521275015673981216e+03,9.429999999999999494e-01
2.522604802115987241e+03,9.414000000000000146e-01
2.523934588557993720e+03,9.384000000000000119e-01
2.525264374999999745e+03,9.370000000000000551e-01
2.526594161442006225e+03,9.370000000000000551e-01
2.527923947884012705e+03,9.375999999999999890e-01
2.529253734326018730e+03,9.385999999999999899e-01
2.530583520768025210e+03,9.395999999999999908e-01
2.531913307210031235e+03,9.405999999999999917e-01
2.533243093652037714e+03,9.409999999999999476e-01
2.534572880094043740e+03,9.409999999999999476e-01
2.535902666536050219e+03,9.409999999999999476e-01
2.537232452978056244e+03,9.409999999999999476e-01
2.538562239420062724e+03,9.409999999999999476e-01
2.539892025862068749e+03,9.409999999999999476e-01
2.541221812304075229e+03,9.409999999999999476e-01
2.542551598746081254e+03,9.409999999999999476e-01
2.543881385188087734e+03,9.409999999999999476e-01
2.545211171630094213e+03,9.409999999999999476e-01
2.546540958072100238e+03,9.404000000000000137e-01
2.547870744514106718e+03,9.394000000000000128e-01
2.549200530956112743e+03,9.389999999999999458e-01
2.550530317398119223e+03,9.389999999999999458e-01
2.551860103840125248e+03,9.389999999999999458e-01
2.553189890282131728e+03,9.389999999999999458e-01
2.554519676724137753e+03,9.389999999999999458e-01
2.555849463166144233e+03,9.389999999999999458e-01
2.557179249608150258e+03,9.389999999999999458e-01
2.558509036050156737e+03,9.389999999999999458e-01
2.559838822492162763e+03,9.389999999999999458e-01
2.561168608934169242e+03,9.389999999999999458e-01
2.562498395376175722e+03,9.389999999999999458e-01
2.563828181818181747e+03,9.389999999999999458e-01
2.565157968260188227e+03,9.389999999999999458e-01
2.566487754702194252e+03,9.389999999999999458e-01
2.567817541144200732e+03,9.389999999999999458e-01
2.569147327586206757e+03,9.389999999999999458e-01
2.570477114028213236e+03,9.396999999999999797e-01
2.571806900470219261e+03,9.406999999999999806e-01
2.573136686912225741e+03,9.409999999999999476e-01
2.574466473354231766e+03,9.409999999999999476e-01
2.575796259796238246e+03,9.416999999999999815e-01
2.577126046238244271e+03,9.426999999999999824e-01
2.578455832680250751e+03,9.429999999999999494e-01
2.579785619122257231e+03,9.429999999999999494e-01
2.581115405564263256e+03,9.429999999999999494e-01
2.582445192006269735e+03,9.429999999999999494e-01
2.583774978448275760e+03,9.429999999999999494e-01
2.585104764890282240e+03,9.429999999999999494e-01
2.586434551332288265e+03,9.429999999999999494e-01
2.587764337774294745e+03,9.429999999999999494e-01
2.589094124216300770e+03,9.429999999999999494e-01
2.590423910658307250e+03,9.429999999999999494e-01
2.591753697100313275e+03,9.429999999999999494e-01
2.593083483542319755e+03,9.429999999999999494e-01
2.594413269984325780e+03,9.422000000000000375e-01
2.595743056426332259e+03,9.412000000000000366e-01
2.597072842868338284e+03,9.409999999999999476e-01
2.598402629310344764e+03,9.409999999999999476e-01
2.599732415752351244e+03,9.409999999999999476e-01
2.601062202194357269e+03,9.409999999999999476e-01
2.602391988636363749e+03,9.409999999999999476e-01
2.603721775078369774e+03,9.409999999999999476e-01
2.605051561520376254e+03,9.409999999999999476e-01
2.606381347962382279e+03,9.409999999999999476e-01
2.607711134404388758e+03,9.402000000000000357e-01
2.609040920846394783e+03,9.392000000000000348e-01
2.610370707288401263e+03,9.389999999999999458e-01
2.611700493730407288e+03,9.389999999999999458e-01
2.613030280172413768e+03,9.389999999999999458e-01
2.614360066614419793e+03,9.389999999999999458e-01
2.615689853056426273e+03,9.389999999999999458e-01
2.617019639498432753e+03,9.389999999999999458e-01
2.618349425940438778e+03,9.389999999999999458e-01
2.619679212382445257e+03,9.389999999999999458e-01
2.621008998824451282e+03,9.382000000000000339e-01
2.622338785266457762e+03,9.371000000000000441e-01
2.623668571708463787e+03,9.370000000000000551e-01
2.624998358150470267e+03,9.370000000000000551e-01
2.626328144592476292e+03,9.370000000000000551e-01
2.627657931034482772e+03,9.370000000000000551e-01
2.628987717476488797e+03,9.370000000000000551e-01
2.630317503918495277e+03,9.370000000000000551e-01
2.631647290360501302e+03,9.370000000000000551e-01
2.632977076802507781e+03,9.370000000000000551e-01
2.634306863244514261e+03,9.370000000000000551e-01
2.635636649686520286e+03,9.370000000000000551e-01
2.636966436128526766e+03,9.370000000000000551e-01
2.638296222570532791e+03,9.370000000000000551e-01
2.639626009012539271e+03,9.370000000000000551e-01
2.640955795454545296e+03,9.370000000000000551e-01
2.642285581896551776e+03,9.370000000000000551e-01
2.643615368338557801e+03,9.370000000000000551e-01
2.644945154780564280e+03,9.370000000000000551e-01
2.646274941222570305e+03,9.370000000000000551e-01
2.647604727664576785e+03,9.378999999999999559e-01
2.648934514106582810e+03,9.388999999999999568e-01
2.650264300548589290e+03,9.389999999999999458e-01
2.651594086990595770e+03,9.389999999999999458e-01
2.652923873432601795e+03,9.389999999999999458e-01
2.654253659874608275e+03,9.389999999999999458e-01
2.655583446316614300e+03,9.389999999999999458e-01
2.656913232758620779e+03,9.389999999999999458e-01
2.658243019200626804e+03,9.389999999999999458e-01
2.659572805642633284e+03,9.389999999999999458e-01
2.660902592084639309e+03,9.389999999999999458e-01
2.662232378526645789e+03,9.389999999999999458e-01
2.663562164968651814e+03,9.389999999999999458e-01
2.664891951410658294e+03,9.389999999999999458e-01
2.666221737852664319e+03,9.389999999999999458e-01
2.667551524294670799e+03,9.389999999999999458e-01
2.668881310736677278e+03,9.389999999999999458e-01
2.670211097178683303e+03,9.389999999999999458e-01
2.671540883620689783e+03,9.389999999999999458e-01
2.672870670062695808e+03,9.389999999999999458e-01
2.674200456504702288e+03,9.389999999999999458e-01
2.675530242946708313e+03,9.389999999999999458e-01
2.676860029388714793e+03,9.389999999999999458e-01
2.678189815830720818e+03,9.389999999999999458e-01
2.679519602272727298e+03,9.399999999999999467e-01
2.680849388714733323e+03,9.409999999999999476e-01
2.682179175156739802e+03,9.409999999999999476e-01
2.683508961598745827e+03,9.409999999999999476e-01
2.684838748040752307e+03,9.409999999999999476e-01
2.686168534482758787e+03,9.409999999999999476e-01
2.687498320924764812e+03,9.409999999999999476e-01
2.688828107366771292e+03,9.409999999999999476e-01
2.690157893808777317e+03,9.409999999999999476e-01
2.691487680250783797e+03,9.408999999999999586e-01
2.692817466692789822e+03,9.398999999999999577e-01
2.694147253134796301e+03,9.389999999999999458e-01
2.695477039576802326e+03,9.389999999999999458e-01
2.696806826018808806e+03,9.389999999999999458e-01
2.698136612460814831e+03,9.389999999999999458e-01
2.699466398902821311e+03,9.389999999999999458e-01
2.700796185344827336e+03,9.389999999999999458e-01
2.702125971786833816e+03,9.389999999999999458e-01
2.703455758228840295e+03,9.389999999999999458e-01
2.704785544670846321e+03,9.389999999999999458e-01
2.706115331112852800e+03,9.389999999999999458e-01
2.707445117554858825e+03,9.389999999999999458e-01
2.708774903996865305e+03,9.389999999999999458e-01
2.710104690438871330e+03,9.389999999999999458e-01
2.711434476880877810e+03,9.389999999999999458e-01
2.712764263322883835e+03,9.389999999999999458e-01
2.714094049764890315e+03,9.389999999999999458e-01
2.715423836206896340e+03,9.388999999999999568e-01
2.716753622648902819e+03,9.378999999999999559e-01
2.718083409090908845e+03,9.370000000000000551e-01
2.719413195532915324e+03,9.370000000000000551e-01
2.720742981974921349e+03,9.367999999999999661e-01
2.722072768416927829e+03,9.357999999999999652e-01
2.723402554858934309e+03,9.350000000000000533e-01
2.724732341300940334e+03,9.350000000000000533e-01
2.726062127742946814e+03,9.350000000000000533e-01
2.727391914184952839e+03,9.350000000000000533e-01
2.728721700626959318e+03,9.353000000000000203e-01
2.730051487068965343e+03,9.373000000000000220e-01
2.731381273510971823e+03,9.389999999999999458e-01
2.732711059952977848e+03,9.389999999999999458e-01
2.734040846394984328e+03,9.389999999999999458e-01
2.735370632836990353e+03,9.389999999999999458e-01
2.736700419278996833e+03,9.387999999999999678e-01
2.738030205721002858e+03,9.377999999999999670e-01
2.739359992163009338e+03,9.370000000000000551e-01
2.740689778605015817e+03,9.370000000000000551e-01
2.742019565047021842e+03,9.370000000000000551e-01
2.743349351489028322e+03,9.370000000000000551e-01
2.744679137931034347e+03,9.370000000000000551e-01
2.746008924373040827e+03,9.370000000000000551e-01
2.747338710815046852e+03,9.370000000000000551e-01
2.748668497257053332e+03,9.370000000000000551e-01
2.749998283699059357e+03,9.370000000000000551e-01
2.751328070141065837e+03,9.370000000000000551e-01
2.752657856583071862e+03,9.370000000000000551e-01
2.753987643025078341e+03,9.370000000000000551e-01
2.755317429467084366e+03,9.370000000000000551e-01
2.756647215909090846e+03,9.370000000000000551e-01
2.757977002351097326e+03,9.370000000000000551e-01
2.759306788793103351e+03,9.370000000000000551e-01
2.760636575235109831e+03,9.370000000000000551e-01
2.761966361677115856e+03,9.370000000000000551e-01
2.763296148119122336e+03,9.370000000000000551e-01
2.764625934561128361e+03,9.370000000000000551e-01
2.765955721003134840e+03,9.370000000000000551e-01
2.767285507445140865e+03,9.370000000000000551e-01
2.768615293887147345e+03,9.370000000000000551e-01
2.769945080329153370e+03,9.370000000000000551e-01
2.771274866771159850e+03,9.366999999999999771e-01
2.772604653213165875e+03,9.356999999999999762e-01
2.773934439655172355e+03,9.350000000000000533e-01
2.775264226097178835e+03,9.350000000000000533e-01
2.776594012539184860e+03,9.350000000000000533e-01
2.777923798981191339e+03,9.350000000000000533e-01
2.779253585423197364e+03,9.353000000000000203e-01
2.780583371865203844e+03,9.363000000000000211e-01
2.781913158307209869e+03,9.370000000000000551e-01
2.783242944749216349e+03,9.370000000000000551e-01
2.784572731191222374e+03,9.370000000000000551e-01
2.785902517633228854e+03,9.370000000000000551e-01
2.787232304075234879e+03,9.370000000000000551e-01
2.788562090517241359e+03,9.370000000000000551e-01
2.789891876959247384e+03,9.366999999999999771e-01
2.791221663401253863e+03,9.356999999999999762e-01
2.792551449843260343e+03,9.350000000000000533e-01
2.793881236285266368e+03,9.350000000000000533e-01
2.795211022727272848e+03,9.350000000000000533e-01
2.796540809169278873e+03,9.350000000000000533e-01
2.797870595611285353e+03,9.350000000000000533e-01
2.799200382053291378e+03,9.350000000000000533e-01
2.800530168495297858e+03,9.345999999999999863e-01
2.801859954937303883e+03,9.335999999999999854e-01
2.803189741379310362e+03,9.330000000000000515e-01
2.804519527821316387e+03,9.330000000000000515e-01
2.805849314263322867e+03,9.330000000000000515e-01
2.807179100705328892e+03,9.330000000000000515e-01
2.808508887147335372e+03,9.325999999999999845e-01
2.809838673589341852e+03,9.315999999999999837e-01
2.811168460031347877e+03,9.310000000000000497e-01
2.812498246473354357e+03,9.310000000000000497e-01
2.813828032915360382e+03,9.310000000000000497e-01
2.815157819357366861e+03,9.310000000000000497e-01
2.816487605799372886e+03,9.310000000000000497e-01
2.817817392241379366e+03,9.310000000000000497e-01
2.819147178683385391e+03,9.310000000000000497e-01
2.820476965125391871e+03,9.310000000000000497e-01
2.821806751567397896e+03,9.304999999999999938e-01
2.823136538009404376e+03,9.294999999999999929e-01
2.824466324451410401e+03,9.284999999999999920e-01
2.825796110893416881e+03,9.274999999999999911e-01
2.827125897335423360e+03,9.264999999999999902e-01
2.828455683777429385e+03,9.254999999999999893e-01
2.829785470219435865e+03,9.243000000000000105e-01
2.831115256661441890e+03,9.227999999999999536e-01
2.832445043103448370e+03,9.220000000000000417e-01
2.833774829545454395e+03,9.220000000000000417e-01
2.835104615987460875e+03,9.214999999999999858e-01
2.836434402429466900e+03,9.204999999999999849e-01
2.837764188871473380e+03,9.184999999999999831e-01
2.839093975313479405e+03,9.154999999999999805e-01
2.840423761755485884e+03,9.130000000000000338e-01
2.841753548197491909e+03,9.110000000000000320e-01
2.843083334639498389e+03,9.052000000000000046e-01
2.844413121081504414e+03,8.957000000000000517e-01
2.845742907523510894e+03,8.869000000000000217e-01
2.847072693965517374e+03,8.787000000000000366e-01
2.848402480407523399e+03,8.692999999999999616e-01
2.849732266849529879e+03,8.588000000000000078e-01
2.851062053291535904e+03,8.481999999999999540e-01
2.852391839733542383e+03,8.377000000000000002e-01
2.853721626175548408e+03,8.298999999999999710e-01
2.855051412617554888e+03,8.244000000000000217e-01
2.856381199059560913e+03,8.144000000000000128e-01
2.857710985501567393e+03,8.008999999999999453e-01
2.859040771943573418e+03,7.926999999999999602e-01
2.860370558385579898e+03,7.886999999999999567e-01
2.861700344827585923e+03,7.863999999999999879e-01
2.863030131269592403e+03,7.853999999999999870e-01
2.864359917711598882e+03,7.855999999999999650e-01
2.865689704153604907e+03,7.865999999999999659e-01
2.867019490595611387e+03,7.886999999999999567e-01
2.868349277037617412e+03,7.916999999999999593e-01
2.869679063479623892e+03,8.014999999999999902e-01
2.871008849921629917e+03,8.159999999999999476e-01
2.872338636363636397e+03,8.228999999999999648e-01
2.873668422805642422e+03,8.244000000000000217e-01
2.874998209247648902e+03,8.346999999999999975e-01
2.876327995689654927e+03,8.501999999999999558e-01
2.877657782131661406e+03,8.609999999999999876e-01
2.878987568573667431e+03,8.690999999999999837e-01
2.880317355015673911e+03,8.741999999999999771e-01
2.881647141457680391e+03,8.777000000000000357e-01
2.882976927899686416e+03,8.821999999999999842e-01
2.884306714341692896e+03,8.871999999999999886e-01
2.885636500783698921e+03,8.895999999999999464e-01
2.886966287225705400e+03,8.905999999999999472e-01
2.888296073667711426e+03,8.910000000000000142e-01
2.889625860109717905e+03,8.910000000000000142e-01
2.890955646551723930e+03,8.910000000000000142e-01
2.892285432993730410e+03,8.910000000000000142e-01
2.893615219435736435e+03,8.902999999999999803e-01
2.894945005877742915e+03,8.892999999999999794e-01
2.896274792319748940e+03,8.882999999999999785e-01
2.897604578761755420e+03,8.872999999999999776e-01
2.898934365203761899e+03,8.856000000000000538e-01
2.900264151645767924e+03,8.836000000000000520e-01
2.901593938087774404e+03,8.822999999999999732e-01
2.902923724529780429e+03,8.812999999999999723e-01
2.904253510971786909e+03,8.796000000000000485e-01
2.905583297413792934e+03,8.776000000000000467e-01
2.906913083855799414e+03,8.762999999999999678e-01
2.908242870297805439e+03,8.752999999999999670e-01
2.909572656739811919e+03,8.739000000000000101e-01
2.910902443181817944e+03,8.723999999999999533e-01
2.912232229623824423e+03,8.706000000000000405e-01
2.913562016065830448e+03,8.685000000000000497e-01
2.914891802507836928e+03,8.658000000000000140e-01
2.916221588949843408e+03,8.628000000000000114e-01
2.917551375391849433e+03,8.590999999999999748e-01
2.918881161833855913e+03,8.550999999999999712e-01
2.920210948275861938e+03,8.532999999999999474e-01
2.921540734717868418e+03,8.522999999999999465e-01
2.922870521159874443e+03,8.512999999999999456e-01
2.924200307601880922e+03,8.502999999999999448e-01
2.925530094043886947e+03,8.488999999999999879e-01
2.926859880485893427e+03,8.473000000000000531e-01
2.928189666927899452e+03,8.461999999999999522e-01
2.929519453369905932e+03,8.451999999999999513e-01
2.930849239811911957e+03,8.449999999999999734e-01
2.932179026253918437e+03,8.449999999999999734e-01
2.933508812695924917e+03,8.449999999999999734e-01
2.934838599137930942e+03,8.449999999999999734e-01
2.936168385579937421e+03,8.441999999999999504e-01
2.937498172021943446e+03,8.431999999999999496e-01
2.938827958463949926e+03,8.414000000000000368e-01
2.940157744905955951e+03,8.394000000000000350e-01
2.941487531347962431e+03,8.256999999999999895e-01
2.942817317789968456e+03,8.091000000000000414e-01
2.944147104231974936e+03,7.913000000000000034e-01
2.945476890673980961e+03,7.732999999999999874e-01
2.946806677115987441e+03,7.523999999999999577e-01
2.948136463557993466e+03,7.308000000000000052e-01
2.949466249999999945e+03,7.207999999999999963e-01
2.950796036442005970e+03,7.133000000000000451e-01
2.952125822884012450e+03,7.032000000000000473e-01
2.953455609326018930e+03,6.925000000000000044e-01
2.954785395768024955e+03,6.775999999999999801e-01
2.956115182210031435e+03,6.621000000000000218e-01
2.957444968652037460e+03,6.464999999999999636e-01
2.958774755094043940e+03,6.310000000000000053e-01
2.960104541536049965e+03,6.280999999999999917e-01
2.961434327978056444e+03,6.270999999999999908e-01
2.962764114420062469e+03,6.270000000000000018e-01
2.964093900862068949e+03,6.270000000000000018e-01
2.965423687304074974e+03,6.288000000000000256e-01
2.966753473746081454e+03,6.308000000000000274e-01
2.968083260188087479e+03,6.421000000000000041e-01
2.969413046630093959e+03,6.545999999999999597e-01
2.970742833072100439e+03,6.613999999999999879e-01
2.972072619514106464e+03,6.673999999999999932e-01
2.973402405956112943e+03,6.860000000000000542e-01
2.974732192398118968e+03,7.059999999999999609e-01
2.976061978840125448e+03,7.193000000000000504e-01
2.977391765282131473e+03,7.318000000000000060e-01
2.978721551724137953e+03,7.427000000000000268e-01
2.980051338166143978e+03,7.533999999999999586e-01
2.981381124608150458e+03,7.597000000000000419e-01
2.982710911050156483e+03,7.657000000000000473e-01
2.984040697492162963e+03,7.711999999999999966e-01
2.985370483934168988e+03,7.766999999999999460e-01
2.986700270376175467e+03,7.789000000000000368e-01
2.988030056818181947e+03,7.809000000000000385e-01
2.989359843260187972e+03,7.820000000000000284e-01
2.990689629702194452e+03,7.830000000000000293e-01
2.992019416144200477e+03,7.830000000000000293e-01
2.993349202586206957e+03,7.830000000000000293e-01
2.994678989028212982e+03,7.840000000000000302e-01
2.996008775470219462e+03,7.850000000000000311e-01
2.997338561912225487e+03,7.850000000000000311e-01
2.998668348354231966e+03,7.850000000000000311e-01
2.999998134796237991e+03,7.850000000000000311e-01
3.001327921238244471e+03,7.850000000000000311e-01
3.002657707680250496e+03,7.850000000000000311e-01
3.003987494122256976e+03,7.850000000000000311e-01
3.005317280564263456e+03,7.850000000000000311e-01
3.006647067006269481e+03,7.850000000000000311e-01
3.007976853448275961e+03,7.840000000000000302e-01
3.009306639890281986e+03,7.830000000000000293e-01
3.010636426332288465e+03,7.820000000000000284e-01
3.011966212774294490e+03,7.810000000000000275e-01
3.013295999216300970e+03,7.810000000000000275e-01
3.014625785658306995e+03,7.810000000000000275e-01
3.015955572100313475e+03,7.820000000000000284e-01
3.017285358542319500e+03,7.831000000000000183e-01
3.018615144984325980e+03,7.861000000000000210e-01
3.019944931426332005e+03,7.891000000000000236e-01
3.021274717868338485e+03,7.921000000000000263e-01
3.022604504310344964e+03,7.952000000000000179e-01
3.023934290752350989e+03,7.986999999999999655e-01
3.025264077194357469e+03,8.022000000000000242e-01
3.026593863636363494e+03,8.062000000000000277e-01
3.027923650078369974e+03,8.105999999999999872e-01
3.029253436520375999e+03,8.212000000000000410e-01
3.030583222962382479e+03,8.313000000000000389e-01
3.031913009404388504e+03,8.364000000000000323e-01
3.033242795846394984e+03,8.414000000000000368e-01
3.034572582288401009e+03,8.459999999999999742e-01
3.035902368730407488e+03,8.504000000000000448e-01
3.037232155172413513e+03,8.544000000000000483e-01
3.038561941614419993e+03,8.581999999999999629e-01
3.039891728056426473e+03,8.601999999999999647e-01
3.041221514498432498e+03,8.622999999999999554e-01
3.042551300940438978e+03,8.653999999999999471e-01
3.043881087382445003e+03,8.681999999999999718e-01
3.045210873824451483e+03,8.701999999999999735e-01
3.046540660266457508e+03,8.721999999999999753e-01
3.047870446708463987e+03,8.737000000000000322e-01
3.049200233150470012e+03,8.750999999999999890e-01
3.050530019592476492e+03,8.760999999999999899e-01
3.051859806034482517e+03,8.770999999999999908e-01
3.053189592476488997e+03,8.780999999999999917e-01
3.054519378918495022e+03,8.790999999999999925e-01
3.055849165360501502e+03,8.800999999999999934e-01
3.057178951802507981e+03,8.810999999999999943e-01
3.058508738244514007e+03,8.821999999999999842e-01
3.059838524686520486e+03,8.830000000000000071e-01
3.061168311128526511e+03,8.830000000000000071e-01
3.062498097570532991e+03,8.831999999999999851e-01
3.063827884012539016e+03,8.841999999999999860e-01
3.065157670454545496e+03,8.851999999999999869e-01
3.066487456896551521e+03,8.861999999999999877e-01
3.067817243338558001e+03,8.870000000000000107e-01
3.069147029780564026e+03,8.870000000000000107e-01
3.070476816222570505e+03,8.870000000000000107e-01
3.071806602664576531e+03,8.870000000000000107e-01
3.073136389106583010e+03,8.871999999999999886e-01
3.074466175548589035e+03,8.881999999999999895e-01
3.075795961990595515e+03,8.891999999999999904e-01
3.077125748432601995e+03,8.901999999999999913e-01
3.078455534874608020e+03,8.910000000000000142e-01
3.079785321316614500e+03,8.910000000000000142e-01
3.081115107758620525e+03,8.910000000000000142e-01
3.082444894200627004e+03,8.910000000000000142e-01
3.083774680642633029e+03,8.911999999999999922e-01
3.085104467084639509e+03,8.921999999999999931e-01
3.086434253526645534e+03,8.932999999999999829e-01
3.087764039968652014e+03,8.942999999999999838e-01
3.089093826410658039e+03,8.952999999999999847e-01
3.090423612852664519e+03,8.962999999999999856e-01
3.091753399294670544e+03,8.973999999999999755e-01
3.093083185736677024e+03,8.989000000000000323e-01
3.094412972178683503e+03,9.004999999999999671e-01
3.095742758620689528e+03,9.025999999999999579e-01
3.097072545062696008e+03,9.045999999999999597e-01
3.098402331504702033e+03,9.065999999999999615e-01
3.099732117946708513e+03,9.080000000000000293e-01
3.101061904388714538e+03,9.080000000000000293e-01
3.102391690830721018e+03,9.082999999999999963e-01
3.103721477272727043e+03,9.092999999999999972e-01
3.105051263714733523e+03,9.102999999999999980e-01
3.106381050156739548e+03,9.112999999999999989e-01
3.107710836598746027e+03,9.122999999999999998e-01
3.109040623040752052e+03,9.133000000000000007e-01
3.110370409482758532e+03,9.143000000000000016e-01
3.111700195924765012e+03,9.153000000000000025e-01
3.113029982366771037e+03,9.163000000000000034e-01
3.114359768808777517e+03,9.173000000000000043e-01
3.115689555250783542e+03,9.180000000000000382e-01
3.117019341692790022e+03,9.180000000000000382e-01
3.118349128134796047e+03,9.183000000000000052e-01
3.119678914576802526e+03,9.193999999999999950e-01
3.121008701018808551e+03,9.203999999999999959e-01
3.122338487460815031e+03,9.213999999999999968e-01
3.123668273902821056e+03,9.220000000000000417e-01
3.124998060344827536e+03,9.220000000000000417e-01
3.126327846786833561e+03,9.224999999999999867e-01
3.127657633228840041e+03,9.240000000000000435e-01
3.128987419670846521e+03,9.250000000000000444e-01
3.130317206112852546e+03,9.250000000000000444e-01
3.131646992554859025e+03,9.254000000000000004e-01
3.132976778996865050e+03,9.264000000000000012e-01
3.134306565438871530e+03,9.270000000000000462e-01
3.135636351880877555e+03,9.270000000000000462e-01
3.136966138322884035e+03,9.270000000000000462e-01
3.138295924764890060e+03,9.270000000000000462e-01
3.139625711206896540e+03,9.270000000000000462e-01
3.140955497648902565e+03,9.270000000000000462e-01
3.142285284090909045e+03,9.274000000000000021e-01
3.143615070532915070e+03,9.284000000000000030e-01
3.144944856974921549e+03,9.290000000000000480e-01
3.146274643416928029e+03,9.290000000000000480e-01
3.147604429858934054e+03,9.290000000000000480e-01
3.148934216300940534e+03,9.290000000000000480e-01
3.150264002742946559e+03,9.290000000000000480e-01
3.151593789184953039e+03,9.290000000000000480e-01
3.152923575626959064e+03,9.290000000000000480e-01
3.154253362068965544e+03,9.290000000000000480e-01
3.155583148510971569e+03,9.290000000000000480e-01
3.156912934952978048e+03,9.290000000000000480e-01
3.158242721394984073e+03,9.290000000000000480e-01
3.159572507836990553e+03,9.290000000000000480e-01
3.160902294278996578e+03,9.290000000000000480e-01
3.162232080721003058e+03,9.290000000000000480e-01
3.163561867163009538e+03,9.290000000000000480e-01
3.164891653605015563e+03,9.290000000000000480e-01
3.166221440047022043e+03,9.290000000000000480e-01
3.167551226489028068e+03,9.290000000000000480e-01
3.168881012931034547e+03,9.290000000000000480e-01
3.170210799373040572e+03,9.290000000000000480e-01
3.171540585815047052e+03,9.290000000000000480e-01
3.172870372257053077e+03,9.290000000000000480e-01
3.174200158699059557e+03,9.290000000000000480e-01
3.175529945141065582e+03,9.290000000000000480e-01
3.176859731583072062e+03,9.290000000000000480e-01
3.178189518025078087e+03,9.290000000000000480e-01
3.179519304467084567e+03,9.290000000000000480e-01
3.180849090909091046e+03,9.290000000000000480e-01
3.182178877351097071e+03,9.290000000000000480e-01
3.183508663793103551e+03,9.290000000000000480e-01
3.184838450235109576e+03,9.290000000000000480e-01
3.186168236677116056e+03,9.290000000000000480e-01
3.187498023119122081e+03,9.290000000000000480e-01
3.188827809561128561e+03,9.290000000000000480e-01
3.190157596003134586e+03,9.290000000000000480e-01
3.191487382445141066e+03,9.290000000000000480e-01
3.192817168887147091e+03,9.290000000000000480e-01
3.194146955329153570e+03,9.290000000000000480e-01
3.195476741771159595e+03,9.290000000000000480e-01
3.196806528213166075e+03,9.290000000000000480e-01
3.198136314655172100e+03,9.290000000000000480e-01
3.199466101097178580e+03,9.290000000000000480e-01
3.200795887539185060e+03,9.290000000000000480e-01
3.202125673981191085e+03,9.290000000000000480e-01
3.203455460423197565e+03,9.290000000000000480e-01
3.204785246865203590e+03,9.290000000000000480e-01
3.206115033307210069e+03,9.295999999999999819e-01
3.207444819749216094e+03,9.305999999999999828e-01
3.208774606191222574e+03,9.310000000000000497e-01
3.210104392633228599e+03,9.310000000000000497e-01
3.211434179075235079e+03,9.310000000000000497e-01
3.212763965517241104e+03,9.310000000000000497e-01
3.214093751959247584e+03,9.315999999999999837e-01
3.215423538401253609e+03,9.325999999999999845e-01
3.216753324843260089e+03,9.330000000000000515e-01
3.218083111285266568e+03,9.330000000000000515e-01
3.219412897727272593e+03,9.330000000000000515e-01
3.220742684169279073e+03,9.330000000000000515e-01
3.222072470611285098e+03,9.330000000000000515e-01
3.223402257053291578e+03,9.330000000000000515e-01
3.224732043495297603e+03,9.330000000000000515e-01
3.226061829937304083e+03,9.330000000000000515e-01
3.227391616379310108e+03,9.330000000000000515e-01
3.228721402821316588e+03,9.330000000000000515e-01
3.230051189263322613e+03,9.330000000000000515e-01
3.231380975705329092e+03,9.330000000000000515e-01
3.232710762147335117e+03,9.330000000000000515e-01
3.234040548589341597e+03,9.330000000000000515e-01
3.235370335031348077e+03,9.330000000000000515e-01
3.236700121473354102e+03,9.330000000000000515e-01
3.238029907915360582e+03,9.330000000000000515e-01
3.239359694357366607e+03,9.330000000000000515e-01
3.240689480799373086e+03,9.330000000000000515e-01
3.242019267241379112e+03,9.330000000000000515e-01
3.243349053683385591e+03,9.330000000000000515e-01
3.244678840125391616e+03,9.330000000000000515e-01
3.246008626567398096e+03,9.330000000000000515e-01
3.247338413009404121e+03,9.330000000000000515e-01
3.248668199451410601e+03,9.330000000000000515e-01
3.249997985893416626e+03,9.330000000000000515e-01
3.251327772335423106e+03,9.330000000000000515e-01
3.252657558777429585e+03,9.330000000000000515e-01
3.253987345219435610e+03,9.330000000000000515e-01
3.255317131661442090e+03,9.330000000000000515e-01
3.256646918103448115e+03,9.330000000000000515e-01
3.257976704545454595e+03,9.330000000000000515e-01
3.259306490987460620e+03,9.330000000000000515e-01
3.260636277429467100e+03,9.330000000000000515e-01
3.261966063871473125e+03,9.330000000000000515e-01
3.263295850313479605e+03,9.330000000000000515e-01
3.264625636755485630e+03,9.330000000000000515e-01
3.265955423197492109e+03,9.330000000000000515e-01
3.267285209639498134e+03,9.330000000000000515e-01
3.268614996081504614e+03,9.330000000000000515e-01
3.269944782523511094e+03,9.330000000000000515e-01
3.271274568965517119e+03,9.330000000000000515e-01
3.272604355407523599e+03,9.330000000000000515e-01
3.273934141849529624e+03,9.330000000000000515e-01
3.275263928291536104e+03,9.330000000000000515e-01
3.276593714733542129e+03,9.330000000000000515e-01
3.277923501175548608e+03,9.330000000000000515e-01
3.279253287617554633e+03,9.330000000000000515e-01
3.280583074059561113e+03,9.330000000000000515e-01
3.281912860501567138e+03,9.330000000000000515e-01
3.283242646943573618e+03,9.322000000000000286e-01
3.284572433385579643e+03,9.312000000000000277e-01
3.285902219827586123e+03,9.310000000000000497e-01
3.287232006269592603e+03,9.310000000000000497e-01
3.288561792711598628e+03,9.310000000000000497e-01
3.289891579153605107e+03,9.310000000000000497e-01
3.291221365595611132e+03,9.310000000000000497e-01
3.292551152037617612e+03,9.310000000000000497e-01
3.293880938479623637e+03,9.310000000000000497e-01
3.295210724921630117e+03,9.310000000000000497e-01
3.296540511363636142e+03,9.310000000000000497e-01
3.297870297805642622e+03,9.310000000000000497e-01
3.299200084247648647e+03,9.310000000000000497e-01
3.300529870689655127e+03,9.310000000000000497e-01
3.301859657131661152e+03,9.310000000000000497e-01
3.303189443573667631e+03,9.310000000000000497e-01
3.304519230015674111e+03,9.310000000000000497e-01
3.305849016457680136e+03,9.310000000000000497e-01
3.307178802899686616e+03,9.310000000000000497e-01
3.308508589341692641e+03,9.310000000000000497e-01
3.309838375783699121e+03,9.310000000000000497e-01
3.311168162225705146e+03,9.310000000000000497e-01
3.312497948667711626e+03,9.310000000000000497e-01
3.313827735109717651e+03,9.310000000000000497e-01
3.315157521551724130e+03,9.301000000000000378e-01
3.316487307993730155e+03,9.291000000000000369e-01
3.317817094435736635e+03,9.290000000000000480e-01
3.319146880877742660e+03,9.290000000000000480e-01
3.320476667319749140e+03,9.290000000000000480e-01
3.321806453761755165e+03,9.290000000000000480e-01
3.323136240203761645e+03,9.290000000000000480e-01
3.324466026645768125e+03,9.290000000000000480e-01
3.325795813087774150e+03,9.290000000000000480e-01
3.327125599529780629e+03,9.290000000000000480e-01
3.328455385971786654e+03,9.290000000000000480e-01
3.329785172413793134e+03,9.290000000000000480e-01
3.331114958855799159e+03,9.290000000000000480e-01
3.332444745297805639e+03,9.290000000000000480e-01
3.333774531739811664e+03,9.290000000000000480e-01
3.335104318181818144e+03,9.290000000000000480e-01
3.336434104623824169e+03,9.290000000000000480e-01
3.337763891065830649e+03,9.290000000000000480e-01
3.339093677507836674e+03,9.290000000000000480e-01
3.340423463949843153e+03,9.290000000000000480e-01
3.341753250391849633e+03,9.290000000000000480e-01
3.343083036833855658e+03,9.290000000000000480e-01
3.344412823275862138e+03,9.290000000000000480e-01
3.345742609717868163e+03,9.290000000000000480e-01
3.347072396159874643e+03,9.290000000000000480e-01
3.348402182601880668e+03,9.290000000000000480e-01
3.349731969043887148e+03,9.290000000000000480e-01
3.351061755485893173e+03,9.290000000000000480e-01
3.352391541927899652e+03,9.290000000000000480e-01
3.353721328369905677e+03,9.290000000000000480e-01
3.355051114811912157e+03,9.290000000000000480e-01
3.356380901253918182e+03,9.290000000000000480e-01
3.357710687695924662e+03,9.290000000000000480e-01
3.359040474137931142e+03,9.290000000000000480e-01
3.360370260579937167e+03,9.290000000000000480e-01
3.361700047021943647e+03,9.290000000000000480e-01
3.363029833463949672e+03,9.290000000000000480e-01
3.364359619905956151e+03,9.290000000000000480e-01
3.365689406347962176e+03,9.290000000000000480e-01
3.367019192789968656e+03,9.290000000000000480e-01
3.368348979231974681e+03,9.290000000000000480e-01
3.369678765673981161e+03,9.290000000000000480e-01
3.371008552115987186e+03,9.290000000000000480e-01
3.372338338557993666e+03,9.290000000000000480e-01
3.373668124999999691e+03,9.290000000000000480e-01
3.374997911442006171e+03,9.290000000000000480e-01
3.376327697884012650e+03,9.290000000000000480e-01
3.377657484326018675e+03,9.290000000000000480e-01
3.378987270768025155e+03,9.290000000000000480e-01
3.380317057210031180e+03,9.290000000000000480e-01
3.381646843652037660e+03,9.290000000000000480e-01
3.382976630094043685e+03,9.290000000000000480e-01
3.384306416536050165e+03,9.290000000000000480e-01
3.385636202978056190e+03,9.288999999999999480e-01
3.386965989420062670e+03,9.277999999999999581e-01
3.388295775862068695e+03,9.270000000000000462e-01
3.389625562304075174e+03,9.270000000000000462e-01
3.390955348746081199e+03,9.270000000000000462e-01
3.392285135188087679e+03,9.270000000000000462e-01
3.393614921630094159e+03,9.270000000000000462e-01
3.394944708072100184e+03,9.270000000000000462e-01
3.396274494514106664e+03,9.270000000000000462e-01
3.397604280956112689e+03,9.270000000000000462e-01
3.398934067398119169e+03,9.270000000000000462e-01
3.400263853840125194e+03,9.270000000000000462e-01
3.401593640282131673e+03,9.270000000000000462e-01
3.402923426724137698e+03,9.270000000000000462e-01
3.404253213166144178e+03,9.270000000000000462e-01
3.405582999608150203e+03,9.270000000000000462e-01
3.406912786050156683e+03,9.270000000000000462e-01
3.408242572492162708e+03,9.270000000000000462e-01
3.409572358934169188e+03,9.270000000000000462e-01
3.410902145376175667e+03,9.270000000000000462e-01
3.412231931818181693e+03,9.270000000000000462e-01
3.413561718260188172e+03,9.270000000000000462e-01
3.414891504702194197e+03,9.270000000000000462e-01
3.416221291144200677e+03,9.270000000000000462e-01
3.417551077586206702e+03,9.270000000000000462e-01
3.418880864028213182e+03,9.270000000000000462e-01
3.420210650470219207e+03,9.270000000000000462e-01
3.421540436912225687e+03,9.270000000000000462e-01
3.422870223354231712e+03,9.270000000000000462e-01
3.424200009796238191e+03,9.270000000000000462e-01
3.425529796238244217e+03,9.270000000000000462e-01
3.426859582680250696e+03,9.270000000000000462e-01
3.428189369122256721e+03,9.270000000000000462e-01
3.429519155564263201e+03,9.270000000000000462e-01
3.430848942006269681e+03,9.270000000000000462e-01
3.432178728448275706e+03,9.270000000000000462e-01
3.433508514890282186e+03,9.270000000000000462e-01
3.434838301332288211e+03,9.270000000000000462e-01
3.436168087774294690e+03,9.270000000000000462e-01
3.437497874216300715e+03,9.270000000000000462e-01
3.438827660658307195e+03,9.270000000000000462e-01
3.440157447100313220e+03,9.270000000000000462e-01
3.441487233542319700e+03,9.270000000000000462e-01
3.442817019984325725e+03,9.270000000000000462e-01
3.444146806426332205e+03,9.270000000000000462e-01
3.445476592868338230e+03,9.270000000000000462e-01
3.446806379310344710e+03,9.270000000000000462e-01
3.448136165752351189e+03,9.270000000000000462e-01
3.449465952194357214e+03,9.270000000000000462e-01
3.450795738636363694e+03,9.270000000000000462e-01
3.452125525078369719e+03,9.273000000000000131e-01
3.453455311520376199e+03,9.283000000000000140e-01
3.454785097962382224e+03,9.290000000000000480e-01
3.456114884404388704e+03,9.290000000000000480e-01
3.457444670846394729e+03,9.290000000000000480e-01
3.458774457288401209e+03,9.290000000000000480e-01
3.460104243730407234e+03,9.290000000000000480e-01
3.461434030172413713e+03,9.290000000000000480e-01
3.462763816614419738e+03,9.290000000000000480e-01
3.464093603056426218e+03,9.290000000000000480e-01
3.465423389498432698e+03,9.290000000000000480e-01
3.466753175940438723e+03,9.290000000000000480e-01
3.468082962382445203e+03,9.290000000000000480e-01
3.469412748824451228e+03,9.290000000000000480e-01
3.470742535266457708e+03,9.290000000000000480e-01
3.472072321708463733e+03,9.290000000000000480e-01
3.473402108150470212e+03,9.290000000000000480e-01
3.474731894592476237e+03,9.290000000000000480e-01
3.476061681034482717e+03,9.290000000000000480e-01
3.477391467476488742e+03,9.290000000000000480e-01
3.478721253918495222e+03,9.290000000000000480e-01
3.480051040360501247e+03,9.290000000000000480e-01
3.481380826802507727e+03,9.294000000000000039e-01
3.482710613244514207e+03,9.304000000000000048e-01
3.484040399686520232e+03,9.304999999999999938e-01
3.485370186128526711e+03,9.294999999999999929e-01
3.486699972570532736e+03,9.294999999999999929e-01
3.488029759012539216e+03,9.304999999999999938e-01
3.489359545454545241e+03,9.310000000000000497e-01
3.490689331896551721e+03,9.310000000000000497e-01
3.492019118338557746e+03,9.310000000000000497e-01
3.493348904780564226e+03,9.310000000000000497e-01
3.494678691222570251e+03,9.310000000000000497e-01
3.496008477664576731e+03,9.310000000000000497e-01
3.497338264106582756e+03,9.310000000000000497e-01
3.498668050548589235e+03,9.310000000000000497e-01
3.499997836990595715e+03,9.310000000000000497e-01
3.501327623432601740e+03,9.310000000000000497e-01
3.502657409874608220e+03,9.310000000000000497e-01
3.503987196316614245e+03,9.310000000000000497e-01
3.505316982758620725e+03,9.310000000000000497e-01
3.506646769200626750e+03,9.310000000000000497e-01
3.507976555642633230e+03,9.310000000000000497e-01
3.509306342084639255e+03,9.310000000000000497e-01
3.510636128526645734e+03,9.310000000000000497e-01
3.511965914968651759e+03,9.310000000000000497e-01
3.513295701410658239e+03,9.310000000000000497e-01
3.514625487852664264e+03,9.310000000000000497e-01
3.515955274294670744e+03,9.310000000000000497e-01
3.517285060736677224e+03,9.310000000000000497e-01
3.518614847178683249e+03,9.310000000000000497e-01
3.519944633620689729e+03,9.310000000000000497e-01
3.521274420062695754e+03,9.310000000000000497e-01
3.522604206504702233e+03,9.310000000000000497e-01
3.523933992946708258e+03,9.310000000000000497e-01
3.525263779388714738e+03,9.310000000000000497e-01
3.526593565830720763e+03,9.310000000000000497e-01
3.527923352272727243e+03,9.310000000000000497e-01
3.529253138714733268e+03,9.310000000000000497e-01
3.530582925156739748e+03,9.310000000000000497e-01
3.531912711598745773e+03,9.310000000000000497e-01
3.533242498040752253e+03,9.310000000000000497e-01
3.534572284482758732e+03,9.310000000000000497e-01
3.535902070924764757e+03,9.310000000000000497e-01
3.537231857366771237e+03,9.310000000000000497e-01
3.538561643808777262e+03,9.310000000000000497e-01
3.539891430250783742e+03,9.310000000000000497e-01
3.541221216692789767e+03,9.310000000000000497e-01
3.542551003134796247e+03,9.310000000000000497e-01
3.543880789576802272e+03,9.310000000000000497e-01
3.545210576018808752e+03,9.310000000000000497e-01
3.546540362460814777e+03,9.310000000000000497e-01
3.547870148902821256e+03,9.310000000000000497e-01
3.549199935344827281e+03,9.310000000000000497e-01
3.550529721786833761e+03,9.310000000000000497e-01
3.551859508228839786e+03,9.310000000000000497e-01
3.553189294670846266e+03,9.310000000000000497e-01
3.554519081112852746e+03,9.310000000000000497e-01
3.555848867554858771e+03,9.310000000000000497e-01
3.557178653996865251e+03,9.310000000000000497e-01
3.558508440438871276e+03,9.310000000000000497e-01
3.559838226880877755e+03,9.310000000000000497e-01
3.561168013322883780e+03,9.310000000000000497e-01
3.562497799764890260e+03,9.310000000000000497e-01
3.563827586206896285e+03,9.310000000000000497e-01
3.565157372648902765e+03,9.310000000000000497e-01
3.566487159090908790e+03,9.303000000000000158e-01
3.567816945532915270e+03,9.293000000000000149e-01
3.569146731974921295e+03,9.290000000000000480e-01
3.570476518416927775e+03,9.290000000000000480e-01
3.571806304858934254e+03,9.290000000000000480e-01
3.573136091300940279e+03,9.290000000000000480e-01
3.574465877742946759e+03,9.290000000000000480e-01
3.575795664184952784e+03,9.290000000000000480e-01
3.577125450626959264e+03,9.290000000000000480e-01
3.578455237068965289e+03,9.290000000000000480e-01
3.579785023510971769e+03,9.290000000000000480e-01
3.581114809952977794e+03,9.290000000000000480e-01
3.582444596394984274e+03,9.290000000000000480e-01
3.583774382836990299e+03,9.290000000000000480e-01
3.585104169278996778e+03,9.290000000000000480e-01
3.586433955721002803e+03,9.290000000000000480e-01
3.587763742163009283e+03,9.290000000000000480e-01
3.589093528605015763e+03,9.290000000000000480e-01
3.590423315047021788e+03,9.290000000000000480e-01
3.591753101489028268e+03,9.290000000000000480e-01
3.593082887931034293e+03,9.290000000000000480e-01
3.594412674373040772e+03,9.290000000000000480e-01
3.595742460815046798e+03,9.290000000000000480e-01
3.597072247257053277e+03,9.290000000000000480e-01
3.598402033699059302e+03,9.297999999999999599e-01
3.599731820141065782e+03,9.307999999999999607e-01
3.601061606583071807e+03,9.310000000000000497e-01
3.602391393025078287e+03,9.310000000000000497e-01
3.603721179467084312e+03,9.310000000000000497e-01
3.605050965909090792e+03,9.310000000000000497e-01
3.606380752351097271e+03,9.310000000000000497e-01
3.607710538793103296e+03,9.310000000000000497e-01
3.609040325235109776e+03,9.310000000000000497e-01
3.610370111677115801e+03,9.310000000000000497e-01
3.611699898119122281e+03,9.310000000000000497e-01
3.613029684561128306e+03,9.310000000000000497e-01
3.614359471003134786e+03,9.310000000000000497e-01
3.615689257445140811e+03,9.310000000000000497e-01
3.617019043887147291e+03,9.310000000000000497e-01
3.618348830329153316e+03,9.310000000000000497e-01
3.619678616771159795e+03,9.310000000000000497e-01
3.621008403213165820e+03,9.310000000000000497e-01
3.622338189655172300e+03,9.310000000000000497e-01
3.623667976097178780e+03,9.310000000000000497e-01
3.624997762539184805e+03,9.310000000000000497e-01
3.626327548981191285e+03,9.310000000000000497e-01
3.627657335423197310e+03,9.310000000000000497e-01
3.628987121865203790e+03,9.310000000000000497e-01
3.630316908307209815e+03,9.310000000000000497e-01
3.631646694749216294e+03,9.310000000000000497e-01
3.632976481191222319e+03,9.310000000000000497e-01
3.634306267633228799e+03,9.310000000000000497e-01
3.635636054075234824e+03,9.310000000000000497e-01
3.636965840517241304e+03,9.310000000000000497e-01
3.638295626959247329e+03,9.310000000000000497e-01
3.639625413401253809e+03,9.310000000000000497e-01
3.640955199843260289e+03,9.310000000000000497e-01
3.642284986285266314e+03,9.310000000000000497e-01
3.643614772727272793e+03,9.318999999999999506e-01
3.644944559169278818e+03,9.328999999999999515e-01
3.646274345611285298e+03,9.330000000000000515e-01
3.647604132053291323e+03,9.330000000000000515e-01
3.648933918495297803e+03,9.330000000000000515e-01
3.650263704937303828e+03,9.330000000000000515e-01
3.651593491379310308e+03,9.330000000000000515e-01
3.652923277821316333e+03,9.330000000000000515e-01
3.654253064263322813e+03,9.330000000000000515e-01
3.655582850705328838e+03,9.330000000000000515e-01
3.656912637147335317e+03,9.330000000000000515e-01
3.658242423589341797e+03,9.330000000000000515e-01
3.659572210031347822e+03,9.330000000000000515e-01
3.660901996473354302e+03,9.330000000000000515e-01
3.662231782915360327e+03,9.330000000000000515e-01
3.663561569357366807e+03,9.330000000000000515e-01
3.664891355799372832e+03,9.330000000000000515e-01
3.666221142241379312e+03,9.330000000000000515e-01
3.667550928683385337e+03,9.330000000000000515e-01
3.668880715125391816e+03,9.330000000000000515e-01
3.670210501567397841e+03,9.330000000000000515e-01
3.671540288009404321e+03,9.330000000000000515e-01
3.672870074451410346e+03,9.330000000000000515e-01
3.674199860893416826e+03,9.330000000000000515e-01
3.675529647335422851e+03,9.320000000000000506e-01
3.676859433777429331e+03,9.310000000000000497e-01
3.678189220219435811e+03,9.310000000000000497e-01
3.679519006661441836e+03,9.310000000000000497e-01
3.680848793103448315e+03,9.310000000000000497e-01
3.682178579545454340e+03,9.310000000000000497e-01
3.683508365987460820e+03,9.320000000000000506e-01
3.684838152429466845e+03,9.330000000000000515e-01
3.686167938871473325e+03,9.330000000000000515e-01
3.687497725313479350e+03,9.330000000000000515e-01
3.688827511755485830e+03,9.340000000000000524e-01
3.690157298197491855e+03,9.350000000000000533e-01
3.691487084639498335e+03,9.350000000000000533e-01
3.692816871081504360e+03,9.350000000000000533e-01
3.694146657523510839e+03,9.350000000000000533e-01
3.695476443965517319e+03,9.350000000000000533e-01
3.696806230407523344e+03,9.350000000000000533e-01
3.698136016849529824e+03,9.350000000000000533e-01
3.699465803291535849e+03,9.350000000000000533e-01
3.700795589733542329e+03,9.350000000000000533e-01
3.702125376175548354e+03,9.350000000000000533e-01
3.703455162617554834e+03,9.350000000000000533e-01
3.704784949059560859e+03,9.350000000000000533e-01
3.706114735501567338e+03,9.350000000000000533e-01
3.707444521943573363e+03,9.350000000000000533e-01
3.708774308385579843e+03,9.350000000000000533e-01
3.710104094827585868e+03,9.350000000000000533e-01
3.711433881269592348e+03,9.350000000000000533e-01
3.712763667711598828e+03,9.350000000000000533e-01
3.714093454153604853e+03,9.350000000000000533e-01
3.715423240595611333e+03,9.350000000000000533e-01
3.716753027037617358e+03,9.350000000000000533e-01
3.718082813479623837e+03,9.350000000000000533e-01
3.719412599921629862e+03,9.350000000000000533e-01
3.720742386363636342e+03,9.350000000000000533e-01
3.722072172805642367e+03,9.350000000000000533e-01
3.723401959247648847e+03,9.350000000000000533e-01
3.724731745689654872e+03,9.350000000000000533e-01
3.726061532131661352e+03,9.350000000000000533e-01
3.727391318573667377e+03,9.347999999999999643e-01
3.728721105015673857e+03,9.337999999999999634e-01
3.730050891457680336e+03,9.330000000000000515e-01
3.731380677899686361e+03,9.330000000000000515e-01
3.732710464341692841e+03,9.330000000000000515e-01
3.734040250783698866e+03,9.330000000000000515e-01
3.735370037225705346e+03,9.330000000000000515e-01
3.736699823667711371e+03,9.330000000000000515e-01
3.738029610109717851e+03,9.330000000000000515e-01
3.739359396551723876e+03,9.330000000000000515e-01
3.740689182993730356e+03,9.330000000000000515e-01
3.742018969435736381e+03,9.330000000000000515e-01
3.743348755877742860e+03,9.330000000000000515e-01
3.744678542319748885e+03,9.330000000000000515e-01
3.746008328761755365e+03,9.330000000000000515e-01
3.747338115203761845e+03,9.330000000000000515e-01
3.748667901645767870e+03,9.327999999999999625e-01
3.749997688087774350e+03,9.317999999999999616e-01
3.751327474529780375e+03,9.310000000000000497e-01
3.752657260971786854e+03,9.310000000000000497e-01
3.753987047413792880e+03,9.310000000000000497e-01
3.755316833855799359e+03,9.310000000000000497e-01
3.756646620297805384e+03,9.310000000000000497e-01
3.757976406739811864e+03,9.310000000000000497e-01
3.759306193181817889e+03,9.310000000000000497e-01
3.760635979623824369e+03,9.310000000000000497e-01
3.761965766065830394e+03,9.310000000000000497e-01
3.763295552507836874e+03,9.310000000000000497e-01
3.764625338949843353e+03,9.310000000000000497e-01
3.765955125391849379e+03,9.310000000000000497e-01
3.767284911833855858e+03,9.306999999999999718e-01
3.768614698275861883e+03,9.296999999999999709e-01
3.769944484717868363e+03,9.290000000000000480e-01
3.771274271159874388e+03,9.290000000000000480e-01
3.772604057601880868e+03,9.290000000000000480e-01
3.773933844043886893e+03,9.290000000000000480e-01
3.775263630485893373e+03,9.290000000000000480e-01
3.776593416927899398e+03,9.290000000000000480e-01
3.777923203369905877e+03,9.290000000000000480e-01
3.779252989811911903e+03,9.290000000000000480e-01
3.780582776253918382e+03,9.290000000000000480e-01
3.781912562695924407e+03,9.290000000000000480e-01
3.783242349137930887e+03,9.286999999999999700e-01
3.784572135579937367e+03,9.276999999999999691e-01
3.785901922021943392e+03,9.273000000000000131e-01
3.787231708463949872e+03,9.283000000000000140e-01
3.788561494905955897e+03,9.290000000000000480e-01
3.789891281347962376e+03,9.290000000000000480e-01
3.791221067789968401e+03,9.290000000000000480e-01
3.792550854231974881e+03,9.290000000000000480e-01
3.793880640673980906e+03,9.290000000000000480e-01
3.795210427115987386e+03,9.290000000000000480e-01
3.796540213557993411e+03,9.290000000000000480e-01
3.797869999999999891e+03,9.290000000000000480e-01
